raw_source_file,symbol,security_type,included,exclusion_reason
sse_main_listing_register.csv,600000.SH,A_SHARE_COMMON_EQUITY,True,
sse_main_listing_register.csv,600004.SH,A_SHARE_COMMON_EQUITY,True,
sse_main_listing_register.csv,600006.SH,A_SHARE_COMMON_EQUITY,True,
sse_main_listing_register.csv,600007.SH,A_SHARE_COMMON_EQUITY,True,
sse_main_listing_register.csv,600008.SH,A_SHARE_COMMON_EQUITY,True,
sse_main_listing_register.csv,600009.SH,A_SHARE_COMMON_EQUITY,True,
sse_main_listing_register.csv,600010.SH,A_SHARE_COMMON_EQUITY,True,
sse_main_listing_register.csv,600011.SH,A_SHARE_COMMON_EQUITY,True,
sse_main_listing_register.csv,600012.SH,A_SHARE_COMMON_EQUITY,True,
sse_main_listing_register.csv,600015.SH,A_SHARE_COMMON_EQUITY,True,
sse_main_listing_register.csv,600016.SH,A_SHARE_COMMON_EQUITY,True,
sse_main_listing_register.csv,600017.SH,A_SHARE_COMMON_EQUITY,True,
sse_main_listing_register.csv,600018.SH,A_SHARE_COMMON_EQUITY,True,
sse_main_listing_register.csv,600019.SH,A_SHARE_COMMON_EQUITY,True,
sse_main_listing_register.csv,600020.SH,A_SHARE_COMMON_EQUITY,True,
sse_main_listing_register.csv,600021.SH,A_SHARE_COMMON_EQUITY,True,
sse_main_listing_register.csv,600022.SH,A_SHARE_COMMON_EQUITY,True,
sse_main_listing_register.csv,600023.SH,A_SHARE_COMMON_EQUITY,True,
sse_main_listing_register.csv,600025.SH,A_SHARE_COMMON_EQUITY,True,
sse_main_listing_register.csv,600026.SH,A_SHARE_COMMON_EQUITY,True,
sse_main_listing_register.csv,600027.SH,A_SHARE_COMMON_EQUITY,True,
sse_main_listing_register.csv,600028.SH,A_SHARE_COMMON_EQUITY,True,
sse_main_listing_register.csv,600029.SH,A_SHARE_COMMON_EQUITY,True,
sse_main_listing_register.csv,600030.SH,A_SHARE_COMMON_EQUITY,True,
sse_main_listing_register.csv,600031.SH,A_SHARE_COMMON_EQUITY,True,
sse_main_listing_register.csv,600032.SH,A_SHARE_COMMON_EQUITY,True,
sse_main_listing_register.csv,600033.SH,A_SHARE_COMMON_EQUITY,True,
sse_main_listing_register.csv,600035.SH,A_SHARE_COMMON_EQUITY,True,
sse_main_listing_register.csv,600036.SH,A_SHARE_COMMON_EQUITY,True,
sse_main_listing_register.csv,600037.SH,A_SHARE_COMMON_EQUITY,True,
sse_main_listing_register.csv,600038.SH,A_SHARE_COMMON_EQUITY,True,
sse_main_listing_register.csv,600039.SH,A_SHARE_COMMON_EQUITY,True,
sse_main_listing_register.csv,600048.SH,A_SHARE_COMMON_EQUITY,True,
sse_main_listing_register.csv,600050.SH,A_SHARE_COMMON_EQUITY,True,
sse_main_listing_register.csv,600051.SH,A_SHARE_COMMON_EQUITY,True,
sse_main_listing_register.csv,600052.SH,A_SHARE_COMMON_EQUITY,True,
sse_main_listing_register.csv,600053.SH,A_SHARE_COMMON_EQUITY,True,
sse_main_listing_register.csv,600054.SH,A_SHARE_COMMON_EQUITY,True,
sse_main_listing_register.csv,600055.SH,A_SHARE_COMMON_EQUITY,True,
sse_main_listing_register.csv,600056.SH,A_SHARE_COMMON_EQUITY,True,
sse_main_listing_register.csv,600057.SH,A_SHARE_COMMON_EQUITY,True,
sse_main_listing_register.csv,600058.SH,A_SHARE_COMMON_EQUITY,True,
sse_main_listing_register.csv,600059.SH,A_SHARE_COMMON_EQUITY,True,
sse_main_listing_register.csv,600060.SH,A_SHARE_COMMON_EQUITY,True,
sse_main_listing_register.csv,600061.SH,A_SHARE_COMMON_EQUITY,True,
sse_main_listing_register.csv,600062.SH,A_SHARE_COMMON_EQUITY,True,
sse_main_listing_register.csv,600063.SH,A_SHARE_COMMON_EQUITY,True,
sse_main_listing_register.csv,600064.SH,A_SHARE_COMMON_EQUITY,True,
sse_main_listing_register.csv,600066.SH,A_SHARE_COMMON_EQUITY,True,
sse_main_listing_register.csv,600067.SH,A_SHARE_COMMON_EQUITY,True,
sse_main_listing_register.csv,600071.SH,A_SHARE_COMMON_EQUITY,True,
sse_main_listing_register.csv,600072.SH,A_SHARE_COMMON_EQUITY,True,
sse_main_listing_register.csv,600073.SH,A_SHARE_COMMON_EQUITY,True,
sse_main_listing_register.csv,600075.SH,A_SHARE_COMMON_EQUITY,True,
sse_main_listing_register.csv,600076.SH,A_SHARE_COMMON_EQUITY,True,
sse_main_listing_register.csv,600078.SH,A_SHARE_COMMON_EQUITY,True,
sse_main_listing_register.csv,600079.SH,A_SHARE_COMMON_EQUITY,True,
sse_main_listing_register.csv,600080.SH,A_SHARE_COMMON_EQUITY,True,
sse_main_listing_register.csv,600081.SH,A_SHARE_COMMON_EQUITY,True,
sse_main_listing_register.csv,600082.SH,A_SHARE_COMMON_EQUITY,True,
sse_main_listing_register.csv,600084.SH,A_SHARE_COMMON_EQUITY,True,
sse_main_listing_register.csv,600085.SH,A_SHARE_COMMON_EQUITY,True,
sse_main_listing_register.csv,600088.SH,A_SHARE_COMMON_EQUITY,True,
sse_main_listing_register.csv,600089.SH,A_SHARE_COMMON_EQUITY,True,
sse_main_listing_register.csv,600094.SH,A_SHARE_COMMON_EQUITY,True,
sse_main_listing_register.csv,600095.SH,A_SHARE_COMMON_EQUITY,True,
sse_main_listing_register.csv,600096.SH,A_SHARE_COMMON_EQUITY,True,
sse_main_listing_register.csv,600097.SH,A_SHARE_COMMON_EQUITY,True,
sse_main_listing_register.csv,600098.SH,A_SHARE_COMMON_EQUITY,True,
sse_main_listing_register.csv,600099.SH,A_SHARE_COMMON_EQUITY,True,
sse_main_listing_register.csv,600100.SH,A_SHARE_COMMON_EQUITY,True,
sse_main_listing_register.csv,600101.SH,A_SHARE_COMMON_EQUITY,True,
sse_main_listing_register.csv,600103.SH,A_SHARE_COMMON_EQUITY,True,
sse_main_listing_register.csv,600104.SH,A_SHARE_COMMON_EQUITY,True,
sse_main_listing_register.csv,600105.SH,A_SHARE_COMMON_EQUITY,True,
sse_main_listing_register.csv,600106.SH,A_SHARE_COMMON_EQUITY,True,
sse_main_listing_register.csv,600107.SH,A_SHARE_COMMON_EQUITY,True,
sse_main_listing_register.csv,600108.SH,A_SHARE_COMMON_EQUITY,True,
sse_main_listing_register.csv,600109.SH,A_SHARE_COMMON_EQUITY,True,
sse_main_listing_register.csv,600110.SH,A_SHARE_COMMON_EQUITY,True,
sse_main_listing_register.csv,600111.SH,A_SHARE_COMMON_EQUITY,True,
sse_main_listing_register.csv,600113.SH,A_SHARE_COMMON_EQUITY,True,
sse_main_listing_register.csv,600114.SH,A_SHARE_COMMON_EQUITY,True,
sse_main_listing_register.csv,600115.SH,A_SHARE_COMMON_EQUITY,True,
sse_main_listing_register.csv,600116.SH,A_SHARE_COMMON_EQUITY,True,
sse_main_listing_register.csv,600117.SH,A_SHARE_COMMON_EQUITY,True,
sse_main_listing_register.csv,600118.SH,A_SHARE_COMMON_EQUITY,True,
sse_main_listing_register.csv,600119.SH,A_SHARE_COMMON_EQUITY,True,
sse_main_listing_register.csv,600120.SH,A_SHARE_COMMON_EQUITY,True,
sse_main_listing_register.csv,600121.SH,A_SHARE_COMMON_EQUITY,True,
sse_main_listing_register.csv,600123.SH,A_SHARE_COMMON_EQUITY,True,
sse_main_listing_register.csv,600125.SH,A_SHARE_COMMON_EQUITY,True,
sse_main_listing_register.csv,600126.SH,A_SHARE_COMMON_EQUITY,True,
sse_main_listing_register.csv,600127.SH,A_SHARE_COMMON_EQUITY,True,
sse_main_listing_register.csv,600128.SH,A_SHARE_COMMON_EQUITY,True,
sse_main_listing_register.csv,600129.SH,A_SHARE_COMMON_EQUITY,True,
sse_main_listing_register.csv,600130.SH,A_SHARE_COMMON_EQUITY,True,
sse_main_listing_register.csv,600131.SH,A_SHARE_COMMON_EQUITY,True,
sse_main_listing_register.csv,600132.SH,A_SHARE_COMMON_EQUITY,True,
sse_main_listing_register.csv,600133.SH,A_SHARE_COMMON_EQUITY,True,
sse_main_listing_register.csv,600135.SH,A_SHARE_COMMON_EQUITY,True,
sse_main_listing_register.csv,600136.SH,A_SHARE_COMMON_EQUITY,True,
sse_main_listing_register.csv,600137.SH,A_SHARE_COMMON_EQUITY,True,
sse_main_listing_register.csv,600138.SH,A_SHARE_COMMON_EQUITY,True,
sse_main_listing_register.csv,600141.SH,A_SHARE_COMMON_EQUITY,True,
sse_main_listing_register.csv,600143.SH,A_SHARE_COMMON_EQUITY,True,
sse_main_listing_register.csv,600148.SH,A_SHARE_COMMON_EQUITY,True,
sse_main_listing_register.csv,600149.SH,A_SHARE_COMMON_EQUITY,True,
sse_main_listing_register.csv,600150.SH,A_SHARE_COMMON_EQUITY,True,
sse_main_listing_register.csv,600151.SH,A_SHARE_COMMON_EQUITY,True,
sse_main_listing_register.csv,600152.SH,A_SHARE_COMMON_EQUITY,True,
sse_main_listing_register.csv,600153.SH,A_SHARE_COMMON_EQUITY,True,
sse_main_listing_register.csv,600155.SH,A_SHARE_COMMON_EQUITY,True,
sse_main_listing_register.csv,600156.SH,A_SHARE_COMMON_EQUITY,True,
sse_main_listing_register.csv,600157.SH,A_SHARE_COMMON_EQUITY,True,
sse_main_listing_register.csv,600158.SH,A_SHARE_COMMON_EQUITY,True,
sse_main_listing_register.csv,600159.SH,A_SHARE_COMMON_EQUITY,True,
sse_main_listing_register.csv,600160.SH,A_SHARE_COMMON_EQUITY,True,
sse_main_listing_register.csv,600161.SH,A_SHARE_COMMON_EQUITY,True,
sse_main_listing_register.csv,600162.SH,A_SHARE_COMMON_EQUITY,True,
sse_main_listing_register.csv,600163.SH,A_SHARE_COMMON_EQUITY,True,
sse_main_listing_register.csv,600165.SH,A_SHARE_COMMON_EQUITY,True,
sse_main_listing_register.csv,600166.SH,A_SHARE_COMMON_EQUITY,True,
sse_main_listing_register.csv,600167.SH,A_SHARE_COMMON_EQUITY,True,
sse_main_listing_register.csv,600168.SH,A_SHARE_COMMON_EQUITY,True,
sse_main_listing_register.csv,600169.SH,A_SHARE_COMMON_EQUITY,True,
sse_main_listing_register.csv,600170.SH,A_SHARE_COMMON_EQUITY,True,
sse_main_listing_register.csv,600171.SH,A_SHARE_COMMON_EQUITY,True,
sse_main_listing_register.csv,600172.SH,A_SHARE_COMMON_EQUITY,True,
sse_main_listing_register.csv,600173.SH,A_SHARE_COMMON_EQUITY,True,
sse_main_listing_register.csv,600176.SH,A_SHARE_COMMON_EQUITY,True,
sse_main_listing_register.csv,600177.SH,A_SHARE_COMMON_EQUITY,True,
sse_main_listing_register.csv,600178.SH,A_SHARE_COMMON_EQUITY,True,
sse_main_listing_register.csv,600179.SH,A_SHARE_COMMON_EQUITY,True,
sse_main_listing_register.csv,600180.SH,A_SHARE_COMMON_EQUITY,True,
sse_main_listing_register.csv,600182.SH,A_SHARE_COMMON_EQUITY,True,
sse_main_listing_register.csv,600183.SH,A_SHARE_COMMON_EQUITY,True,
sse_main_listing_register.csv,600184.SH,A_SHARE_COMMON_EQUITY,True,
sse_main_listing_register.csv,600185.SH,A_SHARE_COMMON_EQUITY,True,
sse_main_listing_register.csv,600186.SH,A_SHARE_COMMON_EQUITY,True,
sse_main_listing_register.csv,600187.SH,A_SHARE_COMMON_EQUITY,True,
sse_main_listing_register.csv,600188.SH,A_SHARE_COMMON_EQUITY,True,
sse_main_listing_register.csv,600189.SH,A_SHARE_COMMON_EQUITY,True,
sse_main_listing_register.csv,600191.SH,A_SHARE_COMMON_EQUITY,True,
sse_main_listing_register.csv,600192.SH,A_SHARE_COMMON_EQUITY,True,
sse_main_listing_register.csv,600195.SH,A_SHARE_COMMON_EQUITY,True,
sse_main_listing_register.csv,600196.SH,A_SHARE_COMMON_EQUITY,True,
sse_main_listing_register.csv,600197.SH,A_SHARE_COMMON_EQUITY,True,
sse_main_listing_register.csv,600198.SH,A_SHARE_COMMON_EQUITY,True,
sse_main_listing_register.csv,600199.SH,A_SHARE_COMMON_EQUITY,True,
sse_main_listing_register.csv,600201.SH,A_SHARE_COMMON_EQUITY,True,
sse_main_listing_register.csv,600202.SH,A_SHARE_COMMON_EQUITY,True,
sse_main_listing_register.csv,600203.SH,A_SHARE_COMMON_EQUITY,True,
sse_main_listing_register.csv,600206.SH,A_SHARE_COMMON_EQUITY,True,
sse_main_listing_register.csv,600207.SH,A_SHARE_COMMON_EQUITY,True,
sse_main_listing_register.csv,600208.SH,A_SHARE_COMMON_EQUITY,True,
sse_main_listing_register.csv,600210.SH,A_SHARE_COMMON_EQUITY,True,
sse_main_listing_register.csv,600211.SH,A_SHARE_COMMON_EQUITY,True,
sse_main_listing_register.csv,600212.SH,A_SHARE_COMMON_EQUITY,True,
sse_main_listing_register.csv,600215.SH,A_SHARE_COMMON_EQUITY,True,
sse_main_listing_register.csv,600216.SH,A_SHARE_COMMON_EQUITY,True,
sse_main_listing_register.csv,600217.SH,A_SHARE_COMMON_EQUITY,True,
sse_main_listing_register.csv,600218.SH,A_SHARE_COMMON_EQUITY,True,
sse_main_listing_register.csv,600219.SH,A_SHARE_COMMON_EQUITY,True,
sse_main_listing_register.csv,600221.SH,A_SHARE_COMMON_EQUITY,True,
sse_main_listing_register.csv,600222.SH,A_SHARE_COMMON_EQUITY,True,
sse_main_listing_register.csv,600223.SH,A_SHARE_COMMON_EQUITY,True,
sse_main_listing_register.csv,600226.SH,A_SHARE_COMMON_EQUITY,True,
sse_main_listing_register.csv,600227.SH,A_SHARE_COMMON_EQUITY,True,
sse_main_listing_register.csv,600228.SH,A_SHARE_COMMON_EQUITY,True,
sse_main_listing_register.csv,600229.SH,A_SHARE_COMMON_EQUITY,True,
sse_main_listing_register.csv,600230.SH,A_SHARE_COMMON_EQUITY,True,
sse_main_listing_register.csv,600231.SH,A_SHARE_COMMON_EQUITY,True,
sse_main_listing_register.csv,600232.SH,A_SHARE_COMMON_EQUITY,True,
sse_main_listing_register.csv,600233.SH,A_SHARE_COMMON_EQUITY,True,
sse_main_listing_register.csv,600234.SH,A_SHARE_COMMON_EQUITY,True,
sse_main_listing_register.csv,600235.SH,A_SHARE_COMMON_EQUITY,True,
sse_main_listing_register.csv,600236.SH,A_SHARE_COMMON_EQUITY,True,
sse_main_listing_register.csv,600237.SH,A_SHARE_COMMON_EQUITY,True,
sse_main_listing_register.csv,600238.SH,A_SHARE_COMMON_EQUITY,True,
sse_main_listing_register.csv,600239.SH,A_SHARE_COMMON_EQUITY,True,
sse_main_listing_register.csv,600241.SH,A_SHARE_COMMON_EQUITY,True,
sse_main_listing_register.csv,600243.SH,A_SHARE_COMMON_EQUITY,True,
sse_main_listing_register.csv,600246.SH,A_SHARE_COMMON_EQUITY,True,
sse_main_listing_register.csv,600248.SH,A_SHARE_COMMON_EQUITY,True,
sse_main_listing_register.csv,600249.SH,A_SHARE_COMMON_EQUITY,True,
sse_main_listing_register.csv,600250.SH,A_SHARE_COMMON_EQUITY,True,
sse_main_listing_register.csv,600251.SH,A_SHARE_COMMON_EQUITY,True,
sse_main_listing_register.csv,600252.SH,A_SHARE_COMMON_EQUITY,True,
sse_main_listing_register.csv,600255.SH,A_SHARE_COMMON_EQUITY,True,
sse_main_listing_register.csv,600256.SH,A_SHARE_COMMON_EQUITY,True,
sse_main_listing_register.csv,600257.SH,A_SHARE_COMMON_EQUITY,True,
sse_main_listing_register.csv,600258.SH,A_SHARE_COMMON_EQUITY,True,
sse_main_listing_register.csv,600259.SH,A_SHARE_COMMON_EQUITY,True,
sse_main_listing_register.csv,600261.SH,A_SHARE_COMMON_EQUITY,True,
sse_main_listing_register.csv,600262.SH,A_SHARE_COMMON_EQUITY,True,
sse_main_listing_register.csv,600265.SH,A_SHARE_COMMON_EQUITY,True,
sse_main_listing_register.csv,600266.SH,A_SHARE_COMMON_EQUITY,True,
sse_main_listing_register.csv,600267.SH,A_SHARE_COMMON_EQUITY,True,
sse_main_listing_register.csv,600268.SH,A_SHARE_COMMON_EQUITY,True,
sse_main_listing_register.csv,600269.SH,A_SHARE_COMMON_EQUITY,True,
sse_main_listing_register.csv,600271.SH,A_SHARE_COMMON_EQUITY,True,
sse_main_listing_register.csv,600272.SH,A_SHARE_COMMON_EQUITY,True,
sse_main_listing_register.csv,600273.SH,A_SHARE_COMMON_EQUITY,True,
sse_main_listing_register.csv,600276.SH,A_SHARE_COMMON_EQUITY,True,
sse_main_listing_register.csv,600278.SH,A_SHARE_COMMON_EQUITY,True,
sse_main_listing_register.csv,600279.SH,A_SHARE_COMMON_EQUITY,True,
sse_main_listing_register.csv,600280.SH,A_SHARE_COMMON_EQUITY,True,
sse_main_listing_register.csv,600281.SH,A_SHARE_COMMON_EQUITY,True,
sse_main_listing_register.csv,600282.SH,A_SHARE_COMMON_EQUITY,True,
sse_main_listing_register.csv,600283.SH,A_SHARE_COMMON_EQUITY,True,
sse_main_listing_register.csv,600284.SH,A_SHARE_COMMON_EQUITY,True,
sse_main_listing_register.csv,600285.SH,A_SHARE_COMMON_EQUITY,True,
sse_main_listing_register.csv,600287.SH,A_SHARE_COMMON_EQUITY,True,
sse_main_listing_register.csv,600288.SH,A_SHARE_COMMON_EQUITY,True,
sse_main_listing_register.csv,600289.SH,A_SHARE_COMMON_EQUITY,True,
sse_main_listing_register.csv,600292.SH,A_SHARE_COMMON_EQUITY,True,
sse_main_listing_register.csv,600293.SH,A_SHARE_COMMON_EQUITY,True,
sse_main_listing_register.csv,600295.SH,A_SHARE_COMMON_EQUITY,True,
sse_main_listing_register.csv,600298.SH,A_SHARE_COMMON_EQUITY,True,
sse_main_listing_register.csv,600299.SH,A_SHARE_COMMON_EQUITY,True,
sse_main_listing_register.csv,600300.SH,A_SHARE_COMMON_EQUITY,True,
sse_main_listing_register.csv,600301.SH,A_SHARE_COMMON_EQUITY,True,
sse_main_listing_register.csv,600302.SH,A_SHARE_COMMON_EQUITY,True,
sse_main_listing_register.csv,600303.SH,A_SHARE_COMMON_EQUITY,True,
sse_main_listing_register.csv,600305.SH,A_SHARE_COMMON_EQUITY,True,
sse_main_listing_register.csv,600307.SH,A_SHARE_COMMON_EQUITY,True,
sse_main_listing_register.csv,600308.SH,A_SHARE_COMMON_EQUITY,True,
sse_main_listing_register.csv,600309.SH,A_SHARE_COMMON_EQUITY,True,
sse_main_listing_register.csv,600310.SH,A_SHARE_COMMON_EQUITY,True,
sse_main_listing_register.csv,600312.SH,A_SHARE_COMMON_EQUITY,True,
sse_main_listing_register.csv,600313.SH,A_SHARE_COMMON_EQUITY,True,
sse_main_listing_register.csv,600315.SH,A_SHARE_COMMON_EQUITY,True,
sse_main_listing_register.csv,600316.SH,A_SHARE_COMMON_EQUITY,True,
sse_main_listing_register.csv,600318.SH,A_SHARE_COMMON_EQUITY,True,
sse_main_listing_register.csv,600319.SH,A_SHARE_COMMON_EQUITY,True,
sse_main_listing_register.csv,600320.SH,A_SHARE_COMMON_EQUITY,True,
sse_main_listing_register.csv,600322.SH,A_SHARE_COMMON_EQUITY,True,
sse_main_listing_register.csv,600323.SH,A_SHARE_COMMON_EQUITY,True,
sse_main_listing_register.csv,600325.SH,A_SHARE_COMMON_EQUITY,True,
sse_main_listing_register.csv,600326.SH,A_SHARE_COMMON_EQUITY,True,
sse_main_listing_register.csv,600327.SH,A_SHARE_COMMON_EQUITY,True,
sse_main_listing_register.csv,600328.SH,A_SHARE_COMMON_EQUITY,True,
sse_main_listing_register.csv,600329.SH,A_SHARE_COMMON_EQUITY,True,
sse_main_listing_register.csv,600330.SH,A_SHARE_COMMON_EQUITY,True,
sse_main_listing_register.csv,600331.SH,A_SHARE_COMMON_EQUITY,True,
sse_main_listing_register.csv,600332.SH,A_SHARE_COMMON_EQUITY,True,
sse_main_listing_register.csv,600333.SH,A_SHARE_COMMON_EQUITY,True,
sse_main_listing_register.csv,600335.SH,A_SHARE_COMMON_EQUITY,True,
sse_main_listing_register.csv,600336.SH,A_SHARE_COMMON_EQUITY,True,
sse_main_listing_register.csv,600337.SH,A_SHARE_COMMON_EQUITY,True,
sse_main_listing_register.csv,600338.SH,A_SHARE_COMMON_EQUITY,True,
sse_main_listing_register.csv,600339.SH,A_SHARE_COMMON_EQUITY,True,
sse_main_listing_register.csv,600340.SH,A_SHARE_COMMON_EQUITY,True,
sse_main_listing_register.csv,600343.SH,A_SHARE_COMMON_EQUITY,True,
sse_main_listing_register.csv,600345.SH,A_SHARE_COMMON_EQUITY,True,
sse_main_listing_register.csv,600346.SH,A_SHARE_COMMON_EQUITY,True,
sse_main_listing_register.csv,600348.SH,A_SHARE_COMMON_EQUITY,True,
sse_main_listing_register.csv,600350.SH,A_SHARE_COMMON_EQUITY,True,
sse_main_listing_register.csv,600351.SH,A_SHARE_COMMON_EQUITY,True,
sse_main_listing_register.csv,600352.SH,A_SHARE_COMMON_EQUITY,True,
sse_main_listing_register.csv,600353.SH,A_SHARE_COMMON_EQUITY,True,
sse_main_listing_register.csv,600354.SH,A_SHARE_COMMON_EQUITY,True,
sse_main_listing_register.csv,600356.SH,A_SHARE_COMMON_EQUITY,True,
sse_main_listing_register.csv,600358.SH,A_SHARE_COMMON_EQUITY,True,
sse_main_listing_register.csv,600359.SH,A_SHARE_COMMON_EQUITY,True,
sse_main_listing_register.csv,600360.SH,A_SHARE_COMMON_EQUITY,True,
sse_main_listing_register.csv,600361.SH,A_SHARE_COMMON_EQUITY,True,
sse_main_listing_register.csv,600362.SH,A_SHARE_COMMON_EQUITY,True,
sse_main_listing_register.csv,600363.SH,A_SHARE_COMMON_EQUITY,True,
sse_main_listing_register.csv,600365.SH,A_SHARE_COMMON_EQUITY,True,
sse_main_listing_register.csv,600366.SH,A_SHARE_COMMON_EQUITY,True,
sse_main_listing_register.csv,600367.SH,A_SHARE_COMMON_EQUITY,True,
sse_main_listing_register.csv,600368.SH,A_SHARE_COMMON_EQUITY,True,
sse_main_listing_register.csv,600369.SH,A_SHARE_COMMON_EQUITY,True,
sse_main_listing_register.csv,600370.SH,A_SHARE_COMMON_EQUITY,True,
sse_main_listing_register.csv,600371.SH,A_SHARE_COMMON_EQUITY,True,
sse_main_listing_register.csv,600372.SH,A_SHARE_COMMON_EQUITY,True,
sse_main_listing_register.csv,600373.SH,A_SHARE_COMMON_EQUITY,True,
sse_main_listing_register.csv,600375.SH,A_SHARE_COMMON_EQUITY,True,
sse_main_listing_register.csv,600376.SH,A_SHARE_COMMON_EQUITY,True,
sse_main_listing_register.csv,600377.SH,A_SHARE_COMMON_EQUITY,True,
sse_main_listing_register.csv,600378.SH,A_SHARE_COMMON_EQUITY,True,
sse_main_listing_register.csv,600379.SH,A_SHARE_COMMON_EQUITY,True,
sse_main_listing_register.csv,600380.SH,A_SHARE_COMMON_EQUITY,True,
sse_main_listing_register.csv,600381.SH,A_SHARE_COMMON_EQUITY,True,
sse_main_listing_register.csv,600382.SH,A_SHARE_COMMON_EQUITY,True,
sse_main_listing_register.csv,600383.SH,A_SHARE_COMMON_EQUITY,True,
sse_main_listing_register.csv,600386.SH,A_SHARE_COMMON_EQUITY,True,
sse_main_listing_register.csv,600388.SH,A_SHARE_COMMON_EQUITY,True,
sse_main_listing_register.csv,600389.SH,A_SHARE_COMMON_EQUITY,True,
sse_main_listing_register.csv,600390.SH,A_SHARE_COMMON_EQUITY,True,
sse_main_listing_register.csv,600391.SH,A_SHARE_COMMON_EQUITY,True,
sse_main_listing_register.csv,600392.SH,A_SHARE_COMMON_EQUITY,True,
sse_main_listing_register.csv,600395.SH,A_SHARE_COMMON_EQUITY,True,
sse_main_listing_register.csv,600396.SH,A_SHARE_COMMON_EQUITY,True,
sse_main_listing_register.csv,600397.SH,A_SHARE_COMMON_EQUITY,True,
sse_main_listing_register.csv,600398.SH,A_SHARE_COMMON_EQUITY,True,
sse_main_listing_register.csv,600399.SH,A_SHARE_COMMON_EQUITY,True,
sse_main_listing_register.csv,600400.SH,A_SHARE_COMMON_EQUITY,True,
sse_main_listing_register.csv,600403.SH,A_SHARE_COMMON_EQUITY,True,
sse_main_listing_register.csv,600405.SH,A_SHARE_COMMON_EQUITY,True,
sse_main_listing_register.csv,600406.SH,A_SHARE_COMMON_EQUITY,True,
sse_main_listing_register.csv,600408.SH,A_SHARE_COMMON_EQUITY,True,
sse_main_listing_register.csv,600409.SH,A_SHARE_COMMON_EQUITY,True,
sse_main_listing_register.csv,600410.SH,A_SHARE_COMMON_EQUITY,True,
sse_main_listing_register.csv,600415.SH,A_SHARE_COMMON_EQUITY,True,
sse_main_listing_register.csv,600416.SH,A_SHARE_COMMON_EQUITY,True,
sse_main_listing_register.csv,600418.SH,A_SHARE_COMMON_EQUITY,True,
sse_main_listing_register.csv,600419.SH,A_SHARE_COMMON_EQUITY,True,
sse_main_listing_register.csv,600420.SH,A_SHARE_COMMON_EQUITY,True,
sse_main_listing_register.csv,600422.SH,A_SHARE_COMMON_EQUITY,True,
sse_main_listing_register.csv,600423.SH,A_SHARE_COMMON_EQUITY,True,
sse_main_listing_register.csv,600425.SH,A_SHARE_COMMON_EQUITY,True,
sse_main_listing_register.csv,600426.SH,A_SHARE_COMMON_EQUITY,True,
sse_main_listing_register.csv,600428.SH,A_SHARE_COMMON_EQUITY,True,
sse_main_listing_register.csv,600429.SH,A_SHARE_COMMON_EQUITY,True,
sse_main_listing_register.csv,600433.SH,A_SHARE_COMMON_EQUITY,True,
sse_main_listing_register.csv,600435.SH,A_SHARE_COMMON_EQUITY,True,
sse_main_listing_register.csv,600436.SH,A_SHARE_COMMON_EQUITY,True,
sse_main_listing_register.csv,600438.SH,A_SHARE_COMMON_EQUITY,True,
sse_main_listing_register.csv,600439.SH,A_SHARE_COMMON_EQUITY,True,
sse_main_listing_register.csv,600444.SH,A_SHARE_COMMON_EQUITY,True,
sse_main_listing_register.csv,600446.SH,A_SHARE_COMMON_EQUITY,True,
sse_main_listing_register.csv,600448.SH,A_SHARE_COMMON_EQUITY,True,
sse_main_listing_register.csv,600449.SH,A_SHARE_COMMON_EQUITY,True,
sse_main_listing_register.csv,600452.SH,A_SHARE_COMMON_EQUITY,True,
sse_main_listing_register.csv,600455.SH,A_SHARE_COMMON_EQUITY,True,
sse_main_listing_register.csv,600456.SH,A_SHARE_COMMON_EQUITY,True,
sse_main_listing_register.csv,600458.SH,A_SHARE_COMMON_EQUITY,True,
sse_main_listing_register.csv,600459.SH,A_SHARE_COMMON_EQUITY,True,
sse_main_listing_register.csv,600460.SH,A_SHARE_COMMON_EQUITY,True,
sse_main_listing_register.csv,600461.SH,A_SHARE_COMMON_EQUITY,True,
sse_main_listing_register.csv,600463.SH,A_SHARE_COMMON_EQUITY,True,
sse_main_listing_register.csv,600467.SH,A_SHARE_COMMON_EQUITY,True,
sse_main_listing_register.csv,600468.SH,A_SHARE_COMMON_EQUITY,True,
sse_main_listing_register.csv,600469.SH,A_SHARE_COMMON_EQUITY,True,
sse_main_listing_register.csv,600470.SH,A_SHARE_COMMON_EQUITY,True,
sse_main_listing_register.csv,600475.SH,A_SHARE_COMMON_EQUITY,True,
sse_main_listing_register.csv,600476.SH,A_SHARE_COMMON_EQUITY,True,
sse_main_listing_register.csv,600477.SH,A_SHARE_COMMON_EQUITY,True,
sse_main_listing_register.csv,600478.SH,A_SHARE_COMMON_EQUITY,True,
sse_main_listing_register.csv,600479.SH,A_SHARE_COMMON_EQUITY,True,
sse_main_listing_register.csv,600480.SH,A_SHARE_COMMON_EQUITY,True,
sse_main_listing_register.csv,600481.SH,A_SHARE_COMMON_EQUITY,True,
sse_main_listing_register.csv,600482.SH,A_SHARE_COMMON_EQUITY,True,
sse_main_listing_register.csv,600483.SH,A_SHARE_COMMON_EQUITY,True,
sse_main_listing_register.csv,600486.SH,A_SHARE_COMMON_EQUITY,True,
sse_main_listing_register.csv,600487.SH,A_SHARE_COMMON_EQUITY,True,
sse_main_listing_register.csv,600488.SH,A_SHARE_COMMON_EQUITY,True,
sse_main_listing_register.csv,600489.SH,A_SHARE_COMMON_EQUITY,True,
sse_main_listing_register.csv,600490.SH,A_SHARE_COMMON_EQUITY,True,
sse_main_listing_register.csv,600491.SH,A_SHARE_COMMON_EQUITY,True,
sse_main_listing_register.csv,600493.SH,A_SHARE_COMMON_EQUITY,True,
sse_main_listing_register.csv,600495.SH,A_SHARE_COMMON_EQUITY,True,
sse_main_listing_register.csv,600496.SH,A_SHARE_COMMON_EQUITY,True,
sse_main_listing_register.csv,600497.SH,A_SHARE_COMMON_EQUITY,True,
sse_main_listing_register.csv,600498.SH,A_SHARE_COMMON_EQUITY,True,
sse_main_listing_register.csv,600499.SH,A_SHARE_COMMON_EQUITY,True,
sse_main_listing_register.csv,600500.SH,A_SHARE_COMMON_EQUITY,True,
sse_main_listing_register.csv,600501.SH,A_SHARE_COMMON_EQUITY,True,
sse_main_listing_register.csv,600502.SH,A_SHARE_COMMON_EQUITY,True,
sse_main_listing_register.csv,600503.SH,A_SHARE_COMMON_EQUITY,True,
sse_main_listing_register.csv,600505.SH,A_SHARE_COMMON_EQUITY,True,
sse_main_listing_register.csv,600506.SH,A_SHARE_COMMON_EQUITY,True,
sse_main_listing_register.csv,600507.SH,A_SHARE_COMMON_EQUITY,True,
sse_main_listing_register.csv,600508.SH,A_SHARE_COMMON_EQUITY,True,
sse_main_listing_register.csv,600509.SH,A_SHARE_COMMON_EQUITY,True,
sse_main_listing_register.csv,600510.SH,A_SHARE_COMMON_EQUITY,True,
sse_main_listing_register.csv,600511.SH,A_SHARE_COMMON_EQUITY,True,
sse_main_listing_register.csv,600512.SH,A_SHARE_COMMON_EQUITY,True,
sse_main_listing_register.csv,600513.SH,A_SHARE_COMMON_EQUITY,True,
sse_main_listing_register.csv,600515.SH,A_SHARE_COMMON_EQUITY,True,
sse_main_listing_register.csv,600516.SH,A_SHARE_COMMON_EQUITY,True,
sse_main_listing_register.csv,600517.SH,A_SHARE_COMMON_EQUITY,True,
sse_main_listing_register.csv,600518.SH,A_SHARE_COMMON_EQUITY,True,
sse_main_listing_register.csv,600519.SH,A_SHARE_COMMON_EQUITY,True,
sse_main_listing_register.csv,600520.SH,A_SHARE_COMMON_EQUITY,True,
sse_main_listing_register.csv,600521.SH,A_SHARE_COMMON_EQUITY,True,
sse_main_listing_register.csv,600522.SH,A_SHARE_COMMON_EQUITY,True,
sse_main_listing_register.csv,600523.SH,A_SHARE_COMMON_EQUITY,True,
sse_main_listing_register.csv,600525.SH,A_SHARE_COMMON_EQUITY,True,
sse_main_listing_register.csv,600526.SH,A_SHARE_COMMON_EQUITY,True,
sse_main_listing_register.csv,600527.SH,A_SHARE_COMMON_EQUITY,True,
sse_main_listing_register.csv,600528.SH,A_SHARE_COMMON_EQUITY,True,
sse_main_listing_register.csv,600529.SH,A_SHARE_COMMON_EQUITY,True,
sse_main_listing_register.csv,600530.SH,A_SHARE_COMMON_EQUITY,True,
sse_main_listing_register.csv,600531.SH,A_SHARE_COMMON_EQUITY,True,
sse_main_listing_register.csv,600533.SH,A_SHARE_COMMON_EQUITY,True,
sse_main_listing_register.csv,600535.SH,A_SHARE_COMMON_EQUITY,True,
sse_main_listing_register.csv,600536.SH,A_SHARE_COMMON_EQUITY,True,
sse_main_listing_register.csv,600537.SH,A_SHARE_COMMON_EQUITY,True,
sse_main_listing_register.csv,600538.SH,A_SHARE_COMMON_EQUITY,True,
sse_main_listing_register.csv,600539.SH,A_SHARE_COMMON_EQUITY,True,
sse_main_listing_register.csv,600540.SH,A_SHARE_COMMON_EQUITY,True,
sse_main_listing_register.csv,600543.SH,A_SHARE_COMMON_EQUITY,True,
sse_main_listing_register.csv,600545.SH,A_SHARE_COMMON_EQUITY,True,
sse_main_listing_register.csv,600546.SH,A_SHARE_COMMON_EQUITY,True,
sse_main_listing_register.csv,600547.SH,A_SHARE_COMMON_EQUITY,True,
sse_main_listing_register.csv,600548.SH,A_SHARE_COMMON_EQUITY,True,
sse_main_listing_register.csv,600549.SH,A_SHARE_COMMON_EQUITY,True,
sse_main_listing_register.csv,600550.SH,A_SHARE_COMMON_EQUITY,True,
sse_main_listing_register.csv,600551.SH,A_SHARE_COMMON_EQUITY,True,
sse_main_listing_register.csv,600552.SH,A_SHARE_COMMON_EQUITY,True,
sse_main_listing_register.csv,600556.SH,A_SHARE_COMMON_EQUITY,True,
sse_main_listing_register.csv,600557.SH,A_SHARE_COMMON_EQUITY,True,
sse_main_listing_register.csv,600558.SH,A_SHARE_COMMON_EQUITY,True,
sse_main_listing_register.csv,600559.SH,A_SHARE_COMMON_EQUITY,True,
sse_main_listing_register.csv,600560.SH,A_SHARE_COMMON_EQUITY,True,
sse_main_listing_register.csv,600561.SH,A_SHARE_COMMON_EQUITY,True,
sse_main_listing_register.csv,600562.SH,A_SHARE_COMMON_EQUITY,True,
sse_main_listing_register.csv,600563.SH,A_SHARE_COMMON_EQUITY,True,
sse_main_listing_register.csv,600566.SH,A_SHARE_COMMON_EQUITY,True,
sse_main_listing_register.csv,600567.SH,A_SHARE_COMMON_EQUITY,True,
sse_main_listing_register.csv,600568.SH,A_SHARE_COMMON_EQUITY,True,
sse_main_listing_register.csv,600569.SH,A_SHARE_COMMON_EQUITY,True,
sse_main_listing_register.csv,600570.SH,A_SHARE_COMMON_EQUITY,True,
sse_main_listing_register.csv,600571.SH,A_SHARE_COMMON_EQUITY,True,
sse_main_listing_register.csv,600572.SH,A_SHARE_COMMON_EQUITY,True,
sse_main_listing_register.csv,600573.SH,A_SHARE_COMMON_EQUITY,True,
sse_main_listing_register.csv,600575.SH,A_SHARE_COMMON_EQUITY,True,
sse_main_listing_register.csv,600576.SH,A_SHARE_COMMON_EQUITY,True,
sse_main_listing_register.csv,600577.SH,A_SHARE_COMMON_EQUITY,True,
sse_main_listing_register.csv,600578.SH,A_SHARE_COMMON_EQUITY,True,
sse_main_listing_register.csv,600579.SH,A_SHARE_COMMON_EQUITY,True,
sse_main_listing_register.csv,600580.SH,A_SHARE_COMMON_EQUITY,True,
sse_main_listing_register.csv,600581.SH,A_SHARE_COMMON_EQUITY,True,
sse_main_listing_register.csv,600582.SH,A_SHARE_COMMON_EQUITY,True,
sse_main_listing_register.csv,600583.SH,A_SHARE_COMMON_EQUITY,True,
sse_main_listing_register.csv,600584.SH,A_SHARE_COMMON_EQUITY,True,
sse_main_listing_register.csv,600585.SH,A_SHARE_COMMON_EQUITY,True,
sse_main_listing_register.csv,600586.SH,A_SHARE_COMMON_EQUITY,True,
sse_main_listing_register.csv,600587.SH,A_SHARE_COMMON_EQUITY,True,
sse_main_listing_register.csv,600588.SH,A_SHARE_COMMON_EQUITY,True,
sse_main_listing_register.csv,600589.SH,A_SHARE_COMMON_EQUITY,True,
sse_main_listing_register.csv,600590.SH,A_SHARE_COMMON_EQUITY,True,
sse_main_listing_register.csv,600592.SH,A_SHARE_COMMON_EQUITY,True,
sse_main_listing_register.csv,600593.SH,A_SHARE_COMMON_EQUITY,True,
sse_main_listing_register.csv,600594.SH,A_SHARE_COMMON_EQUITY,True,
sse_main_listing_register.csv,600595.SH,A_SHARE_COMMON_EQUITY,True,
sse_main_listing_register.csv,600596.SH,A_SHARE_COMMON_EQUITY,True,
sse_main_listing_register.csv,600597.SH,A_SHARE_COMMON_EQUITY,True,
sse_main_listing_register.csv,600598.SH,A_SHARE_COMMON_EQUITY,True,
sse_main_listing_register.csv,600600.SH,A_SHARE_COMMON_EQUITY,True,
sse_main_listing_register.csv,600601.SH,A_SHARE_COMMON_EQUITY,True,
sse_main_listing_register.csv,600602.SH,A_SHARE_COMMON_EQUITY,True,
sse_main_listing_register.csv,600603.SH,A_SHARE_COMMON_EQUITY,True,
sse_main_listing_register.csv,600604.SH,A_SHARE_COMMON_EQUITY,True,
sse_main_listing_register.csv,600605.SH,A_SHARE_COMMON_EQUITY,True,
sse_main_listing_register.csv,600606.SH,A_SHARE_COMMON_EQUITY,True,
sse_main_listing_register.csv,600609.SH,A_SHARE_COMMON_EQUITY,True,
sse_main_listing_register.csv,600610.SH,A_SHARE_COMMON_EQUITY,True,
sse_main_listing_register.csv,600611.SH,A_SHARE_COMMON_EQUITY,True,
sse_main_listing_register.csv,600612.SH,A_SHARE_COMMON_EQUITY,True,
sse_main_listing_register.csv,600613.SH,A_SHARE_COMMON_EQUITY,True,
sse_main_listing_register.csv,600615.SH,A_SHARE_COMMON_EQUITY,True,
sse_main_listing_register.csv,600616.SH,A_SHARE_COMMON_EQUITY,True,
sse_main_listing_register.csv,600617.SH,A_SHARE_COMMON_EQUITY,True,
sse_main_listing_register.csv,600618.SH,A_SHARE_COMMON_EQUITY,True,
sse_main_listing_register.csv,600619.SH,A_SHARE_COMMON_EQUITY,True,
sse_main_listing_register.csv,600620.SH,A_SHARE_COMMON_EQUITY,True,
sse_main_listing_register.csv,600621.SH,A_SHARE_COMMON_EQUITY,True,
sse_main_listing_register.csv,600622.SH,A_SHARE_COMMON_EQUITY,True,
sse_main_listing_register.csv,600623.SH,A_SHARE_COMMON_EQUITY,True,
sse_main_listing_register.csv,600624.SH,A_SHARE_COMMON_EQUITY,True,
sse_main_listing_register.csv,600626.SH,A_SHARE_COMMON_EQUITY,True,
sse_main_listing_register.csv,600628.SH,A_SHARE_COMMON_EQUITY,True,
sse_main_listing_register.csv,600629.SH,A_SHARE_COMMON_EQUITY,True,
sse_main_listing_register.csv,600630.SH,A_SHARE_COMMON_EQUITY,True,
sse_main_listing_register.csv,600633.SH,A_SHARE_COMMON_EQUITY,True,
sse_main_listing_register.csv,600635.SH,A_SHARE_COMMON_EQUITY,True,
sse_main_listing_register.csv,600637.SH,A_SHARE_COMMON_EQUITY,True,
sse_main_listing_register.csv,600638.SH,A_SHARE_COMMON_EQUITY,True,
sse_main_listing_register.csv,600639.SH,A_SHARE_COMMON_EQUITY,True,
sse_main_listing_register.csv,600640.SH,A_SHARE_COMMON_EQUITY,True,
sse_main_listing_register.csv,600641.SH,A_SHARE_COMMON_EQUITY,True,
sse_main_listing_register.csv,600642.SH,A_SHARE_COMMON_EQUITY,True,
sse_main_listing_register.csv,600643.SH,A_SHARE_COMMON_EQUITY,True,
sse_main_listing_register.csv,600644.SH,A_SHARE_COMMON_EQUITY,True,
sse_main_listing_register.csv,600645.SH,A_SHARE_COMMON_EQUITY,True,
sse_main_listing_register.csv,600648.SH,A_SHARE_COMMON_EQUITY,True,
sse_main_listing_register.csv,600649.SH,A_SHARE_COMMON_EQUITY,True,
sse_main_listing_register.csv,600650.SH,A_SHARE_COMMON_EQUITY,True,
sse_main_listing_register.csv,600651.SH,A_SHARE_COMMON_EQUITY,True,
sse_main_listing_register.csv,600653.SH,A_SHARE_COMMON_EQUITY,True,
sse_main_listing_register.csv,600654.SH,A_SHARE_COMMON_EQUITY,True,
sse_main_listing_register.csv,600655.SH,A_SHARE_COMMON_EQUITY,True,
sse_main_listing_register.csv,600657.SH,A_SHARE_COMMON_EQUITY,True,
sse_main_listing_register.csv,600658.SH,A_SHARE_COMMON_EQUITY,True,
sse_main_listing_register.csv,600660.SH,A_SHARE_COMMON_EQUITY,True,
sse_main_listing_register.csv,600661.SH,A_SHARE_COMMON_EQUITY,True,
sse_main_listing_register.csv,600662.SH,A_SHARE_COMMON_EQUITY,True,
sse_main_listing_register.csv,600663.SH,A_SHARE_COMMON_EQUITY,True,
sse_main_listing_register.csv,600664.SH,A_SHARE_COMMON_EQUITY,True,
sse_main_listing_register.csv,600665.SH,A_SHARE_COMMON_EQUITY,True,
sse_main_listing_register.csv,600666.SH,A_SHARE_COMMON_EQUITY,True,
sse_main_listing_register.csv,600667.SH,A_SHARE_COMMON_EQUITY,True,
sse_main_listing_register.csv,600668.SH,A_SHARE_COMMON_EQUITY,True,
sse_main_listing_register.csv,600671.SH,A_SHARE_COMMON_EQUITY,True,
sse_main_listing_register.csv,600673.SH,A_SHARE_COMMON_EQUITY,True,
sse_main_listing_register.csv,600674.SH,A_SHARE_COMMON_EQUITY,True,
sse_main_listing_register.csv,600675.SH,A_SHARE_COMMON_EQUITY,True,
sse_main_listing_register.csv,600676.SH,A_SHARE_COMMON_EQUITY,True,
sse_main_listing_register.csv,600678.SH,A_SHARE_COMMON_EQUITY,True,
sse_main_listing_register.csv,600679.SH,A_SHARE_COMMON_EQUITY,True,
sse_main_listing_register.csv,600681.SH,A_SHARE_COMMON_EQUITY,True,
sse_main_listing_register.csv,600682.SH,A_SHARE_COMMON_EQUITY,True,
sse_main_listing_register.csv,600683.SH,A_SHARE_COMMON_EQUITY,True,
sse_main_listing_register.csv,600684.SH,A_SHARE_COMMON_EQUITY,True,
sse_main_listing_register.csv,600685.SH,A_SHARE_COMMON_EQUITY,True,
sse_main_listing_register.csv,600686.SH,A_SHARE_COMMON_EQUITY,True,
sse_main_listing_register.csv,600688.SH,A_SHARE_COMMON_EQUITY,True,
sse_main_listing_register.csv,600689.SH,A_SHARE_COMMON_EQUITY,True,
sse_main_listing_register.csv,600690.SH,A_SHARE_COMMON_EQUITY,True,
sse_main_listing_register.csv,600691.SH,A_SHARE_COMMON_EQUITY,True,
sse_main_listing_register.csv,600692.SH,A_SHARE_COMMON_EQUITY,True,
sse_main_listing_register.csv,600693.SH,A_SHARE_COMMON_EQUITY,True,
sse_main_listing_register.csv,600694.SH,A_SHARE_COMMON_EQUITY,True,
sse_main_listing_register.csv,600697.SH,A_SHARE_COMMON_EQUITY,True,
sse_main_listing_register.csv,600698.SH,A_SHARE_COMMON_EQUITY,True,
sse_main_listing_register.csv,600699.SH,A_SHARE_COMMON_EQUITY,True,
sse_main_listing_register.csv,600702.SH,A_SHARE_COMMON_EQUITY,True,
sse_main_listing_register.csv,600703.SH,A_SHARE_COMMON_EQUITY,True,
sse_main_listing_register.csv,600704.SH,A_SHARE_COMMON_EQUITY,True,
sse_main_listing_register.csv,600706.SH,A_SHARE_COMMON_EQUITY,True,
sse_main_listing_register.csv,600707.SH,A_SHARE_COMMON_EQUITY,True,
sse_main_listing_register.csv,600708.SH,A_SHARE_COMMON_EQUITY,True,
sse_main_listing_register.csv,600710.SH,A_SHARE_COMMON_EQUITY,True,
sse_main_listing_register.csv,600711.SH,A_SHARE_COMMON_EQUITY,True,
sse_main_listing_register.csv,600712.SH,A_SHARE_COMMON_EQUITY,True,
sse_main_listing_register.csv,600713.SH,A_SHARE_COMMON_EQUITY,True,
sse_main_listing_register.csv,600714.SH,A_SHARE_COMMON_EQUITY,True,
sse_main_listing_register.csv,600715.SH,A_SHARE_COMMON_EQUITY,True,
sse_main_listing_register.csv,600716.SH,A_SHARE_COMMON_EQUITY,True,
sse_main_listing_register.csv,600717.SH,A_SHARE_COMMON_EQUITY,True,
sse_main_listing_register.csv,600718.SH,A_SHARE_COMMON_EQUITY,True,
sse_main_listing_register.csv,600719.SH,A_SHARE_COMMON_EQUITY,True,
sse_main_listing_register.csv,600720.SH,A_SHARE_COMMON_EQUITY,True,
sse_main_listing_register.csv,600721.SH,A_SHARE_COMMON_EQUITY,True,
sse_main_listing_register.csv,600722.SH,A_SHARE_COMMON_EQUITY,True,
sse_main_listing_register.csv,600724.SH,A_SHARE_COMMON_EQUITY,True,
sse_main_listing_register.csv,600725.SH,A_SHARE_COMMON_EQUITY,True,
sse_main_listing_register.csv,600726.SH,A_SHARE_COMMON_EQUITY,True,
sse_main_listing_register.csv,600727.SH,A_SHARE_COMMON_EQUITY,True,
sse_main_listing_register.csv,600728.SH,A_SHARE_COMMON_EQUITY,True,
sse_main_listing_register.csv,600729.SH,A_SHARE_COMMON_EQUITY,True,
sse_main_listing_register.csv,600730.SH,A_SHARE_COMMON_EQUITY,True,
sse_main_listing_register.csv,600731.SH,A_SHARE_COMMON_EQUITY,True,
sse_main_listing_register.csv,600732.SH,A_SHARE_COMMON_EQUITY,True,
sse_main_listing_register.csv,600733.SH,A_SHARE_COMMON_EQUITY,True,
sse_main_listing_register.csv,600734.SH,A_SHARE_COMMON_EQUITY,True,
sse_main_listing_register.csv,600735.SH,A_SHARE_COMMON_EQUITY,True,
sse_main_listing_register.csv,600736.SH,A_SHARE_COMMON_EQUITY,True,
sse_main_listing_register.csv,600737.SH,A_SHARE_COMMON_EQUITY,True,
sse_main_listing_register.csv,600738.SH,A_SHARE_COMMON_EQUITY,True,
sse_main_listing_register.csv,600739.SH,A_SHARE_COMMON_EQUITY,True,
sse_main_listing_register.csv,600740.SH,A_SHARE_COMMON_EQUITY,True,
sse_main_listing_register.csv,600741.SH,A_SHARE_COMMON_EQUITY,True,
sse_main_listing_register.csv,600742.SH,A_SHARE_COMMON_EQUITY,True,
sse_main_listing_register.csv,600743.SH,A_SHARE_COMMON_EQUITY,True,
sse_main_listing_register.csv,600744.SH,A_SHARE_COMMON_EQUITY,True,
sse_main_listing_register.csv,600745.SH,A_SHARE_COMMON_EQUITY,True,
sse_main_listing_register.csv,600746.SH,A_SHARE_COMMON_EQUITY,True,
sse_main_listing_register.csv,600748.SH,A_SHARE_COMMON_EQUITY,True,
sse_main_listing_register.csv,600749.SH,A_SHARE_COMMON_EQUITY,True,
sse_main_listing_register.csv,600750.SH,A_SHARE_COMMON_EQUITY,True,
sse_main_listing_register.csv,600751.SH,A_SHARE_COMMON_EQUITY,True,
sse_main_listing_register.csv,600753.SH,A_SHARE_COMMON_EQUITY,True,
sse_main_listing_register.csv,600754.SH,A_SHARE_COMMON_EQUITY,True,
sse_main_listing_register.csv,600755.SH,A_SHARE_COMMON_EQUITY,True,
sse_main_listing_register.csv,600756.SH,A_SHARE_COMMON_EQUITY,True,
sse_main_listing_register.csv,600757.SH,A_SHARE_COMMON_EQUITY,True,
sse_main_listing_register.csv,600758.SH,A_SHARE_COMMON_EQUITY,True,
sse_main_listing_register.csv,600759.SH,A_SHARE_COMMON_EQUITY,True,
sse_main_listing_register.csv,600760.SH,A_SHARE_COMMON_EQUITY,True,
sse_main_listing_register.csv,600761.SH,A_SHARE_COMMON_EQUITY,True,
sse_main_listing_register.csv,600763.SH,A_SHARE_COMMON_EQUITY,True,
sse_main_listing_register.csv,600764.SH,A_SHARE_COMMON_EQUITY,True,
sse_main_listing_register.csv,600765.SH,A_SHARE_COMMON_EQUITY,True,
sse_main_listing_register.csv,600768.SH,A_SHARE_COMMON_EQUITY,True,
sse_main_listing_register.csv,600769.SH,A_SHARE_COMMON_EQUITY,True,
sse_main_listing_register.csv,600770.SH,A_SHARE_COMMON_EQUITY,True,
sse_main_listing_register.csv,600771.SH,A_SHARE_COMMON_EQUITY,True,
sse_main_listing_register.csv,600773.SH,A_SHARE_COMMON_EQUITY,True,
sse_main_listing_register.csv,600774.SH,A_SHARE_COMMON_EQUITY,True,
sse_main_listing_register.csv,600775.SH,A_SHARE_COMMON_EQUITY,True,
sse_main_listing_register.csv,600776.SH,A_SHARE_COMMON_EQUITY,True,
sse_main_listing_register.csv,600777.SH,A_SHARE_COMMON_EQUITY,True,
sse_main_listing_register.csv,600778.SH,A_SHARE_COMMON_EQUITY,True,
sse_main_listing_register.csv,600779.SH,A_SHARE_COMMON_EQUITY,True,
sse_main_listing_register.csv,600780.SH,A_SHARE_COMMON_EQUITY,True,
sse_main_listing_register.csv,600782.SH,A_SHARE_COMMON_EQUITY,True,
sse_main_listing_register.csv,600783.SH,A_SHARE_COMMON_EQUITY,True,
sse_main_listing_register.csv,600784.SH,A_SHARE_COMMON_EQUITY,True,
sse_main_listing_register.csv,600785.SH,A_SHARE_COMMON_EQUITY,True,
sse_main_listing_register.csv,600787.SH,A_SHARE_COMMON_EQUITY,True,
sse_main_listing_register.csv,600789.SH,A_SHARE_COMMON_EQUITY,True,
sse_main_listing_register.csv,600790.SH,A_SHARE_COMMON_EQUITY,True,
sse_main_listing_register.csv,600791.SH,A_SHARE_COMMON_EQUITY,True,
sse_main_listing_register.csv,600792.SH,A_SHARE_COMMON_EQUITY,True,
sse_main_listing_register.csv,600793.SH,A_SHARE_COMMON_EQUITY,True,
sse_main_listing_register.csv,600794.SH,A_SHARE_COMMON_EQUITY,True,
sse_main_listing_register.csv,600795.SH,A_SHARE_COMMON_EQUITY,True,
sse_main_listing_register.csv,600796.SH,A_SHARE_COMMON_EQUITY,True,
sse_main_listing_register.csv,600797.SH,A_SHARE_COMMON_EQUITY,True,
sse_main_listing_register.csv,600798.SH,A_SHARE_COMMON_EQUITY,True,
sse_main_listing_register.csv,600800.SH,A_SHARE_COMMON_EQUITY,True,
sse_main_listing_register.csv,600801.SH,A_SHARE_COMMON_EQUITY,True,
sse_main_listing_register.csv,600802.SH,A_SHARE_COMMON_EQUITY,True,
sse_main_listing_register.csv,600803.SH,A_SHARE_COMMON_EQUITY,True,
sse_main_listing_register.csv,600805.SH,A_SHARE_COMMON_EQUITY,True,
sse_main_listing_register.csv,600807.SH,A_SHARE_COMMON_EQUITY,True,
sse_main_listing_register.csv,600808.SH,A_SHARE_COMMON_EQUITY,True,
sse_main_listing_register.csv,600809.SH,A_SHARE_COMMON_EQUITY,True,
sse_main_listing_register.csv,600810.SH,A_SHARE_COMMON_EQUITY,True,
sse_main_listing_register.csv,600812.SH,A_SHARE_COMMON_EQUITY,True,
sse_main_listing_register.csv,600814.SH,A_SHARE_COMMON_EQUITY,True,
sse_main_listing_register.csv,600815.SH,A_SHARE_COMMON_EQUITY,True,
sse_main_listing_register.csv,600816.SH,A_SHARE_COMMON_EQUITY,True,
sse_main_listing_register.csv,600817.SH,A_SHARE_COMMON_EQUITY,True,
sse_main_listing_register.csv,600818.SH,A_SHARE_COMMON_EQUITY,True,
sse_main_listing_register.csv,600819.SH,A_SHARE_COMMON_EQUITY,True,
sse_main_listing_register.csv,600820.SH,A_SHARE_COMMON_EQUITY,True,
sse_main_listing_register.csv,600821.SH,A_SHARE_COMMON_EQUITY,True,
sse_main_listing_register.csv,600822.SH,A_SHARE_COMMON_EQUITY,True,
sse_main_listing_register.csv,600824.SH,A_SHARE_COMMON_EQUITY,True,
sse_main_listing_register.csv,600825.SH,A_SHARE_COMMON_EQUITY,True,
sse_main_listing_register.csv,600826.SH,A_SHARE_COMMON_EQUITY,True,
sse_main_listing_register.csv,600827.SH,A_SHARE_COMMON_EQUITY,True,
sse_main_listing_register.csv,600828.SH,A_SHARE_COMMON_EQUITY,True,
sse_main_listing_register.csv,600829.SH,A_SHARE_COMMON_EQUITY,True,
sse_main_listing_register.csv,600830.SH,A_SHARE_COMMON_EQUITY,True,
sse_main_listing_register.csv,600831.SH,A_SHARE_COMMON_EQUITY,True,
sse_main_listing_register.csv,600833.SH,A_SHARE_COMMON_EQUITY,True,
sse_main_listing_register.csv,600834.SH,A_SHARE_COMMON_EQUITY,True,
sse_main_listing_register.csv,600835.SH,A_SHARE_COMMON_EQUITY,True,
sse_main_listing_register.csv,600838.SH,A_SHARE_COMMON_EQUITY,True,
sse_main_listing_register.csv,600839.SH,A_SHARE_COMMON_EQUITY,True,
sse_main_listing_register.csv,600841.SH,A_SHARE_COMMON_EQUITY,True,
sse_main_listing_register.csv,600843.SH,A_SHARE_COMMON_EQUITY,True,
sse_main_listing_register.csv,600844.SH,A_SHARE_COMMON_EQUITY,True,
sse_main_listing_register.csv,600845.SH,A_SHARE_COMMON_EQUITY,True,
sse_main_listing_register.csv,600846.SH,A_SHARE_COMMON_EQUITY,True,
sse_main_listing_register.csv,600847.SH,A_SHARE_COMMON_EQUITY,True,
sse_main_listing_register.csv,600848.SH,A_SHARE_COMMON_EQUITY,True,
sse_main_listing_register.csv,600850.SH,A_SHARE_COMMON_EQUITY,True,
sse_main_listing_register.csv,600851.SH,A_SHARE_COMMON_EQUITY,True,
sse_main_listing_register.csv,600853.SH,A_SHARE_COMMON_EQUITY,True,
sse_main_listing_register.csv,600854.SH,A_SHARE_COMMON_EQUITY,True,
sse_main_listing_register.csv,600855.SH,A_SHARE_COMMON_EQUITY,True,
sse_main_listing_register.csv,600857.SH,A_SHARE_COMMON_EQUITY,True,
sse_main_listing_register.csv,600858.SH,A_SHARE_COMMON_EQUITY,True,
sse_main_listing_register.csv,600859.SH,A_SHARE_COMMON_EQUITY,True,
sse_main_listing_register.csv,600860.SH,A_SHARE_COMMON_EQUITY,True,
sse_main_listing_register.csv,600861.SH,A_SHARE_COMMON_EQUITY,True,
sse_main_listing_register.csv,600862.SH,A_SHARE_COMMON_EQUITY,True,
sse_main_listing_register.csv,600863.SH,A_SHARE_COMMON_EQUITY,True,
sse_main_listing_register.csv,600864.SH,A_SHARE_COMMON_EQUITY,True,
sse_main_listing_register.csv,600865.SH,A_SHARE_COMMON_EQUITY,True,
sse_main_listing_register.csv,600866.SH,A_SHARE_COMMON_EQUITY,True,
sse_main_listing_register.csv,600867.SH,A_SHARE_COMMON_EQUITY,True,
sse_main_listing_register.csv,600868.SH,A_SHARE_COMMON_EQUITY,True,
sse_main_listing_register.csv,600869.SH,A_SHARE_COMMON_EQUITY,True,
sse_main_listing_register.csv,600871.SH,A_SHARE_COMMON_EQUITY,True,
sse_main_listing_register.csv,600872.SH,A_SHARE_COMMON_EQUITY,True,
sse_main_listing_register.csv,600873.SH,A_SHARE_COMMON_EQUITY,True,
sse_main_listing_register.csv,600874.SH,A_SHARE_COMMON_EQUITY,True,
sse_main_listing_register.csv,600875.SH,A_SHARE_COMMON_EQUITY,True,
sse_main_listing_register.csv,600876.SH,A_SHARE_COMMON_EQUITY,True,
sse_main_listing_register.csv,600877.SH,A_SHARE_COMMON_EQUITY,True,
sse_main_listing_register.csv,600879.SH,A_SHARE_COMMON_EQUITY,True,
sse_main_listing_register.csv,600880.SH,A_SHARE_COMMON_EQUITY,True,
sse_main_listing_register.csv,600881.SH,A_SHARE_COMMON_EQUITY,True,
sse_main_listing_register.csv,600882.SH,A_SHARE_COMMON_EQUITY,True,
sse_main_listing_register.csv,600883.SH,A_SHARE_COMMON_EQUITY,True,
sse_main_listing_register.csv,600884.SH,A_SHARE_COMMON_EQUITY,True,
sse_main_listing_register.csv,600885.SH,A_SHARE_COMMON_EQUITY,True,
sse_main_listing_register.csv,600886.SH,A_SHARE_COMMON_EQUITY,True,
sse_main_listing_register.csv,600887.SH,A_SHARE_COMMON_EQUITY,True,
sse_main_listing_register.csv,600888.SH,A_SHARE_COMMON_EQUITY,True,
sse_main_listing_register.csv,600889.SH,A_SHARE_COMMON_EQUITY,True,
sse_main_listing_register.csv,600892.SH,A_SHARE_COMMON_EQUITY,True,
sse_main_listing_register.csv,600893.SH,A_SHARE_COMMON_EQUITY,True,
sse_main_listing_register.csv,600894.SH,A_SHARE_COMMON_EQUITY,True,
sse_main_listing_register.csv,600895.SH,A_SHARE_COMMON_EQUITY,True,
sse_main_listing_register.csv,600897.SH,A_SHARE_COMMON_EQUITY,True,
sse_main_listing_register.csv,600900.SH,A_SHARE_COMMON_EQUITY,True,
sse_main_listing_register.csv,600901.SH,A_SHARE_COMMON_EQUITY,True,
sse_main_listing_register.csv,600903.SH,A_SHARE_COMMON_EQUITY,True,
sse_main_listing_register.csv,600905.SH,A_SHARE_COMMON_EQUITY,True,
sse_main_listing_register.csv,600906.SH,A_SHARE_COMMON_EQUITY,True,
sse_main_listing_register.csv,600908.SH,A_SHARE_COMMON_EQUITY,True,
sse_main_listing_register.csv,600909.SH,A_SHARE_COMMON_EQUITY,True,
sse_main_listing_register.csv,600916.SH,A_SHARE_COMMON_EQUITY,True,
sse_main_listing_register.csv,600917.SH,A_SHARE_COMMON_EQUITY,True,
sse_main_listing_register.csv,600918.SH,A_SHARE_COMMON_EQUITY,True,
sse_main_listing_register.csv,600919.SH,A_SHARE_COMMON_EQUITY,True,
sse_main_listing_register.csv,600925.SH,A_SHARE_COMMON_EQUITY,True,
sse_main_listing_register.csv,600926.SH,A_SHARE_COMMON_EQUITY,True,
sse_main_listing_register.csv,600927.SH,A_SHARE_COMMON_EQUITY,True,
sse_main_listing_register.csv,600928.SH,A_SHARE_COMMON_EQUITY,True,
sse_main_listing_register.csv,600929.SH,A_SHARE_COMMON_EQUITY,True,
sse_main_listing_register.csv,600930.SH,A_SHARE_COMMON_EQUITY,True,
sse_main_listing_register.csv,600933.SH,A_SHARE_COMMON_EQUITY,True,
sse_main_listing_register.csv,600935.SH,A_SHARE_COMMON_EQUITY,True,
sse_main_listing_register.csv,600936.SH,A_SHARE_COMMON_EQUITY,True,
sse_main_listing_register.csv,600938.SH,A_SHARE_COMMON_EQUITY,True,
sse_main_listing_register.csv,600939.SH,A_SHARE_COMMON_EQUITY,True,
sse_main_listing_register.csv,600941.SH,A_SHARE_COMMON_EQUITY,True,
sse_main_listing_register.csv,600955.SH,A_SHARE_COMMON_EQUITY,True,
sse_main_listing_register.csv,600956.SH,A_SHARE_COMMON_EQUITY,True,
sse_main_listing_register.csv,600958.SH,A_SHARE_COMMON_EQUITY,True,
sse_main_listing_register.csv,600959.SH,A_SHARE_COMMON_EQUITY,True,
sse_main_listing_register.csv,600960.SH,A_SHARE_COMMON_EQUITY,True,
sse_main_listing_register.csv,600961.SH,A_SHARE_COMMON_EQUITY,True,
sse_main_listing_register.csv,600962.SH,A_SHARE_COMMON_EQUITY,True,
sse_main_listing_register.csv,600963.SH,A_SHARE_COMMON_EQUITY,True,
sse_main_listing_register.csv,600965.SH,A_SHARE_COMMON_EQUITY,True,
sse_main_listing_register.csv,600966.SH,A_SHARE_COMMON_EQUITY,True,
sse_main_listing_register.csv,600967.SH,A_SHARE_COMMON_EQUITY,True,
sse_main_listing_register.csv,600968.SH,A_SHARE_COMMON_EQUITY,True,
sse_main_listing_register.csv,600969.SH,A_SHARE_COMMON_EQUITY,True,
sse_main_listing_register.csv,600970.SH,A_SHARE_COMMON_EQUITY,True,
sse_main_listing_register.csv,600971.SH,A_SHARE_COMMON_EQUITY,True,
sse_main_listing_register.csv,600973.SH,A_SHARE_COMMON_EQUITY,True,
sse_main_listing_register.csv,600975.SH,A_SHARE_COMMON_EQUITY,True,
sse_main_listing_register.csv,600976.SH,A_SHARE_COMMON_EQUITY,True,
sse_main_listing_register.csv,600977.SH,A_SHARE_COMMON_EQUITY,True,
sse_main_listing_register.csv,600979.SH,A_SHARE_COMMON_EQUITY,True,
sse_main_listing_register.csv,600980.SH,A_SHARE_COMMON_EQUITY,True,
sse_main_listing_register.csv,600981.SH,A_SHARE_COMMON_EQUITY,True,
sse_main_listing_register.csv,600982.SH,A_SHARE_COMMON_EQUITY,True,
sse_main_listing_register.csv,600983.SH,A_SHARE_COMMON_EQUITY,True,
sse_main_listing_register.csv,600984.SH,A_SHARE_COMMON_EQUITY,True,
sse_main_listing_register.csv,600985.SH,A_SHARE_COMMON_EQUITY,True,
sse_main_listing_register.csv,600986.SH,A_SHARE_COMMON_EQUITY,True,
sse_main_listing_register.csv,600987.SH,A_SHARE_COMMON_EQUITY,True,
sse_main_listing_register.csv,600988.SH,A_SHARE_COMMON_EQUITY,True,
sse_main_listing_register.csv,600989.SH,A_SHARE_COMMON_EQUITY,True,
sse_main_listing_register.csv,600990.SH,A_SHARE_COMMON_EQUITY,True,
sse_main_listing_register.csv,600992.SH,A_SHARE_COMMON_EQUITY,True,
sse_main_listing_register.csv,600993.SH,A_SHARE_COMMON_EQUITY,True,
sse_main_listing_register.csv,600995.SH,A_SHARE_COMMON_EQUITY,True,
sse_main_listing_register.csv,600996.SH,A_SHARE_COMMON_EQUITY,True,
sse_main_listing_register.csv,600997.SH,A_SHARE_COMMON_EQUITY,True,
sse_main_listing_register.csv,600998.SH,A_SHARE_COMMON_EQUITY,True,
sse_main_listing_register.csv,600999.SH,A_SHARE_COMMON_EQUITY,True,
sse_main_listing_register.csv,601000.SH,A_SHARE_COMMON_EQUITY,True,
sse_main_listing_register.csv,601001.SH,A_SHARE_COMMON_EQUITY,True,
sse_main_listing_register.csv,601002.SH,A_SHARE_COMMON_EQUITY,True,
sse_main_listing_register.csv,601003.SH,A_SHARE_COMMON_EQUITY,True,
sse_main_listing_register.csv,601005.SH,A_SHARE_COMMON_EQUITY,True,
sse_main_listing_register.csv,601006.SH,A_SHARE_COMMON_EQUITY,True,
sse_main_listing_register.csv,601007.SH,A_SHARE_COMMON_EQUITY,True,
sse_main_listing_register.csv,601008.SH,A_SHARE_COMMON_EQUITY,True,
sse_main_listing_register.csv,601009.SH,A_SHARE_COMMON_EQUITY,True,
sse_main_listing_register.csv,601010.SH,A_SHARE_COMMON_EQUITY,True,
sse_main_listing_register.csv,601011.SH,A_SHARE_COMMON_EQUITY,True,
sse_main_listing_register.csv,601012.SH,A_SHARE_COMMON_EQUITY,True,
sse_main_listing_register.csv,601015.SH,A_SHARE_COMMON_EQUITY,True,
sse_main_listing_register.csv,601016.SH,A_SHARE_COMMON_EQUITY,True,
sse_main_listing_register.csv,601018.SH,A_SHARE_COMMON_EQUITY,True,
sse_main_listing_register.csv,601019.SH,A_SHARE_COMMON_EQUITY,True,
sse_main_listing_register.csv,601020.SH,A_SHARE_COMMON_EQUITY,True,
sse_main_listing_register.csv,601021.SH,A_SHARE_COMMON_EQUITY,True,
sse_main_listing_register.csv,601022.SH,A_SHARE_COMMON_EQUITY,True,
sse_main_listing_register.csv,601026.SH,A_SHARE_COMMON_EQUITY,True,
sse_main_listing_register.csv,601033.SH,A_SHARE_COMMON_EQUITY,True,
sse_main_listing_register.csv,601038.SH,A_SHARE_COMMON_EQUITY,True,
sse_main_listing_register.csv,601058.SH,A_SHARE_COMMON_EQUITY,True,
sse_main_listing_register.csv,601059.SH,A_SHARE_COMMON_EQUITY,True,
sse_main_listing_register.csv,601061.SH,A_SHARE_COMMON_EQUITY,True,
sse_main_listing_register.csv,601065.SH,A_SHARE_COMMON_EQUITY,True,
sse_main_listing_register.csv,601066.SH,A_SHARE_COMMON_EQUITY,True,
sse_main_listing_register.csv,601068.SH,A_SHARE_COMMON_EQUITY,True,
sse_main_listing_register.csv,601069.SH,A_SHARE_COMMON_EQUITY,True,
sse_main_listing_register.csv,601077.SH,A_SHARE_COMMON_EQUITY,True,
sse_main_listing_register.csv,601083.SH,A_SHARE_COMMON_EQUITY,True,
sse_main_listing_register.csv,601086.SH,A_SHARE_COMMON_EQUITY,True,
sse_main_listing_register.csv,601088.SH,A_SHARE_COMMON_EQUITY,True,
sse_main_listing_register.csv,601089.SH,A_SHARE_COMMON_EQUITY,True,
sse_main_listing_register.csv,601091.SH,A_SHARE_COMMON_EQUITY,True,
sse_main_listing_register.csv,601096.SH,A_SHARE_COMMON_EQUITY,True,
sse_main_listing_register.csv,601098.SH,A_SHARE_COMMON_EQUITY,True,
sse_main_listing_register.csv,601099.SH,A_SHARE_COMMON_EQUITY,True,
sse_main_listing_register.csv,601100.SH,A_SHARE_COMMON_EQUITY,True,
sse_main_listing_register.csv,601101.SH,A_SHARE_COMMON_EQUITY,True,
sse_main_listing_register.csv,601106.SH,A_SHARE_COMMON_EQUITY,True,
sse_main_listing_register.csv,601107.SH,A_SHARE_COMMON_EQUITY,True,
sse_main_listing_register.csv,601108.SH,A_SHARE_COMMON_EQUITY,True,
sse_main_listing_register.csv,601111.SH,A_SHARE_COMMON_EQUITY,True,
sse_main_listing_register.csv,601112.SH,A_SHARE_COMMON_EQUITY,True,
sse_main_listing_register.csv,601113.SH,A_SHARE_COMMON_EQUITY,True,
sse_main_listing_register.csv,601116.SH,A_SHARE_COMMON_EQUITY,True,
sse_main_listing_register.csv,601117.SH,A_SHARE_COMMON_EQUITY,True,
sse_main_listing_register.csv,601118.SH,A_SHARE_COMMON_EQUITY,True,
sse_main_listing_register.csv,601121.SH,A_SHARE_COMMON_EQUITY,True,
sse_main_listing_register.csv,601123.SH,A_SHARE_COMMON_EQUITY,True,
sse_main_listing_register.csv,601126.SH,A_SHARE_COMMON_EQUITY,True,
sse_main_listing_register.csv,601127.SH,A_SHARE_COMMON_EQUITY,True,
sse_main_listing_register.csv,601128.SH,A_SHARE_COMMON_EQUITY,True,
sse_main_listing_register.csv,601133.SH,A_SHARE_COMMON_EQUITY,True,
sse_main_listing_register.csv,601136.SH,A_SHARE_COMMON_EQUITY,True,
sse_main_listing_register.csv,601137.SH,A_SHARE_COMMON_EQUITY,True,
sse_main_listing_register.csv,601138.SH,A_SHARE_COMMON_EQUITY,True,
sse_main_listing_register.csv,601139.SH,A_SHARE_COMMON_EQUITY,True,
sse_main_listing_register.csv,601155.SH,A_SHARE_COMMON_EQUITY,True,
sse_main_listing_register.csv,601156.SH,A_SHARE_COMMON_EQUITY,True,
sse_main_listing_register.csv,601158.SH,A_SHARE_COMMON_EQUITY,True,
sse_main_listing_register.csv,601162.SH,A_SHARE_COMMON_EQUITY,True,
sse_main_listing_register.csv,601163.SH,A_SHARE_COMMON_EQUITY,True,
sse_main_listing_register.csv,601166.SH,A_SHARE_COMMON_EQUITY,True,
sse_main_listing_register.csv,601168.SH,A_SHARE_COMMON_EQUITY,True,
sse_main_listing_register.csv,601169.SH,A_SHARE_COMMON_EQUITY,True,
sse_main_listing_register.csv,601177.SH,A_SHARE_COMMON_EQUITY,True,
sse_main_listing_register.csv,601179.SH,A_SHARE_COMMON_EQUITY,True,
sse_main_listing_register.csv,601186.SH,A_SHARE_COMMON_EQUITY,True,
sse_main_listing_register.csv,601187.SH,A_SHARE_COMMON_EQUITY,True,
sse_main_listing_register.csv,601188.SH,A_SHARE_COMMON_EQUITY,True,
sse_main_listing_register.csv,601198.SH,A_SHARE_COMMON_EQUITY,True,
sse_main_listing_register.csv,601199.SH,A_SHARE_COMMON_EQUITY,True,
sse_main_listing_register.csv,601200.SH,A_SHARE_COMMON_EQUITY,True,
sse_main_listing_register.csv,601208.SH,A_SHARE_COMMON_EQUITY,True,
sse_main_listing_register.csv,601211.SH,A_SHARE_COMMON_EQUITY,True,
sse_main_listing_register.csv,601212.SH,A_SHARE_COMMON_EQUITY,True,
sse_main_listing_register.csv,601216.SH,A_SHARE_COMMON_EQUITY,True,
sse_main_listing_register.csv,601218.SH,A_SHARE_COMMON_EQUITY,True,
sse_main_listing_register.csv,601222.SH,A_SHARE_COMMON_EQUITY,True,
sse_main_listing_register.csv,601225.SH,A_SHARE_COMMON_EQUITY,True,
sse_main_listing_register.csv,601226.SH,A_SHARE_COMMON_EQUITY,True,
sse_main_listing_register.csv,601228.SH,A_SHARE_COMMON_EQUITY,True,
sse_main_listing_register.csv,601229.SH,A_SHARE_COMMON_EQUITY,True,
sse_main_listing_register.csv,601231.SH,A_SHARE_COMMON_EQUITY,True,
sse_main_listing_register.csv,601233.SH,A_SHARE_COMMON_EQUITY,True,
sse_main_listing_register.csv,601236.SH,A_SHARE_COMMON_EQUITY,True,
sse_main_listing_register.csv,601238.SH,A_SHARE_COMMON_EQUITY,True,
sse_main_listing_register.csv,601279.SH,A_SHARE_COMMON_EQUITY,True,
sse_main_listing_register.csv,601288.SH,A_SHARE_COMMON_EQUITY,True,
sse_main_listing_register.csv,601298.SH,A_SHARE_COMMON_EQUITY,True,
sse_main_listing_register.csv,601311.SH,A_SHARE_COMMON_EQUITY,True,
sse_main_listing_register.csv,601318.SH,A_SHARE_COMMON_EQUITY,True,
sse_main_listing_register.csv,601319.SH,A_SHARE_COMMON_EQUITY,True,
sse_main_listing_register.csv,601326.SH,A_SHARE_COMMON_EQUITY,True,
sse_main_listing_register.csv,601328.SH,A_SHARE_COMMON_EQUITY,True,
sse_main_listing_register.csv,601330.SH,A_SHARE_COMMON_EQUITY,True,
sse_main_listing_register.csv,601333.SH,A_SHARE_COMMON_EQUITY,True,
sse_main_listing_register.csv,601336.SH,A_SHARE_COMMON_EQUITY,True,
sse_main_listing_register.csv,601339.SH,A_SHARE_COMMON_EQUITY,True,
sse_main_listing_register.csv,601360.SH,A_SHARE_COMMON_EQUITY,True,
sse_main_listing_register.csv,601366.SH,A_SHARE_COMMON_EQUITY,True,
sse_main_listing_register.csv,601368.SH,A_SHARE_COMMON_EQUITY,True,
sse_main_listing_register.csv,601369.SH,A_SHARE_COMMON_EQUITY,True,
sse_main_listing_register.csv,601375.SH,A_SHARE_COMMON_EQUITY,True,
sse_main_listing_register.csv,601377.SH,A_SHARE_COMMON_EQUITY,True,
sse_main_listing_register.csv,601388.SH,A_SHARE_COMMON_EQUITY,True,
sse_main_listing_register.csv,601390.SH,A_SHARE_COMMON_EQUITY,True,
sse_main_listing_register.csv,601398.SH,A_SHARE_COMMON_EQUITY,True,
sse_main_listing_register.csv,601399.SH,A_SHARE_COMMON_EQUITY,True,
sse_main_listing_register.csv,601456.SH,A_SHARE_COMMON_EQUITY,True,
sse_main_listing_register.csv,601500.SH,A_SHARE_COMMON_EQUITY,True,
sse_main_listing_register.csv,601512.SH,A_SHARE_COMMON_EQUITY,True,
sse_main_listing_register.csv,601515.SH,A_SHARE_COMMON_EQUITY,True,
sse_main_listing_register.csv,601518.SH,A_SHARE_COMMON_EQUITY,True,
sse_main_listing_register.csv,601519.SH,A_SHARE_COMMON_EQUITY,True,
sse_main_listing_register.csv,601528.SH,A_SHARE_COMMON_EQUITY,True,
sse_main_listing_register.csv,601555.SH,A_SHARE_COMMON_EQUITY,True,
sse_main_listing_register.csv,601566.SH,A_SHARE_COMMON_EQUITY,True,
sse_main_listing_register.csv,601567.SH,A_SHARE_COMMON_EQUITY,True,
sse_main_listing_register.csv,601568.SH,A_SHARE_COMMON_EQUITY,True,
sse_main_listing_register.csv,601577.SH,A_SHARE_COMMON_EQUITY,True,
sse_main_listing_register.csv,601579.SH,A_SHARE_COMMON_EQUITY,True,
sse_main_listing_register.csv,601588.SH,A_SHARE_COMMON_EQUITY,True,
sse_main_listing_register.csv,601595.SH,A_SHARE_COMMON_EQUITY,True,
sse_main_listing_register.csv,601598.SH,A_SHARE_COMMON_EQUITY,True,
sse_main_listing_register.csv,601599.SH,A_SHARE_COMMON_EQUITY,True,
sse_main_listing_register.csv,601600.SH,A_SHARE_COMMON_EQUITY,True,
sse_main_listing_register.csv,601601.SH,A_SHARE_COMMON_EQUITY,True,
sse_main_listing_register.csv,601606.SH,A_SHARE_COMMON_EQUITY,True,
sse_main_listing_register.csv,601607.SH,A_SHARE_COMMON_EQUITY,True,
sse_main_listing_register.csv,601608.SH,A_SHARE_COMMON_EQUITY,True,
sse_main_listing_register.csv,601609.SH,A_SHARE_COMMON_EQUITY,True,
sse_main_listing_register.csv,601611.SH,A_SHARE_COMMON_EQUITY,True,
sse_main_listing_register.csv,601615.SH,A_SHARE_COMMON_EQUITY,True,
sse_main_listing_register.csv,601616.SH,A_SHARE_COMMON_EQUITY,True,
sse_main_listing_register.csv,601618.SH,A_SHARE_COMMON_EQUITY,True,
sse_main_listing_register.csv,601619.SH,A_SHARE_COMMON_EQUITY,True,
sse_main_listing_register.csv,601628.SH,A_SHARE_COMMON_EQUITY,True,
sse_main_listing_register.csv,601633.SH,A_SHARE_COMMON_EQUITY,True,
sse_main_listing_register.csv,601636.SH,A_SHARE_COMMON_EQUITY,True,
sse_main_listing_register.csv,601658.SH,A_SHARE_COMMON_EQUITY,True,
sse_main_listing_register.csv,601665.SH,A_SHARE_COMMON_EQUITY,True,
sse_main_listing_register.csv,601666.SH,A_SHARE_COMMON_EQUITY,True,
sse_main_listing_register.csv,601668.SH,A_SHARE_COMMON_EQUITY,True,
sse_main_listing_register.csv,601669.SH,A_SHARE_COMMON_EQUITY,True,
sse_main_listing_register.csv,601677.SH,A_SHARE_COMMON_EQUITY,True,
sse_main_listing_register.csv,601678.SH,A_SHARE_COMMON_EQUITY,True,
sse_main_listing_register.csv,601686.SH,A_SHARE_COMMON_EQUITY,True,
sse_main_listing_register.csv,601688.SH,A_SHARE_COMMON_EQUITY,True,
sse_main_listing_register.csv,601689.SH,A_SHARE_COMMON_EQUITY,True,
sse_main_listing_register.csv,601696.SH,A_SHARE_COMMON_EQUITY,True,
sse_main_listing_register.csv,601698.SH,A_SHARE_COMMON_EQUITY,True,
sse_main_listing_register.csv,601699.SH,A_SHARE_COMMON_EQUITY,True,
sse_main_listing_register.csv,601700.SH,A_SHARE_COMMON_EQUITY,True,
sse_main_listing_register.csv,601702.SH,A_SHARE_COMMON_EQUITY,True,
sse_main_listing_register.csv,601717.SH,A_SHARE_COMMON_EQUITY,True,
sse_main_listing_register.csv,601718.SH,A_SHARE_COMMON_EQUITY,True,
sse_main_listing_register.csv,601727.SH,A_SHARE_COMMON_EQUITY,True,
sse_main_listing_register.csv,601728.SH,A_SHARE_COMMON_EQUITY,True,
sse_main_listing_register.csv,601766.SH,A_SHARE_COMMON_EQUITY,True,
sse_main_listing_register.csv,601777.SH,A_SHARE_COMMON_EQUITY,True,
sse_main_listing_register.csv,601778.SH,A_SHARE_COMMON_EQUITY,True,
sse_main_listing_register.csv,601788.SH,A_SHARE_COMMON_EQUITY,True,
sse_main_listing_register.csv,601789.SH,A_SHARE_COMMON_EQUITY,True,
sse_main_listing_register.csv,601798.SH,A_SHARE_COMMON_EQUITY,True,
sse_main_listing_register.csv,601799.SH,A_SHARE_COMMON_EQUITY,True,
sse_main_listing_register.csv,601800.SH,A_SHARE_COMMON_EQUITY,True,
sse_main_listing_register.csv,601801.SH,A_SHARE_COMMON_EQUITY,True,
sse_main_listing_register.csv,601808.SH,A_SHARE_COMMON_EQUITY,True,
sse_main_listing_register.csv,601811.SH,A_SHARE_COMMON_EQUITY,True,
sse_main_listing_register.csv,601816.SH,A_SHARE_COMMON_EQUITY,True,
sse_main_listing_register.csv,601818.SH,A_SHARE_COMMON_EQUITY,True,
sse_main_listing_register.csv,601825.SH,A_SHARE_COMMON_EQUITY,True,
sse_main_listing_register.csv,601827.SH,A_SHARE_COMMON_EQUITY,True,
sse_main_listing_register.csv,601828.SH,A_SHARE_COMMON_EQUITY,True,
sse_main_listing_register.csv,601838.SH,A_SHARE_COMMON_EQUITY,True,
sse_main_listing_register.csv,601857.SH,A_SHARE_COMMON_EQUITY,True,
sse_main_listing_register.csv,601858.SH,A_SHARE_COMMON_EQUITY,True,
sse_main_listing_register.csv,601860.SH,A_SHARE_COMMON_EQUITY,True,
sse_main_listing_register.csv,601865.SH,A_SHARE_COMMON_EQUITY,True,
sse_main_listing_register.csv,601866.SH,A_SHARE_COMMON_EQUITY,True,
sse_main_listing_register.csv,601868.SH,A_SHARE_COMMON_EQUITY,True,
sse_main_listing_register.csv,601869.SH,A_SHARE_COMMON_EQUITY,True,
sse_main_listing_register.csv,601872.SH,A_SHARE_COMMON_EQUITY,True,
sse_main_listing_register.csv,601877.SH,A_SHARE_COMMON_EQUITY,True,
sse_main_listing_register.csv,601878.SH,A_SHARE_COMMON_EQUITY,True,
sse_main_listing_register.csv,601880.SH,A_SHARE_COMMON_EQUITY,True,
sse_main_listing_register.csv,601881.SH,A_SHARE_COMMON_EQUITY,True,
sse_main_listing_register.csv,601882.SH,A_SHARE_COMMON_EQUITY,True,
sse_main_listing_register.csv,601886.SH,A_SHARE_COMMON_EQUITY,True,
sse_main_listing_register.csv,601888.SH,A_SHARE_COMMON_EQUITY,True,
sse_main_listing_register.csv,601890.SH,A_SHARE_COMMON_EQUITY,True,
sse_main_listing_register.csv,601898.SH,A_SHARE_COMMON_EQUITY,True,
sse_main_listing_register.csv,601899.SH,A_SHARE_COMMON_EQUITY,True,
sse_main_listing_register.csv,601900.SH,A_SHARE_COMMON_EQUITY,True,
sse_main_listing_register.csv,601901.SH,A_SHARE_COMMON_EQUITY,True,
sse_main_listing_register.csv,601908.SH,A_SHARE_COMMON_EQUITY,True,
sse_main_listing_register.csv,601916.SH,A_SHARE_COMMON_EQUITY,True,
sse_main_listing_register.csv,601918.SH,A_SHARE_COMMON_EQUITY,True,
sse_main_listing_register.csv,601919.SH,A_SHARE_COMMON_EQUITY,True,
sse_main_listing_register.csv,601921.SH,A_SHARE_COMMON_EQUITY,True,
sse_main_listing_register.csv,601928.SH,A_SHARE_COMMON_EQUITY,True,
sse_main_listing_register.csv,601929.SH,A_SHARE_COMMON_EQUITY,True,
sse_main_listing_register.csv,601933.SH,A_SHARE_COMMON_EQUITY,True,
sse_main_listing_register.csv,601939.SH,A_SHARE_COMMON_EQUITY,True,
sse_main_listing_register.csv,601949.SH,A_SHARE_COMMON_EQUITY,True,
sse_main_listing_register.csv,601952.SH,A_SHARE_COMMON_EQUITY,True,
sse_main_listing_register.csv,601956.SH,A_SHARE_COMMON_EQUITY,True,
sse_main_listing_register.csv,601958.SH,A_SHARE_COMMON_EQUITY,True,
sse_main_listing_register.csv,601963.SH,A_SHARE_COMMON_EQUITY,True,
sse_main_listing_register.csv,601965.SH,A_SHARE_COMMON_EQUITY,True,
sse_main_listing_register.csv,601966.SH,A_SHARE_COMMON_EQUITY,True,
sse_main_listing_register.csv,601968.SH,A_SHARE_COMMON_EQUITY,True,
sse_main_listing_register.csv,601969.SH,A_SHARE_COMMON_EQUITY,True,
sse_main_listing_register.csv,601975.SH,A_SHARE_COMMON_EQUITY,True,
sse_main_listing_register.csv,601985.SH,A_SHARE_COMMON_EQUITY,True,
sse_main_listing_register.csv,601988.SH,A_SHARE_COMMON_EQUITY,True,
sse_main_listing_register.csv,601990.SH,A_SHARE_COMMON_EQUITY,True,
sse_main_listing_register.csv,601991.SH,A_SHARE_COMMON_EQUITY,True,
sse_main_listing_register.csv,601992.SH,A_SHARE_COMMON_EQUITY,True,
sse_main_listing_register.csv,601995.SH,A_SHARE_COMMON_EQUITY,True,
sse_main_listing_register.csv,601996.SH,A_SHARE_COMMON_EQUITY,True,
sse_main_listing_register.csv,601997.SH,A_SHARE_COMMON_EQUITY,True,
sse_main_listing_register.csv,601998.SH,A_SHARE_COMMON_EQUITY,True,
sse_main_listing_register.csv,601999.SH,A_SHARE_COMMON_EQUITY,True,
sse_main_listing_register.csv,603000.SH,A_SHARE_COMMON_EQUITY,True,
sse_main_listing_register.csv,603001.SH,A_SHARE_COMMON_EQUITY,True,
sse_main_listing_register.csv,603002.SH,A_SHARE_COMMON_EQUITY,True,
sse_main_listing_register.csv,603004.SH,A_SHARE_COMMON_EQUITY,True,
sse_main_listing_register.csv,603005.SH,A_SHARE_COMMON_EQUITY,True,
sse_main_listing_register.csv,603006.SH,A_SHARE_COMMON_EQUITY,True,
sse_main_listing_register.csv,603007.SH,A_SHARE_COMMON_EQUITY,True,
sse_main_listing_register.csv,603008.SH,A_SHARE_COMMON_EQUITY,True,
sse_main_listing_register.csv,603009.SH,A_SHARE_COMMON_EQUITY,True,
sse_main_listing_register.csv,603010.SH,A_SHARE_COMMON_EQUITY,True,
sse_main_listing_register.csv,603011.SH,A_SHARE_COMMON_EQUITY,True,
sse_main_listing_register.csv,603012.SH,A_SHARE_COMMON_EQUITY,True,
sse_main_listing_register.csv,603013.SH,A_SHARE_COMMON_EQUITY,True,
sse_main_listing_register.csv,603014.SH,A_SHARE_COMMON_EQUITY,True,
sse_main_listing_register.csv,603015.SH,A_SHARE_COMMON_EQUITY,True,
sse_main_listing_register.csv,603016.SH,A_SHARE_COMMON_EQUITY,True,
sse_main_listing_register.csv,603017.SH,A_SHARE_COMMON_EQUITY,True,
sse_main_listing_register.csv,603018.SH,A_SHARE_COMMON_EQUITY,True,
sse_main_listing_register.csv,603019.SH,A_SHARE_COMMON_EQUITY,True,
sse_main_listing_register.csv,603020.SH,A_SHARE_COMMON_EQUITY,True,
sse_main_listing_register.csv,603021.SH,A_SHARE_COMMON_EQUITY,True,
sse_main_listing_register.csv,603022.SH,A_SHARE_COMMON_EQUITY,True,
sse_main_listing_register.csv,603023.SH,A_SHARE_COMMON_EQUITY,True,
sse_main_listing_register.csv,603025.SH,A_SHARE_COMMON_EQUITY,True,
sse_main_listing_register.csv,603026.SH,A_SHARE_COMMON_EQUITY,True,
sse_main_listing_register.csv,603027.SH,A_SHARE_COMMON_EQUITY,True,
sse_main_listing_register.csv,603028.SH,A_SHARE_COMMON_EQUITY,True,
sse_main_listing_register.csv,603029.SH,A_SHARE_COMMON_EQUITY,True,
sse_main_listing_register.csv,603030.SH,A_SHARE_COMMON_EQUITY,True,
sse_main_listing_register.csv,603031.SH,A_SHARE_COMMON_EQUITY,True,
sse_main_listing_register.csv,603032.SH,A_SHARE_COMMON_EQUITY,True,
sse_main_listing_register.csv,603033.SH,A_SHARE_COMMON_EQUITY,True,
sse_main_listing_register.csv,603035.SH,A_SHARE_COMMON_EQUITY,True,
sse_main_listing_register.csv,603036.SH,A_SHARE_COMMON_EQUITY,True,
sse_main_listing_register.csv,603037.SH,A_SHARE_COMMON_EQUITY,True,
sse_main_listing_register.csv,603038.SH,A_SHARE_COMMON_EQUITY,True,
sse_main_listing_register.csv,603039.SH,A_SHARE_COMMON_EQUITY,True,
sse_main_listing_register.csv,603040.SH,A_SHARE_COMMON_EQUITY,True,
sse_main_listing_register.csv,603041.SH,A_SHARE_COMMON_EQUITY,True,
sse_main_listing_register.csv,603042.SH,A_SHARE_COMMON_EQUITY,True,
sse_main_listing_register.csv,603043.SH,A_SHARE_COMMON_EQUITY,True,
sse_main_listing_register.csv,603045.SH,A_SHARE_COMMON_EQUITY,True,
sse_main_listing_register.csv,603048.SH,A_SHARE_COMMON_EQUITY,True,
sse_main_listing_register.csv,603049.SH,A_SHARE_COMMON_EQUITY,True,
sse_main_listing_register.csv,603050.SH,A_SHARE_COMMON_EQUITY,True,
sse_main_listing_register.csv,603051.SH,A_SHARE_COMMON_EQUITY,True,
sse_main_listing_register.csv,603052.SH,A_SHARE_COMMON_EQUITY,True,
sse_main_listing_register.csv,603053.SH,A_SHARE_COMMON_EQUITY,True,
sse_main_listing_register.csv,603055.SH,A_SHARE_COMMON_EQUITY,True,
sse_main_listing_register.csv,603057.SH,A_SHARE_COMMON_EQUITY,True,
sse_main_listing_register.csv,603058.SH,A_SHARE_COMMON_EQUITY,True,
sse_main_listing_register.csv,603059.SH,A_SHARE_COMMON_EQUITY,True,
sse_main_listing_register.csv,603060.SH,A_SHARE_COMMON_EQUITY,True,
sse_main_listing_register.csv,603061.SH,A_SHARE_COMMON_EQUITY,True,
sse_main_listing_register.csv,603062.SH,A_SHARE_COMMON_EQUITY,True,
sse_main_listing_register.csv,603063.SH,A_SHARE_COMMON_EQUITY,True,
sse_main_listing_register.csv,603065.SH,A_SHARE_COMMON_EQUITY,True,
sse_main_listing_register.csv,603066.SH,A_SHARE_COMMON_EQUITY,True,
sse_main_listing_register.csv,603067.SH,A_SHARE_COMMON_EQUITY,True,
sse_main_listing_register.csv,603068.SH,A_SHARE_COMMON_EQUITY,True,
sse_main_listing_register.csv,603069.SH,A_SHARE_COMMON_EQUITY,True,
sse_main_listing_register.csv,603070.SH,A_SHARE_COMMON_EQUITY,True,
sse_main_listing_register.csv,603071.SH,A_SHARE_COMMON_EQUITY,True,
sse_main_listing_register.csv,603072.SH,A_SHARE_COMMON_EQUITY,True,
sse_main_listing_register.csv,603073.SH,A_SHARE_COMMON_EQUITY,True,
sse_main_listing_register.csv,603075.SH,A_SHARE_COMMON_EQUITY,True,
sse_main_listing_register.csv,603076.SH,A_SHARE_COMMON_EQUITY,True,
sse_main_listing_register.csv,603077.SH,A_SHARE_COMMON_EQUITY,True,
sse_main_listing_register.csv,603078.SH,A_SHARE_COMMON_EQUITY,True,
sse_main_listing_register.csv,603079.SH,A_SHARE_COMMON_EQUITY,True,
sse_main_listing_register.csv,603080.SH,A_SHARE_COMMON_EQUITY,True,
sse_main_listing_register.csv,603081.SH,A_SHARE_COMMON_EQUITY,True,
sse_main_listing_register.csv,603082.SH,A_SHARE_COMMON_EQUITY,True,
sse_main_listing_register.csv,603083.SH,A_SHARE_COMMON_EQUITY,True,
sse_main_listing_register.csv,603085.SH,A_SHARE_COMMON_EQUITY,True,
sse_main_listing_register.csv,603086.SH,A_SHARE_COMMON_EQUITY,True,
sse_main_listing_register.csv,603087.SH,A_SHARE_COMMON_EQUITY,True,
sse_main_listing_register.csv,603088.SH,A_SHARE_COMMON_EQUITY,True,
sse_main_listing_register.csv,603089.SH,A_SHARE_COMMON_EQUITY,True,
sse_main_listing_register.csv,603090.SH,A_SHARE_COMMON_EQUITY,True,
sse_main_listing_register.csv,603091.SH,A_SHARE_COMMON_EQUITY,True,
sse_main_listing_register.csv,603092.SH,A_SHARE_COMMON_EQUITY,True,
sse_main_listing_register.csv,603093.SH,A_SHARE_COMMON_EQUITY,True,
sse_main_listing_register.csv,603095.SH,A_SHARE_COMMON_EQUITY,True,
sse_main_listing_register.csv,603096.SH,A_SHARE_COMMON_EQUITY,True,
sse_main_listing_register.csv,603097.SH,A_SHARE_COMMON_EQUITY,True,
sse_main_listing_register.csv,603098.SH,A_SHARE_COMMON_EQUITY,True,
sse_main_listing_register.csv,603099.SH,A_SHARE_COMMON_EQUITY,True,
sse_main_listing_register.csv,603100.SH,A_SHARE_COMMON_EQUITY,True,
sse_main_listing_register.csv,603101.SH,A_SHARE_COMMON_EQUITY,True,
sse_main_listing_register.csv,603102.SH,A_SHARE_COMMON_EQUITY,True,
sse_main_listing_register.csv,603103.SH,A_SHARE_COMMON_EQUITY,True,
sse_main_listing_register.csv,603105.SH,A_SHARE_COMMON_EQUITY,True,
sse_main_listing_register.csv,603106.SH,A_SHARE_COMMON_EQUITY,True,
sse_main_listing_register.csv,603107.SH,A_SHARE_COMMON_EQUITY,True,
sse_main_listing_register.csv,603108.SH,A_SHARE_COMMON_EQUITY,True,
sse_main_listing_register.csv,603109.SH,A_SHARE_COMMON_EQUITY,True,
sse_main_listing_register.csv,603110.SH,A_SHARE_COMMON_EQUITY,True,
sse_main_listing_register.csv,603111.SH,A_SHARE_COMMON_EQUITY,True,
sse_main_listing_register.csv,603112.SH,A_SHARE_COMMON_EQUITY,True,
sse_main_listing_register.csv,603113.SH,A_SHARE_COMMON_EQUITY,True,
sse_main_listing_register.csv,603115.SH,A_SHARE_COMMON_EQUITY,True,
sse_main_listing_register.csv,603116.SH,A_SHARE_COMMON_EQUITY,True,
sse_main_listing_register.csv,603117.SH,A_SHARE_COMMON_EQUITY,True,
sse_main_listing_register.csv,603118.SH,A_SHARE_COMMON_EQUITY,True,
sse_main_listing_register.csv,603119.SH,A_SHARE_COMMON_EQUITY,True,
sse_main_listing_register.csv,603120.SH,A_SHARE_COMMON_EQUITY,True,
sse_main_listing_register.csv,603121.SH,A_SHARE_COMMON_EQUITY,True,
sse_main_listing_register.csv,603122.SH,A_SHARE_COMMON_EQUITY,True,
sse_main_listing_register.csv,603123.SH,A_SHARE_COMMON_EQUITY,True,
sse_main_listing_register.csv,603124.SH,A_SHARE_COMMON_EQUITY,True,
sse_main_listing_register.csv,603125.SH,A_SHARE_COMMON_EQUITY,True,
sse_main_listing_register.csv,603126.SH,A_SHARE_COMMON_EQUITY,True,
sse_main_listing_register.csv,603127.SH,A_SHARE_COMMON_EQUITY,True,
sse_main_listing_register.csv,603128.SH,A_SHARE_COMMON_EQUITY,True,
sse_main_listing_register.csv,603129.SH,A_SHARE_COMMON_EQUITY,True,
sse_main_listing_register.csv,603130.SH,A_SHARE_COMMON_EQUITY,True,
sse_main_listing_register.csv,603131.SH,A_SHARE_COMMON_EQUITY,True,
sse_main_listing_register.csv,603132.SH,A_SHARE_COMMON_EQUITY,True,
sse_main_listing_register.csv,603135.SH,A_SHARE_COMMON_EQUITY,True,
sse_main_listing_register.csv,603136.SH,A_SHARE_COMMON_EQUITY,True,
sse_main_listing_register.csv,603137.SH,A_SHARE_COMMON_EQUITY,True,
sse_main_listing_register.csv,603138.SH,A_SHARE_COMMON_EQUITY,True,
sse_main_listing_register.csv,603139.SH,A_SHARE_COMMON_EQUITY,True,
sse_main_listing_register.csv,603150.SH,A_SHARE_COMMON_EQUITY,True,
sse_main_listing_register.csv,603151.SH,A_SHARE_COMMON_EQUITY,True,
sse_main_listing_register.csv,603153.SH,A_SHARE_COMMON_EQUITY,True,
sse_main_listing_register.csv,603155.SH,A_SHARE_COMMON_EQUITY,True,
sse_main_listing_register.csv,603156.SH,A_SHARE_COMMON_EQUITY,True,
sse_main_listing_register.csv,603158.SH,A_SHARE_COMMON_EQUITY,True,
sse_main_listing_register.csv,603159.SH,A_SHARE_COMMON_EQUITY,True,
sse_main_listing_register.csv,603160.SH,A_SHARE_COMMON_EQUITY,True,
sse_main_listing_register.csv,603161.SH,A_SHARE_COMMON_EQUITY,True,
sse_main_listing_register.csv,603162.SH,A_SHARE_COMMON_EQUITY,True,
sse_main_listing_register.csv,603163.SH,A_SHARE_COMMON_EQUITY,True,
sse_main_listing_register.csv,603165.SH,A_SHARE_COMMON_EQUITY,True,
sse_main_listing_register.csv,603166.SH,A_SHARE_COMMON_EQUITY,True,
sse_main_listing_register.csv,603167.SH,A_SHARE_COMMON_EQUITY,True,
sse_main_listing_register.csv,603168.SH,A_SHARE_COMMON_EQUITY,True,
sse_main_listing_register.csv,603169.SH,A_SHARE_COMMON_EQUITY,True,
sse_main_listing_register.csv,603170.SH,A_SHARE_COMMON_EQUITY,True,
sse_main_listing_register.csv,603171.SH,A_SHARE_COMMON_EQUITY,True,
sse_main_listing_register.csv,603172.SH,A_SHARE_COMMON_EQUITY,True,
sse_main_listing_register.csv,603173.SH,A_SHARE_COMMON_EQUITY,True,
sse_main_listing_register.csv,603175.SH,A_SHARE_COMMON_EQUITY,True,
sse_main_listing_register.csv,603176.SH,A_SHARE_COMMON_EQUITY,True,
sse_main_listing_register.csv,603177.SH,A_SHARE_COMMON_EQUITY,True,
sse_main_listing_register.csv,603178.SH,A_SHARE_COMMON_EQUITY,True,
sse_main_listing_register.csv,603179.SH,A_SHARE_COMMON_EQUITY,True,
sse_main_listing_register.csv,603180.SH,A_SHARE_COMMON_EQUITY,True,
sse_main_listing_register.csv,603181.SH,A_SHARE_COMMON_EQUITY,True,
sse_main_listing_register.csv,603182.SH,A_SHARE_COMMON_EQUITY,True,
sse_main_listing_register.csv,603183.SH,A_SHARE_COMMON_EQUITY,True,
sse_main_listing_register.csv,603185.SH,A_SHARE_COMMON_EQUITY,True,
sse_main_listing_register.csv,603186.SH,A_SHARE_COMMON_EQUITY,True,
sse_main_listing_register.csv,603187.SH,A_SHARE_COMMON_EQUITY,True,
sse_main_listing_register.csv,603188.SH,A_SHARE_COMMON_EQUITY,True,
sse_main_listing_register.csv,603189.SH,A_SHARE_COMMON_EQUITY,True,
sse_main_listing_register.csv,603190.SH,A_SHARE_COMMON_EQUITY,True,
sse_main_listing_register.csv,603191.SH,A_SHARE_COMMON_EQUITY,True,
sse_main_listing_register.csv,603192.SH,A_SHARE_COMMON_EQUITY,True,
sse_main_listing_register.csv,603193.SH,A_SHARE_COMMON_EQUITY,True,
sse_main_listing_register.csv,603194.SH,A_SHARE_COMMON_EQUITY,True,
sse_main_listing_register.csv,603195.SH,A_SHARE_COMMON_EQUITY,True,
sse_main_listing_register.csv,603196.SH,A_SHARE_COMMON_EQUITY,True,
sse_main_listing_register.csv,603197.SH,A_SHARE_COMMON_EQUITY,True,
sse_main_listing_register.csv,603198.SH,A_SHARE_COMMON_EQUITY,True,
sse_main_listing_register.csv,603199.SH,A_SHARE_COMMON_EQUITY,True,
sse_main_listing_register.csv,603200.SH,A_SHARE_COMMON_EQUITY,True,
sse_main_listing_register.csv,603201.SH,A_SHARE_COMMON_EQUITY,True,
sse_main_listing_register.csv,603202.SH,A_SHARE_COMMON_EQUITY,True,
sse_main_listing_register.csv,603203.SH,A_SHARE_COMMON_EQUITY,True,
sse_main_listing_register.csv,603205.SH,A_SHARE_COMMON_EQUITY,True,
sse_main_listing_register.csv,603206.SH,A_SHARE_COMMON_EQUITY,True,
sse_main_listing_register.csv,603207.SH,A_SHARE_COMMON_EQUITY,True,
sse_main_listing_register.csv,603208.SH,A_SHARE_COMMON_EQUITY,True,
sse_main_listing_register.csv,603209.SH,A_SHARE_COMMON_EQUITY,True,
sse_main_listing_register.csv,603210.SH,A_SHARE_COMMON_EQUITY,True,
sse_main_listing_register.csv,603211.SH,A_SHARE_COMMON_EQUITY,True,
sse_main_listing_register.csv,603212.SH,A_SHARE_COMMON_EQUITY,True,
sse_main_listing_register.csv,603213.SH,A_SHARE_COMMON_EQUITY,True,
sse_main_listing_register.csv,603214.SH,A_SHARE_COMMON_EQUITY,True,
sse_main_listing_register.csv,603215.SH,A_SHARE_COMMON_EQUITY,True,
sse_main_listing_register.csv,603216.SH,A_SHARE_COMMON_EQUITY,True,
sse_main_listing_register.csv,603217.SH,A_SHARE_COMMON_EQUITY,True,
sse_main_listing_register.csv,603218.SH,A_SHARE_COMMON_EQUITY,True,
sse_main_listing_register.csv,603219.SH,A_SHARE_COMMON_EQUITY,True,
sse_main_listing_register.csv,603220.SH,A_SHARE_COMMON_EQUITY,True,
sse_main_listing_register.csv,603221.SH,A_SHARE_COMMON_EQUITY,True,
sse_main_listing_register.csv,603222.SH,A_SHARE_COMMON_EQUITY,True,
sse_main_listing_register.csv,603223.SH,A_SHARE_COMMON_EQUITY,True,
sse_main_listing_register.csv,603225.SH,A_SHARE_COMMON_EQUITY,True,
sse_main_listing_register.csv,603226.SH,A_SHARE_COMMON_EQUITY,True,
sse_main_listing_register.csv,603227.SH,A_SHARE_COMMON_EQUITY,True,
sse_main_listing_register.csv,603228.SH,A_SHARE_COMMON_EQUITY,True,
sse_main_listing_register.csv,603229.SH,A_SHARE_COMMON_EQUITY,True,
sse_main_listing_register.csv,603230.SH,A_SHARE_COMMON_EQUITY,True,
sse_main_listing_register.csv,603231.SH,A_SHARE_COMMON_EQUITY,True,
sse_main_listing_register.csv,603232.SH,A_SHARE_COMMON_EQUITY,True,
sse_main_listing_register.csv,603233.SH,A_SHARE_COMMON_EQUITY,True,
sse_main_listing_register.csv,603235.SH,A_SHARE_COMMON_EQUITY,True,
sse_main_listing_register.csv,603236.SH,A_SHARE_COMMON_EQUITY,True,
sse_main_listing_register.csv,603237.SH,A_SHARE_COMMON_EQUITY,True,
sse_main_listing_register.csv,603238.SH,A_SHARE_COMMON_EQUITY,True,
sse_main_listing_register.csv,603239.SH,A_SHARE_COMMON_EQUITY,True,
sse_main_listing_register.csv,603248.SH,A_SHARE_COMMON_EQUITY,True,
sse_main_listing_register.csv,603255.SH,A_SHARE_COMMON_EQUITY,True,
sse_main_listing_register.csv,603256.SH,A_SHARE_COMMON_EQUITY,True,
sse_main_listing_register.csv,603257.SH,A_SHARE_COMMON_EQUITY,True,
sse_main_listing_register.csv,603258.SH,A_SHARE_COMMON_EQUITY,True,
sse_main_listing_register.csv,603259.SH,A_SHARE_COMMON_EQUITY,True,
sse_main_listing_register.csv,603260.SH,A_SHARE_COMMON_EQUITY,True,
sse_main_listing_register.csv,603261.SH,A_SHARE_COMMON_EQUITY,True,
sse_main_listing_register.csv,603262.SH,A_SHARE_COMMON_EQUITY,True,
sse_main_listing_register.csv,603266.SH,A_SHARE_COMMON_EQUITY,True,
sse_main_listing_register.csv,603267.SH,A_SHARE_COMMON_EQUITY,True,
sse_main_listing_register.csv,603268.SH,A_SHARE_COMMON_EQUITY,True,
sse_main_listing_register.csv,603269.SH,A_SHARE_COMMON_EQUITY,True,
sse_main_listing_register.csv,603270.SH,A_SHARE_COMMON_EQUITY,True,
sse_main_listing_register.csv,603271.SH,A_SHARE_COMMON_EQUITY,True,
sse_main_listing_register.csv,603272.SH,A_SHARE_COMMON_EQUITY,True,
sse_main_listing_register.csv,603273.SH,A_SHARE_COMMON_EQUITY,True,
sse_main_listing_register.csv,603275.SH,A_SHARE_COMMON_EQUITY,True,
sse_main_listing_register.csv,603276.SH,A_SHARE_COMMON_EQUITY,True,
sse_main_listing_register.csv,603277.SH,A_SHARE_COMMON_EQUITY,True,
sse_main_listing_register.csv,603278.SH,A_SHARE_COMMON_EQUITY,True,
sse_main_listing_register.csv,603279.SH,A_SHARE_COMMON_EQUITY,True,
sse_main_listing_register.csv,603280.SH,A_SHARE_COMMON_EQUITY,True,
sse_main_listing_register.csv,603281.SH,A_SHARE_COMMON_EQUITY,True,
sse_main_listing_register.csv,603282.SH,A_SHARE_COMMON_EQUITY,True,
sse_main_listing_register.csv,603283.SH,A_SHARE_COMMON_EQUITY,True,
sse_main_listing_register.csv,603284.SH,A_SHARE_COMMON_EQUITY,True,
sse_main_listing_register.csv,603285.SH,A_SHARE_COMMON_EQUITY,True,
sse_main_listing_register.csv,603286.SH,A_SHARE_COMMON_EQUITY,True,
sse_main_listing_register.csv,603288.SH,A_SHARE_COMMON_EQUITY,True,
sse_main_listing_register.csv,603289.SH,A_SHARE_COMMON_EQUITY,True,
sse_main_listing_register.csv,603290.SH,A_SHARE_COMMON_EQUITY,True,
sse_main_listing_register.csv,603291.SH,A_SHARE_COMMON_EQUITY,True,
sse_main_listing_register.csv,603293.SH,A_SHARE_COMMON_EQUITY,True,
sse_main_listing_register.csv,603296.SH,A_SHARE_COMMON_EQUITY,True,
sse_main_listing_register.csv,603297.SH,A_SHARE_COMMON_EQUITY,True,
sse_main_listing_register.csv,603298.SH,A_SHARE_COMMON_EQUITY,True,
sse_main_listing_register.csv,603299.SH,A_SHARE_COMMON_EQUITY,True,
sse_main_listing_register.csv,603300.SH,A_SHARE_COMMON_EQUITY,True,
sse_main_listing_register.csv,603301.SH,A_SHARE_COMMON_EQUITY,True,
sse_main_listing_register.csv,603303.SH,A_SHARE_COMMON_EQUITY,True,
sse_main_listing_register.csv,603305.SH,A_SHARE_COMMON_EQUITY,True,
sse_main_listing_register.csv,603306.SH,A_SHARE_COMMON_EQUITY,True,
sse_main_listing_register.csv,603307.SH,A_SHARE_COMMON_EQUITY,True,
sse_main_listing_register.csv,603308.SH,A_SHARE_COMMON_EQUITY,True,
sse_main_listing_register.csv,603309.SH,A_SHARE_COMMON_EQUITY,True,
sse_main_listing_register.csv,603310.SH,A_SHARE_COMMON_EQUITY,True,
sse_main_listing_register.csv,603311.SH,A_SHARE_COMMON_EQUITY,True,
sse_main_listing_register.csv,603312.SH,A_SHARE_COMMON_EQUITY,True,
sse_main_listing_register.csv,603313.SH,A_SHARE_COMMON_EQUITY,True,
sse_main_listing_register.csv,603315.SH,A_SHARE_COMMON_EQUITY,True,
sse_main_listing_register.csv,603316.SH,A_SHARE_COMMON_EQUITY,True,
sse_main_listing_register.csv,603317.SH,A_SHARE_COMMON_EQUITY,True,
sse_main_listing_register.csv,603318.SH,A_SHARE_COMMON_EQUITY,True,
sse_main_listing_register.csv,603319.SH,A_SHARE_COMMON_EQUITY,True,
sse_main_listing_register.csv,603320.SH,A_SHARE_COMMON_EQUITY,True,
sse_main_listing_register.csv,603321.SH,A_SHARE_COMMON_EQUITY,True,
sse_main_listing_register.csv,603322.SH,A_SHARE_COMMON_EQUITY,True,
sse_main_listing_register.csv,603323.SH,A_SHARE_COMMON_EQUITY,True,
sse_main_listing_register.csv,603324.SH,A_SHARE_COMMON_EQUITY,True,
sse_main_listing_register.csv,603325.SH,A_SHARE_COMMON_EQUITY,True,
sse_main_listing_register.csv,603326.SH,A_SHARE_COMMON_EQUITY,True,
sse_main_listing_register.csv,603327.SH,A_SHARE_COMMON_EQUITY,True,
sse_main_listing_register.csv,603328.SH,A_SHARE_COMMON_EQUITY,True,
sse_main_listing_register.csv,603329.SH,A_SHARE_COMMON_EQUITY,True,
sse_main_listing_register.csv,603330.SH,A_SHARE_COMMON_EQUITY,True,
sse_main_listing_register.csv,603331.SH,A_SHARE_COMMON_EQUITY,True,
sse_main_listing_register.csv,603332.SH,A_SHARE_COMMON_EQUITY,True,
sse_main_listing_register.csv,603333.SH,A_SHARE_COMMON_EQUITY,True,
sse_main_listing_register.csv,603334.SH,A_SHARE_COMMON_EQUITY,True,
sse_main_listing_register.csv,603335.SH,A_SHARE_COMMON_EQUITY,True,
sse_main_listing_register.csv,603336.SH,A_SHARE_COMMON_EQUITY,True,
sse_main_listing_register.csv,603337.SH,A_SHARE_COMMON_EQUITY,True,
sse_main_listing_register.csv,603338.SH,A_SHARE_COMMON_EQUITY,True,
sse_main_listing_register.csv,603339.SH,A_SHARE_COMMON_EQUITY,True,
sse_main_listing_register.csv,603341.SH,A_SHARE_COMMON_EQUITY,True,
sse_main_listing_register.csv,603344.SH,A_SHARE_COMMON_EQUITY,True,
sse_main_listing_register.csv,603345.SH,A_SHARE_COMMON_EQUITY,True,
sse_main_listing_register.csv,603348.SH,A_SHARE_COMMON_EQUITY,True,
sse_main_listing_register.csv,603350.SH,A_SHARE_COMMON_EQUITY,True,
sse_main_listing_register.csv,603351.SH,A_SHARE_COMMON_EQUITY,True,
sse_main_listing_register.csv,603352.SH,A_SHARE_COMMON_EQUITY,True,
sse_main_listing_register.csv,603353.SH,A_SHARE_COMMON_EQUITY,True,
sse_main_listing_register.csv,603355.SH,A_SHARE_COMMON_EQUITY,True,
sse_main_listing_register.csv,603356.SH,A_SHARE_COMMON_EQUITY,True,
sse_main_listing_register.csv,603357.SH,A_SHARE_COMMON_EQUITY,True,
sse_main_listing_register.csv,603358.SH,A_SHARE_COMMON_EQUITY,True,
sse_main_listing_register.csv,603359.SH,A_SHARE_COMMON_EQUITY,True,
sse_main_listing_register.csv,603360.SH,A_SHARE_COMMON_EQUITY,True,
sse_main_listing_register.csv,603363.SH,A_SHARE_COMMON_EQUITY,True,
sse_main_listing_register.csv,603365.SH,A_SHARE_COMMON_EQUITY,True,
sse_main_listing_register.csv,603366.SH,A_SHARE_COMMON_EQUITY,True,
sse_main_listing_register.csv,603367.SH,A_SHARE_COMMON_EQUITY,True,
sse_main_listing_register.csv,603368.SH,A_SHARE_COMMON_EQUITY,True,
sse_main_listing_register.csv,603369.SH,A_SHARE_COMMON_EQUITY,True,
sse_main_listing_register.csv,603370.SH,A_SHARE_COMMON_EQUITY,True,
sse_main_listing_register.csv,603373.SH,A_SHARE_COMMON_EQUITY,True,
sse_main_listing_register.csv,603375.SH,A_SHARE_COMMON_EQUITY,True,
sse_main_listing_register.csv,603376.SH,A_SHARE_COMMON_EQUITY,True,
sse_main_listing_register.csv,603377.SH,A_SHARE_COMMON_EQUITY,True,
sse_main_listing_register.csv,603378.SH,A_SHARE_COMMON_EQUITY,True,
sse_main_listing_register.csv,603379.SH,A_SHARE_COMMON_EQUITY,True,
sse_main_listing_register.csv,603380.SH,A_SHARE_COMMON_EQUITY,True,
sse_main_listing_register.csv,603381.SH,A_SHARE_COMMON_EQUITY,True,
sse_main_listing_register.csv,603382.SH,A_SHARE_COMMON_EQUITY,True,
sse_main_listing_register.csv,603383.SH,A_SHARE_COMMON_EQUITY,True,
sse_main_listing_register.csv,603385.SH,A_SHARE_COMMON_EQUITY,True,
sse_main_listing_register.csv,603386.SH,A_SHARE_COMMON_EQUITY,True,
sse_main_listing_register.csv,603387.SH,A_SHARE_COMMON_EQUITY,True,
sse_main_listing_register.csv,603389.SH,A_SHARE_COMMON_EQUITY,True,
sse_main_listing_register.csv,603390.SH,A_SHARE_COMMON_EQUITY,True,
sse_main_listing_register.csv,603391.SH,A_SHARE_COMMON_EQUITY,True,
sse_main_listing_register.csv,603392.SH,A_SHARE_COMMON_EQUITY,True,
sse_main_listing_register.csv,603393.SH,A_SHARE_COMMON_EQUITY,True,
sse_main_listing_register.csv,603395.SH,A_SHARE_COMMON_EQUITY,True,
sse_main_listing_register.csv,603396.SH,A_SHARE_COMMON_EQUITY,True,
sse_main_listing_register.csv,603398.SH,A_SHARE_COMMON_EQUITY,True,
sse_main_listing_register.csv,603399.SH,A_SHARE_COMMON_EQUITY,True,
sse_main_listing_register.csv,603400.SH,A_SHARE_COMMON_EQUITY,True,
sse_main_listing_register.csv,603402.SH,A_SHARE_COMMON_EQUITY,True,
sse_main_listing_register.csv,603406.SH,A_SHARE_COMMON_EQUITY,True,
sse_main_listing_register.csv,603407.SH,A_SHARE_COMMON_EQUITY,True,
sse_main_listing_register.csv,603408.SH,A_SHARE_COMMON_EQUITY,True,
sse_main_listing_register.csv,603409.SH,A_SHARE_COMMON_EQUITY,True,
sse_main_listing_register.csv,603416.SH,A_SHARE_COMMON_EQUITY,True,
sse_main_listing_register.csv,603418.SH,A_SHARE_COMMON_EQUITY,True,
sse_main_listing_register.csv,603421.SH,A_SHARE_COMMON_EQUITY,True,
sse_main_listing_register.csv,603429.SH,A_SHARE_COMMON_EQUITY,True,
sse_main_listing_register.csv,603435.SH,A_SHARE_COMMON_EQUITY,True,
sse_main_listing_register.csv,603439.SH,A_SHARE_COMMON_EQUITY,True,
sse_main_listing_register.csv,603444.SH,A_SHARE_COMMON_EQUITY,True,
sse_main_listing_register.csv,603448.SH,A_SHARE_COMMON_EQUITY,True,
sse_main_listing_register.csv,603456.SH,A_SHARE_COMMON_EQUITY,True,
sse_main_listing_register.csv,603458.SH,A_SHARE_COMMON_EQUITY,True,
sse_main_listing_register.csv,603459.SH,A_SHARE_COMMON_EQUITY,True,
sse_main_listing_register.csv,603466.SH,A_SHARE_COMMON_EQUITY,True,
sse_main_listing_register.csv,603468.SH,A_SHARE_COMMON_EQUITY,True,
sse_main_listing_register.csv,603477.SH,A_SHARE_COMMON_EQUITY,True,
sse_main_listing_register.csv,603486.SH,A_SHARE_COMMON_EQUITY,True,
sse_main_listing_register.csv,603488.SH,A_SHARE_COMMON_EQUITY,True,
sse_main_listing_register.csv,603489.SH,A_SHARE_COMMON_EQUITY,True,
sse_main_listing_register.csv,603496.SH,A_SHARE_COMMON_EQUITY,True,
sse_main_listing_register.csv,603499.SH,A_SHARE_COMMON_EQUITY,True,
sse_main_listing_register.csv,603500.SH,A_SHARE_COMMON_EQUITY,True,
sse_main_listing_register.csv,603501.SH,A_SHARE_COMMON_EQUITY,True,
sse_main_listing_register.csv,603505.SH,A_SHARE_COMMON_EQUITY,True,
sse_main_listing_register.csv,603506.SH,A_SHARE_COMMON_EQUITY,True,
sse_main_listing_register.csv,603507.SH,A_SHARE_COMMON_EQUITY,True,
sse_main_listing_register.csv,603508.SH,A_SHARE_COMMON_EQUITY,True,
sse_main_listing_register.csv,603511.SH,A_SHARE_COMMON_EQUITY,True,
sse_main_listing_register.csv,603515.SH,A_SHARE_COMMON_EQUITY,True,
sse_main_listing_register.csv,603516.SH,A_SHARE_COMMON_EQUITY,True,
sse_main_listing_register.csv,603517.SH,A_SHARE_COMMON_EQUITY,True,
sse_main_listing_register.csv,603518.SH,A_SHARE_COMMON_EQUITY,True,
sse_main_listing_register.csv,603519.SH,A_SHARE_COMMON_EQUITY,True,
sse_main_listing_register.csv,603520.SH,A_SHARE_COMMON_EQUITY,True,
sse_main_listing_register.csv,603527.SH,A_SHARE_COMMON_EQUITY,True,
sse_main_listing_register.csv,603528.SH,A_SHARE_COMMON_EQUITY,True,
sse_main_listing_register.csv,603529.SH,A_SHARE_COMMON_EQUITY,True,
sse_main_listing_register.csv,603530.SH,A_SHARE_COMMON_EQUITY,True,
sse_main_listing_register.csv,603533.SH,A_SHARE_COMMON_EQUITY,True,
sse_main_listing_register.csv,603535.SH,A_SHARE_COMMON_EQUITY,True,
sse_main_listing_register.csv,603536.SH,A_SHARE_COMMON_EQUITY,True,
sse_main_listing_register.csv,603538.SH,A_SHARE_COMMON_EQUITY,True,
sse_main_listing_register.csv,603551.SH,A_SHARE_COMMON_EQUITY,True,
sse_main_listing_register.csv,603556.SH,A_SHARE_COMMON_EQUITY,True,
sse_main_listing_register.csv,603557.SH,A_SHARE_COMMON_EQUITY,True,
sse_main_listing_register.csv,603558.SH,A_SHARE_COMMON_EQUITY,True,
sse_main_listing_register.csv,603559.SH,A_SHARE_COMMON_EQUITY,True,
sse_main_listing_register.csv,603565.SH,A_SHARE_COMMON_EQUITY,True,
sse_main_listing_register.csv,603566.SH,A_SHARE_COMMON_EQUITY,True,
sse_main_listing_register.csv,603567.SH,A_SHARE_COMMON_EQUITY,True,
sse_main_listing_register.csv,603568.SH,A_SHARE_COMMON_EQUITY,True,
sse_main_listing_register.csv,603569.SH,A_SHARE_COMMON_EQUITY,True,
sse_main_listing_register.csv,603577.SH,A_SHARE_COMMON_EQUITY,True,
sse_main_listing_register.csv,603578.SH,A_SHARE_COMMON_EQUITY,True,
sse_main_listing_register.csv,603579.SH,A_SHARE_COMMON_EQUITY,True,
sse_main_listing_register.csv,603580.SH,A_SHARE_COMMON_EQUITY,True,
sse_main_listing_register.csv,603583.SH,A_SHARE_COMMON_EQUITY,True,
sse_main_listing_register.csv,603585.SH,A_SHARE_COMMON_EQUITY,True,
sse_main_listing_register.csv,603586.SH,A_SHARE_COMMON_EQUITY,True,
sse_main_listing_register.csv,603587.SH,A_SHARE_COMMON_EQUITY,True,
sse_main_listing_register.csv,603588.SH,A_SHARE_COMMON_EQUITY,True,
sse_main_listing_register.csv,603589.SH,A_SHARE_COMMON_EQUITY,True,
sse_main_listing_register.csv,603590.SH,A_SHARE_COMMON_EQUITY,True,
sse_main_listing_register.csv,603595.SH,A_SHARE_COMMON_EQUITY,True,
sse_main_listing_register.csv,603596.SH,A_SHARE_COMMON_EQUITY,True,
sse_main_listing_register.csv,603598.SH,A_SHARE_COMMON_EQUITY,True,
sse_main_listing_register.csv,603599.SH,A_SHARE_COMMON_EQUITY,True,
sse_main_listing_register.csv,603600.SH,A_SHARE_COMMON_EQUITY,True,
sse_main_listing_register.csv,603601.SH,A_SHARE_COMMON_EQUITY,True,
sse_main_listing_register.csv,603602.SH,A_SHARE_COMMON_EQUITY,True,
sse_main_listing_register.csv,603605.SH,A_SHARE_COMMON_EQUITY,True,
sse_main_listing_register.csv,603606.SH,A_SHARE_COMMON_EQUITY,True,
sse_main_listing_register.csv,603607.SH,A_SHARE_COMMON_EQUITY,True,
sse_main_listing_register.csv,603608.SH,A_SHARE_COMMON_EQUITY,True,
sse_main_listing_register.csv,603609.SH,A_SHARE_COMMON_EQUITY,True,
sse_main_listing_register.csv,603610.SH,A_SHARE_COMMON_EQUITY,True,
sse_main_listing_register.csv,603611.SH,A_SHARE_COMMON_EQUITY,True,
sse_main_listing_register.csv,603612.SH,A_SHARE_COMMON_EQUITY,True,
sse_main_listing_register.csv,603613.SH,A_SHARE_COMMON_EQUITY,True,
sse_main_listing_register.csv,603615.SH,A_SHARE_COMMON_EQUITY,True,
sse_main_listing_register.csv,603616.SH,A_SHARE_COMMON_EQUITY,True,
sse_main_listing_register.csv,603617.SH,A_SHARE_COMMON_EQUITY,True,
sse_main_listing_register.csv,603618.SH,A_SHARE_COMMON_EQUITY,True,
sse_main_listing_register.csv,603619.SH,A_SHARE_COMMON_EQUITY,True,
sse_main_listing_register.csv,603626.SH,A_SHARE_COMMON_EQUITY,True,
sse_main_listing_register.csv,603628.SH,A_SHARE_COMMON_EQUITY,True,
sse_main_listing_register.csv,603629.SH,A_SHARE_COMMON_EQUITY,True,
sse_main_listing_register.csv,603630.SH,A_SHARE_COMMON_EQUITY,True,
sse_main_listing_register.csv,603633.SH,A_SHARE_COMMON_EQUITY,True,
sse_main_listing_register.csv,603636.SH,A_SHARE_COMMON_EQUITY,True,
sse_main_listing_register.csv,603637.SH,A_SHARE_COMMON_EQUITY,True,
sse_main_listing_register.csv,603638.SH,A_SHARE_COMMON_EQUITY,True,
sse_main_listing_register.csv,603639.SH,A_SHARE_COMMON_EQUITY,True,
sse_main_listing_register.csv,603648.SH,A_SHARE_COMMON_EQUITY,True,
sse_main_listing_register.csv,603650.SH,A_SHARE_COMMON_EQUITY,True,
sse_main_listing_register.csv,603655.SH,A_SHARE_COMMON_EQUITY,True,
sse_main_listing_register.csv,603656.SH,A_SHARE_COMMON_EQUITY,True,
sse_main_listing_register.csv,603657.SH,A_SHARE_COMMON_EQUITY,True,
sse_main_listing_register.csv,603658.SH,A_SHARE_COMMON_EQUITY,True,
sse_main_listing_register.csv,603659.SH,A_SHARE_COMMON_EQUITY,True,
sse_main_listing_register.csv,603660.SH,A_SHARE_COMMON_EQUITY,True,
sse_main_listing_register.csv,603661.SH,A_SHARE_COMMON_EQUITY,True,
sse_main_listing_register.csv,603662.SH,A_SHARE_COMMON_EQUITY,True,
sse_main_listing_register.csv,603663.SH,A_SHARE_COMMON_EQUITY,True,
sse_main_listing_register.csv,603665.SH,A_SHARE_COMMON_EQUITY,True,
sse_main_listing_register.csv,603666.SH,A_SHARE_COMMON_EQUITY,True,
sse_main_listing_register.csv,603667.SH,A_SHARE_COMMON_EQUITY,True,
sse_main_listing_register.csv,603668.SH,A_SHARE_COMMON_EQUITY,True,
sse_main_listing_register.csv,603669.SH,A_SHARE_COMMON_EQUITY,True,
sse_main_listing_register.csv,603676.SH,A_SHARE_COMMON_EQUITY,True,
sse_main_listing_register.csv,603677.SH,A_SHARE_COMMON_EQUITY,True,
sse_main_listing_register.csv,603678.SH,A_SHARE_COMMON_EQUITY,True,
sse_main_listing_register.csv,603679.SH,A_SHARE_COMMON_EQUITY,True,
sse_main_listing_register.csv,603680.SH,A_SHARE_COMMON_EQUITY,True,
sse_main_listing_register.csv,603681.SH,A_SHARE_COMMON_EQUITY,True,
sse_main_listing_register.csv,603682.SH,A_SHARE_COMMON_EQUITY,True,
sse_main_listing_register.csv,603683.SH,A_SHARE_COMMON_EQUITY,True,
sse_main_listing_register.csv,603685.SH,A_SHARE_COMMON_EQUITY,True,
sse_main_listing_register.csv,603686.SH,A_SHARE_COMMON_EQUITY,True,
sse_main_listing_register.csv,603687.SH,A_SHARE_COMMON_EQUITY,True,
sse_main_listing_register.csv,603688.SH,A_SHARE_COMMON_EQUITY,True,
sse_main_listing_register.csv,603689.SH,A_SHARE_COMMON_EQUITY,True,
sse_main_listing_register.csv,603690.SH,A_SHARE_COMMON_EQUITY,True,
sse_main_listing_register.csv,603693.SH,A_SHARE_COMMON_EQUITY,True,
sse_main_listing_register.csv,603696.SH,A_SHARE_COMMON_EQUITY,True,
sse_main_listing_register.csv,603697.SH,A_SHARE_COMMON_EQUITY,True,
sse_main_listing_register.csv,603698.SH,A_SHARE_COMMON_EQUITY,True,
sse_main_listing_register.csv,603699.SH,A_SHARE_COMMON_EQUITY,True,
sse_main_listing_register.csv,603700.SH,A_SHARE_COMMON_EQUITY,True,
sse_main_listing_register.csv,603701.SH,A_SHARE_COMMON_EQUITY,True,
sse_main_listing_register.csv,603703.SH,A_SHARE_COMMON_EQUITY,True,
sse_main_listing_register.csv,603706.SH,A_SHARE_COMMON_EQUITY,True,
sse_main_listing_register.csv,603707.SH,A_SHARE_COMMON_EQUITY,True,
sse_main_listing_register.csv,603708.SH,A_SHARE_COMMON_EQUITY,True,
sse_main_listing_register.csv,603709.SH,A_SHARE_COMMON_EQUITY,True,
sse_main_listing_register.csv,603711.SH,A_SHARE_COMMON_EQUITY,True,
sse_main_listing_register.csv,603712.SH,A_SHARE_COMMON_EQUITY,True,
sse_main_listing_register.csv,603713.SH,A_SHARE_COMMON_EQUITY,True,
sse_main_listing_register.csv,603716.SH,A_SHARE_COMMON_EQUITY,True,
sse_main_listing_register.csv,603717.SH,A_SHARE_COMMON_EQUITY,True,
sse_main_listing_register.csv,603718.SH,A_SHARE_COMMON_EQUITY,True,
sse_main_listing_register.csv,603719.SH,A_SHARE_COMMON_EQUITY,True,
sse_main_listing_register.csv,603721.SH,A_SHARE_COMMON_EQUITY,True,
sse_main_listing_register.csv,603722.SH,A_SHARE_COMMON_EQUITY,True,
sse_main_listing_register.csv,603725.SH,A_SHARE_COMMON_EQUITY,True,
sse_main_listing_register.csv,603726.SH,A_SHARE_COMMON_EQUITY,True,
sse_main_listing_register.csv,603727.SH,A_SHARE_COMMON_EQUITY,True,
sse_main_listing_register.csv,603728.SH,A_SHARE_COMMON_EQUITY,True,
sse_main_listing_register.csv,603729.SH,A_SHARE_COMMON_EQUITY,True,
sse_main_listing_register.csv,603730.SH,A_SHARE_COMMON_EQUITY,True,
sse_main_listing_register.csv,603733.SH,A_SHARE_COMMON_EQUITY,True,
sse_main_listing_register.csv,603737.SH,A_SHARE_COMMON_EQUITY,True,
sse_main_listing_register.csv,603738.SH,A_SHARE_COMMON_EQUITY,True,
sse_main_listing_register.csv,603739.SH,A_SHARE_COMMON_EQUITY,True,
sse_main_listing_register.csv,603755.SH,A_SHARE_COMMON_EQUITY,True,
sse_main_listing_register.csv,603757.SH,A_SHARE_COMMON_EQUITY,True,
sse_main_listing_register.csv,603758.SH,A_SHARE_COMMON_EQUITY,True,
sse_main_listing_register.csv,603759.SH,A_SHARE_COMMON_EQUITY,True,
sse_main_listing_register.csv,603766.SH,A_SHARE_COMMON_EQUITY,True,
sse_main_listing_register.csv,603767.SH,A_SHARE_COMMON_EQUITY,True,
sse_main_listing_register.csv,603768.SH,A_SHARE_COMMON_EQUITY,True,
sse_main_listing_register.csv,603773.SH,A_SHARE_COMMON_EQUITY,True,
sse_main_listing_register.csv,603776.SH,A_SHARE_COMMON_EQUITY,True,
sse_main_listing_register.csv,603777.SH,A_SHARE_COMMON_EQUITY,True,
sse_main_listing_register.csv,603778.SH,A_SHARE_COMMON_EQUITY,True,
sse_main_listing_register.csv,603779.SH,A_SHARE_COMMON_EQUITY,True,
sse_main_listing_register.csv,603786.SH,A_SHARE_COMMON_EQUITY,True,
sse_main_listing_register.csv,603787.SH,A_SHARE_COMMON_EQUITY,True,
sse_main_listing_register.csv,603788.SH,A_SHARE_COMMON_EQUITY,True,
sse_main_listing_register.csv,603789.SH,A_SHARE_COMMON_EQUITY,True,
sse_main_listing_register.csv,603790.SH,A_SHARE_COMMON_EQUITY,True,
sse_main_listing_register.csv,603797.SH,A_SHARE_COMMON_EQUITY,True,
sse_main_listing_register.csv,603798.SH,A_SHARE_COMMON_EQUITY,True,
sse_main_listing_register.csv,603799.SH,A_SHARE_COMMON_EQUITY,True,
sse_main_listing_register.csv,603800.SH,A_SHARE_COMMON_EQUITY,True,
sse_main_listing_register.csv,603801.SH,A_SHARE_COMMON_EQUITY,True,
sse_main_listing_register.csv,603803.SH,A_SHARE_COMMON_EQUITY,True,
sse_main_listing_register.csv,603806.SH,A_SHARE_COMMON_EQUITY,True,
sse_main_listing_register.csv,603808.SH,A_SHARE_COMMON_EQUITY,True,
sse_main_listing_register.csv,603809.SH,A_SHARE_COMMON_EQUITY,True,
sse_main_listing_register.csv,603810.SH,A_SHARE_COMMON_EQUITY,True,
sse_main_listing_register.csv,603811.SH,A_SHARE_COMMON_EQUITY,True,
sse_main_listing_register.csv,603813.SH,A_SHARE_COMMON_EQUITY,True,
sse_main_listing_register.csv,603815.SH,A_SHARE_COMMON_EQUITY,True,
sse_main_listing_register.csv,603816.SH,A_SHARE_COMMON_EQUITY,True,
sse_main_listing_register.csv,603817.SH,A_SHARE_COMMON_EQUITY,True,
sse_main_listing_register.csv,603818.SH,A_SHARE_COMMON_EQUITY,True,
sse_main_listing_register.csv,603819.SH,A_SHARE_COMMON_EQUITY,True,
sse_main_listing_register.csv,603822.SH,A_SHARE_COMMON_EQUITY,True,
sse_main_listing_register.csv,603823.SH,A_SHARE_COMMON_EQUITY,True,
sse_main_listing_register.csv,603825.SH,A_SHARE_COMMON_EQUITY,True,
sse_main_listing_register.csv,603826.SH,A_SHARE_COMMON_EQUITY,True,
sse_main_listing_register.csv,603828.SH,A_SHARE_COMMON_EQUITY,True,
sse_main_listing_register.csv,603829.SH,A_SHARE_COMMON_EQUITY,True,
sse_main_listing_register.csv,603833.SH,A_SHARE_COMMON_EQUITY,True,
sse_main_listing_register.csv,603836.SH,A_SHARE_COMMON_EQUITY,True,
sse_main_listing_register.csv,603838.SH,A_SHARE_COMMON_EQUITY,True,
sse_main_listing_register.csv,603839.SH,A_SHARE_COMMON_EQUITY,True,
sse_main_listing_register.csv,603843.SH,A_SHARE_COMMON_EQUITY,True,
sse_main_listing_register.csv,603848.SH,A_SHARE_COMMON_EQUITY,True,
sse_main_listing_register.csv,603855.SH,A_SHARE_COMMON_EQUITY,True,
sse_main_listing_register.csv,603856.SH,A_SHARE_COMMON_EQUITY,True,
sse_main_listing_register.csv,603858.SH,A_SHARE_COMMON_EQUITY,True,
sse_main_listing_register.csv,603859.SH,A_SHARE_COMMON_EQUITY,True,
sse_main_listing_register.csv,603860.SH,A_SHARE_COMMON_EQUITY,True,
sse_main_listing_register.csv,603861.SH,A_SHARE_COMMON_EQUITY,True,
sse_main_listing_register.csv,603863.SH,A_SHARE_COMMON_EQUITY,True,
sse_main_listing_register.csv,603866.SH,A_SHARE_COMMON_EQUITY,True,
sse_main_listing_register.csv,603867.SH,A_SHARE_COMMON_EQUITY,True,
sse_main_listing_register.csv,603868.SH,A_SHARE_COMMON_EQUITY,True,
sse_main_listing_register.csv,603869.SH,A_SHARE_COMMON_EQUITY,True,
sse_main_listing_register.csv,603871.SH,A_SHARE_COMMON_EQUITY,True,
sse_main_listing_register.csv,603876.SH,A_SHARE_COMMON_EQUITY,True,
sse_main_listing_register.csv,603877.SH,A_SHARE_COMMON_EQUITY,True,
sse_main_listing_register.csv,603878.SH,A_SHARE_COMMON_EQUITY,True,
sse_main_listing_register.csv,603879.SH,A_SHARE_COMMON_EQUITY,True,
sse_main_listing_register.csv,603880.SH,A_SHARE_COMMON_EQUITY,True,
sse_main_listing_register.csv,603881.SH,A_SHARE_COMMON_EQUITY,True,
sse_main_listing_register.csv,603882.SH,A_SHARE_COMMON_EQUITY,True,
sse_main_listing_register.csv,603883.SH,A_SHARE_COMMON_EQUITY,True,
sse_main_listing_register.csv,603885.SH,A_SHARE_COMMON_EQUITY,True,
sse_main_listing_register.csv,603886.SH,A_SHARE_COMMON_EQUITY,True,
sse_main_listing_register.csv,603887.SH,A_SHARE_COMMON_EQUITY,True,
sse_main_listing_register.csv,603888.SH,A_SHARE_COMMON_EQUITY,True,
sse_main_listing_register.csv,603889.SH,A_SHARE_COMMON_EQUITY,True,
sse_main_listing_register.csv,603890.SH,A_SHARE_COMMON_EQUITY,True,
sse_main_listing_register.csv,603893.SH,A_SHARE_COMMON_EQUITY,True,
sse_main_listing_register.csv,603895.SH,A_SHARE_COMMON_EQUITY,True,
sse_main_listing_register.csv,603896.SH,A_SHARE_COMMON_EQUITY,True,
sse_main_listing_register.csv,603897.SH,A_SHARE_COMMON_EQUITY,True,
sse_main_listing_register.csv,603898.SH,A_SHARE_COMMON_EQUITY,True,
sse_main_listing_register.csv,603899.SH,A_SHARE_COMMON_EQUITY,True,
sse_main_listing_register.csv,603900.SH,A_SHARE_COMMON_EQUITY,True,
sse_main_listing_register.csv,603901.SH,A_SHARE_COMMON_EQUITY,True,
sse_main_listing_register.csv,603903.SH,A_SHARE_COMMON_EQUITY,True,
sse_main_listing_register.csv,603906.SH,A_SHARE_COMMON_EQUITY,True,
sse_main_listing_register.csv,603908.SH,A_SHARE_COMMON_EQUITY,True,
sse_main_listing_register.csv,603909.SH,A_SHARE_COMMON_EQUITY,True,
sse_main_listing_register.csv,603912.SH,A_SHARE_COMMON_EQUITY,True,
sse_main_listing_register.csv,603915.SH,A_SHARE_COMMON_EQUITY,True,
sse_main_listing_register.csv,603916.SH,A_SHARE_COMMON_EQUITY,True,
sse_main_listing_register.csv,603917.SH,A_SHARE_COMMON_EQUITY,True,
sse_main_listing_register.csv,603918.SH,A_SHARE_COMMON_EQUITY,True,
sse_main_listing_register.csv,603919.SH,A_SHARE_COMMON_EQUITY,True,
sse_main_listing_register.csv,603920.SH,A_SHARE_COMMON_EQUITY,True,
sse_main_listing_register.csv,603922.SH,A_SHARE_COMMON_EQUITY,True,
sse_main_listing_register.csv,603926.SH,A_SHARE_COMMON_EQUITY,True,
sse_main_listing_register.csv,603927.SH,A_SHARE_COMMON_EQUITY,True,
sse_main_listing_register.csv,603928.SH,A_SHARE_COMMON_EQUITY,True,
sse_main_listing_register.csv,603929.SH,A_SHARE_COMMON_EQUITY,True,
sse_main_listing_register.csv,603931.SH,A_SHARE_COMMON_EQUITY,True,
sse_main_listing_register.csv,603933.SH,A_SHARE_COMMON_EQUITY,True,
sse_main_listing_register.csv,603936.SH,A_SHARE_COMMON_EQUITY,True,
sse_main_listing_register.csv,603937.SH,A_SHARE_COMMON_EQUITY,True,
sse_main_listing_register.csv,603938.SH,A_SHARE_COMMON_EQUITY,True,
sse_main_listing_register.csv,603939.SH,A_SHARE_COMMON_EQUITY,True,
sse_main_listing_register.csv,603948.SH,A_SHARE_COMMON_EQUITY,True,
sse_main_listing_register.csv,603949.SH,A_SHARE_COMMON_EQUITY,True,
sse_main_listing_register.csv,603950.SH,A_SHARE_COMMON_EQUITY,True,
sse_main_listing_register.csv,603955.SH,A_SHARE_COMMON_EQUITY,True,
sse_main_listing_register.csv,603956.SH,A_SHARE_COMMON_EQUITY,True,
sse_main_listing_register.csv,603958.SH,A_SHARE_COMMON_EQUITY,True,
sse_main_listing_register.csv,603959.SH,A_SHARE_COMMON_EQUITY,True,
sse_main_listing_register.csv,603960.SH,A_SHARE_COMMON_EQUITY,True,
sse_main_listing_register.csv,603966.SH,A_SHARE_COMMON_EQUITY,True,
sse_main_listing_register.csv,603967.SH,A_SHARE_COMMON_EQUITY,True,
sse_main_listing_register.csv,603968.SH,A_SHARE_COMMON_EQUITY,True,
sse_main_listing_register.csv,603969.SH,A_SHARE_COMMON_EQUITY,True,
sse_main_listing_register.csv,603970.SH,A_SHARE_COMMON_EQUITY,True,
sse_main_listing_register.csv,603976.SH,A_SHARE_COMMON_EQUITY,True,
sse_main_listing_register.csv,603977.SH,A_SHARE_COMMON_EQUITY,True,
sse_main_listing_register.csv,603978.SH,A_SHARE_COMMON_EQUITY,True,
sse_main_listing_register.csv,603979.SH,A_SHARE_COMMON_EQUITY,True,
sse_main_listing_register.csv,603980.SH,A_SHARE_COMMON_EQUITY,True,
sse_main_listing_register.csv,603982.SH,A_SHARE_COMMON_EQUITY,True,
sse_main_listing_register.csv,603983.SH,A_SHARE_COMMON_EQUITY,True,
sse_main_listing_register.csv,603985.SH,A_SHARE_COMMON_EQUITY,True,
sse_main_listing_register.csv,603986.SH,A_SHARE_COMMON_EQUITY,True,
sse_main_listing_register.csv,603987.SH,A_SHARE_COMMON_EQUITY,True,
sse_main_listing_register.csv,603988.SH,A_SHARE_COMMON_EQUITY,True,
sse_main_listing_register.csv,603989.SH,A_SHARE_COMMON_EQUITY,True,
sse_main_listing_register.csv,603990.SH,A_SHARE_COMMON_EQUITY,True,
sse_main_listing_register.csv,603991.SH,A_SHARE_COMMON_EQUITY,True,
sse_main_listing_register.csv,603992.SH,A_SHARE_COMMON_EQUITY,True,
sse_main_listing_register.csv,603993.SH,A_SHARE_COMMON_EQUITY,True,
sse_main_listing_register.csv,603995.SH,A_SHARE_COMMON_EQUITY,True,
sse_main_listing_register.csv,603997.SH,A_SHARE_COMMON_EQUITY,True,
sse_main_listing_register.csv,603998.SH,A_SHARE_COMMON_EQUITY,True,
sse_main_listing_register.csv,603999.SH,A_SHARE_COMMON_EQUITY,True,
sse_main_listing_register.csv,605001.SH,A_SHARE_COMMON_EQUITY,True,
sse_main_listing_register.csv,605003.SH,A_SHARE_COMMON_EQUITY,True,
sse_main_listing_register.csv,605005.SH,A_SHARE_COMMON_EQUITY,True,
sse_main_listing_register.csv,605006.SH,A_SHARE_COMMON_EQUITY,True,
sse_main_listing_register.csv,605007.SH,A_SHARE_COMMON_EQUITY,True,
sse_main_listing_register.csv,605008.SH,A_SHARE_COMMON_EQUITY,True,
sse_main_listing_register.csv,605009.SH,A_SHARE_COMMON_EQUITY,True,
sse_main_listing_register.csv,605011.SH,A_SHARE_COMMON_EQUITY,True,
sse_main_listing_register.csv,605016.SH,A_SHARE_COMMON_EQUITY,True,
sse_main_listing_register.csv,605018.SH,A_SHARE_COMMON_EQUITY,True,
sse_main_listing_register.csv,605020.SH,A_SHARE_COMMON_EQUITY,True,
sse_main_listing_register.csv,605028.SH,A_SHARE_COMMON_EQUITY,True,
sse_main_listing_register.csv,605033.SH,A_SHARE_COMMON_EQUITY,True,
sse_main_listing_register.csv,605050.SH,A_SHARE_COMMON_EQUITY,True,
sse_main_listing_register.csv,605055.SH,A_SHARE_COMMON_EQUITY,True,
sse_main_listing_register.csv,605056.SH,A_SHARE_COMMON_EQUITY,True,
sse_main_listing_register.csv,605058.SH,A_SHARE_COMMON_EQUITY,True,
sse_main_listing_register.csv,605060.SH,A_SHARE_COMMON_EQUITY,True,
sse_main_listing_register.csv,605066.SH,A_SHARE_COMMON_EQUITY,True,
sse_main_listing_register.csv,605068.SH,A_SHARE_COMMON_EQUITY,True,
sse_main_listing_register.csv,605069.SH,A_SHARE_COMMON_EQUITY,True,
sse_main_listing_register.csv,605077.SH,A_SHARE_COMMON_EQUITY,True,
sse_main_listing_register.csv,605080.SH,A_SHARE_COMMON_EQUITY,True,
sse_main_listing_register.csv,605086.SH,A_SHARE_COMMON_EQUITY,True,
sse_main_listing_register.csv,605088.SH,A_SHARE_COMMON_EQUITY,True,
sse_main_listing_register.csv,605089.SH,A_SHARE_COMMON_EQUITY,True,
sse_main_listing_register.csv,605090.SH,A_SHARE_COMMON_EQUITY,True,
sse_main_listing_register.csv,605098.SH,A_SHARE_COMMON_EQUITY,True,
sse_main_listing_register.csv,605099.SH,A_SHARE_COMMON_EQUITY,True,
sse_main_listing_register.csv,605100.SH,A_SHARE_COMMON_EQUITY,True,
sse_main_listing_register.csv,605108.SH,A_SHARE_COMMON_EQUITY,True,
sse_main_listing_register.csv,605111.SH,A_SHARE_COMMON_EQUITY,True,
sse_main_listing_register.csv,605116.SH,A_SHARE_COMMON_EQUITY,True,
sse_main_listing_register.csv,605117.SH,A_SHARE_COMMON_EQUITY,True,
sse_main_listing_register.csv,605118.SH,A_SHARE_COMMON_EQUITY,True,
sse_main_listing_register.csv,605122.SH,A_SHARE_COMMON_EQUITY,True,
sse_main_listing_register.csv,605123.SH,A_SHARE_COMMON_EQUITY,True,
sse_main_listing_register.csv,605128.SH,A_SHARE_COMMON_EQUITY,True,
sse_main_listing_register.csv,605133.SH,A_SHARE_COMMON_EQUITY,True,
sse_main_listing_register.csv,605136.SH,A_SHARE_COMMON_EQUITY,True,
sse_main_listing_register.csv,605138.SH,A_SHARE_COMMON_EQUITY,True,
sse_main_listing_register.csv,605151.SH,A_SHARE_COMMON_EQUITY,True,
sse_main_listing_register.csv,605155.SH,A_SHARE_COMMON_EQUITY,True,
sse_main_listing_register.csv,605158.SH,A_SHARE_COMMON_EQUITY,True,
sse_main_listing_register.csv,605162.SH,A_SHARE_COMMON_EQUITY,True,
sse_main_listing_register.csv,605166.SH,A_SHARE_COMMON_EQUITY,True,
sse_main_listing_register.csv,605167.SH,A_SHARE_COMMON_EQUITY,True,
sse_main_listing_register.csv,605168.SH,A_SHARE_COMMON_EQUITY,True,
sse_main_listing_register.csv,605169.SH,A_SHARE_COMMON_EQUITY,True,
sse_main_listing_register.csv,605177.SH,A_SHARE_COMMON_EQUITY,True,
sse_main_listing_register.csv,605178.SH,A_SHARE_COMMON_EQUITY,True,
sse_main_listing_register.csv,605179.SH,A_SHARE_COMMON_EQUITY,True,
sse_main_listing_register.csv,605180.SH,A_SHARE_COMMON_EQUITY,True,
sse_main_listing_register.csv,605183.SH,A_SHARE_COMMON_EQUITY,True,
sse_main_listing_register.csv,605186.SH,A_SHARE_COMMON_EQUITY,True,
sse_main_listing_register.csv,605188.SH,A_SHARE_COMMON_EQUITY,True,
sse_main_listing_register.csv,605189.SH,A_SHARE_COMMON_EQUITY,True,
sse_main_listing_register.csv,605196.SH,A_SHARE_COMMON_EQUITY,True,
sse_main_listing_register.csv,605198.SH,A_SHARE_COMMON_EQUITY,True,
sse_main_listing_register.csv,605199.SH,A_SHARE_COMMON_EQUITY,True,
sse_main_listing_register.csv,605208.SH,A_SHARE_COMMON_EQUITY,True,
sse_main_listing_register.csv,605218.SH,A_SHARE_COMMON_EQUITY,True,
sse_main_listing_register.csv,605222.SH,A_SHARE_COMMON_EQUITY,True,
sse_main_listing_register.csv,605228.SH,A_SHARE_COMMON_EQUITY,True,
sse_main_listing_register.csv,605255.SH,A_SHARE_COMMON_EQUITY,True,
sse_main_listing_register.csv,605258.SH,A_SHARE_COMMON_EQUITY,True,
sse_main_listing_register.csv,605259.SH,A_SHARE_COMMON_EQUITY,True,
sse_main_listing_register.csv,605266.SH,A_SHARE_COMMON_EQUITY,True,
sse_main_listing_register.csv,605268.SH,A_SHARE_COMMON_EQUITY,True,
sse_main_listing_register.csv,605277.SH,A_SHARE_COMMON_EQUITY,True,
sse_main_listing_register.csv,605286.SH,A_SHARE_COMMON_EQUITY,True,
sse_main_listing_register.csv,605287.SH,A_SHARE_COMMON_EQUITY,True,
sse_main_listing_register.csv,605288.SH,A_SHARE_COMMON_EQUITY,True,
sse_main_listing_register.csv,605289.SH,A_SHARE_COMMON_EQUITY,True,
sse_main_listing_register.csv,605296.SH,A_SHARE_COMMON_EQUITY,True,
sse_main_listing_register.csv,605298.SH,A_SHARE_COMMON_EQUITY,True,
sse_main_listing_register.csv,605299.SH,A_SHARE_COMMON_EQUITY,True,
sse_main_listing_register.csv,605300.SH,A_SHARE_COMMON_EQUITY,True,
sse_main_listing_register.csv,605303.SH,A_SHARE_COMMON_EQUITY,True,
sse_main_listing_register.csv,605305.SH,A_SHARE_COMMON_EQUITY,True,
sse_main_listing_register.csv,605318.SH,A_SHARE_COMMON_EQUITY,True,
sse_main_listing_register.csv,605319.SH,A_SHARE_COMMON_EQUITY,True,
sse_main_listing_register.csv,605333.SH,A_SHARE_COMMON_EQUITY,True,
sse_main_listing_register.csv,605336.SH,A_SHARE_COMMON_EQUITY,True,
sse_main_listing_register.csv,605337.SH,A_SHARE_COMMON_EQUITY,True,
sse_main_listing_register.csv,605338.SH,A_SHARE_COMMON_EQUITY,True,
sse_main_listing_register.csv,605339.SH,A_SHARE_COMMON_EQUITY,True,
sse_main_listing_register.csv,605358.SH,A_SHARE_COMMON_EQUITY,True,
sse_main_listing_register.csv,605365.SH,A_SHARE_COMMON_EQUITY,True,
sse_main_listing_register.csv,605366.SH,A_SHARE_COMMON_EQUITY,True,
sse_main_listing_register.csv,605368.SH,A_SHARE_COMMON_EQUITY,True,
sse_main_listing_register.csv,605369.SH,A_SHARE_COMMON_EQUITY,True,
sse_main_listing_register.csv,605376.SH,A_SHARE_COMMON_EQUITY,True,
sse_main_listing_register.csv,605377.SH,A_SHARE_COMMON_EQUITY,True,
sse_main_listing_register.csv,605378.SH,A_SHARE_COMMON_EQUITY,True,
sse_main_listing_register.csv,605388.SH,A_SHARE_COMMON_EQUITY,True,
sse_main_listing_register.csv,605389.SH,A_SHARE_COMMON_EQUITY,True,
sse_main_listing_register.csv,605398.SH,A_SHARE_COMMON_EQUITY,True,
sse_main_listing_register.csv,605399.SH,A_SHARE_COMMON_EQUITY,True,
sse_main_listing_register.csv,605488.SH,A_SHARE_COMMON_EQUITY,True,
sse_main_listing_register.csv,605499.SH,A_SHARE_COMMON_EQUITY,True,
sse_main_listing_register.csv,605500.SH,A_SHARE_COMMON_EQUITY,True,
sse_main_listing_register.csv,605507.SH,A_SHARE_COMMON_EQUITY,True,
sse_main_listing_register.csv,605555.SH,A_SHARE_COMMON_EQUITY,True,
sse_main_listing_register.csv,605566.SH,A_SHARE_COMMON_EQUITY,True,
sse_main_listing_register.csv,605567.SH,A_SHARE_COMMON_EQUITY,True,
sse_main_listing_register.csv,605577.SH,A_SHARE_COMMON_EQUITY,True,
sse_main_listing_register.csv,605580.SH,A_SHARE_COMMON_EQUITY,True,
sse_main_listing_register.csv,605588.SH,A_SHARE_COMMON_EQUITY,True,
sse_main_listing_register.csv,605589.SH,A_SHARE_COMMON_EQUITY,True,
sse_main_listing_register.csv,605598.SH,A_SHARE_COMMON_EQUITY,True,
sse_main_listing_register.csv,605599.SH,A_SHARE_COMMON_EQUITY,True,
star_listing_register.csv,688001.SH,A_SHARE_COMMON_EQUITY,True,
star_listing_register.csv,688002.SH,A_SHARE_COMMON_EQUITY,True,
star_listing_register.csv,688003.SH,A_SHARE_COMMON_EQUITY,True,
star_listing_register.csv,688004.SH,A_SHARE_COMMON_EQUITY,True,
star_listing_register.csv,688005.SH,A_SHARE_COMMON_EQUITY,True,
star_listing_register.csv,688006.SH,A_SHARE_COMMON_EQUITY,True,
star_listing_register.csv,688007.SH,A_SHARE_COMMON_EQUITY,True,
star_listing_register.csv,688008.SH,A_SHARE_COMMON_EQUITY,True,
star_listing_register.csv,688009.SH,A_SHARE_COMMON_EQUITY,True,
star_listing_register.csv,688010.SH,A_SHARE_COMMON_EQUITY,True,
star_listing_register.csv,688011.SH,A_SHARE_COMMON_EQUITY,True,
star_listing_register.csv,688012.SH,A_SHARE_COMMON_EQUITY,True,
star_listing_register.csv,688013.SH,A_SHARE_COMMON_EQUITY,True,
star_listing_register.csv,688015.SH,A_SHARE_COMMON_EQUITY,True,
star_listing_register.csv,688016.SH,A_SHARE_COMMON_EQUITY,True,
star_listing_register.csv,688017.SH,A_SHARE_COMMON_EQUITY,True,
star_listing_register.csv,688018.SH,A_SHARE_COMMON_EQUITY,True,
star_listing_register.csv,688019.SH,A_SHARE_COMMON_EQUITY,True,
star_listing_register.csv,688020.SH,A_SHARE_COMMON_EQUITY,True,
star_listing_register.csv,688021.SH,A_SHARE_COMMON_EQUITY,True,
star_listing_register.csv,688022.SH,A_SHARE_COMMON_EQUITY,True,
star_listing_register.csv,688023.SH,A_SHARE_COMMON_EQUITY,True,
star_listing_register.csv,688025.SH,A_SHARE_COMMON_EQUITY,True,
star_listing_register.csv,688026.SH,A_SHARE_COMMON_EQUITY,True,
star_listing_register.csv,688027.SH,A_SHARE_COMMON_EQUITY,True,
star_listing_register.csv,688028.SH,A_SHARE_COMMON_EQUITY,True,
star_listing_register.csv,688029.SH,A_SHARE_COMMON_EQUITY,True,
star_listing_register.csv,688030.SH,A_SHARE_COMMON_EQUITY,True,
star_listing_register.csv,688031.SH,A_SHARE_COMMON_EQUITY,True,
star_listing_register.csv,688032.SH,A_SHARE_COMMON_EQUITY,True,
star_listing_register.csv,688033.SH,A_SHARE_COMMON_EQUITY,True,
star_listing_register.csv,688035.SH,A_SHARE_COMMON_EQUITY,True,
star_listing_register.csv,688036.SH,A_SHARE_COMMON_EQUITY,True,
star_listing_register.csv,688037.SH,A_SHARE_COMMON_EQUITY,True,
star_listing_register.csv,688038.SH,A_SHARE_COMMON_EQUITY,True,
star_listing_register.csv,688039.SH,A_SHARE_COMMON_EQUITY,True,
star_listing_register.csv,688041.SH,A_SHARE_COMMON_EQUITY,True,
star_listing_register.csv,688045.SH,A_SHARE_COMMON_EQUITY,True,
star_listing_register.csv,688046.SH,A_SHARE_COMMON_EQUITY,True,
star_listing_register.csv,688047.SH,A_SHARE_COMMON_EQUITY,True,
star_listing_register.csv,688048.SH,A_SHARE_COMMON_EQUITY,True,
star_listing_register.csv,688049.SH,A_SHARE_COMMON_EQUITY,True,
star_listing_register.csv,688050.SH,A_SHARE_COMMON_EQUITY,True,
star_listing_register.csv,688051.SH,A_SHARE_COMMON_EQUITY,True,
star_listing_register.csv,688052.SH,A_SHARE_COMMON_EQUITY,True,
star_listing_register.csv,688053.SH,A_SHARE_COMMON_EQUITY,True,
star_listing_register.csv,688055.SH,A_SHARE_COMMON_EQUITY,True,
star_listing_register.csv,688056.SH,A_SHARE_COMMON_EQUITY,True,
star_listing_register.csv,688057.SH,A_SHARE_COMMON_EQUITY,True,
star_listing_register.csv,688058.SH,A_SHARE_COMMON_EQUITY,True,
star_listing_register.csv,688059.SH,A_SHARE_COMMON_EQUITY,True,
star_listing_register.csv,688060.SH,A_SHARE_COMMON_EQUITY,True,
star_listing_register.csv,688061.SH,A_SHARE_COMMON_EQUITY,True,
star_listing_register.csv,688062.SH,A_SHARE_COMMON_EQUITY,True,
star_listing_register.csv,688063.SH,A_SHARE_COMMON_EQUITY,True,
star_listing_register.csv,688065.SH,A_SHARE_COMMON_EQUITY,True,
star_listing_register.csv,688066.SH,A_SHARE_COMMON_EQUITY,True,
star_listing_register.csv,688067.SH,A_SHARE_COMMON_EQUITY,True,
star_listing_register.csv,688068.SH,A_SHARE_COMMON_EQUITY,True,
star_listing_register.csv,688069.SH,A_SHARE_COMMON_EQUITY,True,
star_listing_register.csv,688070.SH,A_SHARE_COMMON_EQUITY,True,
star_listing_register.csv,688071.SH,A_SHARE_COMMON_EQUITY,True,
star_listing_register.csv,688072.SH,A_SHARE_COMMON_EQUITY,True,
star_listing_register.csv,688073.SH,A_SHARE_COMMON_EQUITY,True,
star_listing_register.csv,688075.SH,A_SHARE_COMMON_EQUITY,True,
star_listing_register.csv,688076.SH,A_SHARE_COMMON_EQUITY,True,
star_listing_register.csv,688077.SH,A_SHARE_COMMON_EQUITY,True,
star_listing_register.csv,688078.SH,A_SHARE_COMMON_EQUITY,True,
star_listing_register.csv,688079.SH,A_SHARE_COMMON_EQUITY,True,
star_listing_register.csv,688080.SH,A_SHARE_COMMON_EQUITY,True,
star_listing_register.csv,688081.SH,A_SHARE_COMMON_EQUITY,True,
star_listing_register.csv,688082.SH,A_SHARE_COMMON_EQUITY,True,
star_listing_register.csv,688083.SH,A_SHARE_COMMON_EQUITY,True,
star_listing_register.csv,688084.SH,A_SHARE_COMMON_EQUITY,True,
star_listing_register.csv,688085.SH,A_SHARE_COMMON_EQUITY,True,
star_listing_register.csv,688087.SH,A_SHARE_COMMON_EQUITY,True,
star_listing_register.csv,688088.SH,A_SHARE_COMMON_EQUITY,True,
star_listing_register.csv,688089.SH,A_SHARE_COMMON_EQUITY,True,
star_listing_register.csv,688090.SH,A_SHARE_COMMON_EQUITY,True,
star_listing_register.csv,688091.SH,A_SHARE_COMMON_EQUITY,True,
star_listing_register.csv,688092.SH,A_SHARE_COMMON_EQUITY,True,
star_listing_register.csv,688093.SH,A_SHARE_COMMON_EQUITY,True,
star_listing_register.csv,688095.SH,A_SHARE_COMMON_EQUITY,True,
star_listing_register.csv,688096.SH,A_SHARE_COMMON_EQUITY,True,
star_listing_register.csv,688097.SH,A_SHARE_COMMON_EQUITY,True,
star_listing_register.csv,688098.SH,A_SHARE_COMMON_EQUITY,True,
star_listing_register.csv,688099.SH,A_SHARE_COMMON_EQUITY,True,
star_listing_register.csv,688100.SH,A_SHARE_COMMON_EQUITY,True,
star_listing_register.csv,688101.SH,A_SHARE_COMMON_EQUITY,True,
star_listing_register.csv,688102.SH,A_SHARE_COMMON_EQUITY,True,
star_listing_register.csv,688103.SH,A_SHARE_COMMON_EQUITY,True,
star_listing_register.csv,688105.SH,A_SHARE_COMMON_EQUITY,True,
star_listing_register.csv,688106.SH,A_SHARE_COMMON_EQUITY,True,
star_listing_register.csv,688107.SH,A_SHARE_COMMON_EQUITY,True,
star_listing_register.csv,688108.SH,A_SHARE_COMMON_EQUITY,True,
star_listing_register.csv,688109.SH,A_SHARE_COMMON_EQUITY,True,
star_listing_register.csv,688110.SH,A_SHARE_COMMON_EQUITY,True,
star_listing_register.csv,688111.SH,A_SHARE_COMMON_EQUITY,True,
star_listing_register.csv,688112.SH,A_SHARE_COMMON_EQUITY,True,
star_listing_register.csv,688113.SH,A_SHARE_COMMON_EQUITY,True,
star_listing_register.csv,688114.SH,A_SHARE_COMMON_EQUITY,True,
star_listing_register.csv,688115.SH,A_SHARE_COMMON_EQUITY,True,
star_listing_register.csv,688116.SH,A_SHARE_COMMON_EQUITY,True,
star_listing_register.csv,688117.SH,A_SHARE_COMMON_EQUITY,True,
star_listing_register.csv,688118.SH,A_SHARE_COMMON_EQUITY,True,
star_listing_register.csv,688119.SH,A_SHARE_COMMON_EQUITY,True,
star_listing_register.csv,688120.SH,A_SHARE_COMMON_EQUITY,True,
star_listing_register.csv,688121.SH,A_SHARE_COMMON_EQUITY,True,
star_listing_register.csv,688122.SH,A_SHARE_COMMON_EQUITY,True,
star_listing_register.csv,688123.SH,A_SHARE_COMMON_EQUITY,True,
star_listing_register.csv,688125.SH,A_SHARE_COMMON_EQUITY,True,
star_listing_register.csv,688126.SH,A_SHARE_COMMON_EQUITY,True,
star_listing_register.csv,688127.SH,A_SHARE_COMMON_EQUITY,True,
star_listing_register.csv,688128.SH,A_SHARE_COMMON_EQUITY,True,
star_listing_register.csv,688129.SH,A_SHARE_COMMON_EQUITY,True,
star_listing_register.csv,688130.SH,A_SHARE_COMMON_EQUITY,True,
star_listing_register.csv,688131.SH,A_SHARE_COMMON_EQUITY,True,
star_listing_register.csv,688132.SH,A_SHARE_COMMON_EQUITY,True,
star_listing_register.csv,688133.SH,A_SHARE_COMMON_EQUITY,True,
star_listing_register.csv,688135.SH,A_SHARE_COMMON_EQUITY,True,
star_listing_register.csv,688136.SH,A_SHARE_COMMON_EQUITY,True,
star_listing_register.csv,688137.SH,A_SHARE_COMMON_EQUITY,True,
star_listing_register.csv,688138.SH,A_SHARE_COMMON_EQUITY,True,
star_listing_register.csv,688139.SH,A_SHARE_COMMON_EQUITY,True,
star_listing_register.csv,688141.SH,A_SHARE_COMMON_EQUITY,True,
star_listing_register.csv,688143.SH,A_SHARE_COMMON_EQUITY,True,
star_listing_register.csv,688146.SH,A_SHARE_COMMON_EQUITY,True,
star_listing_register.csv,688147.SH,A_SHARE_COMMON_EQUITY,True,
star_listing_register.csv,688148.SH,A_SHARE_COMMON_EQUITY,True,
star_listing_register.csv,688150.SH,A_SHARE_COMMON_EQUITY,True,
star_listing_register.csv,688151.SH,A_SHARE_COMMON_EQUITY,True,
star_listing_register.csv,688152.SH,A_SHARE_COMMON_EQUITY,True,
star_listing_register.csv,688153.SH,A_SHARE_COMMON_EQUITY,True,
star_listing_register.csv,688155.SH,A_SHARE_COMMON_EQUITY,True,
star_listing_register.csv,688156.SH,A_SHARE_COMMON_EQUITY,True,
star_listing_register.csv,688157.SH,A_SHARE_COMMON_EQUITY,True,
star_listing_register.csv,688158.SH,A_SHARE_COMMON_EQUITY,True,
star_listing_register.csv,688159.SH,A_SHARE_COMMON_EQUITY,True,
star_listing_register.csv,688160.SH,A_SHARE_COMMON_EQUITY,True,
star_listing_register.csv,688161.SH,A_SHARE_COMMON_EQUITY,True,
star_listing_register.csv,688162.SH,A_SHARE_COMMON_EQUITY,True,
star_listing_register.csv,688163.SH,A_SHARE_COMMON_EQUITY,True,
star_listing_register.csv,688165.SH,A_SHARE_COMMON_EQUITY,True,
star_listing_register.csv,688166.SH,A_SHARE_COMMON_EQUITY,True,
star_listing_register.csv,688167.SH,A_SHARE_COMMON_EQUITY,True,
star_listing_register.csv,688168.SH,A_SHARE_COMMON_EQUITY,True,
star_listing_register.csv,688169.SH,A_SHARE_COMMON_EQUITY,True,
star_listing_register.csv,688170.SH,A_SHARE_COMMON_EQUITY,True,
star_listing_register.csv,688171.SH,A_SHARE_COMMON_EQUITY,True,
star_listing_register.csv,688172.SH,A_SHARE_COMMON_EQUITY,True,
star_listing_register.csv,688173.SH,A_SHARE_COMMON_EQUITY,True,
star_listing_register.csv,688175.SH,A_SHARE_COMMON_EQUITY,True,
star_listing_register.csv,688176.SH,A_SHARE_COMMON_EQUITY,True,
star_listing_register.csv,688177.SH,A_SHARE_COMMON_EQUITY,True,
star_listing_register.csv,688178.SH,A_SHARE_COMMON_EQUITY,True,
star_listing_register.csv,688179.SH,A_SHARE_COMMON_EQUITY,True,
star_listing_register.csv,688180.SH,A_SHARE_COMMON_EQUITY,True,
star_listing_register.csv,688181.SH,A_SHARE_COMMON_EQUITY,True,
star_listing_register.csv,688182.SH,A_SHARE_COMMON_EQUITY,True,
star_listing_register.csv,688183.SH,A_SHARE_COMMON_EQUITY,True,
star_listing_register.csv,688184.SH,A_SHARE_COMMON_EQUITY,True,
star_listing_register.csv,688185.SH,A_SHARE_COMMON_EQUITY,True,
star_listing_register.csv,688186.SH,A_SHARE_COMMON_EQUITY,True,
star_listing_register.csv,688187.SH,A_SHARE_COMMON_EQUITY,True,
star_listing_register.csv,688188.SH,A_SHARE_COMMON_EQUITY,True,
star_listing_register.csv,688189.SH,A_SHARE_COMMON_EQUITY,True,
star_listing_register.csv,688190.SH,A_SHARE_COMMON_EQUITY,True,
star_listing_register.csv,688191.SH,A_SHARE_COMMON_EQUITY,True,
star_listing_register.csv,688192.SH,A_SHARE_COMMON_EQUITY,True,
star_listing_register.csv,688193.SH,A_SHARE_COMMON_EQUITY,True,
star_listing_register.csv,688195.SH,A_SHARE_COMMON_EQUITY,True,
star_listing_register.csv,688196.SH,A_SHARE_COMMON_EQUITY,True,
star_listing_register.csv,688197.SH,A_SHARE_COMMON_EQUITY,True,
star_listing_register.csv,688198.SH,A_SHARE_COMMON_EQUITY,True,
star_listing_register.csv,688199.SH,A_SHARE_COMMON_EQUITY,True,
star_listing_register.csv,688200.SH,A_SHARE_COMMON_EQUITY,True,
star_listing_register.csv,688201.SH,A_SHARE_COMMON_EQUITY,True,
star_listing_register.csv,688202.SH,A_SHARE_COMMON_EQUITY,True,
star_listing_register.csv,688203.SH,A_SHARE_COMMON_EQUITY,True,
star_listing_register.csv,688205.SH,A_SHARE_COMMON_EQUITY,True,
star_listing_register.csv,688206.SH,A_SHARE_COMMON_EQUITY,True,
star_listing_register.csv,688207.SH,A_SHARE_COMMON_EQUITY,True,
star_listing_register.csv,688208.SH,A_SHARE_COMMON_EQUITY,True,
star_listing_register.csv,688209.SH,A_SHARE_COMMON_EQUITY,True,
star_listing_register.csv,688210.SH,A_SHARE_COMMON_EQUITY,True,
star_listing_register.csv,688211.SH,A_SHARE_COMMON_EQUITY,True,
star_listing_register.csv,688212.SH,A_SHARE_COMMON_EQUITY,True,
star_listing_register.csv,688213.SH,A_SHARE_COMMON_EQUITY,True,
star_listing_register.csv,688215.SH,A_SHARE_COMMON_EQUITY,True,
star_listing_register.csv,688216.SH,A_SHARE_COMMON_EQUITY,True,
star_listing_register.csv,688217.SH,A_SHARE_COMMON_EQUITY,True,
star_listing_register.csv,688218.SH,A_SHARE_COMMON_EQUITY,True,
star_listing_register.csv,688219.SH,A_SHARE_COMMON_EQUITY,True,
star_listing_register.csv,688220.SH,A_SHARE_COMMON_EQUITY,True,
star_listing_register.csv,688221.SH,A_SHARE_COMMON_EQUITY,True,
star_listing_register.csv,688222.SH,A_SHARE_COMMON_EQUITY,True,
star_listing_register.csv,688223.SH,A_SHARE_COMMON_EQUITY,True,
star_listing_register.csv,688225.SH,A_SHARE_COMMON_EQUITY,True,
star_listing_register.csv,688226.SH,A_SHARE_COMMON_EQUITY,True,
star_listing_register.csv,688227.SH,A_SHARE_COMMON_EQUITY,True,
star_listing_register.csv,688228.SH,A_SHARE_COMMON_EQUITY,True,
star_listing_register.csv,688229.SH,A_SHARE_COMMON_EQUITY,True,
star_listing_register.csv,688230.SH,A_SHARE_COMMON_EQUITY,True,
star_listing_register.csv,688231.SH,A_SHARE_COMMON_EQUITY,True,
star_listing_register.csv,688232.SH,A_SHARE_COMMON_EQUITY,True,
star_listing_register.csv,688233.SH,A_SHARE_COMMON_EQUITY,True,
star_listing_register.csv,688234.SH,A_SHARE_COMMON_EQUITY,True,
star_listing_register.csv,688235.SH,A_SHARE_COMMON_EQUITY,True,
star_listing_register.csv,688236.SH,A_SHARE_COMMON_EQUITY,True,
star_listing_register.csv,688237.SH,A_SHARE_COMMON_EQUITY,True,
star_listing_register.csv,688238.SH,A_SHARE_COMMON_EQUITY,True,
star_listing_register.csv,688239.SH,A_SHARE_COMMON_EQUITY,True,
star_listing_register.csv,688244.SH,A_SHARE_COMMON_EQUITY,True,
star_listing_register.csv,688246.SH,A_SHARE_COMMON_EQUITY,True,
star_listing_register.csv,688247.SH,A_SHARE_COMMON_EQUITY,True,
star_listing_register.csv,688248.SH,A_SHARE_COMMON_EQUITY,True,
star_listing_register.csv,688249.SH,A_SHARE_COMMON_EQUITY,True,
star_listing_register.csv,688251.SH,A_SHARE_COMMON_EQUITY,True,
star_listing_register.csv,688252.SH,A_SHARE_COMMON_EQUITY,True,
star_listing_register.csv,688253.SH,A_SHARE_COMMON_EQUITY,True,
star_listing_register.csv,688255.SH,A_SHARE_COMMON_EQUITY,True,
star_listing_register.csv,688256.SH,A_SHARE_COMMON_EQUITY,True,
star_listing_register.csv,688257.SH,A_SHARE_COMMON_EQUITY,True,
star_listing_register.csv,688258.SH,A_SHARE_COMMON_EQUITY,True,
star_listing_register.csv,688259.SH,A_SHARE_COMMON_EQUITY,True,
star_listing_register.csv,688260.SH,A_SHARE_COMMON_EQUITY,True,
star_listing_register.csv,688261.SH,A_SHARE_COMMON_EQUITY,True,
star_listing_register.csv,688262.SH,A_SHARE_COMMON_EQUITY,True,
star_listing_register.csv,688265.SH,A_SHARE_COMMON_EQUITY,True,
star_listing_register.csv,688266.SH,A_SHARE_COMMON_EQUITY,True,
star_listing_register.csv,688267.SH,A_SHARE_COMMON_EQUITY,True,
star_listing_register.csv,688268.SH,A_SHARE_COMMON_EQUITY,True,
star_listing_register.csv,688269.SH,A_SHARE_COMMON_EQUITY,True,
star_listing_register.csv,688270.SH,A_SHARE_COMMON_EQUITY,True,
star_listing_register.csv,688271.SH,A_SHARE_COMMON_EQUITY,True,
star_listing_register.csv,688272.SH,A_SHARE_COMMON_EQUITY,True,
star_listing_register.csv,688273.SH,A_SHARE_COMMON_EQUITY,True,
star_listing_register.csv,688275.SH,A_SHARE_COMMON_EQUITY,True,
star_listing_register.csv,688276.SH,A_SHARE_COMMON_EQUITY,True,
star_listing_register.csv,688277.SH,A_SHARE_COMMON_EQUITY,True,
star_listing_register.csv,688278.SH,A_SHARE_COMMON_EQUITY,True,
star_listing_register.csv,688279.SH,A_SHARE_COMMON_EQUITY,True,
star_listing_register.csv,688280.SH,A_SHARE_COMMON_EQUITY,True,
star_listing_register.csv,688281.SH,A_SHARE_COMMON_EQUITY,True,
star_listing_register.csv,688282.SH,A_SHARE_COMMON_EQUITY,True,
star_listing_register.csv,688283.SH,A_SHARE_COMMON_EQUITY,True,
star_listing_register.csv,688285.SH,A_SHARE_COMMON_EQUITY,True,
star_listing_register.csv,688286.SH,A_SHARE_COMMON_EQUITY,True,
star_listing_register.csv,688288.SH,A_SHARE_COMMON_EQUITY,True,
star_listing_register.csv,688289.SH,A_SHARE_COMMON_EQUITY,True,
star_listing_register.csv,688290.SH,A_SHARE_COMMON_EQUITY,True,
star_listing_register.csv,688291.SH,A_SHARE_COMMON_EQUITY,True,
star_listing_register.csv,688292.SH,A_SHARE_COMMON_EQUITY,True,
star_listing_register.csv,688293.SH,A_SHARE_COMMON_EQUITY,True,
star_listing_register.csv,688295.SH,A_SHARE_COMMON_EQUITY,True,
star_listing_register.csv,688296.SH,A_SHARE_COMMON_EQUITY,True,
star_listing_register.csv,688297.SH,A_SHARE_COMMON_EQUITY,True,
star_listing_register.csv,688298.SH,A_SHARE_COMMON_EQUITY,True,
star_listing_register.csv,688299.SH,A_SHARE_COMMON_EQUITY,True,
star_listing_register.csv,688300.SH,A_SHARE_COMMON_EQUITY,True,
star_listing_register.csv,688301.SH,A_SHARE_COMMON_EQUITY,True,
star_listing_register.csv,688302.SH,A_SHARE_COMMON_EQUITY,True,
star_listing_register.csv,688303.SH,A_SHARE_COMMON_EQUITY,True,
star_listing_register.csv,688305.SH,A_SHARE_COMMON_EQUITY,True,
star_listing_register.csv,688306.SH,A_SHARE_COMMON_EQUITY,True,
star_listing_register.csv,688307.SH,A_SHARE_COMMON_EQUITY,True,
star_listing_register.csv,688308.SH,A_SHARE_COMMON_EQUITY,True,
star_listing_register.csv,688309.SH,A_SHARE_COMMON_EQUITY,True,
star_listing_register.csv,688310.SH,A_SHARE_COMMON_EQUITY,True,
star_listing_register.csv,688311.SH,A_SHARE_COMMON_EQUITY,True,
star_listing_register.csv,688312.SH,A_SHARE_COMMON_EQUITY,True,
star_listing_register.csv,688313.SH,A_SHARE_COMMON_EQUITY,True,
star_listing_register.csv,688314.SH,A_SHARE_COMMON_EQUITY,True,
star_listing_register.csv,688315.SH,A_SHARE_COMMON_EQUITY,True,
star_listing_register.csv,688316.SH,A_SHARE_COMMON_EQUITY,True,
star_listing_register.csv,688317.SH,A_SHARE_COMMON_EQUITY,True,
star_listing_register.csv,688318.SH,A_SHARE_COMMON_EQUITY,True,
star_listing_register.csv,688319.SH,A_SHARE_COMMON_EQUITY,True,
star_listing_register.csv,688320.SH,A_SHARE_COMMON_EQUITY,True,
star_listing_register.csv,688321.SH,A_SHARE_COMMON_EQUITY,True,
star_listing_register.csv,688322.SH,A_SHARE_COMMON_EQUITY,True,
star_listing_register.csv,688323.SH,A_SHARE_COMMON_EQUITY,True,
star_listing_register.csv,688325.SH,A_SHARE_COMMON_EQUITY,True,
star_listing_register.csv,688326.SH,A_SHARE_COMMON_EQUITY,True,
star_listing_register.csv,688327.SH,A_SHARE_COMMON_EQUITY,True,
star_listing_register.csv,688328.SH,A_SHARE_COMMON_EQUITY,True,
star_listing_register.csv,688329.SH,A_SHARE_COMMON_EQUITY,True,
star_listing_register.csv,688330.SH,A_SHARE_COMMON_EQUITY,True,
star_listing_register.csv,688331.SH,A_SHARE_COMMON_EQUITY,True,
star_listing_register.csv,688332.SH,A_SHARE_COMMON_EQUITY,True,
star_listing_register.csv,688333.SH,A_SHARE_COMMON_EQUITY,True,
star_listing_register.csv,688334.SH,A_SHARE_COMMON_EQUITY,True,
star_listing_register.csv,688335.SH,A_SHARE_COMMON_EQUITY,True,
star_listing_register.csv,688336.SH,A_SHARE_COMMON_EQUITY,True,
star_listing_register.csv,688337.SH,A_SHARE_COMMON_EQUITY,True,
star_listing_register.csv,688338.SH,A_SHARE_COMMON_EQUITY,True,
star_listing_register.csv,688339.SH,A_SHARE_COMMON_EQUITY,True,
star_listing_register.csv,688343.SH,A_SHARE_COMMON_EQUITY,True,
star_listing_register.csv,688345.SH,A_SHARE_COMMON_EQUITY,True,
star_listing_register.csv,688347.SH,A_SHARE_COMMON_EQUITY,True,
star_listing_register.csv,688348.SH,A_SHARE_COMMON_EQUITY,True,
star_listing_register.csv,688349.SH,A_SHARE_COMMON_EQUITY,True,
star_listing_register.csv,688350.SH,A_SHARE_COMMON_EQUITY,True,
star_listing_register.csv,688351.SH,A_SHARE_COMMON_EQUITY,True,
star_listing_register.csv,688352.SH,A_SHARE_COMMON_EQUITY,True,
star_listing_register.csv,688353.SH,A_SHARE_COMMON_EQUITY,True,
star_listing_register.csv,688355.SH,A_SHARE_COMMON_EQUITY,True,
star_listing_register.csv,688356.SH,A_SHARE_COMMON_EQUITY,True,
star_listing_register.csv,688357.SH,A_SHARE_COMMON_EQUITY,True,
star_listing_register.csv,688358.SH,A_SHARE_COMMON_EQUITY,True,
star_listing_register.csv,688359.SH,A_SHARE_COMMON_EQUITY,True,
star_listing_register.csv,688360.SH,A_SHARE_COMMON_EQUITY,True,
star_listing_register.csv,688361.SH,A_SHARE_COMMON_EQUITY,True,
star_listing_register.csv,688362.SH,A_SHARE_COMMON_EQUITY,True,
star_listing_register.csv,688363.SH,A_SHARE_COMMON_EQUITY,True,
star_listing_register.csv,688365.SH,A_SHARE_COMMON_EQUITY,True,
star_listing_register.csv,688366.SH,A_SHARE_COMMON_EQUITY,True,
star_listing_register.csv,688367.SH,A_SHARE_COMMON_EQUITY,True,
star_listing_register.csv,688368.SH,A_SHARE_COMMON_EQUITY,True,
star_listing_register.csv,688369.SH,A_SHARE_COMMON_EQUITY,True,
star_listing_register.csv,688370.SH,A_SHARE_COMMON_EQUITY,True,
star_listing_register.csv,688371.SH,A_SHARE_COMMON_EQUITY,True,
star_listing_register.csv,688372.SH,A_SHARE_COMMON_EQUITY,True,
star_listing_register.csv,688373.SH,A_SHARE_COMMON_EQUITY,True,
star_listing_register.csv,688375.SH,A_SHARE_COMMON_EQUITY,True,
star_listing_register.csv,688376.SH,A_SHARE_COMMON_EQUITY,True,
star_listing_register.csv,688377.SH,A_SHARE_COMMON_EQUITY,True,
star_listing_register.csv,688378.SH,A_SHARE_COMMON_EQUITY,True,
star_listing_register.csv,688379.SH,A_SHARE_COMMON_EQUITY,True,
star_listing_register.csv,688380.SH,A_SHARE_COMMON_EQUITY,True,
star_listing_register.csv,688381.SH,A_SHARE_COMMON_EQUITY,True,
star_listing_register.csv,688382.SH,A_SHARE_COMMON_EQUITY,True,
star_listing_register.csv,688383.SH,A_SHARE_COMMON_EQUITY,True,
star_listing_register.csv,688385.SH,A_SHARE_COMMON_EQUITY,True,
star_listing_register.csv,688386.SH,A_SHARE_COMMON_EQUITY,True,
star_listing_register.csv,688387.SH,A_SHARE_COMMON_EQUITY,True,
star_listing_register.csv,688388.SH,A_SHARE_COMMON_EQUITY,True,
star_listing_register.csv,688389.SH,A_SHARE_COMMON_EQUITY,True,
star_listing_register.csv,688390.SH,A_SHARE_COMMON_EQUITY,True,
star_listing_register.csv,688391.SH,A_SHARE_COMMON_EQUITY,True,
star_listing_register.csv,688392.SH,A_SHARE_COMMON_EQUITY,True,
star_listing_register.csv,688393.SH,A_SHARE_COMMON_EQUITY,True,
star_listing_register.csv,688395.SH,A_SHARE_COMMON_EQUITY,True,
star_listing_register.csv,688396.SH,A_SHARE_COMMON_EQUITY,True,
star_listing_register.csv,688398.SH,A_SHARE_COMMON_EQUITY,True,
star_listing_register.csv,688399.SH,A_SHARE_COMMON_EQUITY,True,
star_listing_register.csv,688400.SH,A_SHARE_COMMON_EQUITY,True,
star_listing_register.csv,688401.SH,A_SHARE_COMMON_EQUITY,True,
star_listing_register.csv,688403.SH,A_SHARE_COMMON_EQUITY,True,
star_listing_register.csv,688408.SH,A_SHARE_COMMON_EQUITY,True,
star_listing_register.csv,688409.SH,A_SHARE_COMMON_EQUITY,True,
star_listing_register.csv,688410.SH,A_SHARE_COMMON_EQUITY,True,
star_listing_register.csv,688411.SH,A_SHARE_COMMON_EQUITY,True,
star_listing_register.csv,688416.SH,A_SHARE_COMMON_EQUITY,True,
star_listing_register.csv,688418.SH,A_SHARE_COMMON_EQUITY,True,
star_listing_register.csv,688419.SH,A_SHARE_COMMON_EQUITY,True,
star_listing_register.csv,688420.SH,A_SHARE_COMMON_EQUITY,True,
star_listing_register.csv,688425.SH,A_SHARE_COMMON_EQUITY,True,
star_listing_register.csv,688426.SH,A_SHARE_COMMON_EQUITY,True,
star_listing_register.csv,688428.SH,A_SHARE_COMMON_EQUITY,True,
star_listing_register.csv,688429.SH,A_SHARE_COMMON_EQUITY,True,
star_listing_register.csv,688432.SH,A_SHARE_COMMON_EQUITY,True,
star_listing_register.csv,688433.SH,A_SHARE_COMMON_EQUITY,True,
star_listing_register.csv,688435.SH,A_SHARE_COMMON_EQUITY,True,
star_listing_register.csv,688439.SH,A_SHARE_COMMON_EQUITY,True,
star_listing_register.csv,688443.SH,A_SHARE_COMMON_EQUITY,True,
star_listing_register.csv,688448.SH,A_SHARE_COMMON_EQUITY,True,
star_listing_register.csv,688449.SH,A_SHARE_COMMON_EQUITY,True,
star_listing_register.csv,688450.SH,A_SHARE_COMMON_EQUITY,True,
star_listing_register.csv,688455.SH,A_SHARE_COMMON_EQUITY,True,
star_listing_register.csv,688456.SH,A_SHARE_COMMON_EQUITY,True,
star_listing_register.csv,688458.SH,A_SHARE_COMMON_EQUITY,True,
star_listing_register.csv,688459.SH,A_SHARE_COMMON_EQUITY,True,
star_listing_register.csv,688466.SH,A_SHARE_COMMON_EQUITY,True,
star_listing_register.csv,688468.SH,A_SHARE_COMMON_EQUITY,True,
star_listing_register.csv,688469.SH,A_SHARE_COMMON_EQUITY,True,
star_listing_register.csv,688472.SH,A_SHARE_COMMON_EQUITY,True,
star_listing_register.csv,688475.SH,A_SHARE_COMMON_EQUITY,True,
star_listing_register.csv,688478.SH,A_SHARE_COMMON_EQUITY,True,
star_listing_register.csv,688479.SH,A_SHARE_COMMON_EQUITY,True,
star_listing_register.csv,688480.SH,A_SHARE_COMMON_EQUITY,True,
star_listing_register.csv,688484.SH,A_SHARE_COMMON_EQUITY,True,
star_listing_register.csv,688485.SH,A_SHARE_COMMON_EQUITY,True,
star_listing_register.csv,688486.SH,A_SHARE_COMMON_EQUITY,True,
star_listing_register.csv,688488.SH,A_SHARE_COMMON_EQUITY,True,
star_listing_register.csv,688489.SH,A_SHARE_COMMON_EQUITY,True,
star_listing_register.csv,688496.SH,A_SHARE_COMMON_EQUITY,True,
star_listing_register.csv,688498.SH,A_SHARE_COMMON_EQUITY,True,
star_listing_register.csv,688499.SH,A_SHARE_COMMON_EQUITY,True,
star_listing_register.csv,688500.SH,A_SHARE_COMMON_EQUITY,True,
star_listing_register.csv,688501.SH,A_SHARE_COMMON_EQUITY,True,
star_listing_register.csv,688502.SH,A_SHARE_COMMON_EQUITY,True,
star_listing_register.csv,688503.SH,A_SHARE_COMMON_EQUITY,True,
star_listing_register.csv,688505.SH,A_SHARE_COMMON_EQUITY,True,
star_listing_register.csv,688506.SH,A_SHARE_COMMON_EQUITY,True,
star_listing_register.csv,688507.SH,A_SHARE_COMMON_EQUITY,True,
star_listing_register.csv,688508.SH,A_SHARE_COMMON_EQUITY,True,
star_listing_register.csv,688509.SH,A_SHARE_COMMON_EQUITY,True,
star_listing_register.csv,688510.SH,A_SHARE_COMMON_EQUITY,True,
star_listing_register.csv,688511.SH,A_SHARE_COMMON_EQUITY,True,
star_listing_register.csv,688512.SH,A_SHARE_COMMON_EQUITY,True,
star_listing_register.csv,688513.SH,A_SHARE_COMMON_EQUITY,True,
star_listing_register.csv,688515.SH,A_SHARE_COMMON_EQUITY,True,
star_listing_register.csv,688516.SH,A_SHARE_COMMON_EQUITY,True,
star_listing_register.csv,688517.SH,A_SHARE_COMMON_EQUITY,True,
star_listing_register.csv,688518.SH,A_SHARE_COMMON_EQUITY,True,
star_listing_register.csv,688519.SH,A_SHARE_COMMON_EQUITY,True,
star_listing_register.csv,688520.SH,A_SHARE_COMMON_EQUITY,True,
star_listing_register.csv,688521.SH,A_SHARE_COMMON_EQUITY,True,
star_listing_register.csv,688522.SH,A_SHARE_COMMON_EQUITY,True,
star_listing_register.csv,688523.SH,A_SHARE_COMMON_EQUITY,True,
star_listing_register.csv,688525.SH,A_SHARE_COMMON_EQUITY,True,
star_listing_register.csv,688526.SH,A_SHARE_COMMON_EQUITY,True,
star_listing_register.csv,688528.SH,A_SHARE_COMMON_EQUITY,True,
star_listing_register.csv,688529.SH,A_SHARE_COMMON_EQUITY,True,
star_listing_register.csv,688530.SH,A_SHARE_COMMON_EQUITY,True,
star_listing_register.csv,688531.SH,A_SHARE_COMMON_EQUITY,True,
star_listing_register.csv,688533.SH,A_SHARE_COMMON_EQUITY,True,
star_listing_register.csv,688535.SH,A_SHARE_COMMON_EQUITY,True,
star_listing_register.csv,688536.SH,A_SHARE_COMMON_EQUITY,True,
star_listing_register.csv,688538.SH,A_SHARE_COMMON_EQUITY,True,
star_listing_register.csv,688539.SH,A_SHARE_COMMON_EQUITY,True,
star_listing_register.csv,688543.SH,A_SHARE_COMMON_EQUITY,True,
star_listing_register.csv,688545.SH,A_SHARE_COMMON_EQUITY,True,
star_listing_register.csv,688548.SH,A_SHARE_COMMON_EQUITY,True,
star_listing_register.csv,688549.SH,A_SHARE_COMMON_EQUITY,True,
star_listing_register.csv,688550.SH,A_SHARE_COMMON_EQUITY,True,
star_listing_register.csv,688551.SH,A_SHARE_COMMON_EQUITY,True,
star_listing_register.csv,688552.SH,A_SHARE_COMMON_EQUITY,True,
star_listing_register.csv,688553.SH,A_SHARE_COMMON_EQUITY,True,
star_listing_register.csv,688556.SH,A_SHARE_COMMON_EQUITY,True,
star_listing_register.csv,688557.SH,A_SHARE_COMMON_EQUITY,True,
star_listing_register.csv,688558.SH,A_SHARE_COMMON_EQUITY,True,
star_listing_register.csv,688559.SH,A_SHARE_COMMON_EQUITY,True,
star_listing_register.csv,688560.SH,A_SHARE_COMMON_EQUITY,True,
star_listing_register.csv,688561.SH,A_SHARE_COMMON_EQUITY,True,
star_listing_register.csv,688562.SH,A_SHARE_COMMON_EQUITY,True,
star_listing_register.csv,688563.SH,A_SHARE_COMMON_EQUITY,True,
star_listing_register.csv,688565.SH,A_SHARE_COMMON_EQUITY,True,
star_listing_register.csv,688566.SH,A_SHARE_COMMON_EQUITY,True,
star_listing_register.csv,688567.SH,A_SHARE_COMMON_EQUITY,True,
star_listing_register.csv,688568.SH,A_SHARE_COMMON_EQUITY,True,
star_listing_register.csv,688569.SH,A_SHARE_COMMON_EQUITY,True,
star_listing_register.csv,688570.SH,A_SHARE_COMMON_EQUITY,True,
star_listing_register.csv,688571.SH,A_SHARE_COMMON_EQUITY,True,
star_listing_register.csv,688573.SH,A_SHARE_COMMON_EQUITY,True,
star_listing_register.csv,688575.SH,A_SHARE_COMMON_EQUITY,True,
star_listing_register.csv,688576.SH,A_SHARE_COMMON_EQUITY,True,
star_listing_register.csv,688577.SH,A_SHARE_COMMON_EQUITY,True,
star_listing_register.csv,688578.SH,A_SHARE_COMMON_EQUITY,True,
star_listing_register.csv,688579.SH,A_SHARE_COMMON_EQUITY,True,
star_listing_register.csv,688580.SH,A_SHARE_COMMON_EQUITY,True,
star_listing_register.csv,688581.SH,A_SHARE_COMMON_EQUITY,True,
star_listing_register.csv,688582.SH,A_SHARE_COMMON_EQUITY,True,
star_listing_register.csv,688583.SH,A_SHARE_COMMON_EQUITY,True,
star_listing_register.csv,688584.SH,A_SHARE_COMMON_EQUITY,True,
star_listing_register.csv,688585.SH,A_SHARE_COMMON_EQUITY,True,
star_listing_register.csv,688586.SH,A_SHARE_COMMON_EQUITY,True,
star_listing_register.csv,688588.SH,A_SHARE_COMMON_EQUITY,True,
star_listing_register.csv,688589.SH,A_SHARE_COMMON_EQUITY,True,
star_listing_register.csv,688590.SH,A_SHARE_COMMON_EQUITY,True,
star_listing_register.csv,688591.SH,A_SHARE_COMMON_EQUITY,True,
star_listing_register.csv,688592.SH,A_SHARE_COMMON_EQUITY,True,
star_listing_register.csv,688593.SH,A_SHARE_COMMON_EQUITY,True,
star_listing_register.csv,688595.SH,A_SHARE_COMMON_EQUITY,True,
star_listing_register.csv,688596.SH,A_SHARE_COMMON_EQUITY,True,
star_listing_register.csv,688597.SH,A_SHARE_COMMON_EQUITY,True,
star_listing_register.csv,688598.SH,A_SHARE_COMMON_EQUITY,True,
star_listing_register.csv,688599.SH,A_SHARE_COMMON_EQUITY,True,
star_listing_register.csv,688600.SH,A_SHARE_COMMON_EQUITY,True,
star_listing_register.csv,688601.SH,A_SHARE_COMMON_EQUITY,True,
star_listing_register.csv,688602.SH,A_SHARE_COMMON_EQUITY,True,
star_listing_register.csv,688603.SH,A_SHARE_COMMON_EQUITY,True,
star_listing_register.csv,688605.SH,A_SHARE_COMMON_EQUITY,True,
star_listing_register.csv,688606.SH,A_SHARE_COMMON_EQUITY,True,
star_listing_register.csv,688607.SH,A_SHARE_COMMON_EQUITY,True,
star_listing_register.csv,688608.SH,A_SHARE_COMMON_EQUITY,True,
star_listing_register.csv,688609.SH,A_SHARE_COMMON_EQUITY,True,
star_listing_register.csv,688610.SH,A_SHARE_COMMON_EQUITY,True,
star_listing_register.csv,688611.SH,A_SHARE_COMMON_EQUITY,True,
star_listing_register.csv,688612.SH,A_SHARE_COMMON_EQUITY,True,
star_listing_register.csv,688613.SH,A_SHARE_COMMON_EQUITY,True,
star_listing_register.csv,688615.SH,A_SHARE_COMMON_EQUITY,True,
star_listing_register.csv,688616.SH,A_SHARE_COMMON_EQUITY,True,
star_listing_register.csv,688617.SH,A_SHARE_COMMON_EQUITY,True,
star_listing_register.csv,688618.SH,A_SHARE_COMMON_EQUITY,True,
star_listing_register.csv,688619.SH,A_SHARE_COMMON_EQUITY,True,
star_listing_register.csv,688620.SH,A_SHARE_COMMON_EQUITY,True,
star_listing_register.csv,688621.SH,A_SHARE_COMMON_EQUITY,True,
star_listing_register.csv,688622.SH,A_SHARE_COMMON_EQUITY,True,
star_listing_register.csv,688623.SH,A_SHARE_COMMON_EQUITY,True,
star_listing_register.csv,688625.SH,A_SHARE_COMMON_EQUITY,True,
star_listing_register.csv,688626.SH,A_SHARE_COMMON_EQUITY,True,
star_listing_register.csv,688627.SH,A_SHARE_COMMON_EQUITY,True,
star_listing_register.csv,688628.SH,A_SHARE_COMMON_EQUITY,True,
star_listing_register.csv,688629.SH,A_SHARE_COMMON_EQUITY,True,
star_listing_register.csv,688630.SH,A_SHARE_COMMON_EQUITY,True,
star_listing_register.csv,688631.SH,A_SHARE_COMMON_EQUITY,True,
star_listing_register.csv,688633.SH,A_SHARE_COMMON_EQUITY,True,
star_listing_register.csv,688635.SH,A_SHARE_COMMON_EQUITY,True,
star_listing_register.csv,688636.SH,A_SHARE_COMMON_EQUITY,True,
star_listing_register.csv,688638.SH,A_SHARE_COMMON_EQUITY,True,
star_listing_register.csv,688639.SH,A_SHARE_COMMON_EQUITY,True,
star_listing_register.csv,688646.SH,A_SHARE_COMMON_EQUITY,True,
star_listing_register.csv,688648.SH,A_SHARE_COMMON_EQUITY,True,
star_listing_register.csv,688651.SH,A_SHARE_COMMON_EQUITY,True,
star_listing_register.csv,688652.SH,A_SHARE_COMMON_EQUITY,True,
star_listing_register.csv,688653.SH,A_SHARE_COMMON_EQUITY,True,
star_listing_register.csv,688655.SH,A_SHARE_COMMON_EQUITY,True,
star_listing_register.csv,688656.SH,A_SHARE_COMMON_EQUITY,True,
star_listing_register.csv,688657.SH,A_SHARE_COMMON_EQUITY,True,
star_listing_register.csv,688658.SH,A_SHARE_COMMON_EQUITY,True,
star_listing_register.csv,688659.SH,A_SHARE_COMMON_EQUITY,True,
star_listing_register.csv,688660.SH,A_SHARE_COMMON_EQUITY,True,
star_listing_register.csv,688661.SH,A_SHARE_COMMON_EQUITY,True,
star_listing_register.csv,688662.SH,A_SHARE_COMMON_EQUITY,True,
star_listing_register.csv,688663.SH,A_SHARE_COMMON_EQUITY,True,
star_listing_register.csv,688665.SH,A_SHARE_COMMON_EQUITY,True,
star_listing_register.csv,688667.SH,A_SHARE_COMMON_EQUITY,True,
star_listing_register.csv,688668.SH,A_SHARE_COMMON_EQUITY,True,
star_listing_register.csv,688669.SH,A_SHARE_COMMON_EQUITY,True,
star_listing_register.csv,688670.SH,A_SHARE_COMMON_EQUITY,True,
star_listing_register.csv,688671.SH,A_SHARE_COMMON_EQUITY,True,
star_listing_register.csv,688676.SH,A_SHARE_COMMON_EQUITY,True,
star_listing_register.csv,688677.SH,A_SHARE_COMMON_EQUITY,True,
star_listing_register.csv,688678.SH,A_SHARE_COMMON_EQUITY,True,
star_listing_register.csv,688679.SH,A_SHARE_COMMON_EQUITY,True,
star_listing_register.csv,688680.SH,A_SHARE_COMMON_EQUITY,True,
star_listing_register.csv,688681.SH,A_SHARE_COMMON_EQUITY,True,
star_listing_register.csv,688682.SH,A_SHARE_COMMON_EQUITY,True,
star_listing_register.csv,688683.SH,A_SHARE_COMMON_EQUITY,True,
star_listing_register.csv,688685.SH,A_SHARE_COMMON_EQUITY,True,
star_listing_register.csv,688686.SH,A_SHARE_COMMON_EQUITY,True,
star_listing_register.csv,688687.SH,A_SHARE_COMMON_EQUITY,True,
star_listing_register.csv,688689.SH,A_SHARE_COMMON_EQUITY,True,
star_listing_register.csv,688690.SH,A_SHARE_COMMON_EQUITY,True,
star_listing_register.csv,688691.SH,A_SHARE_COMMON_EQUITY,True,
star_listing_register.csv,688692.SH,A_SHARE_COMMON_EQUITY,True,
star_listing_register.csv,688693.SH,A_SHARE_COMMON_EQUITY,True,
star_listing_register.csv,688695.SH,A_SHARE_COMMON_EQUITY,True,
star_listing_register.csv,688696.SH,A_SHARE_COMMON_EQUITY,True,
star_listing_register.csv,688697.SH,A_SHARE_COMMON_EQUITY,True,
star_listing_register.csv,688698.SH,A_SHARE_COMMON_EQUITY,True,
star_listing_register.csv,688699.SH,A_SHARE_COMMON_EQUITY,True,
star_listing_register.csv,688700.SH,A_SHARE_COMMON_EQUITY,True,
star_listing_register.csv,688701.SH,A_SHARE_COMMON_EQUITY,True,
star_listing_register.csv,688702.SH,A_SHARE_COMMON_EQUITY,True,
star_listing_register.csv,688707.SH,A_SHARE_COMMON_EQUITY,True,
star_listing_register.csv,688708.SH,A_SHARE_COMMON_EQUITY,True,
star_listing_register.csv,688709.SH,A_SHARE_COMMON_EQUITY,True,
star_listing_register.csv,688710.SH,A_SHARE_COMMON_EQUITY,True,
star_listing_register.csv,688711.SH,A_SHARE_COMMON_EQUITY,True,
star_listing_register.csv,688712.SH,A_SHARE_COMMON_EQUITY,True,
star_listing_register.csv,688716.SH,A_SHARE_COMMON_EQUITY,True,
star_listing_register.csv,688717.SH,A_SHARE_COMMON_EQUITY,True,
star_listing_register.csv,688718.SH,A_SHARE_COMMON_EQUITY,True,
star_listing_register.csv,688719.SH,A_SHARE_COMMON_EQUITY,True,
star_listing_register.csv,688720.SH,A_SHARE_COMMON_EQUITY,True,
star_listing_register.csv,688721.SH,A_SHARE_COMMON_EQUITY,True,
star_listing_register.csv,688722.SH,A_SHARE_COMMON_EQUITY,True,
star_listing_register.csv,688726.SH,A_SHARE_COMMON_EQUITY,True,
star_listing_register.csv,688727.SH,A_SHARE_COMMON_EQUITY,True,
star_listing_register.csv,688728.SH,A_SHARE_COMMON_EQUITY,True,
star_listing_register.csv,688729.SH,A_SHARE_COMMON_EQUITY,True,
star_listing_register.csv,688733.SH,A_SHARE_COMMON_EQUITY,True,
star_listing_register.csv,688737.SH,A_SHARE_COMMON_EQUITY,True,
star_listing_register.csv,688739.SH,A_SHARE_COMMON_EQUITY,True,
star_listing_register.csv,688750.SH,A_SHARE_COMMON_EQUITY,True,
star_listing_register.csv,688755.SH,A_SHARE_COMMON_EQUITY,True,
star_listing_register.csv,688757.SH,A_SHARE_COMMON_EQUITY,True,
star_listing_register.csv,688758.SH,A_SHARE_COMMON_EQUITY,True,
star_listing_register.csv,688759.SH,A_SHARE_COMMON_EQUITY,True,
star_listing_register.csv,688765.SH,A_SHARE_COMMON_EQUITY,True,
star_listing_register.csv,688766.SH,A_SHARE_COMMON_EQUITY,True,
star_listing_register.csv,688767.SH,A_SHARE_COMMON_EQUITY,True,
star_listing_register.csv,688768.SH,A_SHARE_COMMON_EQUITY,True,
star_listing_register.csv,688772.SH,A_SHARE_COMMON_EQUITY,True,
star_listing_register.csv,688775.SH,A_SHARE_COMMON_EQUITY,True,
star_listing_register.csv,688776.SH,A_SHARE_COMMON_EQUITY,True,
star_listing_register.csv,688777.SH,A_SHARE_COMMON_EQUITY,True,
star_listing_register.csv,688778.SH,A_SHARE_COMMON_EQUITY,True,
star_listing_register.csv,688779.SH,A_SHARE_COMMON_EQUITY,True,
star_listing_register.csv,688781.SH,A_SHARE_COMMON_EQUITY,True,
star_listing_register.csv,688783.SH,A_SHARE_COMMON_EQUITY,True,
star_listing_register.csv,688785.SH,A_SHARE_COMMON_EQUITY,True,
star_listing_register.csv,688786.SH,A_SHARE_COMMON_EQUITY,True,
star_listing_register.csv,688787.SH,A_SHARE_COMMON_EQUITY,True,
star_listing_register.csv,688788.SH,A_SHARE_COMMON_EQUITY,True,
star_listing_register.csv,688789.SH,A_SHARE_COMMON_EQUITY,True,
star_listing_register.csv,688790.SH,A_SHARE_COMMON_EQUITY,True,
star_listing_register.csv,688793.SH,A_SHARE_COMMON_EQUITY,True,
star_listing_register.csv,688795.SH,A_SHARE_COMMON_EQUITY,True,
star_listing_register.csv,688796.SH,A_SHARE_COMMON_EQUITY,True,
star_listing_register.csv,688797.SH,A_SHARE_COMMON_EQUITY,True,
star_listing_register.csv,688798.SH,A_SHARE_COMMON_EQUITY,True,
star_listing_register.csv,688799.SH,A_SHARE_COMMON_EQUITY,True,
star_listing_register.csv,688800.SH,A_SHARE_COMMON_EQUITY,True,
star_listing_register.csv,688801.SH,A_SHARE_COMMON_EQUITY,True,
star_listing_register.csv,688802.SH,A_SHARE_COMMON_EQUITY,True,
star_listing_register.csv,688805.SH,A_SHARE_COMMON_EQUITY,True,
star_listing_register.csv,688806.SH,A_SHARE_COMMON_EQUITY,True,
star_listing_register.csv,688807.SH,A_SHARE_COMMON_EQUITY,True,
star_listing_register.csv,688808.SH,A_SHARE_COMMON_EQUITY,True,
star_listing_register.csv,688809.SH,A_SHARE_COMMON_EQUITY,True,
star_listing_register.csv,688811.SH,A_SHARE_COMMON_EQUITY,True,
star_listing_register.csv,688813.SH,A_SHARE_COMMON_EQUITY,True,
star_listing_register.csv,688816.SH,A_SHARE_COMMON_EQUITY,True,
star_listing_register.csv,688818.SH,A_SHARE_COMMON_EQUITY,True,
star_listing_register.csv,688819.SH,A_SHARE_COMMON_EQUITY,True,
star_listing_register.csv,688820.SH,A_SHARE_COMMON_EQUITY,True,
star_listing_register.csv,688825.SH,A_SHARE_COMMON_EQUITY,True,
star_listing_register.csv,688826.SH,A_SHARE_COMMON_EQUITY,True,
star_listing_register.csv,688828.SH,A_SHARE_COMMON_EQUITY,True,
star_listing_register.csv,688835.SH,A_SHARE_COMMON_EQUITY,True,
star_listing_register.csv,688836.SH,A_SHARE_COMMON_EQUITY,True,
star_listing_register.csv,688837.SH,A_SHARE_COMMON_EQUITY,True,
star_listing_register.csv,688981.SH,A_SHARE_COMMON_EQUITY,True,
star_listing_register.csv,689009.SH,CDR,False,CDRs are excluded from A-share common equity
szse_listing_register.csv,000001.SZ,A_SHARE_COMMON_EQUITY,True,
szse_listing_register.csv,000002.SZ,A_SHARE_COMMON_EQUITY,True,
szse_listing_register.csv,000006.SZ,A_SHARE_COMMON_EQUITY,True,
szse_listing_register.csv,000007.SZ,A_SHARE_COMMON_EQUITY,True,
szse_listing_register.csv,000008.SZ,A_SHARE_COMMON_EQUITY,True,
szse_listing_register.csv,000009.SZ,A_SHARE_COMMON_EQUITY,True,
szse_listing_register.csv,000010.SZ,A_SHARE_COMMON_EQUITY,True,
szse_listing_register.csv,000011.SZ,A_SHARE_COMMON_EQUITY,True,
szse_listing_register.csv,000012.SZ,A_SHARE_COMMON_EQUITY,True,
szse_listing_register.csv,000014.SZ,A_SHARE_COMMON_EQUITY,True,
szse_listing_register.csv,000016.SZ,A_SHARE_COMMON_EQUITY,True,
szse_listing_register.csv,000017.SZ,A_SHARE_COMMON_EQUITY,True,
szse_listing_register.csv,000019.SZ,A_SHARE_COMMON_EQUITY,True,
szse_listing_register.csv,000020.SZ,A_SHARE_COMMON_EQUITY,True,
szse_listing_register.csv,000021.SZ,A_SHARE_COMMON_EQUITY,True,
szse_listing_register.csv,000025.SZ,A_SHARE_COMMON_EQUITY,True,
szse_listing_register.csv,000026.SZ,A_SHARE_COMMON_EQUITY,True,
szse_listing_register.csv,000027.SZ,A_SHARE_COMMON_EQUITY,True,
szse_listing_register.csv,000028.SZ,A_SHARE_COMMON_EQUITY,True,
szse_listing_register.csv,000029.SZ,A_SHARE_COMMON_EQUITY,True,
szse_listing_register.csv,000030.SZ,A_SHARE_COMMON_EQUITY,True,
szse_listing_register.csv,000031.SZ,A_SHARE_COMMON_EQUITY,True,
szse_listing_register.csv,000032.SZ,A_SHARE_COMMON_EQUITY,True,
szse_listing_register.csv,000034.SZ,A_SHARE_COMMON_EQUITY,True,
szse_listing_register.csv,000035.SZ,A_SHARE_COMMON_EQUITY,True,
szse_listing_register.csv,000036.SZ,A_SHARE_COMMON_EQUITY,True,
szse_listing_register.csv,000037.SZ,A_SHARE_COMMON_EQUITY,True,
szse_listing_register.csv,000039.SZ,A_SHARE_COMMON_EQUITY,True,
szse_listing_register.csv,000042.SZ,A_SHARE_COMMON_EQUITY,True,
szse_listing_register.csv,000045.SZ,A_SHARE_COMMON_EQUITY,True,
szse_listing_register.csv,000048.SZ,A_SHARE_COMMON_EQUITY,True,
szse_listing_register.csv,000049.SZ,A_SHARE_COMMON_EQUITY,True,
szse_listing_register.csv,000050.SZ,A_SHARE_COMMON_EQUITY,True,
szse_listing_register.csv,000055.SZ,A_SHARE_COMMON_EQUITY,True,
szse_listing_register.csv,000056.SZ,A_SHARE_COMMON_EQUITY,True,
szse_listing_register.csv,000058.SZ,A_SHARE_COMMON_EQUITY,True,
szse_listing_register.csv,000059.SZ,A_SHARE_COMMON_EQUITY,True,
szse_listing_register.csv,000060.SZ,A_SHARE_COMMON_EQUITY,True,
szse_listing_register.csv,000061.SZ,A_SHARE_COMMON_EQUITY,True,
szse_listing_register.csv,000062.SZ,A_SHARE_COMMON_EQUITY,True,
szse_listing_register.csv,000063.SZ,A_SHARE_COMMON_EQUITY,True,
szse_listing_register.csv,000065.SZ,A_SHARE_COMMON_EQUITY,True,
szse_listing_register.csv,000066.SZ,A_SHARE_COMMON_EQUITY,True,
szse_listing_register.csv,000068.SZ,A_SHARE_COMMON_EQUITY,True,
szse_listing_register.csv,000069.SZ,A_SHARE_COMMON_EQUITY,True,
szse_listing_register.csv,000070.SZ,A_SHARE_COMMON_EQUITY,True,
szse_listing_register.csv,000078.SZ,A_SHARE_COMMON_EQUITY,True,
szse_listing_register.csv,000088.SZ,A_SHARE_COMMON_EQUITY,True,
szse_listing_register.csv,000089.SZ,A_SHARE_COMMON_EQUITY,True,
szse_listing_register.csv,000090.SZ,A_SHARE_COMMON_EQUITY,True,
szse_listing_register.csv,000096.SZ,A_SHARE_COMMON_EQUITY,True,
szse_listing_register.csv,000099.SZ,A_SHARE_COMMON_EQUITY,True,
szse_listing_register.csv,000100.SZ,A_SHARE_COMMON_EQUITY,True,
szse_listing_register.csv,000151.SZ,A_SHARE_COMMON_EQUITY,True,
szse_listing_register.csv,000153.SZ,A_SHARE_COMMON_EQUITY,True,
szse_listing_register.csv,000155.SZ,A_SHARE_COMMON_EQUITY,True,
szse_listing_register.csv,000156.SZ,A_SHARE_COMMON_EQUITY,True,
szse_listing_register.csv,000157.SZ,A_SHARE_COMMON_EQUITY,True,
szse_listing_register.csv,000158.SZ,A_SHARE_COMMON_EQUITY,True,
szse_listing_register.csv,000159.SZ,A_SHARE_COMMON_EQUITY,True,
szse_listing_register.csv,000166.SZ,A_SHARE_COMMON_EQUITY,True,
szse_listing_register.csv,000301.SZ,A_SHARE_COMMON_EQUITY,True,
szse_listing_register.csv,000333.SZ,A_SHARE_COMMON_EQUITY,True,
szse_listing_register.csv,000338.SZ,A_SHARE_COMMON_EQUITY,True,
szse_listing_register.csv,000400.SZ,A_SHARE_COMMON_EQUITY,True,
szse_listing_register.csv,000401.SZ,A_SHARE_COMMON_EQUITY,True,
szse_listing_register.csv,000402.SZ,A_SHARE_COMMON_EQUITY,True,
szse_listing_register.csv,000403.SZ,A_SHARE_COMMON_EQUITY,True,
szse_listing_register.csv,000404.SZ,A_SHARE_COMMON_EQUITY,True,
szse_listing_register.csv,000407.SZ,A_SHARE_COMMON_EQUITY,True,
szse_listing_register.csv,000408.SZ,A_SHARE_COMMON_EQUITY,True,
szse_listing_register.csv,000409.SZ,A_SHARE_COMMON_EQUITY,True,
szse_listing_register.csv,000410.SZ,A_SHARE_COMMON_EQUITY,True,
szse_listing_register.csv,000411.SZ,A_SHARE_COMMON_EQUITY,True,
szse_listing_register.csv,000415.SZ,A_SHARE_COMMON_EQUITY,True,
szse_listing_register.csv,000417.SZ,A_SHARE_COMMON_EQUITY,True,
szse_listing_register.csv,000419.SZ,A_SHARE_COMMON_EQUITY,True,
szse_listing_register.csv,000420.SZ,A_SHARE_COMMON_EQUITY,True,
szse_listing_register.csv,000421.SZ,A_SHARE_COMMON_EQUITY,True,
szse_listing_register.csv,000422.SZ,A_SHARE_COMMON_EQUITY,True,
szse_listing_register.csv,000423.SZ,A_SHARE_COMMON_EQUITY,True,
szse_listing_register.csv,000425.SZ,A_SHARE_COMMON_EQUITY,True,
szse_listing_register.csv,000426.SZ,A_SHARE_COMMON_EQUITY,True,
szse_listing_register.csv,000428.SZ,A_SHARE_COMMON_EQUITY,True,
szse_listing_register.csv,000429.SZ,A_SHARE_COMMON_EQUITY,True,
szse_listing_register.csv,000430.SZ,A_SHARE_COMMON_EQUITY,True,
szse_listing_register.csv,000488.SZ,A_SHARE_COMMON_EQUITY,True,
szse_listing_register.csv,000498.SZ,A_SHARE_COMMON_EQUITY,True,
szse_listing_register.csv,000501.SZ,A_SHARE_COMMON_EQUITY,True,
szse_listing_register.csv,000503.SZ,A_SHARE_COMMON_EQUITY,True,
szse_listing_register.csv,000504.SZ,A_SHARE_COMMON_EQUITY,True,
szse_listing_register.csv,000505.SZ,A_SHARE_COMMON_EQUITY,True,
szse_listing_register.csv,000506.SZ,A_SHARE_COMMON_EQUITY,True,
szse_listing_register.csv,000507.SZ,A_SHARE_COMMON_EQUITY,True,
szse_listing_register.csv,000509.SZ,A_SHARE_COMMON_EQUITY,True,
szse_listing_register.csv,000510.SZ,A_SHARE_COMMON_EQUITY,True,
szse_listing_register.csv,000513.SZ,A_SHARE_COMMON_EQUITY,True,
szse_listing_register.csv,000514.SZ,A_SHARE_COMMON_EQUITY,True,
szse_listing_register.csv,000516.SZ,A_SHARE_COMMON_EQUITY,True,
szse_listing_register.csv,000517.SZ,A_SHARE_COMMON_EQUITY,True,
szse_listing_register.csv,000518.SZ,A_SHARE_COMMON_EQUITY,True,
szse_listing_register.csv,000519.SZ,A_SHARE_COMMON_EQUITY,True,
szse_listing_register.csv,000520.SZ,A_SHARE_COMMON_EQUITY,True,
szse_listing_register.csv,000521.SZ,A_SHARE_COMMON_EQUITY,True,
szse_listing_register.csv,000523.SZ,A_SHARE_COMMON_EQUITY,True,
szse_listing_register.csv,000524.SZ,A_SHARE_COMMON_EQUITY,True,
szse_listing_register.csv,000525.SZ,A_SHARE_COMMON_EQUITY,True,
szse_listing_register.csv,000526.SZ,A_SHARE_COMMON_EQUITY,True,
szse_listing_register.csv,000528.SZ,A_SHARE_COMMON_EQUITY,True,
szse_listing_register.csv,000529.SZ,A_SHARE_COMMON_EQUITY,True,
szse_listing_register.csv,000530.SZ,A_SHARE_COMMON_EQUITY,True,
szse_listing_register.csv,000531.SZ,A_SHARE_COMMON_EQUITY,True,
szse_listing_register.csv,000532.SZ,A_SHARE_COMMON_EQUITY,True,
szse_listing_register.csv,000533.SZ,A_SHARE_COMMON_EQUITY,True,
szse_listing_register.csv,000534.SZ,A_SHARE_COMMON_EQUITY,True,
szse_listing_register.csv,000536.SZ,A_SHARE_COMMON_EQUITY,True,
szse_listing_register.csv,000537.SZ,A_SHARE_COMMON_EQUITY,True,
szse_listing_register.csv,000538.SZ,A_SHARE_COMMON_EQUITY,True,
szse_listing_register.csv,000539.SZ,A_SHARE_COMMON_EQUITY,True,
szse_listing_register.csv,000541.SZ,A_SHARE_COMMON_EQUITY,True,
szse_listing_register.csv,000543.SZ,A_SHARE_COMMON_EQUITY,True,
szse_listing_register.csv,000544.SZ,A_SHARE_COMMON_EQUITY,True,
szse_listing_register.csv,000545.SZ,A_SHARE_COMMON_EQUITY,True,
szse_listing_register.csv,000546.SZ,A_SHARE_COMMON_EQUITY,True,
szse_listing_register.csv,000547.SZ,A_SHARE_COMMON_EQUITY,True,
szse_listing_register.csv,000548.SZ,A_SHARE_COMMON_EQUITY,True,
szse_listing_register.csv,000550.SZ,A_SHARE_COMMON_EQUITY,True,
szse_listing_register.csv,000551.SZ,A_SHARE_COMMON_EQUITY,True,
szse_listing_register.csv,000552.SZ,A_SHARE_COMMON_EQUITY,True,
szse_listing_register.csv,000553.SZ,A_SHARE_COMMON_EQUITY,True,
szse_listing_register.csv,000554.SZ,A_SHARE_COMMON_EQUITY,True,
szse_listing_register.csv,000555.SZ,A_SHARE_COMMON_EQUITY,True,
szse_listing_register.csv,000557.SZ,A_SHARE_COMMON_EQUITY,True,
szse_listing_register.csv,000558.SZ,A_SHARE_COMMON_EQUITY,True,
szse_listing_register.csv,000559.SZ,A_SHARE_COMMON_EQUITY,True,
szse_listing_register.csv,000560.SZ,A_SHARE_COMMON_EQUITY,True,
szse_listing_register.csv,000561.SZ,A_SHARE_COMMON_EQUITY,True,
szse_listing_register.csv,000563.SZ,A_SHARE_COMMON_EQUITY,True,
szse_listing_register.csv,000564.SZ,A_SHARE_COMMON_EQUITY,True,
szse_listing_register.csv,000565.SZ,A_SHARE_COMMON_EQUITY,True,
szse_listing_register.csv,000566.SZ,A_SHARE_COMMON_EQUITY,True,
szse_listing_register.csv,000567.SZ,A_SHARE_COMMON_EQUITY,True,
szse_listing_register.csv,000568.SZ,A_SHARE_COMMON_EQUITY,True,
szse_listing_register.csv,000570.SZ,A_SHARE_COMMON_EQUITY,True,
szse_listing_register.csv,000571.SZ,A_SHARE_COMMON_EQUITY,True,
szse_listing_register.csv,000572.SZ,A_SHARE_COMMON_EQUITY,True,
szse_listing_register.csv,000573.SZ,A_SHARE_COMMON_EQUITY,True,
szse_listing_register.csv,000576.SZ,A_SHARE_COMMON_EQUITY,True,
szse_listing_register.csv,000581.SZ,A_SHARE_COMMON_EQUITY,True,
szse_listing_register.csv,000582.SZ,A_SHARE_COMMON_EQUITY,True,
szse_listing_register.csv,000586.SZ,A_SHARE_COMMON_EQUITY,True,
szse_listing_register.csv,000589.SZ,A_SHARE_COMMON_EQUITY,True,
szse_listing_register.csv,000590.SZ,A_SHARE_COMMON_EQUITY,True,
szse_listing_register.csv,000591.SZ,A_SHARE_COMMON_EQUITY,True,
szse_listing_register.csv,000592.SZ,A_SHARE_COMMON_EQUITY,True,
szse_listing_register.csv,000593.SZ,A_SHARE_COMMON_EQUITY,True,
szse_listing_register.csv,000595.SZ,A_SHARE_COMMON_EQUITY,True,
szse_listing_register.csv,000596.SZ,A_SHARE_COMMON_EQUITY,True,
szse_listing_register.csv,000597.SZ,A_SHARE_COMMON_EQUITY,True,
szse_listing_register.csv,000598.SZ,A_SHARE_COMMON_EQUITY,True,
szse_listing_register.csv,000599.SZ,A_SHARE_COMMON_EQUITY,True,
szse_listing_register.csv,000600.SZ,A_SHARE_COMMON_EQUITY,True,
szse_listing_register.csv,000601.SZ,A_SHARE_COMMON_EQUITY,True,
szse_listing_register.csv,000603.SZ,A_SHARE_COMMON_EQUITY,True,
szse_listing_register.csv,000605.SZ,A_SHARE_COMMON_EQUITY,True,
szse_listing_register.csv,000607.SZ,A_SHARE_COMMON_EQUITY,True,
szse_listing_register.csv,000608.SZ,A_SHARE_COMMON_EQUITY,True,
szse_listing_register.csv,000609.SZ,A_SHARE_COMMON_EQUITY,True,
szse_listing_register.csv,000610.SZ,A_SHARE_COMMON_EQUITY,True,
szse_listing_register.csv,000612.SZ,A_SHARE_COMMON_EQUITY,True,
szse_listing_register.csv,000615.SZ,A_SHARE_COMMON_EQUITY,True,
szse_listing_register.csv,000617.SZ,A_SHARE_COMMON_EQUITY,True,
szse_listing_register.csv,000619.SZ,A_SHARE_COMMON_EQUITY,True,
szse_listing_register.csv,000620.SZ,A_SHARE_COMMON_EQUITY,True,
szse_listing_register.csv,000623.SZ,A_SHARE_COMMON_EQUITY,True,
szse_listing_register.csv,000625.SZ,A_SHARE_COMMON_EQUITY,True,
szse_listing_register.csv,000626.SZ,A_SHARE_COMMON_EQUITY,True,
szse_listing_register.csv,000628.SZ,A_SHARE_COMMON_EQUITY,True,
szse_listing_register.csv,000629.SZ,A_SHARE_COMMON_EQUITY,True,
szse_listing_register.csv,000630.SZ,A_SHARE_COMMON_EQUITY,True,
szse_listing_register.csv,000631.SZ,A_SHARE_COMMON_EQUITY,True,
szse_listing_register.csv,000632.SZ,A_SHARE_COMMON_EQUITY,True,
szse_listing_register.csv,000633.SZ,A_SHARE_COMMON_EQUITY,True,
szse_listing_register.csv,000635.SZ,A_SHARE_COMMON_EQUITY,True,
szse_listing_register.csv,000636.SZ,A_SHARE_COMMON_EQUITY,True,
szse_listing_register.csv,000637.SZ,A_SHARE_COMMON_EQUITY,True,
szse_listing_register.csv,000639.SZ,A_SHARE_COMMON_EQUITY,True,
szse_listing_register.csv,000650.SZ,A_SHARE_COMMON_EQUITY,True,
szse_listing_register.csv,000651.SZ,A_SHARE_COMMON_EQUITY,True,
szse_listing_register.csv,000652.SZ,A_SHARE_COMMON_EQUITY,True,
szse_listing_register.csv,000655.SZ,A_SHARE_COMMON_EQUITY,True,
szse_listing_register.csv,000656.SZ,A_SHARE_COMMON_EQUITY,True,
szse_listing_register.csv,000657.SZ,A_SHARE_COMMON_EQUITY,True,
szse_listing_register.csv,000659.SZ,A_SHARE_COMMON_EQUITY,True,
szse_listing_register.csv,000661.SZ,A_SHARE_COMMON_EQUITY,True,
szse_listing_register.csv,000663.SZ,A_SHARE_COMMON_EQUITY,True,
szse_listing_register.csv,000665.SZ,A_SHARE_COMMON_EQUITY,True,
szse_listing_register.csv,000668.SZ,A_SHARE_COMMON_EQUITY,True,
szse_listing_register.csv,000669.SZ,A_SHARE_COMMON_EQUITY,True,
szse_listing_register.csv,000670.SZ,A_SHARE_COMMON_EQUITY,True,
szse_listing_register.csv,000672.SZ,A_SHARE_COMMON_EQUITY,True,
szse_listing_register.csv,000676.SZ,A_SHARE_COMMON_EQUITY,True,
szse_listing_register.csv,000677.SZ,A_SHARE_COMMON_EQUITY,True,
szse_listing_register.csv,000678.SZ,A_SHARE_COMMON_EQUITY,True,
szse_listing_register.csv,000679.SZ,A_SHARE_COMMON_EQUITY,True,
szse_listing_register.csv,000680.SZ,A_SHARE_COMMON_EQUITY,True,
szse_listing_register.csv,000681.SZ,A_SHARE_COMMON_EQUITY,True,
szse_listing_register.csv,000682.SZ,A_SHARE_COMMON_EQUITY,True,
szse_listing_register.csv,000683.SZ,A_SHARE_COMMON_EQUITY,True,
szse_listing_register.csv,000685.SZ,A_SHARE_COMMON_EQUITY,True,
szse_listing_register.csv,000686.SZ,A_SHARE_COMMON_EQUITY,True,
szse_listing_register.csv,000688.SZ,A_SHARE_COMMON_EQUITY,True,
szse_listing_register.csv,000690.SZ,A_SHARE_COMMON_EQUITY,True,
szse_listing_register.csv,000691.SZ,A_SHARE_COMMON_EQUITY,True,
szse_listing_register.csv,000692.SZ,A_SHARE_COMMON_EQUITY,True,
szse_listing_register.csv,000695.SZ,A_SHARE_COMMON_EQUITY,True,
szse_listing_register.csv,000697.SZ,A_SHARE_COMMON_EQUITY,True,
szse_listing_register.csv,000698.SZ,A_SHARE_COMMON_EQUITY,True,
szse_listing_register.csv,000700.SZ,A_SHARE_COMMON_EQUITY,True,
szse_listing_register.csv,000701.SZ,A_SHARE_COMMON_EQUITY,True,
szse_listing_register.csv,000702.SZ,A_SHARE_COMMON_EQUITY,True,
szse_listing_register.csv,000703.SZ,A_SHARE_COMMON_EQUITY,True,
szse_listing_register.csv,000705.SZ,A_SHARE_COMMON_EQUITY,True,
szse_listing_register.csv,000707.SZ,A_SHARE_COMMON_EQUITY,True,
szse_listing_register.csv,000708.SZ,A_SHARE_COMMON_EQUITY,True,
szse_listing_register.csv,000709.SZ,A_SHARE_COMMON_EQUITY,True,
szse_listing_register.csv,000710.SZ,A_SHARE_COMMON_EQUITY,True,
szse_listing_register.csv,000711.SZ,A_SHARE_COMMON_EQUITY,True,
szse_listing_register.csv,000712.SZ,A_SHARE_COMMON_EQUITY,True,
szse_listing_register.csv,000713.SZ,A_SHARE_COMMON_EQUITY,True,
szse_listing_register.csv,000715.SZ,A_SHARE_COMMON_EQUITY,True,
szse_listing_register.csv,000716.SZ,A_SHARE_COMMON_EQUITY,True,
szse_listing_register.csv,000717.SZ,A_SHARE_COMMON_EQUITY,True,
szse_listing_register.csv,000718.SZ,A_SHARE_COMMON_EQUITY,True,
szse_listing_register.csv,000719.SZ,A_SHARE_COMMON_EQUITY,True,
szse_listing_register.csv,000720.SZ,A_SHARE_COMMON_EQUITY,True,
szse_listing_register.csv,000721.SZ,A_SHARE_COMMON_EQUITY,True,
szse_listing_register.csv,000722.SZ,A_SHARE_COMMON_EQUITY,True,
szse_listing_register.csv,000723.SZ,A_SHARE_COMMON_EQUITY,True,
szse_listing_register.csv,000725.SZ,A_SHARE_COMMON_EQUITY,True,
szse_listing_register.csv,000726.SZ,A_SHARE_COMMON_EQUITY,True,
szse_listing_register.csv,000727.SZ,A_SHARE_COMMON_EQUITY,True,
szse_listing_register.csv,000728.SZ,A_SHARE_COMMON_EQUITY,True,
szse_listing_register.csv,000729.SZ,A_SHARE_COMMON_EQUITY,True,
szse_listing_register.csv,000731.SZ,A_SHARE_COMMON_EQUITY,True,
szse_listing_register.csv,000733.SZ,A_SHARE_COMMON_EQUITY,True,
szse_listing_register.csv,000735.SZ,A_SHARE_COMMON_EQUITY,True,
szse_listing_register.csv,000736.SZ,A_SHARE_COMMON_EQUITY,True,
szse_listing_register.csv,000737.SZ,A_SHARE_COMMON_EQUITY,True,
szse_listing_register.csv,000738.SZ,A_SHARE_COMMON_EQUITY,True,
szse_listing_register.csv,000739.SZ,A_SHARE_COMMON_EQUITY,True,
szse_listing_register.csv,000750.SZ,A_SHARE_COMMON_EQUITY,True,
szse_listing_register.csv,000751.SZ,A_SHARE_COMMON_EQUITY,True,
szse_listing_register.csv,000752.SZ,A_SHARE_COMMON_EQUITY,True,
szse_listing_register.csv,000753.SZ,A_SHARE_COMMON_EQUITY,True,
szse_listing_register.csv,000755.SZ,A_SHARE_COMMON_EQUITY,True,
szse_listing_register.csv,000756.SZ,A_SHARE_COMMON_EQUITY,True,
szse_listing_register.csv,000757.SZ,A_SHARE_COMMON_EQUITY,True,
szse_listing_register.csv,000758.SZ,A_SHARE_COMMON_EQUITY,True,
szse_listing_register.csv,000759.SZ,A_SHARE_COMMON_EQUITY,True,
szse_listing_register.csv,000761.SZ,A_SHARE_COMMON_EQUITY,True,
szse_listing_register.csv,000762.SZ,A_SHARE_COMMON_EQUITY,True,
szse_listing_register.csv,000766.SZ,A_SHARE_COMMON_EQUITY,True,
szse_listing_register.csv,000767.SZ,A_SHARE_COMMON_EQUITY,True,
szse_listing_register.csv,000768.SZ,A_SHARE_COMMON_EQUITY,True,
szse_listing_register.csv,000776.SZ,A_SHARE_COMMON_EQUITY,True,
szse_listing_register.csv,000777.SZ,A_SHARE_COMMON_EQUITY,True,
szse_listing_register.csv,000778.SZ,A_SHARE_COMMON_EQUITY,True,
szse_listing_register.csv,000779.SZ,A_SHARE_COMMON_EQUITY,True,
szse_listing_register.csv,000782.SZ,A_SHARE_COMMON_EQUITY,True,
szse_listing_register.csv,000783.SZ,A_SHARE_COMMON_EQUITY,True,
szse_listing_register.csv,000785.SZ,A_SHARE_COMMON_EQUITY,True,
szse_listing_register.csv,000786.SZ,A_SHARE_COMMON_EQUITY,True,
szse_listing_register.csv,000788.SZ,A_SHARE_COMMON_EQUITY,True,
szse_listing_register.csv,000789.SZ,A_SHARE_COMMON_EQUITY,True,
szse_listing_register.csv,000790.SZ,A_SHARE_COMMON_EQUITY,True,
szse_listing_register.csv,000791.SZ,A_SHARE_COMMON_EQUITY,True,
szse_listing_register.csv,000792.SZ,A_SHARE_COMMON_EQUITY,True,
szse_listing_register.csv,000793.SZ,A_SHARE_COMMON_EQUITY,True,
szse_listing_register.csv,000795.SZ,A_SHARE_COMMON_EQUITY,True,
szse_listing_register.csv,000796.SZ,A_SHARE_COMMON_EQUITY,True,
szse_listing_register.csv,000797.SZ,A_SHARE_COMMON_EQUITY,True,
szse_listing_register.csv,000798.SZ,A_SHARE_COMMON_EQUITY,True,
szse_listing_register.csv,000799.SZ,A_SHARE_COMMON_EQUITY,True,
szse_listing_register.csv,000800.SZ,A_SHARE_COMMON_EQUITY,True,
szse_listing_register.csv,000801.SZ,A_SHARE_COMMON_EQUITY,True,
szse_listing_register.csv,000802.SZ,A_SHARE_COMMON_EQUITY,True,
szse_listing_register.csv,000803.SZ,A_SHARE_COMMON_EQUITY,True,
szse_listing_register.csv,000807.SZ,A_SHARE_COMMON_EQUITY,True,
szse_listing_register.csv,000809.SZ,A_SHARE_COMMON_EQUITY,True,
szse_listing_register.csv,000810.SZ,A_SHARE_COMMON_EQUITY,True,
szse_listing_register.csv,000811.SZ,A_SHARE_COMMON_EQUITY,True,
szse_listing_register.csv,000812.SZ,A_SHARE_COMMON_EQUITY,True,
szse_listing_register.csv,000813.SZ,A_SHARE_COMMON_EQUITY,True,
szse_listing_register.csv,000815.SZ,A_SHARE_COMMON_EQUITY,True,
szse_listing_register.csv,000816.SZ,A_SHARE_COMMON_EQUITY,True,
szse_listing_register.csv,000818.SZ,A_SHARE_COMMON_EQUITY,True,
szse_listing_register.csv,000819.SZ,A_SHARE_COMMON_EQUITY,True,
szse_listing_register.csv,000820.SZ,A_SHARE_COMMON_EQUITY,True,
szse_listing_register.csv,000821.SZ,A_SHARE_COMMON_EQUITY,True,
szse_listing_register.csv,000822.SZ,A_SHARE_COMMON_EQUITY,True,
szse_listing_register.csv,000823.SZ,A_SHARE_COMMON_EQUITY,True,
szse_listing_register.csv,000825.SZ,A_SHARE_COMMON_EQUITY,True,
szse_listing_register.csv,000826.SZ,A_SHARE_COMMON_EQUITY,True,
szse_listing_register.csv,000828.SZ,A_SHARE_COMMON_EQUITY,True,
szse_listing_register.csv,000829.SZ,A_SHARE_COMMON_EQUITY,True,
szse_listing_register.csv,000830.SZ,A_SHARE_COMMON_EQUITY,True,
szse_listing_register.csv,000831.SZ,A_SHARE_COMMON_EQUITY,True,
szse_listing_register.csv,000833.SZ,A_SHARE_COMMON_EQUITY,True,
szse_listing_register.csv,000837.SZ,A_SHARE_COMMON_EQUITY,True,
szse_listing_register.csv,000838.SZ,A_SHARE_COMMON_EQUITY,True,
szse_listing_register.csv,000839.SZ,A_SHARE_COMMON_EQUITY,True,
szse_listing_register.csv,000848.SZ,A_SHARE_COMMON_EQUITY,True,
szse_listing_register.csv,000850.SZ,A_SHARE_COMMON_EQUITY,True,
szse_listing_register.csv,000852.SZ,A_SHARE_COMMON_EQUITY,True,
szse_listing_register.csv,000856.SZ,A_SHARE_COMMON_EQUITY,True,
szse_listing_register.csv,000858.SZ,A_SHARE_COMMON_EQUITY,True,
szse_listing_register.csv,000859.SZ,A_SHARE_COMMON_EQUITY,True,
szse_listing_register.csv,000860.SZ,A_SHARE_COMMON_EQUITY,True,
szse_listing_register.csv,000862.SZ,A_SHARE_COMMON_EQUITY,True,
szse_listing_register.csv,000863.SZ,A_SHARE_COMMON_EQUITY,True,
szse_listing_register.csv,000868.SZ,A_SHARE_COMMON_EQUITY,True,
szse_listing_register.csv,000869.SZ,A_SHARE_COMMON_EQUITY,True,
szse_listing_register.csv,000875.SZ,A_SHARE_COMMON_EQUITY,True,
szse_listing_register.csv,000876.SZ,A_SHARE_COMMON_EQUITY,True,
szse_listing_register.csv,000877.SZ,A_SHARE_COMMON_EQUITY,True,
szse_listing_register.csv,000878.SZ,A_SHARE_COMMON_EQUITY,True,
szse_listing_register.csv,000880.SZ,A_SHARE_COMMON_EQUITY,True,
szse_listing_register.csv,000881.SZ,A_SHARE_COMMON_EQUITY,True,
szse_listing_register.csv,000882.SZ,A_SHARE_COMMON_EQUITY,True,
szse_listing_register.csv,000883.SZ,A_SHARE_COMMON_EQUITY,True,
szse_listing_register.csv,000885.SZ,A_SHARE_COMMON_EQUITY,True,
szse_listing_register.csv,000886.SZ,A_SHARE_COMMON_EQUITY,True,
szse_listing_register.csv,000887.SZ,A_SHARE_COMMON_EQUITY,True,
szse_listing_register.csv,000888.SZ,A_SHARE_COMMON_EQUITY,True,
szse_listing_register.csv,000889.SZ,A_SHARE_COMMON_EQUITY,True,
szse_listing_register.csv,000890.SZ,A_SHARE_COMMON_EQUITY,True,
szse_listing_register.csv,000892.SZ,A_SHARE_COMMON_EQUITY,True,
szse_listing_register.csv,000893.SZ,A_SHARE_COMMON_EQUITY,True,
szse_listing_register.csv,000895.SZ,A_SHARE_COMMON_EQUITY,True,
szse_listing_register.csv,000897.SZ,A_SHARE_COMMON_EQUITY,True,
szse_listing_register.csv,000898.SZ,A_SHARE_COMMON_EQUITY,True,
szse_listing_register.csv,000899.SZ,A_SHARE_COMMON_EQUITY,True,
szse_listing_register.csv,000900.SZ,A_SHARE_COMMON_EQUITY,True,
szse_listing_register.csv,000901.SZ,A_SHARE_COMMON_EQUITY,True,
szse_listing_register.csv,000902.SZ,A_SHARE_COMMON_EQUITY,True,
szse_listing_register.csv,000903.SZ,A_SHARE_COMMON_EQUITY,True,
szse_listing_register.csv,000905.SZ,A_SHARE_COMMON_EQUITY,True,
szse_listing_register.csv,000906.SZ,A_SHARE_COMMON_EQUITY,True,
szse_listing_register.csv,000908.SZ,A_SHARE_COMMON_EQUITY,True,
szse_listing_register.csv,000909.SZ,A_SHARE_COMMON_EQUITY,True,
szse_listing_register.csv,000910.SZ,A_SHARE_COMMON_EQUITY,True,
szse_listing_register.csv,000911.SZ,A_SHARE_COMMON_EQUITY,True,
szse_listing_register.csv,000912.SZ,A_SHARE_COMMON_EQUITY,True,
szse_listing_register.csv,000913.SZ,A_SHARE_COMMON_EQUITY,True,
szse_listing_register.csv,000915.SZ,A_SHARE_COMMON_EQUITY,True,
szse_listing_register.csv,000917.SZ,A_SHARE_COMMON_EQUITY,True,
szse_listing_register.csv,000919.SZ,A_SHARE_COMMON_EQUITY,True,
szse_listing_register.csv,000920.SZ,A_SHARE_COMMON_EQUITY,True,
szse_listing_register.csv,000921.SZ,A_SHARE_COMMON_EQUITY,True,
szse_listing_register.csv,000922.SZ,A_SHARE_COMMON_EQUITY,True,
szse_listing_register.csv,000923.SZ,A_SHARE_COMMON_EQUITY,True,
szse_listing_register.csv,000925.SZ,A_SHARE_COMMON_EQUITY,True,
szse_listing_register.csv,000926.SZ,A_SHARE_COMMON_EQUITY,True,
szse_listing_register.csv,000927.SZ,A_SHARE_COMMON_EQUITY,True,
szse_listing_register.csv,000928.SZ,A_SHARE_COMMON_EQUITY,True,
szse_listing_register.csv,000929.SZ,A_SHARE_COMMON_EQUITY,True,
szse_listing_register.csv,000930.SZ,A_SHARE_COMMON_EQUITY,True,
szse_listing_register.csv,000931.SZ,A_SHARE_COMMON_EQUITY,True,
szse_listing_register.csv,000932.SZ,A_SHARE_COMMON_EQUITY,True,
szse_listing_register.csv,000933.SZ,A_SHARE_COMMON_EQUITY,True,
szse_listing_register.csv,000935.SZ,A_SHARE_COMMON_EQUITY,True,
szse_listing_register.csv,000936.SZ,A_SHARE_COMMON_EQUITY,True,
szse_listing_register.csv,000937.SZ,A_SHARE_COMMON_EQUITY,True,
szse_listing_register.csv,000938.SZ,A_SHARE_COMMON_EQUITY,True,
szse_listing_register.csv,000948.SZ,A_SHARE_COMMON_EQUITY,True,
szse_listing_register.csv,000949.SZ,A_SHARE_COMMON_EQUITY,True,
szse_listing_register.csv,000950.SZ,A_SHARE_COMMON_EQUITY,True,
szse_listing_register.csv,000951.SZ,A_SHARE_COMMON_EQUITY,True,
szse_listing_register.csv,000952.SZ,A_SHARE_COMMON_EQUITY,True,
szse_listing_register.csv,000953.SZ,A_SHARE_COMMON_EQUITY,True,
szse_listing_register.csv,000955.SZ,A_SHARE_COMMON_EQUITY,True,
szse_listing_register.csv,000957.SZ,A_SHARE_COMMON_EQUITY,True,
szse_listing_register.csv,000958.SZ,A_SHARE_COMMON_EQUITY,True,
szse_listing_register.csv,000959.SZ,A_SHARE_COMMON_EQUITY,True,
szse_listing_register.csv,000960.SZ,A_SHARE_COMMON_EQUITY,True,
szse_listing_register.csv,000962.SZ,A_SHARE_COMMON_EQUITY,True,
szse_listing_register.csv,000963.SZ,A_SHARE_COMMON_EQUITY,True,
szse_listing_register.csv,000965.SZ,A_SHARE_COMMON_EQUITY,True,
szse_listing_register.csv,000966.SZ,A_SHARE_COMMON_EQUITY,True,
szse_listing_register.csv,000967.SZ,A_SHARE_COMMON_EQUITY,True,
szse_listing_register.csv,000968.SZ,A_SHARE_COMMON_EQUITY,True,
szse_listing_register.csv,000969.SZ,A_SHARE_COMMON_EQUITY,True,
szse_listing_register.csv,000970.SZ,A_SHARE_COMMON_EQUITY,True,
szse_listing_register.csv,000972.SZ,A_SHARE_COMMON_EQUITY,True,
szse_listing_register.csv,000973.SZ,A_SHARE_COMMON_EQUITY,True,
szse_listing_register.csv,000975.SZ,A_SHARE_COMMON_EQUITY,True,
szse_listing_register.csv,000977.SZ,A_SHARE_COMMON_EQUITY,True,
szse_listing_register.csv,000978.SZ,A_SHARE_COMMON_EQUITY,True,
szse_listing_register.csv,000980.SZ,A_SHARE_COMMON_EQUITY,True,
szse_listing_register.csv,000981.SZ,A_SHARE_COMMON_EQUITY,True,
szse_listing_register.csv,000983.SZ,A_SHARE_COMMON_EQUITY,True,
szse_listing_register.csv,000985.SZ,A_SHARE_COMMON_EQUITY,True,
szse_listing_register.csv,000987.SZ,A_SHARE_COMMON_EQUITY,True,
szse_listing_register.csv,000988.SZ,A_SHARE_COMMON_EQUITY,True,
szse_listing_register.csv,000989.SZ,A_SHARE_COMMON_EQUITY,True,
szse_listing_register.csv,000990.SZ,A_SHARE_COMMON_EQUITY,True,
szse_listing_register.csv,000993.SZ,A_SHARE_COMMON_EQUITY,True,
szse_listing_register.csv,000995.SZ,A_SHARE_COMMON_EQUITY,True,
szse_listing_register.csv,000997.SZ,A_SHARE_COMMON_EQUITY,True,
szse_listing_register.csv,000998.SZ,A_SHARE_COMMON_EQUITY,True,
szse_listing_register.csv,000999.SZ,A_SHARE_COMMON_EQUITY,True,
szse_listing_register.csv,001201.SZ,A_SHARE_COMMON_EQUITY,True,
szse_listing_register.csv,001202.SZ,A_SHARE_COMMON_EQUITY,True,
szse_listing_register.csv,001203.SZ,A_SHARE_COMMON_EQUITY,True,
szse_listing_register.csv,001205.SZ,A_SHARE_COMMON_EQUITY,True,
szse_listing_register.csv,001206.SZ,A_SHARE_COMMON_EQUITY,True,
szse_listing_register.csv,001207.SZ,A_SHARE_COMMON_EQUITY,True,
szse_listing_register.csv,001208.SZ,A_SHARE_COMMON_EQUITY,True,
szse_listing_register.csv,001209.SZ,A_SHARE_COMMON_EQUITY,True,
szse_listing_register.csv,001210.SZ,A_SHARE_COMMON_EQUITY,True,
szse_listing_register.csv,001211.SZ,A_SHARE_COMMON_EQUITY,True,
szse_listing_register.csv,001212.SZ,A_SHARE_COMMON_EQUITY,True,
szse_listing_register.csv,001213.SZ,A_SHARE_COMMON_EQUITY,True,
szse_listing_register.csv,001215.SZ,A_SHARE_COMMON_EQUITY,True,
szse_listing_register.csv,001216.SZ,A_SHARE_COMMON_EQUITY,True,
szse_listing_register.csv,001217.SZ,A_SHARE_COMMON_EQUITY,True,
szse_listing_register.csv,001218.SZ,A_SHARE_COMMON_EQUITY,True,
szse_listing_register.csv,001219.SZ,A_SHARE_COMMON_EQUITY,True,
szse_listing_register.csv,001220.SZ,A_SHARE_COMMON_EQUITY,True,
szse_listing_register.csv,001221.SZ,A_SHARE_COMMON_EQUITY,True,
szse_listing_register.csv,001222.SZ,A_SHARE_COMMON_EQUITY,True,
szse_listing_register.csv,001223.SZ,A_SHARE_COMMON_EQUITY,True,
szse_listing_register.csv,001225.SZ,A_SHARE_COMMON_EQUITY,True,
szse_listing_register.csv,001226.SZ,A_SHARE_COMMON_EQUITY,True,
szse_listing_register.csv,001227.SZ,A_SHARE_COMMON_EQUITY,True,
szse_listing_register.csv,001228.SZ,A_SHARE_COMMON_EQUITY,True,
szse_listing_register.csv,001229.SZ,A_SHARE_COMMON_EQUITY,True,
szse_listing_register.csv,001230.SZ,A_SHARE_COMMON_EQUITY,True,
szse_listing_register.csv,001231.SZ,A_SHARE_COMMON_EQUITY,True,
szse_listing_register.csv,001232.SZ,A_SHARE_COMMON_EQUITY,True,
szse_listing_register.csv,001233.SZ,A_SHARE_COMMON_EQUITY,True,
szse_listing_register.csv,001234.SZ,A_SHARE_COMMON_EQUITY,True,
szse_listing_register.csv,001236.SZ,A_SHARE_COMMON_EQUITY,True,
szse_listing_register.csv,001237.SZ,A_SHARE_COMMON_EQUITY,True,
szse_listing_register.csv,001238.SZ,A_SHARE_COMMON_EQUITY,True,
szse_listing_register.csv,001239.SZ,A_SHARE_COMMON_EQUITY,True,
szse_listing_register.csv,001246.SZ,A_SHARE_COMMON_EQUITY,True,
szse_listing_register.csv,001248.SZ,A_SHARE_COMMON_EQUITY,True,
szse_listing_register.csv,001255.SZ,A_SHARE_COMMON_EQUITY,True,
szse_listing_register.csv,001256.SZ,A_SHARE_COMMON_EQUITY,True,
szse_listing_register.csv,001257.SZ,A_SHARE_COMMON_EQUITY,True,
szse_listing_register.csv,001258.SZ,A_SHARE_COMMON_EQUITY,True,
szse_listing_register.csv,001259.SZ,A_SHARE_COMMON_EQUITY,True,
szse_listing_register.csv,001260.SZ,A_SHARE_COMMON_EQUITY,True,
szse_listing_register.csv,001266.SZ,A_SHARE_COMMON_EQUITY,True,
szse_listing_register.csv,001267.SZ,A_SHARE_COMMON_EQUITY,True,
szse_listing_register.csv,001268.SZ,A_SHARE_COMMON_EQUITY,True,
szse_listing_register.csv,001269.SZ,A_SHARE_COMMON_EQUITY,True,
szse_listing_register.csv,001270.SZ,A_SHARE_COMMON_EQUITY,True,
szse_listing_register.csv,001277.SZ,A_SHARE_COMMON_EQUITY,True,
szse_listing_register.csv,001278.SZ,A_SHARE_COMMON_EQUITY,True,
szse_listing_register.csv,001279.SZ,A_SHARE_COMMON_EQUITY,True,
szse_listing_register.csv,001280.SZ,A_SHARE_COMMON_EQUITY,True,
szse_listing_register.csv,001282.SZ,A_SHARE_COMMON_EQUITY,True,
szse_listing_register.csv,001283.SZ,A_SHARE_COMMON_EQUITY,True,
szse_listing_register.csv,001285.SZ,A_SHARE_COMMON_EQUITY,True,
szse_listing_register.csv,001286.SZ,A_SHARE_COMMON_EQUITY,True,
szse_listing_register.csv,001287.SZ,A_SHARE_COMMON_EQUITY,True,
szse_listing_register.csv,001288.SZ,A_SHARE_COMMON_EQUITY,True,
szse_listing_register.csv,001289.SZ,A_SHARE_COMMON_EQUITY,True,
szse_listing_register.csv,001296.SZ,A_SHARE_COMMON_EQUITY,True,
szse_listing_register.csv,001298.SZ,A_SHARE_COMMON_EQUITY,True,
szse_listing_register.csv,001299.SZ,A_SHARE_COMMON_EQUITY,True,
szse_listing_register.csv,001300.SZ,A_SHARE_COMMON_EQUITY,True,
szse_listing_register.csv,001301.SZ,A_SHARE_COMMON_EQUITY,True,
szse_listing_register.csv,001306.SZ,A_SHARE_COMMON_EQUITY,True,
szse_listing_register.csv,001308.SZ,A_SHARE_COMMON_EQUITY,True,
szse_listing_register.csv,001309.SZ,A_SHARE_COMMON_EQUITY,True,
szse_listing_register.csv,001311.SZ,A_SHARE_COMMON_EQUITY,True,
szse_listing_register.csv,001312.SZ,A_SHARE_COMMON_EQUITY,True,
szse_listing_register.csv,001313.SZ,A_SHARE_COMMON_EQUITY,True,
szse_listing_register.csv,001314.SZ,A_SHARE_COMMON_EQUITY,True,
szse_listing_register.csv,001316.SZ,A_SHARE_COMMON_EQUITY,True,
szse_listing_register.csv,001317.SZ,A_SHARE_COMMON_EQUITY,True,
szse_listing_register.csv,001318.SZ,A_SHARE_COMMON_EQUITY,True,
szse_listing_register.csv,001319.SZ,A_SHARE_COMMON_EQUITY,True,
szse_listing_register.csv,001322.SZ,A_SHARE_COMMON_EQUITY,True,
szse_listing_register.csv,001323.SZ,A_SHARE_COMMON_EQUITY,True,
szse_listing_register.csv,001324.SZ,A_SHARE_COMMON_EQUITY,True,
szse_listing_register.csv,001325.SZ,A_SHARE_COMMON_EQUITY,True,
szse_listing_register.csv,001326.SZ,A_SHARE_COMMON_EQUITY,True,
szse_listing_register.csv,001328.SZ,A_SHARE_COMMON_EQUITY,True,
szse_listing_register.csv,001330.SZ,A_SHARE_COMMON_EQUITY,True,
szse_listing_register.csv,001331.SZ,A_SHARE_COMMON_EQUITY,True,
szse_listing_register.csv,001332.SZ,A_SHARE_COMMON_EQUITY,True,
szse_listing_register.csv,001333.SZ,A_SHARE_COMMON_EQUITY,True,
szse_listing_register.csv,001335.SZ,A_SHARE_COMMON_EQUITY,True,
szse_listing_register.csv,001336.SZ,A_SHARE_COMMON_EQUITY,True,
szse_listing_register.csv,001337.SZ,A_SHARE_COMMON_EQUITY,True,
szse_listing_register.csv,001338.SZ,A_SHARE_COMMON_EQUITY,True,
szse_listing_register.csv,001339.SZ,A_SHARE_COMMON_EQUITY,True,
szse_listing_register.csv,001356.SZ,A_SHARE_COMMON_EQUITY,True,
szse_listing_register.csv,001358.SZ,A_SHARE_COMMON_EQUITY,True,
szse_listing_register.csv,001359.SZ,A_SHARE_COMMON_EQUITY,True,
szse_listing_register.csv,001360.SZ,A_SHARE_COMMON_EQUITY,True,
szse_listing_register.csv,001365.SZ,A_SHARE_COMMON_EQUITY,True,
szse_listing_register.csv,001366.SZ,A_SHARE_COMMON_EQUITY,True,
szse_listing_register.csv,001367.SZ,A_SHARE_COMMON_EQUITY,True,
szse_listing_register.csv,001368.SZ,A_SHARE_COMMON_EQUITY,True,
szse_listing_register.csv,001369.SZ,A_SHARE_COMMON_EQUITY,True,
szse_listing_register.csv,001373.SZ,A_SHARE_COMMON_EQUITY,True,
szse_listing_register.csv,001376.SZ,A_SHARE_COMMON_EQUITY,True,
szse_listing_register.csv,001378.SZ,A_SHARE_COMMON_EQUITY,True,
szse_listing_register.csv,001379.SZ,A_SHARE_COMMON_EQUITY,True,
szse_listing_register.csv,001380.SZ,A_SHARE_COMMON_EQUITY,True,
szse_listing_register.csv,001382.SZ,A_SHARE_COMMON_EQUITY,True,
szse_listing_register.csv,001386.SZ,A_SHARE_COMMON_EQUITY,True,
szse_listing_register.csv,001387.SZ,A_SHARE_COMMON_EQUITY,True,
szse_listing_register.csv,001388.SZ,A_SHARE_COMMON_EQUITY,True,
szse_listing_register.csv,001389.SZ,A_SHARE_COMMON_EQUITY,True,
szse_listing_register.csv,001390.SZ,A_SHARE_COMMON_EQUITY,True,
szse_listing_register.csv,001391.SZ,A_SHARE_COMMON_EQUITY,True,
szse_listing_register.csv,001393.SZ,A_SHARE_COMMON_EQUITY,True,
szse_listing_register.csv,001395.SZ,A_SHARE_COMMON_EQUITY,True,
szse_listing_register.csv,001396.SZ,A_SHARE_COMMON_EQUITY,True,
szse_listing_register.csv,001399.SZ,A_SHARE_COMMON_EQUITY,True,
szse_listing_register.csv,001400.SZ,A_SHARE_COMMON_EQUITY,True,
szse_listing_register.csv,001696.SZ,A_SHARE_COMMON_EQUITY,True,
szse_listing_register.csv,001872.SZ,A_SHARE_COMMON_EQUITY,True,
szse_listing_register.csv,001896.SZ,A_SHARE_COMMON_EQUITY,True,
szse_listing_register.csv,001914.SZ,A_SHARE_COMMON_EQUITY,True,
szse_listing_register.csv,001965.SZ,A_SHARE_COMMON_EQUITY,True,
szse_listing_register.csv,001979.SZ,A_SHARE_COMMON_EQUITY,True,
szse_listing_register.csv,002001.SZ,A_SHARE_COMMON_EQUITY,True,
szse_listing_register.csv,002003.SZ,A_SHARE_COMMON_EQUITY,True,
szse_listing_register.csv,002004.SZ,A_SHARE_COMMON_EQUITY,True,
szse_listing_register.csv,002005.SZ,A_SHARE_COMMON_EQUITY,True,
szse_listing_register.csv,002006.SZ,A_SHARE_COMMON_EQUITY,True,
szse_listing_register.csv,002007.SZ,A_SHARE_COMMON_EQUITY,True,
szse_listing_register.csv,002008.SZ,A_SHARE_COMMON_EQUITY,True,
szse_listing_register.csv,002009.SZ,A_SHARE_COMMON_EQUITY,True,
szse_listing_register.csv,002010.SZ,A_SHARE_COMMON_EQUITY,True,
szse_listing_register.csv,002011.SZ,A_SHARE_COMMON_EQUITY,True,
szse_listing_register.csv,002012.SZ,A_SHARE_COMMON_EQUITY,True,
szse_listing_register.csv,002014.SZ,A_SHARE_COMMON_EQUITY,True,
szse_listing_register.csv,002015.SZ,A_SHARE_COMMON_EQUITY,True,
szse_listing_register.csv,002016.SZ,A_SHARE_COMMON_EQUITY,True,
szse_listing_register.csv,002017.SZ,A_SHARE_COMMON_EQUITY,True,
szse_listing_register.csv,002019.SZ,A_SHARE_COMMON_EQUITY,True,
szse_listing_register.csv,002020.SZ,A_SHARE_COMMON_EQUITY,True,
szse_listing_register.csv,002021.SZ,A_SHARE_COMMON_EQUITY,True,
szse_listing_register.csv,002022.SZ,A_SHARE_COMMON_EQUITY,True,
szse_listing_register.csv,002023.SZ,A_SHARE_COMMON_EQUITY,True,
szse_listing_register.csv,002024.SZ,A_SHARE_COMMON_EQUITY,True,
szse_listing_register.csv,002025.SZ,A_SHARE_COMMON_EQUITY,True,
szse_listing_register.csv,002026.SZ,A_SHARE_COMMON_EQUITY,True,
szse_listing_register.csv,002027.SZ,A_SHARE_COMMON_EQUITY,True,
szse_listing_register.csv,002028.SZ,A_SHARE_COMMON_EQUITY,True,
szse_listing_register.csv,002029.SZ,A_SHARE_COMMON_EQUITY,True,
szse_listing_register.csv,002030.SZ,A_SHARE_COMMON_EQUITY,True,
szse_listing_register.csv,002031.SZ,A_SHARE_COMMON_EQUITY,True,
szse_listing_register.csv,002032.SZ,A_SHARE_COMMON_EQUITY,True,
szse_listing_register.csv,002033.SZ,A_SHARE_COMMON_EQUITY,True,
szse_listing_register.csv,002034.SZ,A_SHARE_COMMON_EQUITY,True,
szse_listing_register.csv,002035.SZ,A_SHARE_COMMON_EQUITY,True,
szse_listing_register.csv,002036.SZ,A_SHARE_COMMON_EQUITY,True,
szse_listing_register.csv,002037.SZ,A_SHARE_COMMON_EQUITY,True,
szse_listing_register.csv,002038.SZ,A_SHARE_COMMON_EQUITY,True,
szse_listing_register.csv,002039.SZ,A_SHARE_COMMON_EQUITY,True,
szse_listing_register.csv,002040.SZ,A_SHARE_COMMON_EQUITY,True,
szse_listing_register.csv,002041.SZ,A_SHARE_COMMON_EQUITY,True,
szse_listing_register.csv,002042.SZ,A_SHARE_COMMON_EQUITY,True,
szse_listing_register.csv,002043.SZ,A_SHARE_COMMON_EQUITY,True,
szse_listing_register.csv,002044.SZ,A_SHARE_COMMON_EQUITY,True,
szse_listing_register.csv,002045.SZ,A_SHARE_COMMON_EQUITY,True,
szse_listing_register.csv,002046.SZ,A_SHARE_COMMON_EQUITY,True,
szse_listing_register.csv,002047.SZ,A_SHARE_COMMON_EQUITY,True,
szse_listing_register.csv,002048.SZ,A_SHARE_COMMON_EQUITY,True,
szse_listing_register.csv,002049.SZ,A_SHARE_COMMON_EQUITY,True,
szse_listing_register.csv,002050.SZ,A_SHARE_COMMON_EQUITY,True,
szse_listing_register.csv,002051.SZ,A_SHARE_COMMON_EQUITY,True,
szse_listing_register.csv,002052.SZ,A_SHARE_COMMON_EQUITY,True,
szse_listing_register.csv,002053.SZ,A_SHARE_COMMON_EQUITY,True,
szse_listing_register.csv,002054.SZ,A_SHARE_COMMON_EQUITY,True,
szse_listing_register.csv,002055.SZ,A_SHARE_COMMON_EQUITY,True,
szse_listing_register.csv,002056.SZ,A_SHARE_COMMON_EQUITY,True,
szse_listing_register.csv,002057.SZ,A_SHARE_COMMON_EQUITY,True,
szse_listing_register.csv,002058.SZ,A_SHARE_COMMON_EQUITY,True,
szse_listing_register.csv,002059.SZ,A_SHARE_COMMON_EQUITY,True,
szse_listing_register.csv,002060.SZ,A_SHARE_COMMON_EQUITY,True,
szse_listing_register.csv,002061.SZ,A_SHARE_COMMON_EQUITY,True,
szse_listing_register.csv,002062.SZ,A_SHARE_COMMON_EQUITY,True,
szse_listing_register.csv,002063.SZ,A_SHARE_COMMON_EQUITY,True,
szse_listing_register.csv,002064.SZ,A_SHARE_COMMON_EQUITY,True,
szse_listing_register.csv,002065.SZ,A_SHARE_COMMON_EQUITY,True,
szse_listing_register.csv,002066.SZ,A_SHARE_COMMON_EQUITY,True,
szse_listing_register.csv,002067.SZ,A_SHARE_COMMON_EQUITY,True,
szse_listing_register.csv,002068.SZ,A_SHARE_COMMON_EQUITY,True,
szse_listing_register.csv,002069.SZ,A_SHARE_COMMON_EQUITY,True,
szse_listing_register.csv,002072.SZ,A_SHARE_COMMON_EQUITY,True,
szse_listing_register.csv,002073.SZ,A_SHARE_COMMON_EQUITY,True,
szse_listing_register.csv,002074.SZ,A_SHARE_COMMON_EQUITY,True,
szse_listing_register.csv,002075.SZ,A_SHARE_COMMON_EQUITY,True,
szse_listing_register.csv,002076.SZ,A_SHARE_COMMON_EQUITY,True,
szse_listing_register.csv,002077.SZ,A_SHARE_COMMON_EQUITY,True,
szse_listing_register.csv,002078.SZ,A_SHARE_COMMON_EQUITY,True,
szse_listing_register.csv,002079.SZ,A_SHARE_COMMON_EQUITY,True,
szse_listing_register.csv,002080.SZ,A_SHARE_COMMON_EQUITY,True,
szse_listing_register.csv,002081.SZ,A_SHARE_COMMON_EQUITY,True,
szse_listing_register.csv,002082.SZ,A_SHARE_COMMON_EQUITY,True,
szse_listing_register.csv,002083.SZ,A_SHARE_COMMON_EQUITY,True,
szse_listing_register.csv,002084.SZ,A_SHARE_COMMON_EQUITY,True,
szse_listing_register.csv,002085.SZ,A_SHARE_COMMON_EQUITY,True,
szse_listing_register.csv,002086.SZ,A_SHARE_COMMON_EQUITY,True,
szse_listing_register.csv,002088.SZ,A_SHARE_COMMON_EQUITY,True,
szse_listing_register.csv,002090.SZ,A_SHARE_COMMON_EQUITY,True,
szse_listing_register.csv,002091.SZ,A_SHARE_COMMON_EQUITY,True,
szse_listing_register.csv,002092.SZ,A_SHARE_COMMON_EQUITY,True,
szse_listing_register.csv,002093.SZ,A_SHARE_COMMON_EQUITY,True,
szse_listing_register.csv,002094.SZ,A_SHARE_COMMON_EQUITY,True,
szse_listing_register.csv,002095.SZ,A_SHARE_COMMON_EQUITY,True,
szse_listing_register.csv,002096.SZ,A_SHARE_COMMON_EQUITY,True,
szse_listing_register.csv,002097.SZ,A_SHARE_COMMON_EQUITY,True,
szse_listing_register.csv,002098.SZ,A_SHARE_COMMON_EQUITY,True,
szse_listing_register.csv,002099.SZ,A_SHARE_COMMON_EQUITY,True,
szse_listing_register.csv,002100.SZ,A_SHARE_COMMON_EQUITY,True,
szse_listing_register.csv,002101.SZ,A_SHARE_COMMON_EQUITY,True,
szse_listing_register.csv,002102.SZ,A_SHARE_COMMON_EQUITY,True,
szse_listing_register.csv,002103.SZ,A_SHARE_COMMON_EQUITY,True,
szse_listing_register.csv,002104.SZ,A_SHARE_COMMON_EQUITY,True,
szse_listing_register.csv,002105.SZ,A_SHARE_COMMON_EQUITY,True,
szse_listing_register.csv,002106.SZ,A_SHARE_COMMON_EQUITY,True,
szse_listing_register.csv,002107.SZ,A_SHARE_COMMON_EQUITY,True,
szse_listing_register.csv,002108.SZ,A_SHARE_COMMON_EQUITY,True,
szse_listing_register.csv,002109.SZ,A_SHARE_COMMON_EQUITY,True,
szse_listing_register.csv,002110.SZ,A_SHARE_COMMON_EQUITY,True,
szse_listing_register.csv,002111.SZ,A_SHARE_COMMON_EQUITY,True,
szse_listing_register.csv,002112.SZ,A_SHARE_COMMON_EQUITY,True,
szse_listing_register.csv,002114.SZ,A_SHARE_COMMON_EQUITY,True,
szse_listing_register.csv,002115.SZ,A_SHARE_COMMON_EQUITY,True,
szse_listing_register.csv,002116.SZ,A_SHARE_COMMON_EQUITY,True,
szse_listing_register.csv,002117.SZ,A_SHARE_COMMON_EQUITY,True,
szse_listing_register.csv,002119.SZ,A_SHARE_COMMON_EQUITY,True,
szse_listing_register.csv,002120.SZ,A_SHARE_COMMON_EQUITY,True,
szse_listing_register.csv,002121.SZ,A_SHARE_COMMON_EQUITY,True,
szse_listing_register.csv,002122.SZ,A_SHARE_COMMON_EQUITY,True,
szse_listing_register.csv,002123.SZ,A_SHARE_COMMON_EQUITY,True,
szse_listing_register.csv,002124.SZ,A_SHARE_COMMON_EQUITY,True,
szse_listing_register.csv,002125.SZ,A_SHARE_COMMON_EQUITY,True,
szse_listing_register.csv,002126.SZ,A_SHARE_COMMON_EQUITY,True,
szse_listing_register.csv,002127.SZ,A_SHARE_COMMON_EQUITY,True,
szse_listing_register.csv,002128.SZ,A_SHARE_COMMON_EQUITY,True,
szse_listing_register.csv,002129.SZ,A_SHARE_COMMON_EQUITY,True,
szse_listing_register.csv,002130.SZ,A_SHARE_COMMON_EQUITY,True,
szse_listing_register.csv,002131.SZ,A_SHARE_COMMON_EQUITY,True,
szse_listing_register.csv,002132.SZ,A_SHARE_COMMON_EQUITY,True,
szse_listing_register.csv,002133.SZ,A_SHARE_COMMON_EQUITY,True,
szse_listing_register.csv,002134.SZ,A_SHARE_COMMON_EQUITY,True,
szse_listing_register.csv,002135.SZ,A_SHARE_COMMON_EQUITY,True,
szse_listing_register.csv,002136.SZ,A_SHARE_COMMON_EQUITY,True,
szse_listing_register.csv,002137.SZ,A_SHARE_COMMON_EQUITY,True,
szse_listing_register.csv,002138.SZ,A_SHARE_COMMON_EQUITY,True,
szse_listing_register.csv,002139.SZ,A_SHARE_COMMON_EQUITY,True,
szse_listing_register.csv,002140.SZ,A_SHARE_COMMON_EQUITY,True,
szse_listing_register.csv,002141.SZ,A_SHARE_COMMON_EQUITY,True,
szse_listing_register.csv,002142.SZ,A_SHARE_COMMON_EQUITY,True,
szse_listing_register.csv,002144.SZ,A_SHARE_COMMON_EQUITY,True,
szse_listing_register.csv,002145.SZ,A_SHARE_COMMON_EQUITY,True,
szse_listing_register.csv,002146.SZ,A_SHARE_COMMON_EQUITY,True,
szse_listing_register.csv,002148.SZ,A_SHARE_COMMON_EQUITY,True,
szse_listing_register.csv,002149.SZ,A_SHARE_COMMON_EQUITY,True,
szse_listing_register.csv,002150.SZ,A_SHARE_COMMON_EQUITY,True,
szse_listing_register.csv,002151.SZ,A_SHARE_COMMON_EQUITY,True,
szse_listing_register.csv,002152.SZ,A_SHARE_COMMON_EQUITY,True,
szse_listing_register.csv,002153.SZ,A_SHARE_COMMON_EQUITY,True,
szse_listing_register.csv,002154.SZ,A_SHARE_COMMON_EQUITY,True,
szse_listing_register.csv,002155.SZ,A_SHARE_COMMON_EQUITY,True,
szse_listing_register.csv,002156.SZ,A_SHARE_COMMON_EQUITY,True,
szse_listing_register.csv,002157.SZ,A_SHARE_COMMON_EQUITY,True,
szse_listing_register.csv,002158.SZ,A_SHARE_COMMON_EQUITY,True,
szse_listing_register.csv,002159.SZ,A_SHARE_COMMON_EQUITY,True,
szse_listing_register.csv,002160.SZ,A_SHARE_COMMON_EQUITY,True,
szse_listing_register.csv,002161.SZ,A_SHARE_COMMON_EQUITY,True,
szse_listing_register.csv,002162.SZ,A_SHARE_COMMON_EQUITY,True,
szse_listing_register.csv,002163.SZ,A_SHARE_COMMON_EQUITY,True,
szse_listing_register.csv,002164.SZ,A_SHARE_COMMON_EQUITY,True,
szse_listing_register.csv,002165.SZ,A_SHARE_COMMON_EQUITY,True,
szse_listing_register.csv,002166.SZ,A_SHARE_COMMON_EQUITY,True,
szse_listing_register.csv,002167.SZ,A_SHARE_COMMON_EQUITY,True,
szse_listing_register.csv,002168.SZ,A_SHARE_COMMON_EQUITY,True,
szse_listing_register.csv,002169.SZ,A_SHARE_COMMON_EQUITY,True,
szse_listing_register.csv,002170.SZ,A_SHARE_COMMON_EQUITY,True,
szse_listing_register.csv,002171.SZ,A_SHARE_COMMON_EQUITY,True,
szse_listing_register.csv,002172.SZ,A_SHARE_COMMON_EQUITY,True,
szse_listing_register.csv,002173.SZ,A_SHARE_COMMON_EQUITY,True,
szse_listing_register.csv,002174.SZ,A_SHARE_COMMON_EQUITY,True,
szse_listing_register.csv,002175.SZ,A_SHARE_COMMON_EQUITY,True,
szse_listing_register.csv,002176.SZ,A_SHARE_COMMON_EQUITY,True,
szse_listing_register.csv,002177.SZ,A_SHARE_COMMON_EQUITY,True,
szse_listing_register.csv,002178.SZ,A_SHARE_COMMON_EQUITY,True,
szse_listing_register.csv,002179.SZ,A_SHARE_COMMON_EQUITY,True,
szse_listing_register.csv,002180.SZ,A_SHARE_COMMON_EQUITY,True,
szse_listing_register.csv,002181.SZ,A_SHARE_COMMON_EQUITY,True,
szse_listing_register.csv,002182.SZ,A_SHARE_COMMON_EQUITY,True,
szse_listing_register.csv,002183.SZ,A_SHARE_COMMON_EQUITY,True,
szse_listing_register.csv,002184.SZ,A_SHARE_COMMON_EQUITY,True,
szse_listing_register.csv,002185.SZ,A_SHARE_COMMON_EQUITY,True,
szse_listing_register.csv,002186.SZ,A_SHARE_COMMON_EQUITY,True,
szse_listing_register.csv,002187.SZ,A_SHARE_COMMON_EQUITY,True,
szse_listing_register.csv,002188.SZ,A_SHARE_COMMON_EQUITY,True,
szse_listing_register.csv,002189.SZ,A_SHARE_COMMON_EQUITY,True,
szse_listing_register.csv,002190.SZ,A_SHARE_COMMON_EQUITY,True,
szse_listing_register.csv,002191.SZ,A_SHARE_COMMON_EQUITY,True,
szse_listing_register.csv,002192.SZ,A_SHARE_COMMON_EQUITY,True,
szse_listing_register.csv,002193.SZ,A_SHARE_COMMON_EQUITY,True,
szse_listing_register.csv,002194.SZ,A_SHARE_COMMON_EQUITY,True,
szse_listing_register.csv,002195.SZ,A_SHARE_COMMON_EQUITY,True,
szse_listing_register.csv,002196.SZ,A_SHARE_COMMON_EQUITY,True,
szse_listing_register.csv,002197.SZ,A_SHARE_COMMON_EQUITY,True,
szse_listing_register.csv,002198.SZ,A_SHARE_COMMON_EQUITY,True,
szse_listing_register.csv,002199.SZ,A_SHARE_COMMON_EQUITY,True,
szse_listing_register.csv,002200.SZ,A_SHARE_COMMON_EQUITY,True,
szse_listing_register.csv,002201.SZ,A_SHARE_COMMON_EQUITY,True,
szse_listing_register.csv,002202.SZ,A_SHARE_COMMON_EQUITY,True,
szse_listing_register.csv,002203.SZ,A_SHARE_COMMON_EQUITY,True,
szse_listing_register.csv,002204.SZ,A_SHARE_COMMON_EQUITY,True,
szse_listing_register.csv,002205.SZ,A_SHARE_COMMON_EQUITY,True,
szse_listing_register.csv,002206.SZ,A_SHARE_COMMON_EQUITY,True,
szse_listing_register.csv,002207.SZ,A_SHARE_COMMON_EQUITY,True,
szse_listing_register.csv,002208.SZ,A_SHARE_COMMON_EQUITY,True,
szse_listing_register.csv,002209.SZ,A_SHARE_COMMON_EQUITY,True,
szse_listing_register.csv,002210.SZ,A_SHARE_COMMON_EQUITY,True,
szse_listing_register.csv,002211.SZ,A_SHARE_COMMON_EQUITY,True,
szse_listing_register.csv,002212.SZ,A_SHARE_COMMON_EQUITY,True,
szse_listing_register.csv,002213.SZ,A_SHARE_COMMON_EQUITY,True,
szse_listing_register.csv,002214.SZ,A_SHARE_COMMON_EQUITY,True,
szse_listing_register.csv,002215.SZ,A_SHARE_COMMON_EQUITY,True,
szse_listing_register.csv,002216.SZ,A_SHARE_COMMON_EQUITY,True,
szse_listing_register.csv,002217.SZ,A_SHARE_COMMON_EQUITY,True,
szse_listing_register.csv,002218.SZ,A_SHARE_COMMON_EQUITY,True,
szse_listing_register.csv,002219.SZ,A_SHARE_COMMON_EQUITY,True,
szse_listing_register.csv,002221.SZ,A_SHARE_COMMON_EQUITY,True,
szse_listing_register.csv,002222.SZ,A_SHARE_COMMON_EQUITY,True,
szse_listing_register.csv,002223.SZ,A_SHARE_COMMON_EQUITY,True,
szse_listing_register.csv,002224.SZ,A_SHARE_COMMON_EQUITY,True,
szse_listing_register.csv,002225.SZ,A_SHARE_COMMON_EQUITY,True,
szse_listing_register.csv,002226.SZ,A_SHARE_COMMON_EQUITY,True,
szse_listing_register.csv,002227.SZ,A_SHARE_COMMON_EQUITY,True,
szse_listing_register.csv,002228.SZ,A_SHARE_COMMON_EQUITY,True,
szse_listing_register.csv,002229.SZ,A_SHARE_COMMON_EQUITY,True,
szse_listing_register.csv,002230.SZ,A_SHARE_COMMON_EQUITY,True,
szse_listing_register.csv,002232.SZ,A_SHARE_COMMON_EQUITY,True,
szse_listing_register.csv,002233.SZ,A_SHARE_COMMON_EQUITY,True,
szse_listing_register.csv,002234.SZ,A_SHARE_COMMON_EQUITY,True,
szse_listing_register.csv,002235.SZ,A_SHARE_COMMON_EQUITY,True,
szse_listing_register.csv,002236.SZ,A_SHARE_COMMON_EQUITY,True,
szse_listing_register.csv,002237.SZ,A_SHARE_COMMON_EQUITY,True,
szse_listing_register.csv,002238.SZ,A_SHARE_COMMON_EQUITY,True,
szse_listing_register.csv,002239.SZ,A_SHARE_COMMON_EQUITY,True,
szse_listing_register.csv,002240.SZ,A_SHARE_COMMON_EQUITY,True,
szse_listing_register.csv,002241.SZ,A_SHARE_COMMON_EQUITY,True,
szse_listing_register.csv,002242.SZ,A_SHARE_COMMON_EQUITY,True,
szse_listing_register.csv,002243.SZ,A_SHARE_COMMON_EQUITY,True,
szse_listing_register.csv,002244.SZ,A_SHARE_COMMON_EQUITY,True,
szse_listing_register.csv,002245.SZ,A_SHARE_COMMON_EQUITY,True,
szse_listing_register.csv,002246.SZ,A_SHARE_COMMON_EQUITY,True,
szse_listing_register.csv,002247.SZ,A_SHARE_COMMON_EQUITY,True,
szse_listing_register.csv,002248.SZ,A_SHARE_COMMON_EQUITY,True,
szse_listing_register.csv,002249.SZ,A_SHARE_COMMON_EQUITY,True,
szse_listing_register.csv,002250.SZ,A_SHARE_COMMON_EQUITY,True,
szse_listing_register.csv,002251.SZ,A_SHARE_COMMON_EQUITY,True,
szse_listing_register.csv,002252.SZ,A_SHARE_COMMON_EQUITY,True,
szse_listing_register.csv,002253.SZ,A_SHARE_COMMON_EQUITY,True,
szse_listing_register.csv,002254.SZ,A_SHARE_COMMON_EQUITY,True,
szse_listing_register.csv,002255.SZ,A_SHARE_COMMON_EQUITY,True,
szse_listing_register.csv,002256.SZ,A_SHARE_COMMON_EQUITY,True,
szse_listing_register.csv,002258.SZ,A_SHARE_COMMON_EQUITY,True,
szse_listing_register.csv,002259.SZ,A_SHARE_COMMON_EQUITY,True,
szse_listing_register.csv,002261.SZ,A_SHARE_COMMON_EQUITY,True,
szse_listing_register.csv,002262.SZ,A_SHARE_COMMON_EQUITY,True,
szse_listing_register.csv,002263.SZ,A_SHARE_COMMON_EQUITY,True,
szse_listing_register.csv,002264.SZ,A_SHARE_COMMON_EQUITY,True,
szse_listing_register.csv,002265.SZ,A_SHARE_COMMON_EQUITY,True,
szse_listing_register.csv,002266.SZ,A_SHARE_COMMON_EQUITY,True,
szse_listing_register.csv,002267.SZ,A_SHARE_COMMON_EQUITY,True,
szse_listing_register.csv,002268.SZ,A_SHARE_COMMON_EQUITY,True,
szse_listing_register.csv,002269.SZ,A_SHARE_COMMON_EQUITY,True,
szse_listing_register.csv,002270.SZ,A_SHARE_COMMON_EQUITY,True,
szse_listing_register.csv,002271.SZ,A_SHARE_COMMON_EQUITY,True,
szse_listing_register.csv,002272.SZ,A_SHARE_COMMON_EQUITY,True,
szse_listing_register.csv,002273.SZ,A_SHARE_COMMON_EQUITY,True,
szse_listing_register.csv,002274.SZ,A_SHARE_COMMON_EQUITY,True,
szse_listing_register.csv,002275.SZ,A_SHARE_COMMON_EQUITY,True,
szse_listing_register.csv,002276.SZ,A_SHARE_COMMON_EQUITY,True,
szse_listing_register.csv,002277.SZ,A_SHARE_COMMON_EQUITY,True,
szse_listing_register.csv,002278.SZ,A_SHARE_COMMON_EQUITY,True,
szse_listing_register.csv,002279.SZ,A_SHARE_COMMON_EQUITY,True,
szse_listing_register.csv,002281.SZ,A_SHARE_COMMON_EQUITY,True,
szse_listing_register.csv,002282.SZ,A_SHARE_COMMON_EQUITY,True,
szse_listing_register.csv,002283.SZ,A_SHARE_COMMON_EQUITY,True,
szse_listing_register.csv,002284.SZ,A_SHARE_COMMON_EQUITY,True,
szse_listing_register.csv,002285.SZ,A_SHARE_COMMON_EQUITY,True,
szse_listing_register.csv,002286.SZ,A_SHARE_COMMON_EQUITY,True,
szse_listing_register.csv,002287.SZ,A_SHARE_COMMON_EQUITY,True,
szse_listing_register.csv,002289.SZ,A_SHARE_COMMON_EQUITY,True,
szse_listing_register.csv,002290.SZ,A_SHARE_COMMON_EQUITY,True,
szse_listing_register.csv,002291.SZ,A_SHARE_COMMON_EQUITY,True,
szse_listing_register.csv,002292.SZ,A_SHARE_COMMON_EQUITY,True,
szse_listing_register.csv,002293.SZ,A_SHARE_COMMON_EQUITY,True,
szse_listing_register.csv,002294.SZ,A_SHARE_COMMON_EQUITY,True,
szse_listing_register.csv,002295.SZ,A_SHARE_COMMON_EQUITY,True,
szse_listing_register.csv,002296.SZ,A_SHARE_COMMON_EQUITY,True,
szse_listing_register.csv,002297.SZ,A_SHARE_COMMON_EQUITY,True,
szse_listing_register.csv,002298.SZ,A_SHARE_COMMON_EQUITY,True,
szse_listing_register.csv,002299.SZ,A_SHARE_COMMON_EQUITY,True,
szse_listing_register.csv,002300.SZ,A_SHARE_COMMON_EQUITY,True,
szse_listing_register.csv,002301.SZ,A_SHARE_COMMON_EQUITY,True,
szse_listing_register.csv,002302.SZ,A_SHARE_COMMON_EQUITY,True,
szse_listing_register.csv,002303.SZ,A_SHARE_COMMON_EQUITY,True,
szse_listing_register.csv,002304.SZ,A_SHARE_COMMON_EQUITY,True,
szse_listing_register.csv,002305.SZ,A_SHARE_COMMON_EQUITY,True,
szse_listing_register.csv,002306.SZ,A_SHARE_COMMON_EQUITY,True,
szse_listing_register.csv,002307.SZ,A_SHARE_COMMON_EQUITY,True,
szse_listing_register.csv,002309.SZ,A_SHARE_COMMON_EQUITY,True,
szse_listing_register.csv,002310.SZ,A_SHARE_COMMON_EQUITY,True,
szse_listing_register.csv,002311.SZ,A_SHARE_COMMON_EQUITY,True,
szse_listing_register.csv,002312.SZ,A_SHARE_COMMON_EQUITY,True,
szse_listing_register.csv,002313.SZ,A_SHARE_COMMON_EQUITY,True,
szse_listing_register.csv,002314.SZ,A_SHARE_COMMON_EQUITY,True,
szse_listing_register.csv,002315.SZ,A_SHARE_COMMON_EQUITY,True,
szse_listing_register.csv,002316.SZ,A_SHARE_COMMON_EQUITY,True,
szse_listing_register.csv,002317.SZ,A_SHARE_COMMON_EQUITY,True,
szse_listing_register.csv,002318.SZ,A_SHARE_COMMON_EQUITY,True,
szse_listing_register.csv,002319.SZ,A_SHARE_COMMON_EQUITY,True,
szse_listing_register.csv,002320.SZ,A_SHARE_COMMON_EQUITY,True,
szse_listing_register.csv,002321.SZ,A_SHARE_COMMON_EQUITY,True,
szse_listing_register.csv,002322.SZ,A_SHARE_COMMON_EQUITY,True,
szse_listing_register.csv,002323.SZ,A_SHARE_COMMON_EQUITY,True,
szse_listing_register.csv,002324.SZ,A_SHARE_COMMON_EQUITY,True,
szse_listing_register.csv,002326.SZ,A_SHARE_COMMON_EQUITY,True,
szse_listing_register.csv,002327.SZ,A_SHARE_COMMON_EQUITY,True,
szse_listing_register.csv,002328.SZ,A_SHARE_COMMON_EQUITY,True,
szse_listing_register.csv,002329.SZ,A_SHARE_COMMON_EQUITY,True,
szse_listing_register.csv,002330.SZ,A_SHARE_COMMON_EQUITY,True,
szse_listing_register.csv,002331.SZ,A_SHARE_COMMON_EQUITY,True,
szse_listing_register.csv,002332.SZ,A_SHARE_COMMON_EQUITY,True,
szse_listing_register.csv,002333.SZ,A_SHARE_COMMON_EQUITY,True,
szse_listing_register.csv,002334.SZ,A_SHARE_COMMON_EQUITY,True,
szse_listing_register.csv,002335.SZ,A_SHARE_COMMON_EQUITY,True,
szse_listing_register.csv,002337.SZ,A_SHARE_COMMON_EQUITY,True,
szse_listing_register.csv,002338.SZ,A_SHARE_COMMON_EQUITY,True,
szse_listing_register.csv,002339.SZ,A_SHARE_COMMON_EQUITY,True,
szse_listing_register.csv,002340.SZ,A_SHARE_COMMON_EQUITY,True,
szse_listing_register.csv,002342.SZ,A_SHARE_COMMON_EQUITY,True,
szse_listing_register.csv,002343.SZ,A_SHARE_COMMON_EQUITY,True,
szse_listing_register.csv,002344.SZ,A_SHARE_COMMON_EQUITY,True,
szse_listing_register.csv,002345.SZ,A_SHARE_COMMON_EQUITY,True,
szse_listing_register.csv,002346.SZ,A_SHARE_COMMON_EQUITY,True,
szse_listing_register.csv,002347.SZ,A_SHARE_COMMON_EQUITY,True,
szse_listing_register.csv,002348.SZ,A_SHARE_COMMON_EQUITY,True,
szse_listing_register.csv,002349.SZ,A_SHARE_COMMON_EQUITY,True,
szse_listing_register.csv,002350.SZ,A_SHARE_COMMON_EQUITY,True,
szse_listing_register.csv,002351.SZ,A_SHARE_COMMON_EQUITY,True,
szse_listing_register.csv,002352.SZ,A_SHARE_COMMON_EQUITY,True,
szse_listing_register.csv,002353.SZ,A_SHARE_COMMON_EQUITY,True,
szse_listing_register.csv,002354.SZ,A_SHARE_COMMON_EQUITY,True,
szse_listing_register.csv,002355.SZ,A_SHARE_COMMON_EQUITY,True,
szse_listing_register.csv,002356.SZ,A_SHARE_COMMON_EQUITY,True,
szse_listing_register.csv,002357.SZ,A_SHARE_COMMON_EQUITY,True,
szse_listing_register.csv,002358.SZ,A_SHARE_COMMON_EQUITY,True,
szse_listing_register.csv,002360.SZ,A_SHARE_COMMON_EQUITY,True,
szse_listing_register.csv,002361.SZ,A_SHARE_COMMON_EQUITY,True,
szse_listing_register.csv,002362.SZ,A_SHARE_COMMON_EQUITY,True,
szse_listing_register.csv,002363.SZ,A_SHARE_COMMON_EQUITY,True,
szse_listing_register.csv,002364.SZ,A_SHARE_COMMON_EQUITY,True,
szse_listing_register.csv,002365.SZ,A_SHARE_COMMON_EQUITY,True,
szse_listing_register.csv,002366.SZ,A_SHARE_COMMON_EQUITY,True,
szse_listing_register.csv,002367.SZ,A_SHARE_COMMON_EQUITY,True,
szse_listing_register.csv,002368.SZ,A_SHARE_COMMON_EQUITY,True,
szse_listing_register.csv,002369.SZ,A_SHARE_COMMON_EQUITY,True,
szse_listing_register.csv,002370.SZ,A_SHARE_COMMON_EQUITY,True,
szse_listing_register.csv,002371.SZ,A_SHARE_COMMON_EQUITY,True,
szse_listing_register.csv,002372.SZ,A_SHARE_COMMON_EQUITY,True,
szse_listing_register.csv,002373.SZ,A_SHARE_COMMON_EQUITY,True,
szse_listing_register.csv,002374.SZ,A_SHARE_COMMON_EQUITY,True,
szse_listing_register.csv,002375.SZ,A_SHARE_COMMON_EQUITY,True,
szse_listing_register.csv,002376.SZ,A_SHARE_COMMON_EQUITY,True,
szse_listing_register.csv,002377.SZ,A_SHARE_COMMON_EQUITY,True,
szse_listing_register.csv,002378.SZ,A_SHARE_COMMON_EQUITY,True,
szse_listing_register.csv,002379.SZ,A_SHARE_COMMON_EQUITY,True,
szse_listing_register.csv,002380.SZ,A_SHARE_COMMON_EQUITY,True,
szse_listing_register.csv,002381.SZ,A_SHARE_COMMON_EQUITY,True,
szse_listing_register.csv,002382.SZ,A_SHARE_COMMON_EQUITY,True,
szse_listing_register.csv,002383.SZ,A_SHARE_COMMON_EQUITY,True,
szse_listing_register.csv,002384.SZ,A_SHARE_COMMON_EQUITY,True,
szse_listing_register.csv,002385.SZ,A_SHARE_COMMON_EQUITY,True,
szse_listing_register.csv,002386.SZ,A_SHARE_COMMON_EQUITY,True,
szse_listing_register.csv,002387.SZ,A_SHARE_COMMON_EQUITY,True,
szse_listing_register.csv,002388.SZ,A_SHARE_COMMON_EQUITY,True,
szse_listing_register.csv,002389.SZ,A_SHARE_COMMON_EQUITY,True,
szse_listing_register.csv,002390.SZ,A_SHARE_COMMON_EQUITY,True,
szse_listing_register.csv,002391.SZ,A_SHARE_COMMON_EQUITY,True,
szse_listing_register.csv,002392.SZ,A_SHARE_COMMON_EQUITY,True,
szse_listing_register.csv,002393.SZ,A_SHARE_COMMON_EQUITY,True,
szse_listing_register.csv,002394.SZ,A_SHARE_COMMON_EQUITY,True,
szse_listing_register.csv,002395.SZ,A_SHARE_COMMON_EQUITY,True,
szse_listing_register.csv,002396.SZ,A_SHARE_COMMON_EQUITY,True,
szse_listing_register.csv,002397.SZ,A_SHARE_COMMON_EQUITY,True,
szse_listing_register.csv,002398.SZ,A_SHARE_COMMON_EQUITY,True,
szse_listing_register.csv,002399.SZ,A_SHARE_COMMON_EQUITY,True,
szse_listing_register.csv,002400.SZ,A_SHARE_COMMON_EQUITY,True,
szse_listing_register.csv,002401.SZ,A_SHARE_COMMON_EQUITY,True,
szse_listing_register.csv,002402.SZ,A_SHARE_COMMON_EQUITY,True,
szse_listing_register.csv,002403.SZ,A_SHARE_COMMON_EQUITY,True,
szse_listing_register.csv,002404.SZ,A_SHARE_COMMON_EQUITY,True,
szse_listing_register.csv,002405.SZ,A_SHARE_COMMON_EQUITY,True,
szse_listing_register.csv,002406.SZ,A_SHARE_COMMON_EQUITY,True,
szse_listing_register.csv,002407.SZ,A_SHARE_COMMON_EQUITY,True,
szse_listing_register.csv,002408.SZ,A_SHARE_COMMON_EQUITY,True,
szse_listing_register.csv,002409.SZ,A_SHARE_COMMON_EQUITY,True,
szse_listing_register.csv,002410.SZ,A_SHARE_COMMON_EQUITY,True,
szse_listing_register.csv,002412.SZ,A_SHARE_COMMON_EQUITY,True,
szse_listing_register.csv,002413.SZ,A_SHARE_COMMON_EQUITY,True,
szse_listing_register.csv,002414.SZ,A_SHARE_COMMON_EQUITY,True,
szse_listing_register.csv,002415.SZ,A_SHARE_COMMON_EQUITY,True,
szse_listing_register.csv,002416.SZ,A_SHARE_COMMON_EQUITY,True,
szse_listing_register.csv,002418.SZ,A_SHARE_COMMON_EQUITY,True,
szse_listing_register.csv,002419.SZ,A_SHARE_COMMON_EQUITY,True,
szse_listing_register.csv,002420.SZ,A_SHARE_COMMON_EQUITY,True,
szse_listing_register.csv,002421.SZ,A_SHARE_COMMON_EQUITY,True,
szse_listing_register.csv,002422.SZ,A_SHARE_COMMON_EQUITY,True,
szse_listing_register.csv,002423.SZ,A_SHARE_COMMON_EQUITY,True,
szse_listing_register.csv,002424.SZ,A_SHARE_COMMON_EQUITY,True,
szse_listing_register.csv,002425.SZ,A_SHARE_COMMON_EQUITY,True,
szse_listing_register.csv,002426.SZ,A_SHARE_COMMON_EQUITY,True,
szse_listing_register.csv,002427.SZ,A_SHARE_COMMON_EQUITY,True,
szse_listing_register.csv,002428.SZ,A_SHARE_COMMON_EQUITY,True,
szse_listing_register.csv,002429.SZ,A_SHARE_COMMON_EQUITY,True,
szse_listing_register.csv,002430.SZ,A_SHARE_COMMON_EQUITY,True,
szse_listing_register.csv,002431.SZ,A_SHARE_COMMON_EQUITY,True,
szse_listing_register.csv,002432.SZ,A_SHARE_COMMON_EQUITY,True,
szse_listing_register.csv,002434.SZ,A_SHARE_COMMON_EQUITY,True,
szse_listing_register.csv,002436.SZ,A_SHARE_COMMON_EQUITY,True,
szse_listing_register.csv,002437.SZ,A_SHARE_COMMON_EQUITY,True,
szse_listing_register.csv,002438.SZ,A_SHARE_COMMON_EQUITY,True,
szse_listing_register.csv,002439.SZ,A_SHARE_COMMON_EQUITY,True,
szse_listing_register.csv,002440.SZ,A_SHARE_COMMON_EQUITY,True,
szse_listing_register.csv,002441.SZ,A_SHARE_COMMON_EQUITY,True,
szse_listing_register.csv,002442.SZ,A_SHARE_COMMON_EQUITY,True,
szse_listing_register.csv,002443.SZ,A_SHARE_COMMON_EQUITY,True,
szse_listing_register.csv,002444.SZ,A_SHARE_COMMON_EQUITY,True,
szse_listing_register.csv,002445.SZ,A_SHARE_COMMON_EQUITY,True,
szse_listing_register.csv,002446.SZ,A_SHARE_COMMON_EQUITY,True,
szse_listing_register.csv,002448.SZ,A_SHARE_COMMON_EQUITY,True,
szse_listing_register.csv,002449.SZ,A_SHARE_COMMON_EQUITY,True,
szse_listing_register.csv,002451.SZ,A_SHARE_COMMON_EQUITY,True,
szse_listing_register.csv,002452.SZ,A_SHARE_COMMON_EQUITY,True,
szse_listing_register.csv,002453.SZ,A_SHARE_COMMON_EQUITY,True,
szse_listing_register.csv,002454.SZ,A_SHARE_COMMON_EQUITY,True,
szse_listing_register.csv,002455.SZ,A_SHARE_COMMON_EQUITY,True,
szse_listing_register.csv,002456.SZ,A_SHARE_COMMON_EQUITY,True,
szse_listing_register.csv,002457.SZ,A_SHARE_COMMON_EQUITY,True,
szse_listing_register.csv,002458.SZ,A_SHARE_COMMON_EQUITY,True,
szse_listing_register.csv,002459.SZ,A_SHARE_COMMON_EQUITY,True,
szse_listing_register.csv,002460.SZ,A_SHARE_COMMON_EQUITY,True,
szse_listing_register.csv,002461.SZ,A_SHARE_COMMON_EQUITY,True,
szse_listing_register.csv,002462.SZ,A_SHARE_COMMON_EQUITY,True,
szse_listing_register.csv,002463.SZ,A_SHARE_COMMON_EQUITY,True,
szse_listing_register.csv,002465.SZ,A_SHARE_COMMON_EQUITY,True,
szse_listing_register.csv,002466.SZ,A_SHARE_COMMON_EQUITY,True,
szse_listing_register.csv,002467.SZ,A_SHARE_COMMON_EQUITY,True,
szse_listing_register.csv,002468.SZ,A_SHARE_COMMON_EQUITY,True,
szse_listing_register.csv,002469.SZ,A_SHARE_COMMON_EQUITY,True,
szse_listing_register.csv,002470.SZ,A_SHARE_COMMON_EQUITY,True,
szse_listing_register.csv,002471.SZ,A_SHARE_COMMON_EQUITY,True,
szse_listing_register.csv,002472.SZ,A_SHARE_COMMON_EQUITY,True,
szse_listing_register.csv,002474.SZ,A_SHARE_COMMON_EQUITY,True,
szse_listing_register.csv,002475.SZ,A_SHARE_COMMON_EQUITY,True,
szse_listing_register.csv,002476.SZ,A_SHARE_COMMON_EQUITY,True,
szse_listing_register.csv,002478.SZ,A_SHARE_COMMON_EQUITY,True,
szse_listing_register.csv,002479.SZ,A_SHARE_COMMON_EQUITY,True,
szse_listing_register.csv,002480.SZ,A_SHARE_COMMON_EQUITY,True,
szse_listing_register.csv,002481.SZ,A_SHARE_COMMON_EQUITY,True,
szse_listing_register.csv,002482.SZ,A_SHARE_COMMON_EQUITY,True,
szse_listing_register.csv,002483.SZ,A_SHARE_COMMON_EQUITY,True,
szse_listing_register.csv,002484.SZ,A_SHARE_COMMON_EQUITY,True,
szse_listing_register.csv,002485.SZ,A_SHARE_COMMON_EQUITY,True,
szse_listing_register.csv,002486.SZ,A_SHARE_COMMON_EQUITY,True,
szse_listing_register.csv,002487.SZ,A_SHARE_COMMON_EQUITY,True,
szse_listing_register.csv,002488.SZ,A_SHARE_COMMON_EQUITY,True,
szse_listing_register.csv,002489.SZ,A_SHARE_COMMON_EQUITY,True,
szse_listing_register.csv,002490.SZ,A_SHARE_COMMON_EQUITY,True,
szse_listing_register.csv,002491.SZ,A_SHARE_COMMON_EQUITY,True,
szse_listing_register.csv,002492.SZ,A_SHARE_COMMON_EQUITY,True,
szse_listing_register.csv,002493.SZ,A_SHARE_COMMON_EQUITY,True,
szse_listing_register.csv,002494.SZ,A_SHARE_COMMON_EQUITY,True,
szse_listing_register.csv,002495.SZ,A_SHARE_COMMON_EQUITY,True,
szse_listing_register.csv,002496.SZ,A_SHARE_COMMON_EQUITY,True,
szse_listing_register.csv,002497.SZ,A_SHARE_COMMON_EQUITY,True,
szse_listing_register.csv,002498.SZ,A_SHARE_COMMON_EQUITY,True,
szse_listing_register.csv,002500.SZ,A_SHARE_COMMON_EQUITY,True,
szse_listing_register.csv,002501.SZ,A_SHARE_COMMON_EQUITY,True,
szse_listing_register.csv,002506.SZ,A_SHARE_COMMON_EQUITY,True,
szse_listing_register.csv,002507.SZ,A_SHARE_COMMON_EQUITY,True,
szse_listing_register.csv,002508.SZ,A_SHARE_COMMON_EQUITY,True,
szse_listing_register.csv,002510.SZ,A_SHARE_COMMON_EQUITY,True,
szse_listing_register.csv,002511.SZ,A_SHARE_COMMON_EQUITY,True,
szse_listing_register.csv,002512.SZ,A_SHARE_COMMON_EQUITY,True,
szse_listing_register.csv,002513.SZ,A_SHARE_COMMON_EQUITY,True,
szse_listing_register.csv,002514.SZ,A_SHARE_COMMON_EQUITY,True,
szse_listing_register.csv,002515.SZ,A_SHARE_COMMON_EQUITY,True,
szse_listing_register.csv,002516.SZ,A_SHARE_COMMON_EQUITY,True,
szse_listing_register.csv,002517.SZ,A_SHARE_COMMON_EQUITY,True,
szse_listing_register.csv,002518.SZ,A_SHARE_COMMON_EQUITY,True,
szse_listing_register.csv,002519.SZ,A_SHARE_COMMON_EQUITY,True,
szse_listing_register.csv,002520.SZ,A_SHARE_COMMON_EQUITY,True,
szse_listing_register.csv,002521.SZ,A_SHARE_COMMON_EQUITY,True,
szse_listing_register.csv,002522.SZ,A_SHARE_COMMON_EQUITY,True,
szse_listing_register.csv,002523.SZ,A_SHARE_COMMON_EQUITY,True,
szse_listing_register.csv,002524.SZ,A_SHARE_COMMON_EQUITY,True,
szse_listing_register.csv,002526.SZ,A_SHARE_COMMON_EQUITY,True,
szse_listing_register.csv,002527.SZ,A_SHARE_COMMON_EQUITY,True,
szse_listing_register.csv,002528.SZ,A_SHARE_COMMON_EQUITY,True,
szse_listing_register.csv,002529.SZ,A_SHARE_COMMON_EQUITY,True,
szse_listing_register.csv,002530.SZ,A_SHARE_COMMON_EQUITY,True,
szse_listing_register.csv,002531.SZ,A_SHARE_COMMON_EQUITY,True,
szse_listing_register.csv,002532.SZ,A_SHARE_COMMON_EQUITY,True,
szse_listing_register.csv,002533.SZ,A_SHARE_COMMON_EQUITY,True,
szse_listing_register.csv,002534.SZ,A_SHARE_COMMON_EQUITY,True,
szse_listing_register.csv,002535.SZ,A_SHARE_COMMON_EQUITY,True,
szse_listing_register.csv,002536.SZ,A_SHARE_COMMON_EQUITY,True,
szse_listing_register.csv,002537.SZ,A_SHARE_COMMON_EQUITY,True,
szse_listing_register.csv,002538.SZ,A_SHARE_COMMON_EQUITY,True,
szse_listing_register.csv,002539.SZ,A_SHARE_COMMON_EQUITY,True,
szse_listing_register.csv,002540.SZ,A_SHARE_COMMON_EQUITY,True,
szse_listing_register.csv,002541.SZ,A_SHARE_COMMON_EQUITY,True,
szse_listing_register.csv,002542.SZ,A_SHARE_COMMON_EQUITY,True,
szse_listing_register.csv,002543.SZ,A_SHARE_COMMON_EQUITY,True,
szse_listing_register.csv,002544.SZ,A_SHARE_COMMON_EQUITY,True,
szse_listing_register.csv,002545.SZ,A_SHARE_COMMON_EQUITY,True,
szse_listing_register.csv,002546.SZ,A_SHARE_COMMON_EQUITY,True,
szse_listing_register.csv,002547.SZ,A_SHARE_COMMON_EQUITY,True,
szse_listing_register.csv,002548.SZ,A_SHARE_COMMON_EQUITY,True,
szse_listing_register.csv,002549.SZ,A_SHARE_COMMON_EQUITY,True,
szse_listing_register.csv,002550.SZ,A_SHARE_COMMON_EQUITY,True,
szse_listing_register.csv,002551.SZ,A_SHARE_COMMON_EQUITY,True,
szse_listing_register.csv,002552.SZ,A_SHARE_COMMON_EQUITY,True,
szse_listing_register.csv,002553.SZ,A_SHARE_COMMON_EQUITY,True,
szse_listing_register.csv,002554.SZ,A_SHARE_COMMON_EQUITY,True,
szse_listing_register.csv,002555.SZ,A_SHARE_COMMON_EQUITY,True,
szse_listing_register.csv,002556.SZ,A_SHARE_COMMON_EQUITY,True,
szse_listing_register.csv,002557.SZ,A_SHARE_COMMON_EQUITY,True,
szse_listing_register.csv,002558.SZ,A_SHARE_COMMON_EQUITY,True,
szse_listing_register.csv,002559.SZ,A_SHARE_COMMON_EQUITY,True,
szse_listing_register.csv,002560.SZ,A_SHARE_COMMON_EQUITY,True,
szse_listing_register.csv,002561.SZ,A_SHARE_COMMON_EQUITY,True,
szse_listing_register.csv,002562.SZ,A_SHARE_COMMON_EQUITY,True,
szse_listing_register.csv,002563.SZ,A_SHARE_COMMON_EQUITY,True,
szse_listing_register.csv,002564.SZ,A_SHARE_COMMON_EQUITY,True,
szse_listing_register.csv,002565.SZ,A_SHARE_COMMON_EQUITY,True,
szse_listing_register.csv,002566.SZ,A_SHARE_COMMON_EQUITY,True,
szse_listing_register.csv,002567.SZ,A_SHARE_COMMON_EQUITY,True,
szse_listing_register.csv,002568.SZ,A_SHARE_COMMON_EQUITY,True,
szse_listing_register.csv,002569.SZ,A_SHARE_COMMON_EQUITY,True,
szse_listing_register.csv,002570.SZ,A_SHARE_COMMON_EQUITY,True,
szse_listing_register.csv,002571.SZ,A_SHARE_COMMON_EQUITY,True,
szse_listing_register.csv,002572.SZ,A_SHARE_COMMON_EQUITY,True,
szse_listing_register.csv,002573.SZ,A_SHARE_COMMON_EQUITY,True,
szse_listing_register.csv,002574.SZ,A_SHARE_COMMON_EQUITY,True,
szse_listing_register.csv,002575.SZ,A_SHARE_COMMON_EQUITY,True,
szse_listing_register.csv,002576.SZ,A_SHARE_COMMON_EQUITY,True,
szse_listing_register.csv,002577.SZ,A_SHARE_COMMON_EQUITY,True,
szse_listing_register.csv,002578.SZ,A_SHARE_COMMON_EQUITY,True,
szse_listing_register.csv,002579.SZ,A_SHARE_COMMON_EQUITY,True,
szse_listing_register.csv,002580.SZ,A_SHARE_COMMON_EQUITY,True,
szse_listing_register.csv,002581.SZ,A_SHARE_COMMON_EQUITY,True,
szse_listing_register.csv,002582.SZ,A_SHARE_COMMON_EQUITY,True,
szse_listing_register.csv,002583.SZ,A_SHARE_COMMON_EQUITY,True,
szse_listing_register.csv,002584.SZ,A_SHARE_COMMON_EQUITY,True,
szse_listing_register.csv,002585.SZ,A_SHARE_COMMON_EQUITY,True,
szse_listing_register.csv,002586.SZ,A_SHARE_COMMON_EQUITY,True,
szse_listing_register.csv,002587.SZ,A_SHARE_COMMON_EQUITY,True,
szse_listing_register.csv,002588.SZ,A_SHARE_COMMON_EQUITY,True,
szse_listing_register.csv,002589.SZ,A_SHARE_COMMON_EQUITY,True,
szse_listing_register.csv,002590.SZ,A_SHARE_COMMON_EQUITY,True,
szse_listing_register.csv,002591.SZ,A_SHARE_COMMON_EQUITY,True,
szse_listing_register.csv,002592.SZ,A_SHARE_COMMON_EQUITY,True,
szse_listing_register.csv,002593.SZ,A_SHARE_COMMON_EQUITY,True,
szse_listing_register.csv,002594.SZ,A_SHARE_COMMON_EQUITY,True,
szse_listing_register.csv,002595.SZ,A_SHARE_COMMON_EQUITY,True,
szse_listing_register.csv,002596.SZ,A_SHARE_COMMON_EQUITY,True,
szse_listing_register.csv,002597.SZ,A_SHARE_COMMON_EQUITY,True,
szse_listing_register.csv,002598.SZ,A_SHARE_COMMON_EQUITY,True,
szse_listing_register.csv,002599.SZ,A_SHARE_COMMON_EQUITY,True,
szse_listing_register.csv,002600.SZ,A_SHARE_COMMON_EQUITY,True,
szse_listing_register.csv,002601.SZ,A_SHARE_COMMON_EQUITY,True,
szse_listing_register.csv,002602.SZ,A_SHARE_COMMON_EQUITY,True,
szse_listing_register.csv,002603.SZ,A_SHARE_COMMON_EQUITY,True,
szse_listing_register.csv,002605.SZ,A_SHARE_COMMON_EQUITY,True,
szse_listing_register.csv,002606.SZ,A_SHARE_COMMON_EQUITY,True,
szse_listing_register.csv,002607.SZ,A_SHARE_COMMON_EQUITY,True,
szse_listing_register.csv,002608.SZ,A_SHARE_COMMON_EQUITY,True,
szse_listing_register.csv,002609.SZ,A_SHARE_COMMON_EQUITY,True,
szse_listing_register.csv,002611.SZ,A_SHARE_COMMON_EQUITY,True,
szse_listing_register.csv,002612.SZ,A_SHARE_COMMON_EQUITY,True,
szse_listing_register.csv,002613.SZ,A_SHARE_COMMON_EQUITY,True,
szse_listing_register.csv,002614.SZ,A_SHARE_COMMON_EQUITY,True,
szse_listing_register.csv,002615.SZ,A_SHARE_COMMON_EQUITY,True,
szse_listing_register.csv,002616.SZ,A_SHARE_COMMON_EQUITY,True,
szse_listing_register.csv,002617.SZ,A_SHARE_COMMON_EQUITY,True,
szse_listing_register.csv,002620.SZ,A_SHARE_COMMON_EQUITY,True,
szse_listing_register.csv,002622.SZ,A_SHARE_COMMON_EQUITY,True,
szse_listing_register.csv,002623.SZ,A_SHARE_COMMON_EQUITY,True,
szse_listing_register.csv,002624.SZ,A_SHARE_COMMON_EQUITY,True,
szse_listing_register.csv,002625.SZ,A_SHARE_COMMON_EQUITY,True,
szse_listing_register.csv,002626.SZ,A_SHARE_COMMON_EQUITY,True,
szse_listing_register.csv,002627.SZ,A_SHARE_COMMON_EQUITY,True,
szse_listing_register.csv,002628.SZ,A_SHARE_COMMON_EQUITY,True,
szse_listing_register.csv,002629.SZ,A_SHARE_COMMON_EQUITY,True,
szse_listing_register.csv,002630.SZ,A_SHARE_COMMON_EQUITY,True,
szse_listing_register.csv,002631.SZ,A_SHARE_COMMON_EQUITY,True,
szse_listing_register.csv,002632.SZ,A_SHARE_COMMON_EQUITY,True,
szse_listing_register.csv,002633.SZ,A_SHARE_COMMON_EQUITY,True,
szse_listing_register.csv,002634.SZ,A_SHARE_COMMON_EQUITY,True,
szse_listing_register.csv,002635.SZ,A_SHARE_COMMON_EQUITY,True,
szse_listing_register.csv,002636.SZ,A_SHARE_COMMON_EQUITY,True,
szse_listing_register.csv,002637.SZ,A_SHARE_COMMON_EQUITY,True,
szse_listing_register.csv,002638.SZ,A_SHARE_COMMON_EQUITY,True,
szse_listing_register.csv,002639.SZ,A_SHARE_COMMON_EQUITY,True,
szse_listing_register.csv,002640.SZ,A_SHARE_COMMON_EQUITY,True,
szse_listing_register.csv,002641.SZ,A_SHARE_COMMON_EQUITY,True,
szse_listing_register.csv,002642.SZ,A_SHARE_COMMON_EQUITY,True,
szse_listing_register.csv,002643.SZ,A_SHARE_COMMON_EQUITY,True,
szse_listing_register.csv,002644.SZ,A_SHARE_COMMON_EQUITY,True,
szse_listing_register.csv,002645.SZ,A_SHARE_COMMON_EQUITY,True,
szse_listing_register.csv,002646.SZ,A_SHARE_COMMON_EQUITY,True,
szse_listing_register.csv,002647.SZ,A_SHARE_COMMON_EQUITY,True,
szse_listing_register.csv,002648.SZ,A_SHARE_COMMON_EQUITY,True,
szse_listing_register.csv,002649.SZ,A_SHARE_COMMON_EQUITY,True,
szse_listing_register.csv,002650.SZ,A_SHARE_COMMON_EQUITY,True,
szse_listing_register.csv,002651.SZ,A_SHARE_COMMON_EQUITY,True,
szse_listing_register.csv,002652.SZ,A_SHARE_COMMON_EQUITY,True,
szse_listing_register.csv,002653.SZ,A_SHARE_COMMON_EQUITY,True,
szse_listing_register.csv,002654.SZ,A_SHARE_COMMON_EQUITY,True,
szse_listing_register.csv,002655.SZ,A_SHARE_COMMON_EQUITY,True,
szse_listing_register.csv,002656.SZ,A_SHARE_COMMON_EQUITY,True,
szse_listing_register.csv,002657.SZ,A_SHARE_COMMON_EQUITY,True,
szse_listing_register.csv,002658.SZ,A_SHARE_COMMON_EQUITY,True,
szse_listing_register.csv,002659.SZ,A_SHARE_COMMON_EQUITY,True,
szse_listing_register.csv,002660.SZ,A_SHARE_COMMON_EQUITY,True,
szse_listing_register.csv,002661.SZ,A_SHARE_COMMON_EQUITY,True,
szse_listing_register.csv,002662.SZ,A_SHARE_COMMON_EQUITY,True,
szse_listing_register.csv,002663.SZ,A_SHARE_COMMON_EQUITY,True,
szse_listing_register.csv,002664.SZ,A_SHARE_COMMON_EQUITY,True,
szse_listing_register.csv,002666.SZ,A_SHARE_COMMON_EQUITY,True,
szse_listing_register.csv,002667.SZ,A_SHARE_COMMON_EQUITY,True,
szse_listing_register.csv,002668.SZ,A_SHARE_COMMON_EQUITY,True,
szse_listing_register.csv,002669.SZ,A_SHARE_COMMON_EQUITY,True,
szse_listing_register.csv,002670.SZ,A_SHARE_COMMON_EQUITY,True,
szse_listing_register.csv,002671.SZ,A_SHARE_COMMON_EQUITY,True,
szse_listing_register.csv,002672.SZ,A_SHARE_COMMON_EQUITY,True,
szse_listing_register.csv,002673.SZ,A_SHARE_COMMON_EQUITY,True,
szse_listing_register.csv,002674.SZ,A_SHARE_COMMON_EQUITY,True,
szse_listing_register.csv,002675.SZ,A_SHARE_COMMON_EQUITY,True,
szse_listing_register.csv,002676.SZ,A_SHARE_COMMON_EQUITY,True,
szse_listing_register.csv,002677.SZ,A_SHARE_COMMON_EQUITY,True,
szse_listing_register.csv,002678.SZ,A_SHARE_COMMON_EQUITY,True,
szse_listing_register.csv,002679.SZ,A_SHARE_COMMON_EQUITY,True,
szse_listing_register.csv,002681.SZ,A_SHARE_COMMON_EQUITY,True,
szse_listing_register.csv,002682.SZ,A_SHARE_COMMON_EQUITY,True,
szse_listing_register.csv,002683.SZ,A_SHARE_COMMON_EQUITY,True,
szse_listing_register.csv,002685.SZ,A_SHARE_COMMON_EQUITY,True,
szse_listing_register.csv,002686.SZ,A_SHARE_COMMON_EQUITY,True,
szse_listing_register.csv,002687.SZ,A_SHARE_COMMON_EQUITY,True,
szse_listing_register.csv,002688.SZ,A_SHARE_COMMON_EQUITY,True,
szse_listing_register.csv,002689.SZ,A_SHARE_COMMON_EQUITY,True,
szse_listing_register.csv,002690.SZ,A_SHARE_COMMON_EQUITY,True,
szse_listing_register.csv,002691.SZ,A_SHARE_COMMON_EQUITY,True,
szse_listing_register.csv,002692.SZ,A_SHARE_COMMON_EQUITY,True,
szse_listing_register.csv,002693.SZ,A_SHARE_COMMON_EQUITY,True,
szse_listing_register.csv,002694.SZ,A_SHARE_COMMON_EQUITY,True,
szse_listing_register.csv,002695.SZ,A_SHARE_COMMON_EQUITY,True,
szse_listing_register.csv,002696.SZ,A_SHARE_COMMON_EQUITY,True,
szse_listing_register.csv,002697.SZ,A_SHARE_COMMON_EQUITY,True,
szse_listing_register.csv,002698.SZ,A_SHARE_COMMON_EQUITY,True,
szse_listing_register.csv,002700.SZ,A_SHARE_COMMON_EQUITY,True,
szse_listing_register.csv,002701.SZ,A_SHARE_COMMON_EQUITY,True,
szse_listing_register.csv,002702.SZ,A_SHARE_COMMON_EQUITY,True,
szse_listing_register.csv,002703.SZ,A_SHARE_COMMON_EQUITY,True,
szse_listing_register.csv,002705.SZ,A_SHARE_COMMON_EQUITY,True,
szse_listing_register.csv,002706.SZ,A_SHARE_COMMON_EQUITY,True,
szse_listing_register.csv,002707.SZ,A_SHARE_COMMON_EQUITY,True,
szse_listing_register.csv,002708.SZ,A_SHARE_COMMON_EQUITY,True,
szse_listing_register.csv,002709.SZ,A_SHARE_COMMON_EQUITY,True,
szse_listing_register.csv,002712.SZ,A_SHARE_COMMON_EQUITY,True,
szse_listing_register.csv,002713.SZ,A_SHARE_COMMON_EQUITY,True,
szse_listing_register.csv,002714.SZ,A_SHARE_COMMON_EQUITY,True,
szse_listing_register.csv,002715.SZ,A_SHARE_COMMON_EQUITY,True,
szse_listing_register.csv,002716.SZ,A_SHARE_COMMON_EQUITY,True,
szse_listing_register.csv,002717.SZ,A_SHARE_COMMON_EQUITY,True,
szse_listing_register.csv,002718.SZ,A_SHARE_COMMON_EQUITY,True,
szse_listing_register.csv,002719.SZ,A_SHARE_COMMON_EQUITY,True,
szse_listing_register.csv,002721.SZ,A_SHARE_COMMON_EQUITY,True,
szse_listing_register.csv,002722.SZ,A_SHARE_COMMON_EQUITY,True,
szse_listing_register.csv,002723.SZ,A_SHARE_COMMON_EQUITY,True,
szse_listing_register.csv,002724.SZ,A_SHARE_COMMON_EQUITY,True,
szse_listing_register.csv,002725.SZ,A_SHARE_COMMON_EQUITY,True,
szse_listing_register.csv,002726.SZ,A_SHARE_COMMON_EQUITY,True,
szse_listing_register.csv,002727.SZ,A_SHARE_COMMON_EQUITY,True,
szse_listing_register.csv,002728.SZ,A_SHARE_COMMON_EQUITY,True,
szse_listing_register.csv,002729.SZ,A_SHARE_COMMON_EQUITY,True,
szse_listing_register.csv,002730.SZ,A_SHARE_COMMON_EQUITY,True,
szse_listing_register.csv,002731.SZ,A_SHARE_COMMON_EQUITY,True,
szse_listing_register.csv,002732.SZ,A_SHARE_COMMON_EQUITY,True,
szse_listing_register.csv,002733.SZ,A_SHARE_COMMON_EQUITY,True,
szse_listing_register.csv,002734.SZ,A_SHARE_COMMON_EQUITY,True,
szse_listing_register.csv,002735.SZ,A_SHARE_COMMON_EQUITY,True,
szse_listing_register.csv,002736.SZ,A_SHARE_COMMON_EQUITY,True,
szse_listing_register.csv,002737.SZ,A_SHARE_COMMON_EQUITY,True,
szse_listing_register.csv,002738.SZ,A_SHARE_COMMON_EQUITY,True,
szse_listing_register.csv,002739.SZ,A_SHARE_COMMON_EQUITY,True,
szse_listing_register.csv,002741.SZ,A_SHARE_COMMON_EQUITY,True,
szse_listing_register.csv,002742.SZ,A_SHARE_COMMON_EQUITY,True,
szse_listing_register.csv,002743.SZ,A_SHARE_COMMON_EQUITY,True,
szse_listing_register.csv,002745.SZ,A_SHARE_COMMON_EQUITY,True,
szse_listing_register.csv,002746.SZ,A_SHARE_COMMON_EQUITY,True,
szse_listing_register.csv,002747.SZ,A_SHARE_COMMON_EQUITY,True,
szse_listing_register.csv,002748.SZ,A_SHARE_COMMON_EQUITY,True,
szse_listing_register.csv,002749.SZ,A_SHARE_COMMON_EQUITY,True,
szse_listing_register.csv,002752.SZ,A_SHARE_COMMON_EQUITY,True,
szse_listing_register.csv,002753.SZ,A_SHARE_COMMON_EQUITY,True,
szse_listing_register.csv,002755.SZ,A_SHARE_COMMON_EQUITY,True,
szse_listing_register.csv,002756.SZ,A_SHARE_COMMON_EQUITY,True,
szse_listing_register.csv,002757.SZ,A_SHARE_COMMON_EQUITY,True,
szse_listing_register.csv,002758.SZ,A_SHARE_COMMON_EQUITY,True,
szse_listing_register.csv,002759.SZ,A_SHARE_COMMON_EQUITY,True,
szse_listing_register.csv,002760.SZ,A_SHARE_COMMON_EQUITY,True,
szse_listing_register.csv,002761.SZ,A_SHARE_COMMON_EQUITY,True,
szse_listing_register.csv,002762.SZ,A_SHARE_COMMON_EQUITY,True,
szse_listing_register.csv,002763.SZ,A_SHARE_COMMON_EQUITY,True,
szse_listing_register.csv,002765.SZ,A_SHARE_COMMON_EQUITY,True,
szse_listing_register.csv,002766.SZ,A_SHARE_COMMON_EQUITY,True,
szse_listing_register.csv,002767.SZ,A_SHARE_COMMON_EQUITY,True,
szse_listing_register.csv,002768.SZ,A_SHARE_COMMON_EQUITY,True,
szse_listing_register.csv,002769.SZ,A_SHARE_COMMON_EQUITY,True,
szse_listing_register.csv,002771.SZ,A_SHARE_COMMON_EQUITY,True,
szse_listing_register.csv,002772.SZ,A_SHARE_COMMON_EQUITY,True,
szse_listing_register.csv,002773.SZ,A_SHARE_COMMON_EQUITY,True,
szse_listing_register.csv,002774.SZ,A_SHARE_COMMON_EQUITY,True,
szse_listing_register.csv,002775.SZ,A_SHARE_COMMON_EQUITY,True,
szse_listing_register.csv,002777.SZ,A_SHARE_COMMON_EQUITY,True,
szse_listing_register.csv,002778.SZ,A_SHARE_COMMON_EQUITY,True,
szse_listing_register.csv,002779.SZ,A_SHARE_COMMON_EQUITY,True,
szse_listing_register.csv,002780.SZ,A_SHARE_COMMON_EQUITY,True,
szse_listing_register.csv,002782.SZ,A_SHARE_COMMON_EQUITY,True,
szse_listing_register.csv,002783.SZ,A_SHARE_COMMON_EQUITY,True,
szse_listing_register.csv,002785.SZ,A_SHARE_COMMON_EQUITY,True,
szse_listing_register.csv,002786.SZ,A_SHARE_COMMON_EQUITY,True,
szse_listing_register.csv,002787.SZ,A_SHARE_COMMON_EQUITY,True,
szse_listing_register.csv,002788.SZ,A_SHARE_COMMON_EQUITY,True,
szse_listing_register.csv,002789.SZ,A_SHARE_COMMON_EQUITY,True,
szse_listing_register.csv,002790.SZ,A_SHARE_COMMON_EQUITY,True,
szse_listing_register.csv,002791.SZ,A_SHARE_COMMON_EQUITY,True,
szse_listing_register.csv,002792.SZ,A_SHARE_COMMON_EQUITY,True,
szse_listing_register.csv,002793.SZ,A_SHARE_COMMON_EQUITY,True,
szse_listing_register.csv,002795.SZ,A_SHARE_COMMON_EQUITY,True,
szse_listing_register.csv,002796.SZ,A_SHARE_COMMON_EQUITY,True,
szse_listing_register.csv,002797.SZ,A_SHARE_COMMON_EQUITY,True,
szse_listing_register.csv,002798.SZ,A_SHARE_COMMON_EQUITY,True,
szse_listing_register.csv,002799.SZ,A_SHARE_COMMON_EQUITY,True,
szse_listing_register.csv,002800.SZ,A_SHARE_COMMON_EQUITY,True,
szse_listing_register.csv,002801.SZ,A_SHARE_COMMON_EQUITY,True,
szse_listing_register.csv,002802.SZ,A_SHARE_COMMON_EQUITY,True,
szse_listing_register.csv,002803.SZ,A_SHARE_COMMON_EQUITY,True,
szse_listing_register.csv,002805.SZ,A_SHARE_COMMON_EQUITY,True,
szse_listing_register.csv,002806.SZ,A_SHARE_COMMON_EQUITY,True,
szse_listing_register.csv,002807.SZ,A_SHARE_COMMON_EQUITY,True,
szse_listing_register.csv,002809.SZ,A_SHARE_COMMON_EQUITY,True,
szse_listing_register.csv,002810.SZ,A_SHARE_COMMON_EQUITY,True,
szse_listing_register.csv,002811.SZ,A_SHARE_COMMON_EQUITY,True,
szse_listing_register.csv,002812.SZ,A_SHARE_COMMON_EQUITY,True,
szse_listing_register.csv,002813.SZ,A_SHARE_COMMON_EQUITY,True,
szse_listing_register.csv,002815.SZ,A_SHARE_COMMON_EQUITY,True,
szse_listing_register.csv,002816.SZ,A_SHARE_COMMON_EQUITY,True,
szse_listing_register.csv,002817.SZ,A_SHARE_COMMON_EQUITY,True,
szse_listing_register.csv,002818.SZ,A_SHARE_COMMON_EQUITY,True,
szse_listing_register.csv,002819.SZ,A_SHARE_COMMON_EQUITY,True,
szse_listing_register.csv,002820.SZ,A_SHARE_COMMON_EQUITY,True,
szse_listing_register.csv,002821.SZ,A_SHARE_COMMON_EQUITY,True,
szse_listing_register.csv,002822.SZ,A_SHARE_COMMON_EQUITY,True,
szse_listing_register.csv,002823.SZ,A_SHARE_COMMON_EQUITY,True,
szse_listing_register.csv,002824.SZ,A_SHARE_COMMON_EQUITY,True,
szse_listing_register.csv,002825.SZ,A_SHARE_COMMON_EQUITY,True,
szse_listing_register.csv,002826.SZ,A_SHARE_COMMON_EQUITY,True,
szse_listing_register.csv,002827.SZ,A_SHARE_COMMON_EQUITY,True,
szse_listing_register.csv,002828.SZ,A_SHARE_COMMON_EQUITY,True,
szse_listing_register.csv,002829.SZ,A_SHARE_COMMON_EQUITY,True,
szse_listing_register.csv,002830.SZ,A_SHARE_COMMON_EQUITY,True,
szse_listing_register.csv,002831.SZ,A_SHARE_COMMON_EQUITY,True,
szse_listing_register.csv,002832.SZ,A_SHARE_COMMON_EQUITY,True,
szse_listing_register.csv,002833.SZ,A_SHARE_COMMON_EQUITY,True,
szse_listing_register.csv,002835.SZ,A_SHARE_COMMON_EQUITY,True,
szse_listing_register.csv,002836.SZ,A_SHARE_COMMON_EQUITY,True,
szse_listing_register.csv,002837.SZ,A_SHARE_COMMON_EQUITY,True,
szse_listing_register.csv,002838.SZ,A_SHARE_COMMON_EQUITY,True,
szse_listing_register.csv,002839.SZ,A_SHARE_COMMON_EQUITY,True,
szse_listing_register.csv,002840.SZ,A_SHARE_COMMON_EQUITY,True,
szse_listing_register.csv,002841.SZ,A_SHARE_COMMON_EQUITY,True,
szse_listing_register.csv,002842.SZ,A_SHARE_COMMON_EQUITY,True,
szse_listing_register.csv,002843.SZ,A_SHARE_COMMON_EQUITY,True,
szse_listing_register.csv,002845.SZ,A_SHARE_COMMON_EQUITY,True,
szse_listing_register.csv,002846.SZ,A_SHARE_COMMON_EQUITY,True,
szse_listing_register.csv,002847.SZ,A_SHARE_COMMON_EQUITY,True,
szse_listing_register.csv,002848.SZ,A_SHARE_COMMON_EQUITY,True,
szse_listing_register.csv,002849.SZ,A_SHARE_COMMON_EQUITY,True,
szse_listing_register.csv,002850.SZ,A_SHARE_COMMON_EQUITY,True,
szse_listing_register.csv,002851.SZ,A_SHARE_COMMON_EQUITY,True,
szse_listing_register.csv,002852.SZ,A_SHARE_COMMON_EQUITY,True,
szse_listing_register.csv,002853.SZ,A_SHARE_COMMON_EQUITY,True,
szse_listing_register.csv,002855.SZ,A_SHARE_COMMON_EQUITY,True,
szse_listing_register.csv,002856.SZ,A_SHARE_COMMON_EQUITY,True,
szse_listing_register.csv,002857.SZ,A_SHARE_COMMON_EQUITY,True,
szse_listing_register.csv,002858.SZ,A_SHARE_COMMON_EQUITY,True,
szse_listing_register.csv,002859.SZ,A_SHARE_COMMON_EQUITY,True,
szse_listing_register.csv,002860.SZ,A_SHARE_COMMON_EQUITY,True,
szse_listing_register.csv,002861.SZ,A_SHARE_COMMON_EQUITY,True,
szse_listing_register.csv,002862.SZ,A_SHARE_COMMON_EQUITY,True,
szse_listing_register.csv,002863.SZ,A_SHARE_COMMON_EQUITY,True,
szse_listing_register.csv,002864.SZ,A_SHARE_COMMON_EQUITY,True,
szse_listing_register.csv,002865.SZ,A_SHARE_COMMON_EQUITY,True,
szse_listing_register.csv,002866.SZ,A_SHARE_COMMON_EQUITY,True,
szse_listing_register.csv,002867.SZ,A_SHARE_COMMON_EQUITY,True,
szse_listing_register.csv,002868.SZ,A_SHARE_COMMON_EQUITY,True,
szse_listing_register.csv,002869.SZ,A_SHARE_COMMON_EQUITY,True,
szse_listing_register.csv,002870.SZ,A_SHARE_COMMON_EQUITY,True,
szse_listing_register.csv,002871.SZ,A_SHARE_COMMON_EQUITY,True,
szse_listing_register.csv,002872.SZ,A_SHARE_COMMON_EQUITY,True,
szse_listing_register.csv,002873.SZ,A_SHARE_COMMON_EQUITY,True,
szse_listing_register.csv,002875.SZ,A_SHARE_COMMON_EQUITY,True,
szse_listing_register.csv,002876.SZ,A_SHARE_COMMON_EQUITY,True,
szse_listing_register.csv,002877.SZ,A_SHARE_COMMON_EQUITY,True,
szse_listing_register.csv,002878.SZ,A_SHARE_COMMON_EQUITY,True,
szse_listing_register.csv,002879.SZ,A_SHARE_COMMON_EQUITY,True,
szse_listing_register.csv,002880.SZ,A_SHARE_COMMON_EQUITY,True,
szse_listing_register.csv,002881.SZ,A_SHARE_COMMON_EQUITY,True,
szse_listing_register.csv,002882.SZ,A_SHARE_COMMON_EQUITY,True,
szse_listing_register.csv,002883.SZ,A_SHARE_COMMON_EQUITY,True,
szse_listing_register.csv,002884.SZ,A_SHARE_COMMON_EQUITY,True,
szse_listing_register.csv,002885.SZ,A_SHARE_COMMON_EQUITY,True,
szse_listing_register.csv,002886.SZ,A_SHARE_COMMON_EQUITY,True,
szse_listing_register.csv,002887.SZ,A_SHARE_COMMON_EQUITY,True,
szse_listing_register.csv,002888.SZ,A_SHARE_COMMON_EQUITY,True,
szse_listing_register.csv,002889.SZ,A_SHARE_COMMON_EQUITY,True,
szse_listing_register.csv,002890.SZ,A_SHARE_COMMON_EQUITY,True,
szse_listing_register.csv,002891.SZ,A_SHARE_COMMON_EQUITY,True,
szse_listing_register.csv,002892.SZ,A_SHARE_COMMON_EQUITY,True,
szse_listing_register.csv,002893.SZ,A_SHARE_COMMON_EQUITY,True,
szse_listing_register.csv,002895.SZ,A_SHARE_COMMON_EQUITY,True,
szse_listing_register.csv,002896.SZ,A_SHARE_COMMON_EQUITY,True,
szse_listing_register.csv,002897.SZ,A_SHARE_COMMON_EQUITY,True,
szse_listing_register.csv,002899.SZ,A_SHARE_COMMON_EQUITY,True,
szse_listing_register.csv,002900.SZ,A_SHARE_COMMON_EQUITY,True,
szse_listing_register.csv,002901.SZ,A_SHARE_COMMON_EQUITY,True,
szse_listing_register.csv,002902.SZ,A_SHARE_COMMON_EQUITY,True,
szse_listing_register.csv,002903.SZ,A_SHARE_COMMON_EQUITY,True,
szse_listing_register.csv,002905.SZ,A_SHARE_COMMON_EQUITY,True,
szse_listing_register.csv,002906.SZ,A_SHARE_COMMON_EQUITY,True,
szse_listing_register.csv,002907.SZ,A_SHARE_COMMON_EQUITY,True,
szse_listing_register.csv,002908.SZ,A_SHARE_COMMON_EQUITY,True,
szse_listing_register.csv,002909.SZ,A_SHARE_COMMON_EQUITY,True,
szse_listing_register.csv,002910.SZ,A_SHARE_COMMON_EQUITY,True,
szse_listing_register.csv,002911.SZ,A_SHARE_COMMON_EQUITY,True,
szse_listing_register.csv,002912.SZ,A_SHARE_COMMON_EQUITY,True,
szse_listing_register.csv,002913.SZ,A_SHARE_COMMON_EQUITY,True,
szse_listing_register.csv,002915.SZ,A_SHARE_COMMON_EQUITY,True,
szse_listing_register.csv,002916.SZ,A_SHARE_COMMON_EQUITY,True,
szse_listing_register.csv,002917.SZ,A_SHARE_COMMON_EQUITY,True,
szse_listing_register.csv,002918.SZ,A_SHARE_COMMON_EQUITY,True,
szse_listing_register.csv,002919.SZ,A_SHARE_COMMON_EQUITY,True,
szse_listing_register.csv,002920.SZ,A_SHARE_COMMON_EQUITY,True,
szse_listing_register.csv,002921.SZ,A_SHARE_COMMON_EQUITY,True,
szse_listing_register.csv,002922.SZ,A_SHARE_COMMON_EQUITY,True,
szse_listing_register.csv,002923.SZ,A_SHARE_COMMON_EQUITY,True,
szse_listing_register.csv,002925.SZ,A_SHARE_COMMON_EQUITY,True,
szse_listing_register.csv,002926.SZ,A_SHARE_COMMON_EQUITY,True,
szse_listing_register.csv,002927.SZ,A_SHARE_COMMON_EQUITY,True,
szse_listing_register.csv,002928.SZ,A_SHARE_COMMON_EQUITY,True,
szse_listing_register.csv,002929.SZ,A_SHARE_COMMON_EQUITY,True,
szse_listing_register.csv,002930.SZ,A_SHARE_COMMON_EQUITY,True,
szse_listing_register.csv,002931.SZ,A_SHARE_COMMON_EQUITY,True,
szse_listing_register.csv,002932.SZ,A_SHARE_COMMON_EQUITY,True,
szse_listing_register.csv,002933.SZ,A_SHARE_COMMON_EQUITY,True,
szse_listing_register.csv,002935.SZ,A_SHARE_COMMON_EQUITY,True,
szse_listing_register.csv,002936.SZ,A_SHARE_COMMON_EQUITY,True,
szse_listing_register.csv,002937.SZ,A_SHARE_COMMON_EQUITY,True,
szse_listing_register.csv,002938.SZ,A_SHARE_COMMON_EQUITY,True,
szse_listing_register.csv,002939.SZ,A_SHARE_COMMON_EQUITY,True,
szse_listing_register.csv,002940.SZ,A_SHARE_COMMON_EQUITY,True,
szse_listing_register.csv,002941.SZ,A_SHARE_COMMON_EQUITY,True,
szse_listing_register.csv,002942.SZ,A_SHARE_COMMON_EQUITY,True,
szse_listing_register.csv,002943.SZ,A_SHARE_COMMON_EQUITY,True,
szse_listing_register.csv,002945.SZ,A_SHARE_COMMON_EQUITY,True,
szse_listing_register.csv,002946.SZ,A_SHARE_COMMON_EQUITY,True,
szse_listing_register.csv,002947.SZ,A_SHARE_COMMON_EQUITY,True,
szse_listing_register.csv,002948.SZ,A_SHARE_COMMON_EQUITY,True,
szse_listing_register.csv,002949.SZ,A_SHARE_COMMON_EQUITY,True,
szse_listing_register.csv,002950.SZ,A_SHARE_COMMON_EQUITY,True,
szse_listing_register.csv,002951.SZ,A_SHARE_COMMON_EQUITY,True,
szse_listing_register.csv,002952.SZ,A_SHARE_COMMON_EQUITY,True,
szse_listing_register.csv,002953.SZ,A_SHARE_COMMON_EQUITY,True,
szse_listing_register.csv,002955.SZ,A_SHARE_COMMON_EQUITY,True,
szse_listing_register.csv,002956.SZ,A_SHARE_COMMON_EQUITY,True,
szse_listing_register.csv,002957.SZ,A_SHARE_COMMON_EQUITY,True,
szse_listing_register.csv,002958.SZ,A_SHARE_COMMON_EQUITY,True,
szse_listing_register.csv,002959.SZ,A_SHARE_COMMON_EQUITY,True,
szse_listing_register.csv,002960.SZ,A_SHARE_COMMON_EQUITY,True,
szse_listing_register.csv,002961.SZ,A_SHARE_COMMON_EQUITY,True,
szse_listing_register.csv,002962.SZ,A_SHARE_COMMON_EQUITY,True,
szse_listing_register.csv,002963.SZ,A_SHARE_COMMON_EQUITY,True,
szse_listing_register.csv,002965.SZ,A_SHARE_COMMON_EQUITY,True,
szse_listing_register.csv,002966.SZ,A_SHARE_COMMON_EQUITY,True,
szse_listing_register.csv,002967.SZ,A_SHARE_COMMON_EQUITY,True,
szse_listing_register.csv,002968.SZ,A_SHARE_COMMON_EQUITY,True,
szse_listing_register.csv,002969.SZ,A_SHARE_COMMON_EQUITY,True,
szse_listing_register.csv,002970.SZ,A_SHARE_COMMON_EQUITY,True,
szse_listing_register.csv,002971.SZ,A_SHARE_COMMON_EQUITY,True,
szse_listing_register.csv,002972.SZ,A_SHARE_COMMON_EQUITY,True,
szse_listing_register.csv,002973.SZ,A_SHARE_COMMON_EQUITY,True,
szse_listing_register.csv,002975.SZ,A_SHARE_COMMON_EQUITY,True,
szse_listing_register.csv,002976.SZ,A_SHARE_COMMON_EQUITY,True,
szse_listing_register.csv,002977.SZ,A_SHARE_COMMON_EQUITY,True,
szse_listing_register.csv,002978.SZ,A_SHARE_COMMON_EQUITY,True,
szse_listing_register.csv,002979.SZ,A_SHARE_COMMON_EQUITY,True,
szse_listing_register.csv,002980.SZ,A_SHARE_COMMON_EQUITY,True,
szse_listing_register.csv,002981.SZ,A_SHARE_COMMON_EQUITY,True,
szse_listing_register.csv,002982.SZ,A_SHARE_COMMON_EQUITY,True,
szse_listing_register.csv,002983.SZ,A_SHARE_COMMON_EQUITY,True,
szse_listing_register.csv,002984.SZ,A_SHARE_COMMON_EQUITY,True,
szse_listing_register.csv,002985.SZ,A_SHARE_COMMON_EQUITY,True,
szse_listing_register.csv,002986.SZ,A_SHARE_COMMON_EQUITY,True,
szse_listing_register.csv,002987.SZ,A_SHARE_COMMON_EQUITY,True,
szse_listing_register.csv,002988.SZ,A_SHARE_COMMON_EQUITY,True,
szse_listing_register.csv,002989.SZ,A_SHARE_COMMON_EQUITY,True,
szse_listing_register.csv,002990.SZ,A_SHARE_COMMON_EQUITY,True,
szse_listing_register.csv,002991.SZ,A_SHARE_COMMON_EQUITY,True,
szse_listing_register.csv,002992.SZ,A_SHARE_COMMON_EQUITY,True,
szse_listing_register.csv,002993.SZ,A_SHARE_COMMON_EQUITY,True,
szse_listing_register.csv,002995.SZ,A_SHARE_COMMON_EQUITY,True,
szse_listing_register.csv,002996.SZ,A_SHARE_COMMON_EQUITY,True,
szse_listing_register.csv,002997.SZ,A_SHARE_COMMON_EQUITY,True,
szse_listing_register.csv,002998.SZ,A_SHARE_COMMON_EQUITY,True,
szse_listing_register.csv,002999.SZ,A_SHARE_COMMON_EQUITY,True,
szse_listing_register.csv,003000.SZ,A_SHARE_COMMON_EQUITY,True,
szse_listing_register.csv,003001.SZ,A_SHARE_COMMON_EQUITY,True,
szse_listing_register.csv,003002.SZ,A_SHARE_COMMON_EQUITY,True,
szse_listing_register.csv,003003.SZ,A_SHARE_COMMON_EQUITY,True,
szse_listing_register.csv,003004.SZ,A_SHARE_COMMON_EQUITY,True,
szse_listing_register.csv,003005.SZ,A_SHARE_COMMON_EQUITY,True,
szse_listing_register.csv,003006.SZ,A_SHARE_COMMON_EQUITY,True,
szse_listing_register.csv,003007.SZ,A_SHARE_COMMON_EQUITY,True,
szse_listing_register.csv,003008.SZ,A_SHARE_COMMON_EQUITY,True,
szse_listing_register.csv,003009.SZ,A_SHARE_COMMON_EQUITY,True,
szse_listing_register.csv,003010.SZ,A_SHARE_COMMON_EQUITY,True,
szse_listing_register.csv,003011.SZ,A_SHARE_COMMON_EQUITY,True,
szse_listing_register.csv,003012.SZ,A_SHARE_COMMON_EQUITY,True,
szse_listing_register.csv,003013.SZ,A_SHARE_COMMON_EQUITY,True,
szse_listing_register.csv,003015.SZ,A_SHARE_COMMON_EQUITY,True,
szse_listing_register.csv,003016.SZ,A_SHARE_COMMON_EQUITY,True,
szse_listing_register.csv,003017.SZ,A_SHARE_COMMON_EQUITY,True,
szse_listing_register.csv,003018.SZ,A_SHARE_COMMON_EQUITY,True,
szse_listing_register.csv,003019.SZ,A_SHARE_COMMON_EQUITY,True,
szse_listing_register.csv,003020.SZ,A_SHARE_COMMON_EQUITY,True,
szse_listing_register.csv,003021.SZ,A_SHARE_COMMON_EQUITY,True,
szse_listing_register.csv,003022.SZ,A_SHARE_COMMON_EQUITY,True,
szse_listing_register.csv,003023.SZ,A_SHARE_COMMON_EQUITY,True,
szse_listing_register.csv,003025.SZ,A_SHARE_COMMON_EQUITY,True,
szse_listing_register.csv,003026.SZ,A_SHARE_COMMON_EQUITY,True,
szse_listing_register.csv,003027.SZ,A_SHARE_COMMON_EQUITY,True,
szse_listing_register.csv,003028.SZ,A_SHARE_COMMON_EQUITY,True,
szse_listing_register.csv,003029.SZ,A_SHARE_COMMON_EQUITY,True,
szse_listing_register.csv,003030.SZ,A_SHARE_COMMON_EQUITY,True,
szse_listing_register.csv,003031.SZ,A_SHARE_COMMON_EQUITY,True,
szse_listing_register.csv,003032.SZ,A_SHARE_COMMON_EQUITY,True,
szse_listing_register.csv,003033.SZ,A_SHARE_COMMON_EQUITY,True,
szse_listing_register.csv,003035.SZ,A_SHARE_COMMON_EQUITY,True,
szse_listing_register.csv,003036.SZ,A_SHARE_COMMON_EQUITY,True,
szse_listing_register.csv,003037.SZ,A_SHARE_COMMON_EQUITY,True,
szse_listing_register.csv,003038.SZ,A_SHARE_COMMON_EQUITY,True,
szse_listing_register.csv,003039.SZ,A_SHARE_COMMON_EQUITY,True,
szse_listing_register.csv,003040.SZ,A_SHARE_COMMON_EQUITY,True,
szse_listing_register.csv,003041.SZ,A_SHARE_COMMON_EQUITY,True,
szse_listing_register.csv,003042.SZ,A_SHARE_COMMON_EQUITY,True,
szse_listing_register.csv,003043.SZ,A_SHARE_COMMON_EQUITY,True,
szse_listing_register.csv,003816.SZ,A_SHARE_COMMON_EQUITY,True,
szse_listing_register.csv,300001.SZ,A_SHARE_COMMON_EQUITY,True,
szse_listing_register.csv,300002.SZ,A_SHARE_COMMON_EQUITY,True,
szse_listing_register.csv,300003.SZ,A_SHARE_COMMON_EQUITY,True,
szse_listing_register.csv,300004.SZ,A_SHARE_COMMON_EQUITY,True,
szse_listing_register.csv,300005.SZ,A_SHARE_COMMON_EQUITY,True,
szse_listing_register.csv,300006.SZ,A_SHARE_COMMON_EQUITY,True,
szse_listing_register.csv,300007.SZ,A_SHARE_COMMON_EQUITY,True,
szse_listing_register.csv,300008.SZ,A_SHARE_COMMON_EQUITY,True,
szse_listing_register.csv,300009.SZ,A_SHARE_COMMON_EQUITY,True,
szse_listing_register.csv,300010.SZ,A_SHARE_COMMON_EQUITY,True,
szse_listing_register.csv,300011.SZ,A_SHARE_COMMON_EQUITY,True,
szse_listing_register.csv,300012.SZ,A_SHARE_COMMON_EQUITY,True,
szse_listing_register.csv,300013.SZ,A_SHARE_COMMON_EQUITY,True,
szse_listing_register.csv,300014.SZ,A_SHARE_COMMON_EQUITY,True,
szse_listing_register.csv,300015.SZ,A_SHARE_COMMON_EQUITY,True,
szse_listing_register.csv,300016.SZ,A_SHARE_COMMON_EQUITY,True,
szse_listing_register.csv,300017.SZ,A_SHARE_COMMON_EQUITY,True,
szse_listing_register.csv,300018.SZ,A_SHARE_COMMON_EQUITY,True,
szse_listing_register.csv,300019.SZ,A_SHARE_COMMON_EQUITY,True,
szse_listing_register.csv,300020.SZ,A_SHARE_COMMON_EQUITY,True,
szse_listing_register.csv,300021.SZ,A_SHARE_COMMON_EQUITY,True,
szse_listing_register.csv,300022.SZ,A_SHARE_COMMON_EQUITY,True,
szse_listing_register.csv,300024.SZ,A_SHARE_COMMON_EQUITY,True,
szse_listing_register.csv,300025.SZ,A_SHARE_COMMON_EQUITY,True,
szse_listing_register.csv,300026.SZ,A_SHARE_COMMON_EQUITY,True,
szse_listing_register.csv,300027.SZ,A_SHARE_COMMON_EQUITY,True,
szse_listing_register.csv,300030.SZ,A_SHARE_COMMON_EQUITY,True,
szse_listing_register.csv,300031.SZ,A_SHARE_COMMON_EQUITY,True,
szse_listing_register.csv,300032.SZ,A_SHARE_COMMON_EQUITY,True,
szse_listing_register.csv,300033.SZ,A_SHARE_COMMON_EQUITY,True,
szse_listing_register.csv,300034.SZ,A_SHARE_COMMON_EQUITY,True,
szse_listing_register.csv,300035.SZ,A_SHARE_COMMON_EQUITY,True,
szse_listing_register.csv,300036.SZ,A_SHARE_COMMON_EQUITY,True,
szse_listing_register.csv,300037.SZ,A_SHARE_COMMON_EQUITY,True,
szse_listing_register.csv,300039.SZ,A_SHARE_COMMON_EQUITY,True,
szse_listing_register.csv,300040.SZ,A_SHARE_COMMON_EQUITY,True,
szse_listing_register.csv,300041.SZ,A_SHARE_COMMON_EQUITY,True,
szse_listing_register.csv,300042.SZ,A_SHARE_COMMON_EQUITY,True,
szse_listing_register.csv,300043.SZ,A_SHARE_COMMON_EQUITY,True,
szse_listing_register.csv,300044.SZ,A_SHARE_COMMON_EQUITY,True,
szse_listing_register.csv,300045.SZ,A_SHARE_COMMON_EQUITY,True,
szse_listing_register.csv,300046.SZ,A_SHARE_COMMON_EQUITY,True,
szse_listing_register.csv,300047.SZ,A_SHARE_COMMON_EQUITY,True,
szse_listing_register.csv,300048.SZ,A_SHARE_COMMON_EQUITY,True,
szse_listing_register.csv,300049.SZ,A_SHARE_COMMON_EQUITY,True,
szse_listing_register.csv,300050.SZ,A_SHARE_COMMON_EQUITY,True,
szse_listing_register.csv,300051.SZ,A_SHARE_COMMON_EQUITY,True,
szse_listing_register.csv,300052.SZ,A_SHARE_COMMON_EQUITY,True,
szse_listing_register.csv,300053.SZ,A_SHARE_COMMON_EQUITY,True,
szse_listing_register.csv,300054.SZ,A_SHARE_COMMON_EQUITY,True,
szse_listing_register.csv,300055.SZ,A_SHARE_COMMON_EQUITY,True,
szse_listing_register.csv,300056.SZ,A_SHARE_COMMON_EQUITY,True,
szse_listing_register.csv,300057.SZ,A_SHARE_COMMON_EQUITY,True,
szse_listing_register.csv,300058.SZ,A_SHARE_COMMON_EQUITY,True,
szse_listing_register.csv,300059.SZ,A_SHARE_COMMON_EQUITY,True,
szse_listing_register.csv,300061.SZ,A_SHARE_COMMON_EQUITY,True,
szse_listing_register.csv,300062.SZ,A_SHARE_COMMON_EQUITY,True,
szse_listing_register.csv,300063.SZ,A_SHARE_COMMON_EQUITY,True,
szse_listing_register.csv,300065.SZ,A_SHARE_COMMON_EQUITY,True,
szse_listing_register.csv,300066.SZ,A_SHARE_COMMON_EQUITY,True,
szse_listing_register.csv,300067.SZ,A_SHARE_COMMON_EQUITY,True,
szse_listing_register.csv,300068.SZ,A_SHARE_COMMON_EQUITY,True,
szse_listing_register.csv,300069.SZ,A_SHARE_COMMON_EQUITY,True,
szse_listing_register.csv,300070.SZ,A_SHARE_COMMON_EQUITY,True,
szse_listing_register.csv,300071.SZ,A_SHARE_COMMON_EQUITY,True,
szse_listing_register.csv,300072.SZ,A_SHARE_COMMON_EQUITY,True,
szse_listing_register.csv,300073.SZ,A_SHARE_COMMON_EQUITY,True,
szse_listing_register.csv,300074.SZ,A_SHARE_COMMON_EQUITY,True,
szse_listing_register.csv,300075.SZ,A_SHARE_COMMON_EQUITY,True,
szse_listing_register.csv,300076.SZ,A_SHARE_COMMON_EQUITY,True,
szse_listing_register.csv,300077.SZ,A_SHARE_COMMON_EQUITY,True,
szse_listing_register.csv,300078.SZ,A_SHARE_COMMON_EQUITY,True,
szse_listing_register.csv,300079.SZ,A_SHARE_COMMON_EQUITY,True,
szse_listing_register.csv,300080.SZ,A_SHARE_COMMON_EQUITY,True,
szse_listing_register.csv,300081.SZ,A_SHARE_COMMON_EQUITY,True,
szse_listing_register.csv,300082.SZ,A_SHARE_COMMON_EQUITY,True,
szse_listing_register.csv,300083.SZ,A_SHARE_COMMON_EQUITY,True,
szse_listing_register.csv,300084.SZ,A_SHARE_COMMON_EQUITY,True,
szse_listing_register.csv,300085.SZ,A_SHARE_COMMON_EQUITY,True,
szse_listing_register.csv,300086.SZ,A_SHARE_COMMON_EQUITY,True,
szse_listing_register.csv,300087.SZ,A_SHARE_COMMON_EQUITY,True,
szse_listing_register.csv,300088.SZ,A_SHARE_COMMON_EQUITY,True,
szse_listing_register.csv,300091.SZ,A_SHARE_COMMON_EQUITY,True,
szse_listing_register.csv,300092.SZ,A_SHARE_COMMON_EQUITY,True,
szse_listing_register.csv,300093.SZ,A_SHARE_COMMON_EQUITY,True,
szse_listing_register.csv,300094.SZ,A_SHARE_COMMON_EQUITY,True,
szse_listing_register.csv,300095.SZ,A_SHARE_COMMON_EQUITY,True,
szse_listing_register.csv,300096.SZ,A_SHARE_COMMON_EQUITY,True,
szse_listing_register.csv,300097.SZ,A_SHARE_COMMON_EQUITY,True,
szse_listing_register.csv,300098.SZ,A_SHARE_COMMON_EQUITY,True,
szse_listing_register.csv,300099.SZ,A_SHARE_COMMON_EQUITY,True,
szse_listing_register.csv,300100.SZ,A_SHARE_COMMON_EQUITY,True,
szse_listing_register.csv,300101.SZ,A_SHARE_COMMON_EQUITY,True,
szse_listing_register.csv,300102.SZ,A_SHARE_COMMON_EQUITY,True,
szse_listing_register.csv,300103.SZ,A_SHARE_COMMON_EQUITY,True,
szse_listing_register.csv,300105.SZ,A_SHARE_COMMON_EQUITY,True,
szse_listing_register.csv,300106.SZ,A_SHARE_COMMON_EQUITY,True,
szse_listing_register.csv,300107.SZ,A_SHARE_COMMON_EQUITY,True,
szse_listing_register.csv,300109.SZ,A_SHARE_COMMON_EQUITY,True,
szse_listing_register.csv,300110.SZ,A_SHARE_COMMON_EQUITY,True,
szse_listing_register.csv,300111.SZ,A_SHARE_COMMON_EQUITY,True,
szse_listing_register.csv,300112.SZ,A_SHARE_COMMON_EQUITY,True,
szse_listing_register.csv,300113.SZ,A_SHARE_COMMON_EQUITY,True,
szse_listing_register.csv,300115.SZ,A_SHARE_COMMON_EQUITY,True,
szse_listing_register.csv,300118.SZ,A_SHARE_COMMON_EQUITY,True,
szse_listing_register.csv,300119.SZ,A_SHARE_COMMON_EQUITY,True,
szse_listing_register.csv,300120.SZ,A_SHARE_COMMON_EQUITY,True,
szse_listing_register.csv,300121.SZ,A_SHARE_COMMON_EQUITY,True,
szse_listing_register.csv,300122.SZ,A_SHARE_COMMON_EQUITY,True,
szse_listing_register.csv,300123.SZ,A_SHARE_COMMON_EQUITY,True,
szse_listing_register.csv,300124.SZ,A_SHARE_COMMON_EQUITY,True,
szse_listing_register.csv,300125.SZ,A_SHARE_COMMON_EQUITY,True,
szse_listing_register.csv,300126.SZ,A_SHARE_COMMON_EQUITY,True,
szse_listing_register.csv,300127.SZ,A_SHARE_COMMON_EQUITY,True,
szse_listing_register.csv,300128.SZ,A_SHARE_COMMON_EQUITY,True,
szse_listing_register.csv,300129.SZ,A_SHARE_COMMON_EQUITY,True,
szse_listing_register.csv,300130.SZ,A_SHARE_COMMON_EQUITY,True,
szse_listing_register.csv,300131.SZ,A_SHARE_COMMON_EQUITY,True,
szse_listing_register.csv,300132.SZ,A_SHARE_COMMON_EQUITY,True,
szse_listing_register.csv,300133.SZ,A_SHARE_COMMON_EQUITY,True,
szse_listing_register.csv,300134.SZ,A_SHARE_COMMON_EQUITY,True,
szse_listing_register.csv,300135.SZ,A_SHARE_COMMON_EQUITY,True,
szse_listing_register.csv,300136.SZ,A_SHARE_COMMON_EQUITY,True,
szse_listing_register.csv,300137.SZ,A_SHARE_COMMON_EQUITY,True,
szse_listing_register.csv,300138.SZ,A_SHARE_COMMON_EQUITY,True,
szse_listing_register.csv,300139.SZ,A_SHARE_COMMON_EQUITY,True,
szse_listing_register.csv,300140.SZ,A_SHARE_COMMON_EQUITY,True,
szse_listing_register.csv,300141.SZ,A_SHARE_COMMON_EQUITY,True,
szse_listing_register.csv,300142.SZ,A_SHARE_COMMON_EQUITY,True,
szse_listing_register.csv,300143.SZ,A_SHARE_COMMON_EQUITY,True,
szse_listing_register.csv,300144.SZ,A_SHARE_COMMON_EQUITY,True,
szse_listing_register.csv,300145.SZ,A_SHARE_COMMON_EQUITY,True,
szse_listing_register.csv,300146.SZ,A_SHARE_COMMON_EQUITY,True,
szse_listing_register.csv,300147.SZ,A_SHARE_COMMON_EQUITY,True,
szse_listing_register.csv,300148.SZ,A_SHARE_COMMON_EQUITY,True,
szse_listing_register.csv,300149.SZ,A_SHARE_COMMON_EQUITY,True,
szse_listing_register.csv,300150.SZ,A_SHARE_COMMON_EQUITY,True,
szse_listing_register.csv,300151.SZ,A_SHARE_COMMON_EQUITY,True,
szse_listing_register.csv,300152.SZ,A_SHARE_COMMON_EQUITY,True,
szse_listing_register.csv,300153.SZ,A_SHARE_COMMON_EQUITY,True,
szse_listing_register.csv,300154.SZ,A_SHARE_COMMON_EQUITY,True,
szse_listing_register.csv,300155.SZ,A_SHARE_COMMON_EQUITY,True,
szse_listing_register.csv,300157.SZ,A_SHARE_COMMON_EQUITY,True,
szse_listing_register.csv,300158.SZ,A_SHARE_COMMON_EQUITY,True,
szse_listing_register.csv,300159.SZ,A_SHARE_COMMON_EQUITY,True,
szse_listing_register.csv,300160.SZ,A_SHARE_COMMON_EQUITY,True,
szse_listing_register.csv,300161.SZ,A_SHARE_COMMON_EQUITY,True,
szse_listing_register.csv,300162.SZ,A_SHARE_COMMON_EQUITY,True,
szse_listing_register.csv,300163.SZ,A_SHARE_COMMON_EQUITY,True,
szse_listing_register.csv,300164.SZ,A_SHARE_COMMON_EQUITY,True,
szse_listing_register.csv,300165.SZ,A_SHARE_COMMON_EQUITY,True,
szse_listing_register.csv,300166.SZ,A_SHARE_COMMON_EQUITY,True,
szse_listing_register.csv,300167.SZ,A_SHARE_COMMON_EQUITY,True,
szse_listing_register.csv,300168.SZ,A_SHARE_COMMON_EQUITY,True,
szse_listing_register.csv,300169.SZ,A_SHARE_COMMON_EQUITY,True,
szse_listing_register.csv,300170.SZ,A_SHARE_COMMON_EQUITY,True,
szse_listing_register.csv,300171.SZ,A_SHARE_COMMON_EQUITY,True,
szse_listing_register.csv,300172.SZ,A_SHARE_COMMON_EQUITY,True,
szse_listing_register.csv,300173.SZ,A_SHARE_COMMON_EQUITY,True,
szse_listing_register.csv,300174.SZ,A_SHARE_COMMON_EQUITY,True,
szse_listing_register.csv,300175.SZ,A_SHARE_COMMON_EQUITY,True,
szse_listing_register.csv,300176.SZ,A_SHARE_COMMON_EQUITY,True,
szse_listing_register.csv,300177.SZ,A_SHARE_COMMON_EQUITY,True,
szse_listing_register.csv,300179.SZ,A_SHARE_COMMON_EQUITY,True,
szse_listing_register.csv,300180.SZ,A_SHARE_COMMON_EQUITY,True,
szse_listing_register.csv,300181.SZ,A_SHARE_COMMON_EQUITY,True,
szse_listing_register.csv,300182.SZ,A_SHARE_COMMON_EQUITY,True,
szse_listing_register.csv,300183.SZ,A_SHARE_COMMON_EQUITY,True,
szse_listing_register.csv,300184.SZ,A_SHARE_COMMON_EQUITY,True,
szse_listing_register.csv,300185.SZ,A_SHARE_COMMON_EQUITY,True,
szse_listing_register.csv,300187.SZ,A_SHARE_COMMON_EQUITY,True,
szse_listing_register.csv,300188.SZ,A_SHARE_COMMON_EQUITY,True,
szse_listing_register.csv,300189.SZ,A_SHARE_COMMON_EQUITY,True,
szse_listing_register.csv,300190.SZ,A_SHARE_COMMON_EQUITY,True,
szse_listing_register.csv,300191.SZ,A_SHARE_COMMON_EQUITY,True,
szse_listing_register.csv,300192.SZ,A_SHARE_COMMON_EQUITY,True,
szse_listing_register.csv,300193.SZ,A_SHARE_COMMON_EQUITY,True,
szse_listing_register.csv,300194.SZ,A_SHARE_COMMON_EQUITY,True,
szse_listing_register.csv,300195.SZ,A_SHARE_COMMON_EQUITY,True,
szse_listing_register.csv,300196.SZ,A_SHARE_COMMON_EQUITY,True,
szse_listing_register.csv,300197.SZ,A_SHARE_COMMON_EQUITY,True,
szse_listing_register.csv,300198.SZ,A_SHARE_COMMON_EQUITY,True,
szse_listing_register.csv,300199.SZ,A_SHARE_COMMON_EQUITY,True,
szse_listing_register.csv,300200.SZ,A_SHARE_COMMON_EQUITY,True,
szse_listing_register.csv,300201.SZ,A_SHARE_COMMON_EQUITY,True,
szse_listing_register.csv,300203.SZ,A_SHARE_COMMON_EQUITY,True,
szse_listing_register.csv,300204.SZ,A_SHARE_COMMON_EQUITY,True,
szse_listing_register.csv,300205.SZ,A_SHARE_COMMON_EQUITY,True,
szse_listing_register.csv,300206.SZ,A_SHARE_COMMON_EQUITY,True,
szse_listing_register.csv,300207.SZ,A_SHARE_COMMON_EQUITY,True,
szse_listing_register.csv,300209.SZ,A_SHARE_COMMON_EQUITY,True,
szse_listing_register.csv,300210.SZ,A_SHARE_COMMON_EQUITY,True,
szse_listing_register.csv,300211.SZ,A_SHARE_COMMON_EQUITY,True,
szse_listing_register.csv,300212.SZ,A_SHARE_COMMON_EQUITY,True,
szse_listing_register.csv,300213.SZ,A_SHARE_COMMON_EQUITY,True,
szse_listing_register.csv,300214.SZ,A_SHARE_COMMON_EQUITY,True,
szse_listing_register.csv,300215.SZ,A_SHARE_COMMON_EQUITY,True,
szse_listing_register.csv,300217.SZ,A_SHARE_COMMON_EQUITY,True,
szse_listing_register.csv,300218.SZ,A_SHARE_COMMON_EQUITY,True,
szse_listing_register.csv,300219.SZ,A_SHARE_COMMON_EQUITY,True,
szse_listing_register.csv,300220.SZ,A_SHARE_COMMON_EQUITY,True,
szse_listing_register.csv,300221.SZ,A_SHARE_COMMON_EQUITY,True,
szse_listing_register.csv,300222.SZ,A_SHARE_COMMON_EQUITY,True,
szse_listing_register.csv,300223.SZ,A_SHARE_COMMON_EQUITY,True,
szse_listing_register.csv,300224.SZ,A_SHARE_COMMON_EQUITY,True,
szse_listing_register.csv,300225.SZ,A_SHARE_COMMON_EQUITY,True,
szse_listing_register.csv,300226.SZ,A_SHARE_COMMON_EQUITY,True,
szse_listing_register.csv,300227.SZ,A_SHARE_COMMON_EQUITY,True,
szse_listing_register.csv,300228.SZ,A_SHARE_COMMON_EQUITY,True,
szse_listing_register.csv,300229.SZ,A_SHARE_COMMON_EQUITY,True,
szse_listing_register.csv,300230.SZ,A_SHARE_COMMON_EQUITY,True,
szse_listing_register.csv,300231.SZ,A_SHARE_COMMON_EQUITY,True,
szse_listing_register.csv,300232.SZ,A_SHARE_COMMON_EQUITY,True,
szse_listing_register.csv,300233.SZ,A_SHARE_COMMON_EQUITY,True,
szse_listing_register.csv,300234.SZ,A_SHARE_COMMON_EQUITY,True,
szse_listing_register.csv,300235.SZ,A_SHARE_COMMON_EQUITY,True,
szse_listing_register.csv,300236.SZ,A_SHARE_COMMON_EQUITY,True,
szse_listing_register.csv,300237.SZ,A_SHARE_COMMON_EQUITY,True,
szse_listing_register.csv,300238.SZ,A_SHARE_COMMON_EQUITY,True,
szse_listing_register.csv,300239.SZ,A_SHARE_COMMON_EQUITY,True,
szse_listing_register.csv,300240.SZ,A_SHARE_COMMON_EQUITY,True,
szse_listing_register.csv,300241.SZ,A_SHARE_COMMON_EQUITY,True,
szse_listing_register.csv,300242.SZ,A_SHARE_COMMON_EQUITY,True,
szse_listing_register.csv,300243.SZ,A_SHARE_COMMON_EQUITY,True,
szse_listing_register.csv,300244.SZ,A_SHARE_COMMON_EQUITY,True,
szse_listing_register.csv,300245.SZ,A_SHARE_COMMON_EQUITY,True,
szse_listing_register.csv,300246.SZ,A_SHARE_COMMON_EQUITY,True,
szse_listing_register.csv,300247.SZ,A_SHARE_COMMON_EQUITY,True,
szse_listing_register.csv,300248.SZ,A_SHARE_COMMON_EQUITY,True,
szse_listing_register.csv,300249.SZ,A_SHARE_COMMON_EQUITY,True,
szse_listing_register.csv,300250.SZ,A_SHARE_COMMON_EQUITY,True,
szse_listing_register.csv,300251.SZ,A_SHARE_COMMON_EQUITY,True,
szse_listing_register.csv,300252.SZ,A_SHARE_COMMON_EQUITY,True,
szse_listing_register.csv,300253.SZ,A_SHARE_COMMON_EQUITY,True,
szse_listing_register.csv,300254.SZ,A_SHARE_COMMON_EQUITY,True,
szse_listing_register.csv,300255.SZ,A_SHARE_COMMON_EQUITY,True,
szse_listing_register.csv,300256.SZ,A_SHARE_COMMON_EQUITY,True,
szse_listing_register.csv,300257.SZ,A_SHARE_COMMON_EQUITY,True,
szse_listing_register.csv,300258.SZ,A_SHARE_COMMON_EQUITY,True,
szse_listing_register.csv,300259.SZ,A_SHARE_COMMON_EQUITY,True,
szse_listing_register.csv,300260.SZ,A_SHARE_COMMON_EQUITY,True,
szse_listing_register.csv,300261.SZ,A_SHARE_COMMON_EQUITY,True,
szse_listing_register.csv,300263.SZ,A_SHARE_COMMON_EQUITY,True,
szse_listing_register.csv,300264.SZ,A_SHARE_COMMON_EQUITY,True,
szse_listing_register.csv,300265.SZ,A_SHARE_COMMON_EQUITY,True,
szse_listing_register.csv,300266.SZ,A_SHARE_COMMON_EQUITY,True,
szse_listing_register.csv,300267.SZ,A_SHARE_COMMON_EQUITY,True,
szse_listing_register.csv,300268.SZ,A_SHARE_COMMON_EQUITY,True,
szse_listing_register.csv,300269.SZ,A_SHARE_COMMON_EQUITY,True,
szse_listing_register.csv,300270.SZ,A_SHARE_COMMON_EQUITY,True,
szse_listing_register.csv,300271.SZ,A_SHARE_COMMON_EQUITY,True,
szse_listing_register.csv,300272.SZ,A_SHARE_COMMON_EQUITY,True,
szse_listing_register.csv,300274.SZ,A_SHARE_COMMON_EQUITY,True,
szse_listing_register.csv,300275.SZ,A_SHARE_COMMON_EQUITY,True,
szse_listing_register.csv,300276.SZ,A_SHARE_COMMON_EQUITY,True,
szse_listing_register.csv,300277.SZ,A_SHARE_COMMON_EQUITY,True,
szse_listing_register.csv,300278.SZ,A_SHARE_COMMON_EQUITY,True,
szse_listing_register.csv,300279.SZ,A_SHARE_COMMON_EQUITY,True,
szse_listing_register.csv,300281.SZ,A_SHARE_COMMON_EQUITY,True,
szse_listing_register.csv,300283.SZ,A_SHARE_COMMON_EQUITY,True,
szse_listing_register.csv,300284.SZ,A_SHARE_COMMON_EQUITY,True,
szse_listing_register.csv,300285.SZ,A_SHARE_COMMON_EQUITY,True,
szse_listing_register.csv,300286.SZ,A_SHARE_COMMON_EQUITY,True,
szse_listing_register.csv,300287.SZ,A_SHARE_COMMON_EQUITY,True,
szse_listing_register.csv,300288.SZ,A_SHARE_COMMON_EQUITY,True,
szse_listing_register.csv,300289.SZ,A_SHARE_COMMON_EQUITY,True,
szse_listing_register.csv,300290.SZ,A_SHARE_COMMON_EQUITY,True,
szse_listing_register.csv,300291.SZ,A_SHARE_COMMON_EQUITY,True,
szse_listing_register.csv,300292.SZ,A_SHARE_COMMON_EQUITY,True,
szse_listing_register.csv,300293.SZ,A_SHARE_COMMON_EQUITY,True,
szse_listing_register.csv,300294.SZ,A_SHARE_COMMON_EQUITY,True,
szse_listing_register.csv,300295.SZ,A_SHARE_COMMON_EQUITY,True,
szse_listing_register.csv,300296.SZ,A_SHARE_COMMON_EQUITY,True,
szse_listing_register.csv,300298.SZ,A_SHARE_COMMON_EQUITY,True,
szse_listing_register.csv,300299.SZ,A_SHARE_COMMON_EQUITY,True,
szse_listing_register.csv,300300.SZ,A_SHARE_COMMON_EQUITY,True,
szse_listing_register.csv,300301.SZ,A_SHARE_COMMON_EQUITY,True,
szse_listing_register.csv,300302.SZ,A_SHARE_COMMON_EQUITY,True,
szse_listing_register.csv,300303.SZ,A_SHARE_COMMON_EQUITY,True,
szse_listing_register.csv,300304.SZ,A_SHARE_COMMON_EQUITY,True,
szse_listing_register.csv,300305.SZ,A_SHARE_COMMON_EQUITY,True,
szse_listing_register.csv,300306.SZ,A_SHARE_COMMON_EQUITY,True,
szse_listing_register.csv,300307.SZ,A_SHARE_COMMON_EQUITY,True,
szse_listing_register.csv,300308.SZ,A_SHARE_COMMON_EQUITY,True,
szse_listing_register.csv,300310.SZ,A_SHARE_COMMON_EQUITY,True,
szse_listing_register.csv,300311.SZ,A_SHARE_COMMON_EQUITY,True,
szse_listing_register.csv,300313.SZ,A_SHARE_COMMON_EQUITY,True,
szse_listing_register.csv,300314.SZ,A_SHARE_COMMON_EQUITY,True,
szse_listing_register.csv,300315.SZ,A_SHARE_COMMON_EQUITY,True,
szse_listing_register.csv,300316.SZ,A_SHARE_COMMON_EQUITY,True,
szse_listing_register.csv,300317.SZ,A_SHARE_COMMON_EQUITY,True,
szse_listing_register.csv,300318.SZ,A_SHARE_COMMON_EQUITY,True,
szse_listing_register.csv,300319.SZ,A_SHARE_COMMON_EQUITY,True,
szse_listing_register.csv,300320.SZ,A_SHARE_COMMON_EQUITY,True,
szse_listing_register.csv,300321.SZ,A_SHARE_COMMON_EQUITY,True,
szse_listing_register.csv,300322.SZ,A_SHARE_COMMON_EQUITY,True,
szse_listing_register.csv,300323.SZ,A_SHARE_COMMON_EQUITY,True,
szse_listing_register.csv,300324.SZ,A_SHARE_COMMON_EQUITY,True,
szse_listing_register.csv,300326.SZ,A_SHARE_COMMON_EQUITY,True,
szse_listing_register.csv,300327.SZ,A_SHARE_COMMON_EQUITY,True,
szse_listing_register.csv,300328.SZ,A_SHARE_COMMON_EQUITY,True,
szse_listing_register.csv,300329.SZ,A_SHARE_COMMON_EQUITY,True,
szse_listing_register.csv,300331.SZ,A_SHARE_COMMON_EQUITY,True,
szse_listing_register.csv,300332.SZ,A_SHARE_COMMON_EQUITY,True,
szse_listing_register.csv,300333.SZ,A_SHARE_COMMON_EQUITY,True,
szse_listing_register.csv,300334.SZ,A_SHARE_COMMON_EQUITY,True,
szse_listing_register.csv,300335.SZ,A_SHARE_COMMON_EQUITY,True,
szse_listing_register.csv,300337.SZ,A_SHARE_COMMON_EQUITY,True,
szse_listing_register.csv,300338.SZ,A_SHARE_COMMON_EQUITY,True,
szse_listing_register.csv,300339.SZ,A_SHARE_COMMON_EQUITY,True,
szse_listing_register.csv,300340.SZ,A_SHARE_COMMON_EQUITY,True,
szse_listing_register.csv,300341.SZ,A_SHARE_COMMON_EQUITY,True,
szse_listing_register.csv,300342.SZ,A_SHARE_COMMON_EQUITY,True,
szse_listing_register.csv,300343.SZ,A_SHARE_COMMON_EQUITY,True,
szse_listing_register.csv,300345.SZ,A_SHARE_COMMON_EQUITY,True,
szse_listing_register.csv,300346.SZ,A_SHARE_COMMON_EQUITY,True,
szse_listing_register.csv,300347.SZ,A_SHARE_COMMON_EQUITY,True,
szse_listing_register.csv,300348.SZ,A_SHARE_COMMON_EQUITY,True,
szse_listing_register.csv,300349.SZ,A_SHARE_COMMON_EQUITY,True,
szse_listing_register.csv,300350.SZ,A_SHARE_COMMON_EQUITY,True,
szse_listing_register.csv,300351.SZ,A_SHARE_COMMON_EQUITY,True,
szse_listing_register.csv,300352.SZ,A_SHARE_COMMON_EQUITY,True,
szse_listing_register.csv,300353.SZ,A_SHARE_COMMON_EQUITY,True,
szse_listing_register.csv,300354.SZ,A_SHARE_COMMON_EQUITY,True,
szse_listing_register.csv,300355.SZ,A_SHARE_COMMON_EQUITY,True,
szse_listing_register.csv,300357.SZ,A_SHARE_COMMON_EQUITY,True,
szse_listing_register.csv,300358.SZ,A_SHARE_COMMON_EQUITY,True,
szse_listing_register.csv,300359.SZ,A_SHARE_COMMON_EQUITY,True,
szse_listing_register.csv,300360.SZ,A_SHARE_COMMON_EQUITY,True,
szse_listing_register.csv,300363.SZ,A_SHARE_COMMON_EQUITY,True,
szse_listing_register.csv,300364.SZ,A_SHARE_COMMON_EQUITY,True,
szse_listing_register.csv,300365.SZ,A_SHARE_COMMON_EQUITY,True,
szse_listing_register.csv,300366.SZ,A_SHARE_COMMON_EQUITY,True,
szse_listing_register.csv,300368.SZ,A_SHARE_COMMON_EQUITY,True,
szse_listing_register.csv,300369.SZ,A_SHARE_COMMON_EQUITY,True,
szse_listing_register.csv,300370.SZ,A_SHARE_COMMON_EQUITY,True,
szse_listing_register.csv,300371.SZ,A_SHARE_COMMON_EQUITY,True,
szse_listing_register.csv,300373.SZ,A_SHARE_COMMON_EQUITY,True,
szse_listing_register.csv,300374.SZ,A_SHARE_COMMON_EQUITY,True,
szse_listing_register.csv,300375.SZ,A_SHARE_COMMON_EQUITY,True,
szse_listing_register.csv,300376.SZ,A_SHARE_COMMON_EQUITY,True,
szse_listing_register.csv,300377.SZ,A_SHARE_COMMON_EQUITY,True,
szse_listing_register.csv,300378.SZ,A_SHARE_COMMON_EQUITY,True,
szse_listing_register.csv,300380.SZ,A_SHARE_COMMON_EQUITY,True,
szse_listing_register.csv,300381.SZ,A_SHARE_COMMON_EQUITY,True,
szse_listing_register.csv,300382.SZ,A_SHARE_COMMON_EQUITY,True,
szse_listing_register.csv,300383.SZ,A_SHARE_COMMON_EQUITY,True,
szse_listing_register.csv,300384.SZ,A_SHARE_COMMON_EQUITY,True,
szse_listing_register.csv,300385.SZ,A_SHARE_COMMON_EQUITY,True,
szse_listing_register.csv,300386.SZ,A_SHARE_COMMON_EQUITY,True,
szse_listing_register.csv,300387.SZ,A_SHARE_COMMON_EQUITY,True,
szse_listing_register.csv,300388.SZ,A_SHARE_COMMON_EQUITY,True,
szse_listing_register.csv,300389.SZ,A_SHARE_COMMON_EQUITY,True,
szse_listing_register.csv,300390.SZ,A_SHARE_COMMON_EQUITY,True,
szse_listing_register.csv,300393.SZ,A_SHARE_COMMON_EQUITY,True,
szse_listing_register.csv,300394.SZ,A_SHARE_COMMON_EQUITY,True,
szse_listing_register.csv,300395.SZ,A_SHARE_COMMON_EQUITY,True,
szse_listing_register.csv,300396.SZ,A_SHARE_COMMON_EQUITY,True,
szse_listing_register.csv,300397.SZ,A_SHARE_COMMON_EQUITY,True,
szse_listing_register.csv,300398.SZ,A_SHARE_COMMON_EQUITY,True,
szse_listing_register.csv,300399.SZ,A_SHARE_COMMON_EQUITY,True,
szse_listing_register.csv,300400.SZ,A_SHARE_COMMON_EQUITY,True,
szse_listing_register.csv,300401.SZ,A_SHARE_COMMON_EQUITY,True,
szse_listing_register.csv,300402.SZ,A_SHARE_COMMON_EQUITY,True,
szse_listing_register.csv,300403.SZ,A_SHARE_COMMON_EQUITY,True,
szse_listing_register.csv,300404.SZ,A_SHARE_COMMON_EQUITY,True,
szse_listing_register.csv,300405.SZ,A_SHARE_COMMON_EQUITY,True,
szse_listing_register.csv,300406.SZ,A_SHARE_COMMON_EQUITY,True,
szse_listing_register.csv,300407.SZ,A_SHARE_COMMON_EQUITY,True,
szse_listing_register.csv,300408.SZ,A_SHARE_COMMON_EQUITY,True,
szse_listing_register.csv,300409.SZ,A_SHARE_COMMON_EQUITY,True,
szse_listing_register.csv,300410.SZ,A_SHARE_COMMON_EQUITY,True,
szse_listing_register.csv,300411.SZ,A_SHARE_COMMON_EQUITY,True,
szse_listing_register.csv,300412.SZ,A_SHARE_COMMON_EQUITY,True,
szse_listing_register.csv,300413.SZ,A_SHARE_COMMON_EQUITY,True,
szse_listing_register.csv,300414.SZ,A_SHARE_COMMON_EQUITY,True,
szse_listing_register.csv,300415.SZ,A_SHARE_COMMON_EQUITY,True,
szse_listing_register.csv,300416.SZ,A_SHARE_COMMON_EQUITY,True,
szse_listing_register.csv,300417.SZ,A_SHARE_COMMON_EQUITY,True,
szse_listing_register.csv,300418.SZ,A_SHARE_COMMON_EQUITY,True,
szse_listing_register.csv,300419.SZ,A_SHARE_COMMON_EQUITY,True,
szse_listing_register.csv,300420.SZ,A_SHARE_COMMON_EQUITY,True,
szse_listing_register.csv,300421.SZ,A_SHARE_COMMON_EQUITY,True,
szse_listing_register.csv,300422.SZ,A_SHARE_COMMON_EQUITY,True,
szse_listing_register.csv,300423.SZ,A_SHARE_COMMON_EQUITY,True,
szse_listing_register.csv,300424.SZ,A_SHARE_COMMON_EQUITY,True,
szse_listing_register.csv,300425.SZ,A_SHARE_COMMON_EQUITY,True,
szse_listing_register.csv,300426.SZ,A_SHARE_COMMON_EQUITY,True,
szse_listing_register.csv,300427.SZ,A_SHARE_COMMON_EQUITY,True,
szse_listing_register.csv,300428.SZ,A_SHARE_COMMON_EQUITY,True,
szse_listing_register.csv,300429.SZ,A_SHARE_COMMON_EQUITY,True,
szse_listing_register.csv,300430.SZ,A_SHARE_COMMON_EQUITY,True,
szse_listing_register.csv,300432.SZ,A_SHARE_COMMON_EQUITY,True,
szse_listing_register.csv,300433.SZ,A_SHARE_COMMON_EQUITY,True,
szse_listing_register.csv,300434.SZ,A_SHARE_COMMON_EQUITY,True,
szse_listing_register.csv,300435.SZ,A_SHARE_COMMON_EQUITY,True,
szse_listing_register.csv,300436.SZ,A_SHARE_COMMON_EQUITY,True,
szse_listing_register.csv,300437.SZ,A_SHARE_COMMON_EQUITY,True,
szse_listing_register.csv,300438.SZ,A_SHARE_COMMON_EQUITY,True,
szse_listing_register.csv,300439.SZ,A_SHARE_COMMON_EQUITY,True,
szse_listing_register.csv,300440.SZ,A_SHARE_COMMON_EQUITY,True,
szse_listing_register.csv,300441.SZ,A_SHARE_COMMON_EQUITY,True,
szse_listing_register.csv,300442.SZ,A_SHARE_COMMON_EQUITY,True,
szse_listing_register.csv,300443.SZ,A_SHARE_COMMON_EQUITY,True,
szse_listing_register.csv,300444.SZ,A_SHARE_COMMON_EQUITY,True,
szse_listing_register.csv,300445.SZ,A_SHARE_COMMON_EQUITY,True,
szse_listing_register.csv,300446.SZ,A_SHARE_COMMON_EQUITY,True,
szse_listing_register.csv,300447.SZ,A_SHARE_COMMON_EQUITY,True,
szse_listing_register.csv,300448.SZ,A_SHARE_COMMON_EQUITY,True,
szse_listing_register.csv,300449.SZ,A_SHARE_COMMON_EQUITY,True,
szse_listing_register.csv,300450.SZ,A_SHARE_COMMON_EQUITY,True,
szse_listing_register.csv,300451.SZ,A_SHARE_COMMON_EQUITY,True,
szse_listing_register.csv,300452.SZ,A_SHARE_COMMON_EQUITY,True,
szse_listing_register.csv,300453.SZ,A_SHARE_COMMON_EQUITY,True,
szse_listing_register.csv,300454.SZ,A_SHARE_COMMON_EQUITY,True,
szse_listing_register.csv,300455.SZ,A_SHARE_COMMON_EQUITY,True,
szse_listing_register.csv,300456.SZ,A_SHARE_COMMON_EQUITY,True,
szse_listing_register.csv,300457.SZ,A_SHARE_COMMON_EQUITY,True,
szse_listing_register.csv,300458.SZ,A_SHARE_COMMON_EQUITY,True,
szse_listing_register.csv,300459.SZ,A_SHARE_COMMON_EQUITY,True,
szse_listing_register.csv,300460.SZ,A_SHARE_COMMON_EQUITY,True,
szse_listing_register.csv,300461.SZ,A_SHARE_COMMON_EQUITY,True,
szse_listing_register.csv,300462.SZ,A_SHARE_COMMON_EQUITY,True,
szse_listing_register.csv,300463.SZ,A_SHARE_COMMON_EQUITY,True,
szse_listing_register.csv,300464.SZ,A_SHARE_COMMON_EQUITY,True,
szse_listing_register.csv,300465.SZ,A_SHARE_COMMON_EQUITY,True,
szse_listing_register.csv,300466.SZ,A_SHARE_COMMON_EQUITY,True,
szse_listing_register.csv,300467.SZ,A_SHARE_COMMON_EQUITY,True,
szse_listing_register.csv,300468.SZ,A_SHARE_COMMON_EQUITY,True,
szse_listing_register.csv,300469.SZ,A_SHARE_COMMON_EQUITY,True,
szse_listing_register.csv,300470.SZ,A_SHARE_COMMON_EQUITY,True,
szse_listing_register.csv,300471.SZ,A_SHARE_COMMON_EQUITY,True,
szse_listing_register.csv,300472.SZ,A_SHARE_COMMON_EQUITY,True,
szse_listing_register.csv,300473.SZ,A_SHARE_COMMON_EQUITY,True,
szse_listing_register.csv,300474.SZ,A_SHARE_COMMON_EQUITY,True,
szse_listing_register.csv,300475.SZ,A_SHARE_COMMON_EQUITY,True,
szse_listing_register.csv,300476.SZ,A_SHARE_COMMON_EQUITY,True,
szse_listing_register.csv,300477.SZ,A_SHARE_COMMON_EQUITY,True,
szse_listing_register.csv,300478.SZ,A_SHARE_COMMON_EQUITY,True,
szse_listing_register.csv,300479.SZ,A_SHARE_COMMON_EQUITY,True,
szse_listing_register.csv,300480.SZ,A_SHARE_COMMON_EQUITY,True,
szse_listing_register.csv,300481.SZ,A_SHARE_COMMON_EQUITY,True,
szse_listing_register.csv,300482.SZ,A_SHARE_COMMON_EQUITY,True,
szse_listing_register.csv,300483.SZ,A_SHARE_COMMON_EQUITY,True,
szse_listing_register.csv,300484.SZ,A_SHARE_COMMON_EQUITY,True,
szse_listing_register.csv,300485.SZ,A_SHARE_COMMON_EQUITY,True,
szse_listing_register.csv,300486.SZ,A_SHARE_COMMON_EQUITY,True,
szse_listing_register.csv,300487.SZ,A_SHARE_COMMON_EQUITY,True,
szse_listing_register.csv,300488.SZ,A_SHARE_COMMON_EQUITY,True,
szse_listing_register.csv,300489.SZ,A_SHARE_COMMON_EQUITY,True,
szse_listing_register.csv,300490.SZ,A_SHARE_COMMON_EQUITY,True,
szse_listing_register.csv,300491.SZ,A_SHARE_COMMON_EQUITY,True,
szse_listing_register.csv,300492.SZ,A_SHARE_COMMON_EQUITY,True,
szse_listing_register.csv,300493.SZ,A_SHARE_COMMON_EQUITY,True,
szse_listing_register.csv,300494.SZ,A_SHARE_COMMON_EQUITY,True,
szse_listing_register.csv,300496.SZ,A_SHARE_COMMON_EQUITY,True,
szse_listing_register.csv,300497.SZ,A_SHARE_COMMON_EQUITY,True,
szse_listing_register.csv,300498.SZ,A_SHARE_COMMON_EQUITY,True,
szse_listing_register.csv,300499.SZ,A_SHARE_COMMON_EQUITY,True,
szse_listing_register.csv,300500.SZ,A_SHARE_COMMON_EQUITY,True,
szse_listing_register.csv,300501.SZ,A_SHARE_COMMON_EQUITY,True,
szse_listing_register.csv,300502.SZ,A_SHARE_COMMON_EQUITY,True,
szse_listing_register.csv,300503.SZ,A_SHARE_COMMON_EQUITY,True,
szse_listing_register.csv,300504.SZ,A_SHARE_COMMON_EQUITY,True,
szse_listing_register.csv,300505.SZ,A_SHARE_COMMON_EQUITY,True,
szse_listing_register.csv,300506.SZ,A_SHARE_COMMON_EQUITY,True,
szse_listing_register.csv,300507.SZ,A_SHARE_COMMON_EQUITY,True,
szse_listing_register.csv,300508.SZ,A_SHARE_COMMON_EQUITY,True,
szse_listing_register.csv,300509.SZ,A_SHARE_COMMON_EQUITY,True,
szse_listing_register.csv,300510.SZ,A_SHARE_COMMON_EQUITY,True,
szse_listing_register.csv,300511.SZ,A_SHARE_COMMON_EQUITY,True,
szse_listing_register.csv,300512.SZ,A_SHARE_COMMON_EQUITY,True,
szse_listing_register.csv,300513.SZ,A_SHARE_COMMON_EQUITY,True,
szse_listing_register.csv,300514.SZ,A_SHARE_COMMON_EQUITY,True,
szse_listing_register.csv,300515.SZ,A_SHARE_COMMON_EQUITY,True,
szse_listing_register.csv,300516.SZ,A_SHARE_COMMON_EQUITY,True,
szse_listing_register.csv,300517.SZ,A_SHARE_COMMON_EQUITY,True,
szse_listing_register.csv,300518.SZ,A_SHARE_COMMON_EQUITY,True,
szse_listing_register.csv,300519.SZ,A_SHARE_COMMON_EQUITY,True,
szse_listing_register.csv,300520.SZ,A_SHARE_COMMON_EQUITY,True,
szse_listing_register.csv,300521.SZ,A_SHARE_COMMON_EQUITY,True,
szse_listing_register.csv,300522.SZ,A_SHARE_COMMON_EQUITY,True,
szse_listing_register.csv,300523.SZ,A_SHARE_COMMON_EQUITY,True,
szse_listing_register.csv,300525.SZ,A_SHARE_COMMON_EQUITY,True,
szse_listing_register.csv,300527.SZ,A_SHARE_COMMON_EQUITY,True,
szse_listing_register.csv,300528.SZ,A_SHARE_COMMON_EQUITY,True,
szse_listing_register.csv,300529.SZ,A_SHARE_COMMON_EQUITY,True,
szse_listing_register.csv,300530.SZ,A_SHARE_COMMON_EQUITY,True,
szse_listing_register.csv,300531.SZ,A_SHARE_COMMON_EQUITY,True,
szse_listing_register.csv,300532.SZ,A_SHARE_COMMON_EQUITY,True,
szse_listing_register.csv,300533.SZ,A_SHARE_COMMON_EQUITY,True,
szse_listing_register.csv,300534.SZ,A_SHARE_COMMON_EQUITY,True,
szse_listing_register.csv,300535.SZ,A_SHARE_COMMON_EQUITY,True,
szse_listing_register.csv,300536.SZ,A_SHARE_COMMON_EQUITY,True,
szse_listing_register.csv,300537.SZ,A_SHARE_COMMON_EQUITY,True,
szse_listing_register.csv,300538.SZ,A_SHARE_COMMON_EQUITY,True,
szse_listing_register.csv,300539.SZ,A_SHARE_COMMON_EQUITY,True,
szse_listing_register.csv,300540.SZ,A_SHARE_COMMON_EQUITY,True,
szse_listing_register.csv,300541.SZ,A_SHARE_COMMON_EQUITY,True,
szse_listing_register.csv,300542.SZ,A_SHARE_COMMON_EQUITY,True,
szse_listing_register.csv,300543.SZ,A_SHARE_COMMON_EQUITY,True,
szse_listing_register.csv,300545.SZ,A_SHARE_COMMON_EQUITY,True,
szse_listing_register.csv,300546.SZ,A_SHARE_COMMON_EQUITY,True,
szse_listing_register.csv,300547.SZ,A_SHARE_COMMON_EQUITY,True,
szse_listing_register.csv,300548.SZ,A_SHARE_COMMON_EQUITY,True,
szse_listing_register.csv,300549.SZ,A_SHARE_COMMON_EQUITY,True,
szse_listing_register.csv,300550.SZ,A_SHARE_COMMON_EQUITY,True,
szse_listing_register.csv,300551.SZ,A_SHARE_COMMON_EQUITY,True,
szse_listing_register.csv,300552.SZ,A_SHARE_COMMON_EQUITY,True,
szse_listing_register.csv,300553.SZ,A_SHARE_COMMON_EQUITY,True,
szse_listing_register.csv,300554.SZ,A_SHARE_COMMON_EQUITY,True,
szse_listing_register.csv,300555.SZ,A_SHARE_COMMON_EQUITY,True,
szse_listing_register.csv,300556.SZ,A_SHARE_COMMON_EQUITY,True,
szse_listing_register.csv,300557.SZ,A_SHARE_COMMON_EQUITY,True,
szse_listing_register.csv,300558.SZ,A_SHARE_COMMON_EQUITY,True,
szse_listing_register.csv,300559.SZ,A_SHARE_COMMON_EQUITY,True,
szse_listing_register.csv,300560.SZ,A_SHARE_COMMON_EQUITY,True,
szse_listing_register.csv,300561.SZ,A_SHARE_COMMON_EQUITY,True,
szse_listing_register.csv,300562.SZ,A_SHARE_COMMON_EQUITY,True,
szse_listing_register.csv,300563.SZ,A_SHARE_COMMON_EQUITY,True,
szse_listing_register.csv,300564.SZ,A_SHARE_COMMON_EQUITY,True,
szse_listing_register.csv,300565.SZ,A_SHARE_COMMON_EQUITY,True,
szse_listing_register.csv,300566.SZ,A_SHARE_COMMON_EQUITY,True,
szse_listing_register.csv,300567.SZ,A_SHARE_COMMON_EQUITY,True,
szse_listing_register.csv,300568.SZ,A_SHARE_COMMON_EQUITY,True,
szse_listing_register.csv,300569.SZ,A_SHARE_COMMON_EQUITY,True,
szse_listing_register.csv,300570.SZ,A_SHARE_COMMON_EQUITY,True,
szse_listing_register.csv,300571.SZ,A_SHARE_COMMON_EQUITY,True,
szse_listing_register.csv,300572.SZ,A_SHARE_COMMON_EQUITY,True,
szse_listing_register.csv,300573.SZ,A_SHARE_COMMON_EQUITY,True,
szse_listing_register.csv,300575.SZ,A_SHARE_COMMON_EQUITY,True,
szse_listing_register.csv,300576.SZ,A_SHARE_COMMON_EQUITY,True,
szse_listing_register.csv,300577.SZ,A_SHARE_COMMON_EQUITY,True,
szse_listing_register.csv,300578.SZ,A_SHARE_COMMON_EQUITY,True,
szse_listing_register.csv,300579.SZ,A_SHARE_COMMON_EQUITY,True,
szse_listing_register.csv,300580.SZ,A_SHARE_COMMON_EQUITY,True,
szse_listing_register.csv,300581.SZ,A_SHARE_COMMON_EQUITY,True,
szse_listing_register.csv,300582.SZ,A_SHARE_COMMON_EQUITY,True,
szse_listing_register.csv,300583.SZ,A_SHARE_COMMON_EQUITY,True,
szse_listing_register.csv,300584.SZ,A_SHARE_COMMON_EQUITY,True,
szse_listing_register.csv,300585.SZ,A_SHARE_COMMON_EQUITY,True,
szse_listing_register.csv,300586.SZ,A_SHARE_COMMON_EQUITY,True,
szse_listing_register.csv,300587.SZ,A_SHARE_COMMON_EQUITY,True,
szse_listing_register.csv,300588.SZ,A_SHARE_COMMON_EQUITY,True,
szse_listing_register.csv,300589.SZ,A_SHARE_COMMON_EQUITY,True,
szse_listing_register.csv,300590.SZ,A_SHARE_COMMON_EQUITY,True,
szse_listing_register.csv,300591.SZ,A_SHARE_COMMON_EQUITY,True,
szse_listing_register.csv,300592.SZ,A_SHARE_COMMON_EQUITY,True,
szse_listing_register.csv,300593.SZ,A_SHARE_COMMON_EQUITY,True,
szse_listing_register.csv,300594.SZ,A_SHARE_COMMON_EQUITY,True,
szse_listing_register.csv,300595.SZ,A_SHARE_COMMON_EQUITY,True,
szse_listing_register.csv,300596.SZ,A_SHARE_COMMON_EQUITY,True,
szse_listing_register.csv,300597.SZ,A_SHARE_COMMON_EQUITY,True,
szse_listing_register.csv,300598.SZ,A_SHARE_COMMON_EQUITY,True,
szse_listing_register.csv,300599.SZ,A_SHARE_COMMON_EQUITY,True,
szse_listing_register.csv,300600.SZ,A_SHARE_COMMON_EQUITY,True,
szse_listing_register.csv,300601.SZ,A_SHARE_COMMON_EQUITY,True,
szse_listing_register.csv,300602.SZ,A_SHARE_COMMON_EQUITY,True,
szse_listing_register.csv,300603.SZ,A_SHARE_COMMON_EQUITY,True,
szse_listing_register.csv,300604.SZ,A_SHARE_COMMON_EQUITY,True,
szse_listing_register.csv,300605.SZ,A_SHARE_COMMON_EQUITY,True,
szse_listing_register.csv,300606.SZ,A_SHARE_COMMON_EQUITY,True,
szse_listing_register.csv,300607.SZ,A_SHARE_COMMON_EQUITY,True,
szse_listing_register.csv,300608.SZ,A_SHARE_COMMON_EQUITY,True,
szse_listing_register.csv,300609.SZ,A_SHARE_COMMON_EQUITY,True,
szse_listing_register.csv,300610.SZ,A_SHARE_COMMON_EQUITY,True,
szse_listing_register.csv,300611.SZ,A_SHARE_COMMON_EQUITY,True,
szse_listing_register.csv,300612.SZ,A_SHARE_COMMON_EQUITY,True,
szse_listing_register.csv,300613.SZ,A_SHARE_COMMON_EQUITY,True,
szse_listing_register.csv,300614.SZ,A_SHARE_COMMON_EQUITY,True,
szse_listing_register.csv,300615.SZ,A_SHARE_COMMON_EQUITY,True,
szse_listing_register.csv,300616.SZ,A_SHARE_COMMON_EQUITY,True,
szse_listing_register.csv,300617.SZ,A_SHARE_COMMON_EQUITY,True,
szse_listing_register.csv,300618.SZ,A_SHARE_COMMON_EQUITY,True,
szse_listing_register.csv,300619.SZ,A_SHARE_COMMON_EQUITY,True,
szse_listing_register.csv,300620.SZ,A_SHARE_COMMON_EQUITY,True,
szse_listing_register.csv,300621.SZ,A_SHARE_COMMON_EQUITY,True,
szse_listing_register.csv,300622.SZ,A_SHARE_COMMON_EQUITY,True,
szse_listing_register.csv,300623.SZ,A_SHARE_COMMON_EQUITY,True,
szse_listing_register.csv,300624.SZ,A_SHARE_COMMON_EQUITY,True,
szse_listing_register.csv,300625.SZ,A_SHARE_COMMON_EQUITY,True,
szse_listing_register.csv,300626.SZ,A_SHARE_COMMON_EQUITY,True,
szse_listing_register.csv,300627.SZ,A_SHARE_COMMON_EQUITY,True,
szse_listing_register.csv,300628.SZ,A_SHARE_COMMON_EQUITY,True,
szse_listing_register.csv,300629.SZ,A_SHARE_COMMON_EQUITY,True,
szse_listing_register.csv,300631.SZ,A_SHARE_COMMON_EQUITY,True,
szse_listing_register.csv,300632.SZ,A_SHARE_COMMON_EQUITY,True,
szse_listing_register.csv,300633.SZ,A_SHARE_COMMON_EQUITY,True,
szse_listing_register.csv,300634.SZ,A_SHARE_COMMON_EQUITY,True,
szse_listing_register.csv,300635.SZ,A_SHARE_COMMON_EQUITY,True,
szse_listing_register.csv,300636.SZ,A_SHARE_COMMON_EQUITY,True,
szse_listing_register.csv,300637.SZ,A_SHARE_COMMON_EQUITY,True,
szse_listing_register.csv,300638.SZ,A_SHARE_COMMON_EQUITY,True,
szse_listing_register.csv,300639.SZ,A_SHARE_COMMON_EQUITY,True,
szse_listing_register.csv,300640.SZ,A_SHARE_COMMON_EQUITY,True,
szse_listing_register.csv,300641.SZ,A_SHARE_COMMON_EQUITY,True,
szse_listing_register.csv,300642.SZ,A_SHARE_COMMON_EQUITY,True,
szse_listing_register.csv,300643.SZ,A_SHARE_COMMON_EQUITY,True,
szse_listing_register.csv,300644.SZ,A_SHARE_COMMON_EQUITY,True,
szse_listing_register.csv,300645.SZ,A_SHARE_COMMON_EQUITY,True,
szse_listing_register.csv,300647.SZ,A_SHARE_COMMON_EQUITY,True,
szse_listing_register.csv,300648.SZ,A_SHARE_COMMON_EQUITY,True,
szse_listing_register.csv,300649.SZ,A_SHARE_COMMON_EQUITY,True,
szse_listing_register.csv,300650.SZ,A_SHARE_COMMON_EQUITY,True,
szse_listing_register.csv,300651.SZ,A_SHARE_COMMON_EQUITY,True,
szse_listing_register.csv,300652.SZ,A_SHARE_COMMON_EQUITY,True,
szse_listing_register.csv,300653.SZ,A_SHARE_COMMON_EQUITY,True,
szse_listing_register.csv,300654.SZ,A_SHARE_COMMON_EQUITY,True,
szse_listing_register.csv,300655.SZ,A_SHARE_COMMON_EQUITY,True,
szse_listing_register.csv,300656.SZ,A_SHARE_COMMON_EQUITY,True,
szse_listing_register.csv,300657.SZ,A_SHARE_COMMON_EQUITY,True,
szse_listing_register.csv,300658.SZ,A_SHARE_COMMON_EQUITY,True,
szse_listing_register.csv,300659.SZ,A_SHARE_COMMON_EQUITY,True,
szse_listing_register.csv,300660.SZ,A_SHARE_COMMON_EQUITY,True,
szse_listing_register.csv,300661.SZ,A_SHARE_COMMON_EQUITY,True,
szse_listing_register.csv,300662.SZ,A_SHARE_COMMON_EQUITY,True,
szse_listing_register.csv,300663.SZ,A_SHARE_COMMON_EQUITY,True,
szse_listing_register.csv,300664.SZ,A_SHARE_COMMON_EQUITY,True,
szse_listing_register.csv,300665.SZ,A_SHARE_COMMON_EQUITY,True,
szse_listing_register.csv,300666.SZ,A_SHARE_COMMON_EQUITY,True,
szse_listing_register.csv,300667.SZ,A_SHARE_COMMON_EQUITY,True,
szse_listing_register.csv,300668.SZ,A_SHARE_COMMON_EQUITY,True,
szse_listing_register.csv,300669.SZ,A_SHARE_COMMON_EQUITY,True,
szse_listing_register.csv,300670.SZ,A_SHARE_COMMON_EQUITY,True,
szse_listing_register.csv,300671.SZ,A_SHARE_COMMON_EQUITY,True,
szse_listing_register.csv,300672.SZ,A_SHARE_COMMON_EQUITY,True,
szse_listing_register.csv,300673.SZ,A_SHARE_COMMON_EQUITY,True,
szse_listing_register.csv,300674.SZ,A_SHARE_COMMON_EQUITY,True,
szse_listing_register.csv,300675.SZ,A_SHARE_COMMON_EQUITY,True,
szse_listing_register.csv,300676.SZ,A_SHARE_COMMON_EQUITY,True,
szse_listing_register.csv,300677.SZ,A_SHARE_COMMON_EQUITY,True,
szse_listing_register.csv,300678.SZ,A_SHARE_COMMON_EQUITY,True,
szse_listing_register.csv,300679.SZ,A_SHARE_COMMON_EQUITY,True,
szse_listing_register.csv,300680.SZ,A_SHARE_COMMON_EQUITY,True,
szse_listing_register.csv,300681.SZ,A_SHARE_COMMON_EQUITY,True,
szse_listing_register.csv,300682.SZ,A_SHARE_COMMON_EQUITY,True,
szse_listing_register.csv,300683.SZ,A_SHARE_COMMON_EQUITY,True,
szse_listing_register.csv,300684.SZ,A_SHARE_COMMON_EQUITY,True,
szse_listing_register.csv,300685.SZ,A_SHARE_COMMON_EQUITY,True,
szse_listing_register.csv,300686.SZ,A_SHARE_COMMON_EQUITY,True,
szse_listing_register.csv,300687.SZ,A_SHARE_COMMON_EQUITY,True,
szse_listing_register.csv,300688.SZ,A_SHARE_COMMON_EQUITY,True,
szse_listing_register.csv,300689.SZ,A_SHARE_COMMON_EQUITY,True,
szse_listing_register.csv,300690.SZ,A_SHARE_COMMON_EQUITY,True,
szse_listing_register.csv,300691.SZ,A_SHARE_COMMON_EQUITY,True,
szse_listing_register.csv,300692.SZ,A_SHARE_COMMON_EQUITY,True,
szse_listing_register.csv,300693.SZ,A_SHARE_COMMON_EQUITY,True,
szse_listing_register.csv,300694.SZ,A_SHARE_COMMON_EQUITY,True,
szse_listing_register.csv,300695.SZ,A_SHARE_COMMON_EQUITY,True,
szse_listing_register.csv,300696.SZ,A_SHARE_COMMON_EQUITY,True,
szse_listing_register.csv,300697.SZ,A_SHARE_COMMON_EQUITY,True,
szse_listing_register.csv,300698.SZ,A_SHARE_COMMON_EQUITY,True,
szse_listing_register.csv,300699.SZ,A_SHARE_COMMON_EQUITY,True,
szse_listing_register.csv,300700.SZ,A_SHARE_COMMON_EQUITY,True,
szse_listing_register.csv,300701.SZ,A_SHARE_COMMON_EQUITY,True,
szse_listing_register.csv,300702.SZ,A_SHARE_COMMON_EQUITY,True,
szse_listing_register.csv,300703.SZ,A_SHARE_COMMON_EQUITY,True,
szse_listing_register.csv,300705.SZ,A_SHARE_COMMON_EQUITY,True,
szse_listing_register.csv,300706.SZ,A_SHARE_COMMON_EQUITY,True,
szse_listing_register.csv,300707.SZ,A_SHARE_COMMON_EQUITY,True,
szse_listing_register.csv,300708.SZ,A_SHARE_COMMON_EQUITY,True,
szse_listing_register.csv,300709.SZ,A_SHARE_COMMON_EQUITY,True,
szse_listing_register.csv,300710.SZ,A_SHARE_COMMON_EQUITY,True,
szse_listing_register.csv,300711.SZ,A_SHARE_COMMON_EQUITY,True,
szse_listing_register.csv,300712.SZ,A_SHARE_COMMON_EQUITY,True,
szse_listing_register.csv,300713.SZ,A_SHARE_COMMON_EQUITY,True,
szse_listing_register.csv,300715.SZ,A_SHARE_COMMON_EQUITY,True,
szse_listing_register.csv,300716.SZ,A_SHARE_COMMON_EQUITY,True,
szse_listing_register.csv,300717.SZ,A_SHARE_COMMON_EQUITY,True,
szse_listing_register.csv,300718.SZ,A_SHARE_COMMON_EQUITY,True,
szse_listing_register.csv,300719.SZ,A_SHARE_COMMON_EQUITY,True,
szse_listing_register.csv,300720.SZ,A_SHARE_COMMON_EQUITY,True,
szse_listing_register.csv,300721.SZ,A_SHARE_COMMON_EQUITY,True,
szse_listing_register.csv,300722.SZ,A_SHARE_COMMON_EQUITY,True,
szse_listing_register.csv,300723.SZ,A_SHARE_COMMON_EQUITY,True,
szse_listing_register.csv,300724.SZ,A_SHARE_COMMON_EQUITY,True,
szse_listing_register.csv,300725.SZ,A_SHARE_COMMON_EQUITY,True,
szse_listing_register.csv,300726.SZ,A_SHARE_COMMON_EQUITY,True,
szse_listing_register.csv,300727.SZ,A_SHARE_COMMON_EQUITY,True,
szse_listing_register.csv,300729.SZ,A_SHARE_COMMON_EQUITY,True,
szse_listing_register.csv,300730.SZ,A_SHARE_COMMON_EQUITY,True,
szse_listing_register.csv,300731.SZ,A_SHARE_COMMON_EQUITY,True,
szse_listing_register.csv,300732.SZ,A_SHARE_COMMON_EQUITY,True,
szse_listing_register.csv,300733.SZ,A_SHARE_COMMON_EQUITY,True,
szse_listing_register.csv,300735.SZ,A_SHARE_COMMON_EQUITY,True,
szse_listing_register.csv,300736.SZ,A_SHARE_COMMON_EQUITY,True,
szse_listing_register.csv,300737.SZ,A_SHARE_COMMON_EQUITY,True,
szse_listing_register.csv,300738.SZ,A_SHARE_COMMON_EQUITY,True,
szse_listing_register.csv,300739.SZ,A_SHARE_COMMON_EQUITY,True,
szse_listing_register.csv,300740.SZ,A_SHARE_COMMON_EQUITY,True,
szse_listing_register.csv,300741.SZ,A_SHARE_COMMON_EQUITY,True,
szse_listing_register.csv,300743.SZ,A_SHARE_COMMON_EQUITY,True,
szse_listing_register.csv,300745.SZ,A_SHARE_COMMON_EQUITY,True,
szse_listing_register.csv,300746.SZ,A_SHARE_COMMON_EQUITY,True,
szse_listing_register.csv,300747.SZ,A_SHARE_COMMON_EQUITY,True,
szse_listing_register.csv,300748.SZ,A_SHARE_COMMON_EQUITY,True,
szse_listing_register.csv,300749.SZ,A_SHARE_COMMON_EQUITY,True,
szse_listing_register.csv,300750.SZ,A_SHARE_COMMON_EQUITY,True,
szse_listing_register.csv,300751.SZ,A_SHARE_COMMON_EQUITY,True,
szse_listing_register.csv,300752.SZ,A_SHARE_COMMON_EQUITY,True,
szse_listing_register.csv,300753.SZ,A_SHARE_COMMON_EQUITY,True,
szse_listing_register.csv,300755.SZ,A_SHARE_COMMON_EQUITY,True,
szse_listing_register.csv,300756.SZ,A_SHARE_COMMON_EQUITY,True,
szse_listing_register.csv,300757.SZ,A_SHARE_COMMON_EQUITY,True,
szse_listing_register.csv,300758.SZ,A_SHARE_COMMON_EQUITY,True,
szse_listing_register.csv,300759.SZ,A_SHARE_COMMON_EQUITY,True,
szse_listing_register.csv,300760.SZ,A_SHARE_COMMON_EQUITY,True,
szse_listing_register.csv,300761.SZ,A_SHARE_COMMON_EQUITY,True,
szse_listing_register.csv,300762.SZ,A_SHARE_COMMON_EQUITY,True,
szse_listing_register.csv,300763.SZ,A_SHARE_COMMON_EQUITY,True,
szse_listing_register.csv,300765.SZ,A_SHARE_COMMON_EQUITY,True,
szse_listing_register.csv,300766.SZ,A_SHARE_COMMON_EQUITY,True,
szse_listing_register.csv,300767.SZ,A_SHARE_COMMON_EQUITY,True,
szse_listing_register.csv,300768.SZ,A_SHARE_COMMON_EQUITY,True,
szse_listing_register.csv,300769.SZ,A_SHARE_COMMON_EQUITY,True,
szse_listing_register.csv,300770.SZ,A_SHARE_COMMON_EQUITY,True,
szse_listing_register.csv,300771.SZ,A_SHARE_COMMON_EQUITY,True,
szse_listing_register.csv,300772.SZ,A_SHARE_COMMON_EQUITY,True,
szse_listing_register.csv,300773.SZ,A_SHARE_COMMON_EQUITY,True,
szse_listing_register.csv,300774.SZ,A_SHARE_COMMON_EQUITY,True,
szse_listing_register.csv,300775.SZ,A_SHARE_COMMON_EQUITY,True,
szse_listing_register.csv,300776.SZ,A_SHARE_COMMON_EQUITY,True,
szse_listing_register.csv,300777.SZ,A_SHARE_COMMON_EQUITY,True,
szse_listing_register.csv,300778.SZ,A_SHARE_COMMON_EQUITY,True,
szse_listing_register.csv,300779.SZ,A_SHARE_COMMON_EQUITY,True,
szse_listing_register.csv,300780.SZ,A_SHARE_COMMON_EQUITY,True,
szse_listing_register.csv,300781.SZ,A_SHARE_COMMON_EQUITY,True,
szse_listing_register.csv,300782.SZ,A_SHARE_COMMON_EQUITY,True,
szse_listing_register.csv,300783.SZ,A_SHARE_COMMON_EQUITY,True,
szse_listing_register.csv,300784.SZ,A_SHARE_COMMON_EQUITY,True,
szse_listing_register.csv,300785.SZ,A_SHARE_COMMON_EQUITY,True,
szse_listing_register.csv,300786.SZ,A_SHARE_COMMON_EQUITY,True,
szse_listing_register.csv,300787.SZ,A_SHARE_COMMON_EQUITY,True,
szse_listing_register.csv,300788.SZ,A_SHARE_COMMON_EQUITY,True,
szse_listing_register.csv,300789.SZ,A_SHARE_COMMON_EQUITY,True,
szse_listing_register.csv,300790.SZ,A_SHARE_COMMON_EQUITY,True,
szse_listing_register.csv,300791.SZ,A_SHARE_COMMON_EQUITY,True,
szse_listing_register.csv,300792.SZ,A_SHARE_COMMON_EQUITY,True,
szse_listing_register.csv,300793.SZ,A_SHARE_COMMON_EQUITY,True,
szse_listing_register.csv,300795.SZ,A_SHARE_COMMON_EQUITY,True,
szse_listing_register.csv,300796.SZ,A_SHARE_COMMON_EQUITY,True,
szse_listing_register.csv,300797.SZ,A_SHARE_COMMON_EQUITY,True,
szse_listing_register.csv,300798.SZ,A_SHARE_COMMON_EQUITY,True,
szse_listing_register.csv,300800.SZ,A_SHARE_COMMON_EQUITY,True,
szse_listing_register.csv,300801.SZ,A_SHARE_COMMON_EQUITY,True,
szse_listing_register.csv,300802.SZ,A_SHARE_COMMON_EQUITY,True,
szse_listing_register.csv,300803.SZ,A_SHARE_COMMON_EQUITY,True,
szse_listing_register.csv,300804.SZ,A_SHARE_COMMON_EQUITY,True,
szse_listing_register.csv,300805.SZ,A_SHARE_COMMON_EQUITY,True,
szse_listing_register.csv,300806.SZ,A_SHARE_COMMON_EQUITY,True,
szse_listing_register.csv,300807.SZ,A_SHARE_COMMON_EQUITY,True,
szse_listing_register.csv,300808.SZ,A_SHARE_COMMON_EQUITY,True,
szse_listing_register.csv,300809.SZ,A_SHARE_COMMON_EQUITY,True,
szse_listing_register.csv,300810.SZ,A_SHARE_COMMON_EQUITY,True,
szse_listing_register.csv,300811.SZ,A_SHARE_COMMON_EQUITY,True,
szse_listing_register.csv,300812.SZ,A_SHARE_COMMON_EQUITY,True,
szse_listing_register.csv,300813.SZ,A_SHARE_COMMON_EQUITY,True,
szse_listing_register.csv,300814.SZ,A_SHARE_COMMON_EQUITY,True,
szse_listing_register.csv,300815.SZ,A_SHARE_COMMON_EQUITY,True,
szse_listing_register.csv,300816.SZ,A_SHARE_COMMON_EQUITY,True,
szse_listing_register.csv,300817.SZ,A_SHARE_COMMON_EQUITY,True,
szse_listing_register.csv,300818.SZ,A_SHARE_COMMON_EQUITY,True,
szse_listing_register.csv,300819.SZ,A_SHARE_COMMON_EQUITY,True,
szse_listing_register.csv,300820.SZ,A_SHARE_COMMON_EQUITY,True,
szse_listing_register.csv,300821.SZ,A_SHARE_COMMON_EQUITY,True,
szse_listing_register.csv,300822.SZ,A_SHARE_COMMON_EQUITY,True,
szse_listing_register.csv,300823.SZ,A_SHARE_COMMON_EQUITY,True,
szse_listing_register.csv,300824.SZ,A_SHARE_COMMON_EQUITY,True,
szse_listing_register.csv,300825.SZ,A_SHARE_COMMON_EQUITY,True,
szse_listing_register.csv,300826.SZ,A_SHARE_COMMON_EQUITY,True,
szse_listing_register.csv,300827.SZ,A_SHARE_COMMON_EQUITY,True,
szse_listing_register.csv,300828.SZ,A_SHARE_COMMON_EQUITY,True,
szse_listing_register.csv,300829.SZ,A_SHARE_COMMON_EQUITY,True,
szse_listing_register.csv,300830.SZ,A_SHARE_COMMON_EQUITY,True,
szse_listing_register.csv,300831.SZ,A_SHARE_COMMON_EQUITY,True,
szse_listing_register.csv,300832.SZ,A_SHARE_COMMON_EQUITY,True,
szse_listing_register.csv,300833.SZ,A_SHARE_COMMON_EQUITY,True,
szse_listing_register.csv,300834.SZ,A_SHARE_COMMON_EQUITY,True,
szse_listing_register.csv,300835.SZ,A_SHARE_COMMON_EQUITY,True,
szse_listing_register.csv,300836.SZ,A_SHARE_COMMON_EQUITY,True,
szse_listing_register.csv,300837.SZ,A_SHARE_COMMON_EQUITY,True,
szse_listing_register.csv,300838.SZ,A_SHARE_COMMON_EQUITY,True,
szse_listing_register.csv,300839.SZ,A_SHARE_COMMON_EQUITY,True,
szse_listing_register.csv,300840.SZ,A_SHARE_COMMON_EQUITY,True,
szse_listing_register.csv,300841.SZ,A_SHARE_COMMON_EQUITY,True,
szse_listing_register.csv,300842.SZ,A_SHARE_COMMON_EQUITY,True,
szse_listing_register.csv,300843.SZ,A_SHARE_COMMON_EQUITY,True,
szse_listing_register.csv,300844.SZ,A_SHARE_COMMON_EQUITY,True,
szse_listing_register.csv,300845.SZ,A_SHARE_COMMON_EQUITY,True,
szse_listing_register.csv,300846.SZ,A_SHARE_COMMON_EQUITY,True,
szse_listing_register.csv,300847.SZ,A_SHARE_COMMON_EQUITY,True,
szse_listing_register.csv,300848.SZ,A_SHARE_COMMON_EQUITY,True,
szse_listing_register.csv,300849.SZ,A_SHARE_COMMON_EQUITY,True,
szse_listing_register.csv,300850.SZ,A_SHARE_COMMON_EQUITY,True,
szse_listing_register.csv,300851.SZ,A_SHARE_COMMON_EQUITY,True,
szse_listing_register.csv,300852.SZ,A_SHARE_COMMON_EQUITY,True,
szse_listing_register.csv,300853.SZ,A_SHARE_COMMON_EQUITY,True,
szse_listing_register.csv,300854.SZ,A_SHARE_COMMON_EQUITY,True,
szse_listing_register.csv,300855.SZ,A_SHARE_COMMON_EQUITY,True,
szse_listing_register.csv,300856.SZ,A_SHARE_COMMON_EQUITY,True,
szse_listing_register.csv,300857.SZ,A_SHARE_COMMON_EQUITY,True,
szse_listing_register.csv,300858.SZ,A_SHARE_COMMON_EQUITY,True,
szse_listing_register.csv,300859.SZ,A_SHARE_COMMON_EQUITY,True,
szse_listing_register.csv,300860.SZ,A_SHARE_COMMON_EQUITY,True,
szse_listing_register.csv,300861.SZ,A_SHARE_COMMON_EQUITY,True,
szse_listing_register.csv,300862.SZ,A_SHARE_COMMON_EQUITY,True,
szse_listing_register.csv,300863.SZ,A_SHARE_COMMON_EQUITY,True,
szse_listing_register.csv,300864.SZ,A_SHARE_COMMON_EQUITY,True,
szse_listing_register.csv,300865.SZ,A_SHARE_COMMON_EQUITY,True,
szse_listing_register.csv,300866.SZ,A_SHARE_COMMON_EQUITY,True,
szse_listing_register.csv,300867.SZ,A_SHARE_COMMON_EQUITY,True,
szse_listing_register.csv,300868.SZ,A_SHARE_COMMON_EQUITY,True,
szse_listing_register.csv,300869.SZ,A_SHARE_COMMON_EQUITY,True,
szse_listing_register.csv,300870.SZ,A_SHARE_COMMON_EQUITY,True,
szse_listing_register.csv,300871.SZ,A_SHARE_COMMON_EQUITY,True,
szse_listing_register.csv,300872.SZ,A_SHARE_COMMON_EQUITY,True,
szse_listing_register.csv,300873.SZ,A_SHARE_COMMON_EQUITY,True,
szse_listing_register.csv,300875.SZ,A_SHARE_COMMON_EQUITY,True,
szse_listing_register.csv,300876.SZ,A_SHARE_COMMON_EQUITY,True,
szse_listing_register.csv,300877.SZ,A_SHARE_COMMON_EQUITY,True,
szse_listing_register.csv,300878.SZ,A_SHARE_COMMON_EQUITY,True,
szse_listing_register.csv,300879.SZ,A_SHARE_COMMON_EQUITY,True,
szse_listing_register.csv,300880.SZ,A_SHARE_COMMON_EQUITY,True,
szse_listing_register.csv,300881.SZ,A_SHARE_COMMON_EQUITY,True,
szse_listing_register.csv,300882.SZ,A_SHARE_COMMON_EQUITY,True,
szse_listing_register.csv,300883.SZ,A_SHARE_COMMON_EQUITY,True,
szse_listing_register.csv,300884.SZ,A_SHARE_COMMON_EQUITY,True,
szse_listing_register.csv,300885.SZ,A_SHARE_COMMON_EQUITY,True,
szse_listing_register.csv,300886.SZ,A_SHARE_COMMON_EQUITY,True,
szse_listing_register.csv,300887.SZ,A_SHARE_COMMON_EQUITY,True,
szse_listing_register.csv,300888.SZ,A_SHARE_COMMON_EQUITY,True,
szse_listing_register.csv,300889.SZ,A_SHARE_COMMON_EQUITY,True,
szse_listing_register.csv,300890.SZ,A_SHARE_COMMON_EQUITY,True,
szse_listing_register.csv,300891.SZ,A_SHARE_COMMON_EQUITY,True,
szse_listing_register.csv,300892.SZ,A_SHARE_COMMON_EQUITY,True,
szse_listing_register.csv,300893.SZ,A_SHARE_COMMON_EQUITY,True,
szse_listing_register.csv,300894.SZ,A_SHARE_COMMON_EQUITY,True,
szse_listing_register.csv,300895.SZ,A_SHARE_COMMON_EQUITY,True,
szse_listing_register.csv,300896.SZ,A_SHARE_COMMON_EQUITY,True,
szse_listing_register.csv,300897.SZ,A_SHARE_COMMON_EQUITY,True,
szse_listing_register.csv,300898.SZ,A_SHARE_COMMON_EQUITY,True,
szse_listing_register.csv,300899.SZ,A_SHARE_COMMON_EQUITY,True,
szse_listing_register.csv,300900.SZ,A_SHARE_COMMON_EQUITY,True,
szse_listing_register.csv,300901.SZ,A_SHARE_COMMON_EQUITY,True,
szse_listing_register.csv,300902.SZ,A_SHARE_COMMON_EQUITY,True,
szse_listing_register.csv,300903.SZ,A_SHARE_COMMON_EQUITY,True,
szse_listing_register.csv,300904.SZ,A_SHARE_COMMON_EQUITY,True,
szse_listing_register.csv,300905.SZ,A_SHARE_COMMON_EQUITY,True,
szse_listing_register.csv,300906.SZ,A_SHARE_COMMON_EQUITY,True,
szse_listing_register.csv,300907.SZ,A_SHARE_COMMON_EQUITY,True,
szse_listing_register.csv,300908.SZ,A_SHARE_COMMON_EQUITY,True,
szse_listing_register.csv,300909.SZ,A_SHARE_COMMON_EQUITY,True,
szse_listing_register.csv,300910.SZ,A_SHARE_COMMON_EQUITY,True,
szse_listing_register.csv,300911.SZ,A_SHARE_COMMON_EQUITY,True,
szse_listing_register.csv,300912.SZ,A_SHARE_COMMON_EQUITY,True,
szse_listing_register.csv,300913.SZ,A_SHARE_COMMON_EQUITY,True,
szse_listing_register.csv,300915.SZ,A_SHARE_COMMON_EQUITY,True,
szse_listing_register.csv,300916.SZ,A_SHARE_COMMON_EQUITY,True,
szse_listing_register.csv,300917.SZ,A_SHARE_COMMON_EQUITY,True,
szse_listing_register.csv,300918.SZ,A_SHARE_COMMON_EQUITY,True,
szse_listing_register.csv,300919.SZ,A_SHARE_COMMON_EQUITY,True,
szse_listing_register.csv,300920.SZ,A_SHARE_COMMON_EQUITY,True,
szse_listing_register.csv,300921.SZ,A_SHARE_COMMON_EQUITY,True,
szse_listing_register.csv,300922.SZ,A_SHARE_COMMON_EQUITY,True,
szse_listing_register.csv,300923.SZ,A_SHARE_COMMON_EQUITY,True,
szse_listing_register.csv,300925.SZ,A_SHARE_COMMON_EQUITY,True,
szse_listing_register.csv,300926.SZ,A_SHARE_COMMON_EQUITY,True,
szse_listing_register.csv,300927.SZ,A_SHARE_COMMON_EQUITY,True,
szse_listing_register.csv,300928.SZ,A_SHARE_COMMON_EQUITY,True,
szse_listing_register.csv,300929.SZ,A_SHARE_COMMON_EQUITY,True,
szse_listing_register.csv,300930.SZ,A_SHARE_COMMON_EQUITY,True,
szse_listing_register.csv,300931.SZ,A_SHARE_COMMON_EQUITY,True,
szse_listing_register.csv,300932.SZ,A_SHARE_COMMON_EQUITY,True,
szse_listing_register.csv,300933.SZ,A_SHARE_COMMON_EQUITY,True,
szse_listing_register.csv,300935.SZ,A_SHARE_COMMON_EQUITY,True,
szse_listing_register.csv,300936.SZ,A_SHARE_COMMON_EQUITY,True,
szse_listing_register.csv,300937.SZ,A_SHARE_COMMON_EQUITY,True,
szse_listing_register.csv,300938.SZ,A_SHARE_COMMON_EQUITY,True,
szse_listing_register.csv,300939.SZ,A_SHARE_COMMON_EQUITY,True,
szse_listing_register.csv,300940.SZ,A_SHARE_COMMON_EQUITY,True,
szse_listing_register.csv,300941.SZ,A_SHARE_COMMON_EQUITY,True,
szse_listing_register.csv,300942.SZ,A_SHARE_COMMON_EQUITY,True,
szse_listing_register.csv,300943.SZ,A_SHARE_COMMON_EQUITY,True,
szse_listing_register.csv,300945.SZ,A_SHARE_COMMON_EQUITY,True,
szse_listing_register.csv,300946.SZ,A_SHARE_COMMON_EQUITY,True,
szse_listing_register.csv,300947.SZ,A_SHARE_COMMON_EQUITY,True,
szse_listing_register.csv,300948.SZ,A_SHARE_COMMON_EQUITY,True,
szse_listing_register.csv,300949.SZ,A_SHARE_COMMON_EQUITY,True,
szse_listing_register.csv,300950.SZ,A_SHARE_COMMON_EQUITY,True,
szse_listing_register.csv,300951.SZ,A_SHARE_COMMON_EQUITY,True,
szse_listing_register.csv,300952.SZ,A_SHARE_COMMON_EQUITY,True,
szse_listing_register.csv,300953.SZ,A_SHARE_COMMON_EQUITY,True,
szse_listing_register.csv,300955.SZ,A_SHARE_COMMON_EQUITY,True,
szse_listing_register.csv,300956.SZ,A_SHARE_COMMON_EQUITY,True,
szse_listing_register.csv,300957.SZ,A_SHARE_COMMON_EQUITY,True,
szse_listing_register.csv,300958.SZ,A_SHARE_COMMON_EQUITY,True,
szse_listing_register.csv,300959.SZ,A_SHARE_COMMON_EQUITY,True,
szse_listing_register.csv,300960.SZ,A_SHARE_COMMON_EQUITY,True,
szse_listing_register.csv,300961.SZ,A_SHARE_COMMON_EQUITY,True,
szse_listing_register.csv,300962.SZ,A_SHARE_COMMON_EQUITY,True,
szse_listing_register.csv,300963.SZ,A_SHARE_COMMON_EQUITY,True,
szse_listing_register.csv,300964.SZ,A_SHARE_COMMON_EQUITY,True,
szse_listing_register.csv,300965.SZ,A_SHARE_COMMON_EQUITY,True,
szse_listing_register.csv,300966.SZ,A_SHARE_COMMON_EQUITY,True,
szse_listing_register.csv,300967.SZ,A_SHARE_COMMON_EQUITY,True,
szse_listing_register.csv,300968.SZ,A_SHARE_COMMON_EQUITY,True,
szse_listing_register.csv,300969.SZ,A_SHARE_COMMON_EQUITY,True,
szse_listing_register.csv,300970.SZ,A_SHARE_COMMON_EQUITY,True,
szse_listing_register.csv,300971.SZ,A_SHARE_COMMON_EQUITY,True,
szse_listing_register.csv,300972.SZ,A_SHARE_COMMON_EQUITY,True,
szse_listing_register.csv,300973.SZ,A_SHARE_COMMON_EQUITY,True,
szse_listing_register.csv,300975.SZ,A_SHARE_COMMON_EQUITY,True,
szse_listing_register.csv,300976.SZ,A_SHARE_COMMON_EQUITY,True,
szse_listing_register.csv,300977.SZ,A_SHARE_COMMON_EQUITY,True,
szse_listing_register.csv,300978.SZ,A_SHARE_COMMON_EQUITY,True,
szse_listing_register.csv,300979.SZ,A_SHARE_COMMON_EQUITY,True,
szse_listing_register.csv,300980.SZ,A_SHARE_COMMON_EQUITY,True,
szse_listing_register.csv,300981.SZ,A_SHARE_COMMON_EQUITY,True,
szse_listing_register.csv,300982.SZ,A_SHARE_COMMON_EQUITY,True,
szse_listing_register.csv,300983.SZ,A_SHARE_COMMON_EQUITY,True,
szse_listing_register.csv,300984.SZ,A_SHARE_COMMON_EQUITY,True,
szse_listing_register.csv,300985.SZ,A_SHARE_COMMON_EQUITY,True,
szse_listing_register.csv,300986.SZ,A_SHARE_COMMON_EQUITY,True,
szse_listing_register.csv,300987.SZ,A_SHARE_COMMON_EQUITY,True,
szse_listing_register.csv,300988.SZ,A_SHARE_COMMON_EQUITY,True,
szse_listing_register.csv,300989.SZ,A_SHARE_COMMON_EQUITY,True,
szse_listing_register.csv,300990.SZ,A_SHARE_COMMON_EQUITY,True,
szse_listing_register.csv,300991.SZ,A_SHARE_COMMON_EQUITY,True,
szse_listing_register.csv,300992.SZ,A_SHARE_COMMON_EQUITY,True,
szse_listing_register.csv,300993.SZ,A_SHARE_COMMON_EQUITY,True,
szse_listing_register.csv,300994.SZ,A_SHARE_COMMON_EQUITY,True,
szse_listing_register.csv,300995.SZ,A_SHARE_COMMON_EQUITY,True,
szse_listing_register.csv,300996.SZ,A_SHARE_COMMON_EQUITY,True,
szse_listing_register.csv,300997.SZ,A_SHARE_COMMON_EQUITY,True,
szse_listing_register.csv,300998.SZ,A_SHARE_COMMON_EQUITY,True,
szse_listing_register.csv,300999.SZ,A_SHARE_COMMON_EQUITY,True,
szse_listing_register.csv,301000.SZ,A_SHARE_COMMON_EQUITY,True,
szse_listing_register.csv,301001.SZ,A_SHARE_COMMON_EQUITY,True,
szse_listing_register.csv,301002.SZ,A_SHARE_COMMON_EQUITY,True,
szse_listing_register.csv,301003.SZ,A_SHARE_COMMON_EQUITY,True,
szse_listing_register.csv,301004.SZ,A_SHARE_COMMON_EQUITY,True,
szse_listing_register.csv,301005.SZ,A_SHARE_COMMON_EQUITY,True,
szse_listing_register.csv,301006.SZ,A_SHARE_COMMON_EQUITY,True,
szse_listing_register.csv,301007.SZ,A_SHARE_COMMON_EQUITY,True,
szse_listing_register.csv,301008.SZ,A_SHARE_COMMON_EQUITY,True,
szse_listing_register.csv,301009.SZ,A_SHARE_COMMON_EQUITY,True,
szse_listing_register.csv,301010.SZ,A_SHARE_COMMON_EQUITY,True,
szse_listing_register.csv,301011.SZ,A_SHARE_COMMON_EQUITY,True,
szse_listing_register.csv,301012.SZ,A_SHARE_COMMON_EQUITY,True,
szse_listing_register.csv,301013.SZ,A_SHARE_COMMON_EQUITY,True,
szse_listing_register.csv,301015.SZ,A_SHARE_COMMON_EQUITY,True,
szse_listing_register.csv,301016.SZ,A_SHARE_COMMON_EQUITY,True,
szse_listing_register.csv,301017.SZ,A_SHARE_COMMON_EQUITY,True,
szse_listing_register.csv,301018.SZ,A_SHARE_COMMON_EQUITY,True,
szse_listing_register.csv,301019.SZ,A_SHARE_COMMON_EQUITY,True,
szse_listing_register.csv,301020.SZ,A_SHARE_COMMON_EQUITY,True,
szse_listing_register.csv,301021.SZ,A_SHARE_COMMON_EQUITY,True,
szse_listing_register.csv,301022.SZ,A_SHARE_COMMON_EQUITY,True,
szse_listing_register.csv,301023.SZ,A_SHARE_COMMON_EQUITY,True,
szse_listing_register.csv,301024.SZ,A_SHARE_COMMON_EQUITY,True,
szse_listing_register.csv,301025.SZ,A_SHARE_COMMON_EQUITY,True,
szse_listing_register.csv,301026.SZ,A_SHARE_COMMON_EQUITY,True,
szse_listing_register.csv,301027.SZ,A_SHARE_COMMON_EQUITY,True,
szse_listing_register.csv,301028.SZ,A_SHARE_COMMON_EQUITY,True,
szse_listing_register.csv,301029.SZ,A_SHARE_COMMON_EQUITY,True,
szse_listing_register.csv,301030.SZ,A_SHARE_COMMON_EQUITY,True,
szse_listing_register.csv,301031.SZ,A_SHARE_COMMON_EQUITY,True,
szse_listing_register.csv,301032.SZ,A_SHARE_COMMON_EQUITY,True,
szse_listing_register.csv,301033.SZ,A_SHARE_COMMON_EQUITY,True,
szse_listing_register.csv,301035.SZ,A_SHARE_COMMON_EQUITY,True,
szse_listing_register.csv,301036.SZ,A_SHARE_COMMON_EQUITY,True,
szse_listing_register.csv,301037.SZ,A_SHARE_COMMON_EQUITY,True,
szse_listing_register.csv,301038.SZ,A_SHARE_COMMON_EQUITY,True,
szse_listing_register.csv,301039.SZ,A_SHARE_COMMON_EQUITY,True,
szse_listing_register.csv,301040.SZ,A_SHARE_COMMON_EQUITY,True,
szse_listing_register.csv,301041.SZ,A_SHARE_COMMON_EQUITY,True,
szse_listing_register.csv,301042.SZ,A_SHARE_COMMON_EQUITY,True,
szse_listing_register.csv,301043.SZ,A_SHARE_COMMON_EQUITY,True,
szse_listing_register.csv,301045.SZ,A_SHARE_COMMON_EQUITY,True,
szse_listing_register.csv,301046.SZ,A_SHARE_COMMON_EQUITY,True,
szse_listing_register.csv,301047.SZ,A_SHARE_COMMON_EQUITY,True,
szse_listing_register.csv,301048.SZ,A_SHARE_COMMON_EQUITY,True,
szse_listing_register.csv,301049.SZ,A_SHARE_COMMON_EQUITY,True,
szse_listing_register.csv,301050.SZ,A_SHARE_COMMON_EQUITY,True,
szse_listing_register.csv,301051.SZ,A_SHARE_COMMON_EQUITY,True,
szse_listing_register.csv,301052.SZ,A_SHARE_COMMON_EQUITY,True,
szse_listing_register.csv,301053.SZ,A_SHARE_COMMON_EQUITY,True,
szse_listing_register.csv,301055.SZ,A_SHARE_COMMON_EQUITY,True,
szse_listing_register.csv,301056.SZ,A_SHARE_COMMON_EQUITY,True,
szse_listing_register.csv,301057.SZ,A_SHARE_COMMON_EQUITY,True,
szse_listing_register.csv,301058.SZ,A_SHARE_COMMON_EQUITY,True,
szse_listing_register.csv,301059.SZ,A_SHARE_COMMON_EQUITY,True,
szse_listing_register.csv,301060.SZ,A_SHARE_COMMON_EQUITY,True,
szse_listing_register.csv,301061.SZ,A_SHARE_COMMON_EQUITY,True,
szse_listing_register.csv,301062.SZ,A_SHARE_COMMON_EQUITY,True,
szse_listing_register.csv,301063.SZ,A_SHARE_COMMON_EQUITY,True,
szse_listing_register.csv,301065.SZ,A_SHARE_COMMON_EQUITY,True,
szse_listing_register.csv,301066.SZ,A_SHARE_COMMON_EQUITY,True,
szse_listing_register.csv,301067.SZ,A_SHARE_COMMON_EQUITY,True,
szse_listing_register.csv,301068.SZ,A_SHARE_COMMON_EQUITY,True,
szse_listing_register.csv,301069.SZ,A_SHARE_COMMON_EQUITY,True,
szse_listing_register.csv,301070.SZ,A_SHARE_COMMON_EQUITY,True,
szse_listing_register.csv,301071.SZ,A_SHARE_COMMON_EQUITY,True,
szse_listing_register.csv,301072.SZ,A_SHARE_COMMON_EQUITY,True,
szse_listing_register.csv,301073.SZ,A_SHARE_COMMON_EQUITY,True,
szse_listing_register.csv,301075.SZ,A_SHARE_COMMON_EQUITY,True,
szse_listing_register.csv,301076.SZ,A_SHARE_COMMON_EQUITY,True,
szse_listing_register.csv,301077.SZ,A_SHARE_COMMON_EQUITY,True,
szse_listing_register.csv,301078.SZ,A_SHARE_COMMON_EQUITY,True,
szse_listing_register.csv,301079.SZ,A_SHARE_COMMON_EQUITY,True,
szse_listing_register.csv,301080.SZ,A_SHARE_COMMON_EQUITY,True,
szse_listing_register.csv,301081.SZ,A_SHARE_COMMON_EQUITY,True,
szse_listing_register.csv,301082.SZ,A_SHARE_COMMON_EQUITY,True,
szse_listing_register.csv,301083.SZ,A_SHARE_COMMON_EQUITY,True,
szse_listing_register.csv,301085.SZ,A_SHARE_COMMON_EQUITY,True,
szse_listing_register.csv,301086.SZ,A_SHARE_COMMON_EQUITY,True,
szse_listing_register.csv,301087.SZ,A_SHARE_COMMON_EQUITY,True,
szse_listing_register.csv,301088.SZ,A_SHARE_COMMON_EQUITY,True,
szse_listing_register.csv,301089.SZ,A_SHARE_COMMON_EQUITY,True,
szse_listing_register.csv,301090.SZ,A_SHARE_COMMON_EQUITY,True,
szse_listing_register.csv,301091.SZ,A_SHARE_COMMON_EQUITY,True,
szse_listing_register.csv,301092.SZ,A_SHARE_COMMON_EQUITY,True,
szse_listing_register.csv,301093.SZ,A_SHARE_COMMON_EQUITY,True,
szse_listing_register.csv,301095.SZ,A_SHARE_COMMON_EQUITY,True,
szse_listing_register.csv,301096.SZ,A_SHARE_COMMON_EQUITY,True,
szse_listing_register.csv,301097.SZ,A_SHARE_COMMON_EQUITY,True,
szse_listing_register.csv,301098.SZ,A_SHARE_COMMON_EQUITY,True,
szse_listing_register.csv,301099.SZ,A_SHARE_COMMON_EQUITY,True,
szse_listing_register.csv,301100.SZ,A_SHARE_COMMON_EQUITY,True,
szse_listing_register.csv,301101.SZ,A_SHARE_COMMON_EQUITY,True,
szse_listing_register.csv,301102.SZ,A_SHARE_COMMON_EQUITY,True,
szse_listing_register.csv,301103.SZ,A_SHARE_COMMON_EQUITY,True,
szse_listing_register.csv,301105.SZ,A_SHARE_COMMON_EQUITY,True,
szse_listing_register.csv,301106.SZ,A_SHARE_COMMON_EQUITY,True,
szse_listing_register.csv,301107.SZ,A_SHARE_COMMON_EQUITY,True,
szse_listing_register.csv,301108.SZ,A_SHARE_COMMON_EQUITY,True,
szse_listing_register.csv,301109.SZ,A_SHARE_COMMON_EQUITY,True,
szse_listing_register.csv,301110.SZ,A_SHARE_COMMON_EQUITY,True,
szse_listing_register.csv,301111.SZ,A_SHARE_COMMON_EQUITY,True,
szse_listing_register.csv,301112.SZ,A_SHARE_COMMON_EQUITY,True,
szse_listing_register.csv,301113.SZ,A_SHARE_COMMON_EQUITY,True,
szse_listing_register.csv,301115.SZ,A_SHARE_COMMON_EQUITY,True,
szse_listing_register.csv,301116.SZ,A_SHARE_COMMON_EQUITY,True,
szse_listing_register.csv,301117.SZ,A_SHARE_COMMON_EQUITY,True,
szse_listing_register.csv,301118.SZ,A_SHARE_COMMON_EQUITY,True,
szse_listing_register.csv,301119.SZ,A_SHARE_COMMON_EQUITY,True,
szse_listing_register.csv,301120.SZ,A_SHARE_COMMON_EQUITY,True,
szse_listing_register.csv,301121.SZ,A_SHARE_COMMON_EQUITY,True,
szse_listing_register.csv,301122.SZ,A_SHARE_COMMON_EQUITY,True,
szse_listing_register.csv,301123.SZ,A_SHARE_COMMON_EQUITY,True,
szse_listing_register.csv,301125.SZ,A_SHARE_COMMON_EQUITY,True,
szse_listing_register.csv,301126.SZ,A_SHARE_COMMON_EQUITY,True,
szse_listing_register.csv,301127.SZ,A_SHARE_COMMON_EQUITY,True,
szse_listing_register.csv,301128.SZ,A_SHARE_COMMON_EQUITY,True,
szse_listing_register.csv,301129.SZ,A_SHARE_COMMON_EQUITY,True,
szse_listing_register.csv,301130.SZ,A_SHARE_COMMON_EQUITY,True,
szse_listing_register.csv,301131.SZ,A_SHARE_COMMON_EQUITY,True,
szse_listing_register.csv,301132.SZ,A_SHARE_COMMON_EQUITY,True,
szse_listing_register.csv,301133.SZ,A_SHARE_COMMON_EQUITY,True,
szse_listing_register.csv,301135.SZ,A_SHARE_COMMON_EQUITY,True,
szse_listing_register.csv,301136.SZ,A_SHARE_COMMON_EQUITY,True,
szse_listing_register.csv,301137.SZ,A_SHARE_COMMON_EQUITY,True,
szse_listing_register.csv,301138.SZ,A_SHARE_COMMON_EQUITY,True,
szse_listing_register.csv,301139.SZ,A_SHARE_COMMON_EQUITY,True,
szse_listing_register.csv,301141.SZ,A_SHARE_COMMON_EQUITY,True,
szse_listing_register.csv,301148.SZ,A_SHARE_COMMON_EQUITY,True,
szse_listing_register.csv,301149.SZ,A_SHARE_COMMON_EQUITY,True,
szse_listing_register.csv,301150.SZ,A_SHARE_COMMON_EQUITY,True,
szse_listing_register.csv,301151.SZ,A_SHARE_COMMON_EQUITY,True,
szse_listing_register.csv,301152.SZ,A_SHARE_COMMON_EQUITY,True,
szse_listing_register.csv,301153.SZ,A_SHARE_COMMON_EQUITY,True,
szse_listing_register.csv,301155.SZ,A_SHARE_COMMON_EQUITY,True,
szse_listing_register.csv,301156.SZ,A_SHARE_COMMON_EQUITY,True,
szse_listing_register.csv,301157.SZ,A_SHARE_COMMON_EQUITY,True,
szse_listing_register.csv,301158.SZ,A_SHARE_COMMON_EQUITY,True,
szse_listing_register.csv,301159.SZ,A_SHARE_COMMON_EQUITY,True,
szse_listing_register.csv,301160.SZ,A_SHARE_COMMON_EQUITY,True,
szse_listing_register.csv,301161.SZ,A_SHARE_COMMON_EQUITY,True,
szse_listing_register.csv,301162.SZ,A_SHARE_COMMON_EQUITY,True,
szse_listing_register.csv,301163.SZ,A_SHARE_COMMON_EQUITY,True,
szse_listing_register.csv,301165.SZ,A_SHARE_COMMON_EQUITY,True,
szse_listing_register.csv,301166.SZ,A_SHARE_COMMON_EQUITY,True,
szse_listing_register.csv,301167.SZ,A_SHARE_COMMON_EQUITY,True,
szse_listing_register.csv,301168.SZ,A_SHARE_COMMON_EQUITY,True,
szse_listing_register.csv,301169.SZ,A_SHARE_COMMON_EQUITY,True,
szse_listing_register.csv,301170.SZ,A_SHARE_COMMON_EQUITY,True,
szse_listing_register.csv,301171.SZ,A_SHARE_COMMON_EQUITY,True,
szse_listing_register.csv,301172.SZ,A_SHARE_COMMON_EQUITY,True,
szse_listing_register.csv,301173.SZ,A_SHARE_COMMON_EQUITY,True,
szse_listing_register.csv,301175.SZ,A_SHARE_COMMON_EQUITY,True,
szse_listing_register.csv,301176.SZ,A_SHARE_COMMON_EQUITY,True,
szse_listing_register.csv,301177.SZ,A_SHARE_COMMON_EQUITY,True,
szse_listing_register.csv,301178.SZ,A_SHARE_COMMON_EQUITY,True,
szse_listing_register.csv,301179.SZ,A_SHARE_COMMON_EQUITY,True,
szse_listing_register.csv,301180.SZ,A_SHARE_COMMON_EQUITY,True,
szse_listing_register.csv,301181.SZ,A_SHARE_COMMON_EQUITY,True,
szse_listing_register.csv,301182.SZ,A_SHARE_COMMON_EQUITY,True,
szse_listing_register.csv,301183.SZ,A_SHARE_COMMON_EQUITY,True,
szse_listing_register.csv,301185.SZ,A_SHARE_COMMON_EQUITY,True,
szse_listing_register.csv,301186.SZ,A_SHARE_COMMON_EQUITY,True,
szse_listing_register.csv,301187.SZ,A_SHARE_COMMON_EQUITY,True,
szse_listing_register.csv,301188.SZ,A_SHARE_COMMON_EQUITY,True,
szse_listing_register.csv,301189.SZ,A_SHARE_COMMON_EQUITY,True,
szse_listing_register.csv,301190.SZ,A_SHARE_COMMON_EQUITY,True,
szse_listing_register.csv,301191.SZ,A_SHARE_COMMON_EQUITY,True,
szse_listing_register.csv,301192.SZ,A_SHARE_COMMON_EQUITY,True,
szse_listing_register.csv,301193.SZ,A_SHARE_COMMON_EQUITY,True,
szse_listing_register.csv,301195.SZ,A_SHARE_COMMON_EQUITY,True,
szse_listing_register.csv,301196.SZ,A_SHARE_COMMON_EQUITY,True,
szse_listing_register.csv,301197.SZ,A_SHARE_COMMON_EQUITY,True,
szse_listing_register.csv,301198.SZ,A_SHARE_COMMON_EQUITY,True,
szse_listing_register.csv,301199.SZ,A_SHARE_COMMON_EQUITY,True,
szse_listing_register.csv,301200.SZ,A_SHARE_COMMON_EQUITY,True,
szse_listing_register.csv,301201.SZ,A_SHARE_COMMON_EQUITY,True,
szse_listing_register.csv,301202.SZ,A_SHARE_COMMON_EQUITY,True,
szse_listing_register.csv,301203.SZ,A_SHARE_COMMON_EQUITY,True,
szse_listing_register.csv,301205.SZ,A_SHARE_COMMON_EQUITY,True,
szse_listing_register.csv,301206.SZ,A_SHARE_COMMON_EQUITY,True,
szse_listing_register.csv,301207.SZ,A_SHARE_COMMON_EQUITY,True,
szse_listing_register.csv,301208.SZ,A_SHARE_COMMON_EQUITY,True,
szse_listing_register.csv,301209.SZ,A_SHARE_COMMON_EQUITY,True,
szse_listing_register.csv,301210.SZ,A_SHARE_COMMON_EQUITY,True,
szse_listing_register.csv,301211.SZ,A_SHARE_COMMON_EQUITY,True,
szse_listing_register.csv,301212.SZ,A_SHARE_COMMON_EQUITY,True,
szse_listing_register.csv,301213.SZ,A_SHARE_COMMON_EQUITY,True,
szse_listing_register.csv,301215.SZ,A_SHARE_COMMON_EQUITY,True,
szse_listing_register.csv,301216.SZ,A_SHARE_COMMON_EQUITY,True,
szse_listing_register.csv,301217.SZ,A_SHARE_COMMON_EQUITY,True,
szse_listing_register.csv,301218.SZ,A_SHARE_COMMON_EQUITY,True,
szse_listing_register.csv,301219.SZ,A_SHARE_COMMON_EQUITY,True,
szse_listing_register.csv,301220.SZ,A_SHARE_COMMON_EQUITY,True,
szse_listing_register.csv,301221.SZ,A_SHARE_COMMON_EQUITY,True,
szse_listing_register.csv,301222.SZ,A_SHARE_COMMON_EQUITY,True,
szse_listing_register.csv,301223.SZ,A_SHARE_COMMON_EQUITY,True,
szse_listing_register.csv,301225.SZ,A_SHARE_COMMON_EQUITY,True,
szse_listing_register.csv,301226.SZ,A_SHARE_COMMON_EQUITY,True,
szse_listing_register.csv,301227.SZ,A_SHARE_COMMON_EQUITY,True,
szse_listing_register.csv,301228.SZ,A_SHARE_COMMON_EQUITY,True,
szse_listing_register.csv,301229.SZ,A_SHARE_COMMON_EQUITY,True,
szse_listing_register.csv,301230.SZ,A_SHARE_COMMON_EQUITY,True,
szse_listing_register.csv,301231.SZ,A_SHARE_COMMON_EQUITY,True,
szse_listing_register.csv,301232.SZ,A_SHARE_COMMON_EQUITY,True,
szse_listing_register.csv,301233.SZ,A_SHARE_COMMON_EQUITY,True,
szse_listing_register.csv,301234.SZ,A_SHARE_COMMON_EQUITY,True,
szse_listing_register.csv,301235.SZ,A_SHARE_COMMON_EQUITY,True,
szse_listing_register.csv,301236.SZ,A_SHARE_COMMON_EQUITY,True,
szse_listing_register.csv,301237.SZ,A_SHARE_COMMON_EQUITY,True,
szse_listing_register.csv,301238.SZ,A_SHARE_COMMON_EQUITY,True,
szse_listing_register.csv,301239.SZ,A_SHARE_COMMON_EQUITY,True,
szse_listing_register.csv,301246.SZ,A_SHARE_COMMON_EQUITY,True,
szse_listing_register.csv,301248.SZ,A_SHARE_COMMON_EQUITY,True,
szse_listing_register.csv,301251.SZ,A_SHARE_COMMON_EQUITY,True,
szse_listing_register.csv,301252.SZ,A_SHARE_COMMON_EQUITY,True,
szse_listing_register.csv,301255.SZ,A_SHARE_COMMON_EQUITY,True,
szse_listing_register.csv,301256.SZ,A_SHARE_COMMON_EQUITY,True,
szse_listing_register.csv,301257.SZ,A_SHARE_COMMON_EQUITY,True,
szse_listing_register.csv,301258.SZ,A_SHARE_COMMON_EQUITY,True,
szse_listing_register.csv,301259.SZ,A_SHARE_COMMON_EQUITY,True,
szse_listing_register.csv,301260.SZ,A_SHARE_COMMON_EQUITY,True,
szse_listing_register.csv,301261.SZ,A_SHARE_COMMON_EQUITY,True,
szse_listing_register.csv,301262.SZ,A_SHARE_COMMON_EQUITY,True,
szse_listing_register.csv,301263.SZ,A_SHARE_COMMON_EQUITY,True,
szse_listing_register.csv,301265.SZ,A_SHARE_COMMON_EQUITY,True,
szse_listing_register.csv,301266.SZ,A_SHARE_COMMON_EQUITY,True,
szse_listing_register.csv,301267.SZ,A_SHARE_COMMON_EQUITY,True,
szse_listing_register.csv,301268.SZ,A_SHARE_COMMON_EQUITY,True,
szse_listing_register.csv,301269.SZ,A_SHARE_COMMON_EQUITY,True,
szse_listing_register.csv,301270.SZ,A_SHARE_COMMON_EQUITY,True,
szse_listing_register.csv,301272.SZ,A_SHARE_COMMON_EQUITY,True,
szse_listing_register.csv,301273.SZ,A_SHARE_COMMON_EQUITY,True,
szse_listing_register.csv,301275.SZ,A_SHARE_COMMON_EQUITY,True,
szse_listing_register.csv,301276.SZ,A_SHARE_COMMON_EQUITY,True,
szse_listing_register.csv,301277.SZ,A_SHARE_COMMON_EQUITY,True,
szse_listing_register.csv,301278.SZ,A_SHARE_COMMON_EQUITY,True,
szse_listing_register.csv,301279.SZ,A_SHARE_COMMON_EQUITY,True,
szse_listing_register.csv,301280.SZ,A_SHARE_COMMON_EQUITY,True,
szse_listing_register.csv,301281.SZ,A_SHARE_COMMON_EQUITY,True,
szse_listing_register.csv,301282.SZ,A_SHARE_COMMON_EQUITY,True,
szse_listing_register.csv,301283.SZ,A_SHARE_COMMON_EQUITY,True,
szse_listing_register.csv,301285.SZ,A_SHARE_COMMON_EQUITY,True,
szse_listing_register.csv,301286.SZ,A_SHARE_COMMON_EQUITY,True,
szse_listing_register.csv,301287.SZ,A_SHARE_COMMON_EQUITY,True,
szse_listing_register.csv,301288.SZ,A_SHARE_COMMON_EQUITY,True,
szse_listing_register.csv,301289.SZ,A_SHARE_COMMON_EQUITY,True,
szse_listing_register.csv,301290.SZ,A_SHARE_COMMON_EQUITY,True,
szse_listing_register.csv,301291.SZ,A_SHARE_COMMON_EQUITY,True,
szse_listing_register.csv,301292.SZ,A_SHARE_COMMON_EQUITY,True,
szse_listing_register.csv,301293.SZ,A_SHARE_COMMON_EQUITY,True,
szse_listing_register.csv,301295.SZ,A_SHARE_COMMON_EQUITY,True,
szse_listing_register.csv,301296.SZ,A_SHARE_COMMON_EQUITY,True,
szse_listing_register.csv,301297.SZ,A_SHARE_COMMON_EQUITY,True,
szse_listing_register.csv,301298.SZ,A_SHARE_COMMON_EQUITY,True,
szse_listing_register.csv,301299.SZ,A_SHARE_COMMON_EQUITY,True,
szse_listing_register.csv,301300.SZ,A_SHARE_COMMON_EQUITY,True,
szse_listing_register.csv,301301.SZ,A_SHARE_COMMON_EQUITY,True,
szse_listing_register.csv,301302.SZ,A_SHARE_COMMON_EQUITY,True,
szse_listing_register.csv,301303.SZ,A_SHARE_COMMON_EQUITY,True,
szse_listing_register.csv,301305.SZ,A_SHARE_COMMON_EQUITY,True,
szse_listing_register.csv,301306.SZ,A_SHARE_COMMON_EQUITY,True,
szse_listing_register.csv,301307.SZ,A_SHARE_COMMON_EQUITY,True,
szse_listing_register.csv,301308.SZ,A_SHARE_COMMON_EQUITY,True,
szse_listing_register.csv,301309.SZ,A_SHARE_COMMON_EQUITY,True,
szse_listing_register.csv,301310.SZ,A_SHARE_COMMON_EQUITY,True,
szse_listing_register.csv,301311.SZ,A_SHARE_COMMON_EQUITY,True,
szse_listing_register.csv,301312.SZ,A_SHARE_COMMON_EQUITY,True,
szse_listing_register.csv,301313.SZ,A_SHARE_COMMON_EQUITY,True,
szse_listing_register.csv,301314.SZ,A_SHARE_COMMON_EQUITY,True,
szse_listing_register.csv,301315.SZ,A_SHARE_COMMON_EQUITY,True,
szse_listing_register.csv,301316.SZ,A_SHARE_COMMON_EQUITY,True,
szse_listing_register.csv,301317.SZ,A_SHARE_COMMON_EQUITY,True,
szse_listing_register.csv,301318.SZ,A_SHARE_COMMON_EQUITY,True,
szse_listing_register.csv,301319.SZ,A_SHARE_COMMON_EQUITY,True,
szse_listing_register.csv,301320.SZ,A_SHARE_COMMON_EQUITY,True,
szse_listing_register.csv,301321.SZ,A_SHARE_COMMON_EQUITY,True,
szse_listing_register.csv,301322.SZ,A_SHARE_COMMON_EQUITY,True,
szse_listing_register.csv,301323.SZ,A_SHARE_COMMON_EQUITY,True,
szse_listing_register.csv,301325.SZ,A_SHARE_COMMON_EQUITY,True,
szse_listing_register.csv,301326.SZ,A_SHARE_COMMON_EQUITY,True,
szse_listing_register.csv,301327.SZ,A_SHARE_COMMON_EQUITY,True,
szse_listing_register.csv,301328.SZ,A_SHARE_COMMON_EQUITY,True,
szse_listing_register.csv,301329.SZ,A_SHARE_COMMON_EQUITY,True,
szse_listing_register.csv,301330.SZ,A_SHARE_COMMON_EQUITY,True,
szse_listing_register.csv,301331.SZ,A_SHARE_COMMON_EQUITY,True,
szse_listing_register.csv,301332.SZ,A_SHARE_COMMON_EQUITY,True,
szse_listing_register.csv,301333.SZ,A_SHARE_COMMON_EQUITY,True,
szse_listing_register.csv,301335.SZ,A_SHARE_COMMON_EQUITY,True,
szse_listing_register.csv,301336.SZ,A_SHARE_COMMON_EQUITY,True,
szse_listing_register.csv,301337.SZ,A_SHARE_COMMON_EQUITY,True,
szse_listing_register.csv,301338.SZ,A_SHARE_COMMON_EQUITY,True,
szse_listing_register.csv,301339.SZ,A_SHARE_COMMON_EQUITY,True,
szse_listing_register.csv,301345.SZ,A_SHARE_COMMON_EQUITY,True,
szse_listing_register.csv,301348.SZ,A_SHARE_COMMON_EQUITY,True,
szse_listing_register.csv,301349.SZ,A_SHARE_COMMON_EQUITY,True,
szse_listing_register.csv,301353.SZ,A_SHARE_COMMON_EQUITY,True,
szse_listing_register.csv,301355.SZ,A_SHARE_COMMON_EQUITY,True,
szse_listing_register.csv,301356.SZ,A_SHARE_COMMON_EQUITY,True,
szse_listing_register.csv,301357.SZ,A_SHARE_COMMON_EQUITY,True,
szse_listing_register.csv,301358.SZ,A_SHARE_COMMON_EQUITY,True,
szse_listing_register.csv,301359.SZ,A_SHARE_COMMON_EQUITY,True,
szse_listing_register.csv,301360.SZ,A_SHARE_COMMON_EQUITY,True,
szse_listing_register.csv,301361.SZ,A_SHARE_COMMON_EQUITY,True,
szse_listing_register.csv,301362.SZ,A_SHARE_COMMON_EQUITY,True,
szse_listing_register.csv,301363.SZ,A_SHARE_COMMON_EQUITY,True,
szse_listing_register.csv,301365.SZ,A_SHARE_COMMON_EQUITY,True,
szse_listing_register.csv,301366.SZ,A_SHARE_COMMON_EQUITY,True,
szse_listing_register.csv,301367.SZ,A_SHARE_COMMON_EQUITY,True,
szse_listing_register.csv,301368.SZ,A_SHARE_COMMON_EQUITY,True,
szse_listing_register.csv,301369.SZ,A_SHARE_COMMON_EQUITY,True,
szse_listing_register.csv,301370.SZ,A_SHARE_COMMON_EQUITY,True,
szse_listing_register.csv,301371.SZ,A_SHARE_COMMON_EQUITY,True,
szse_listing_register.csv,301372.SZ,A_SHARE_COMMON_EQUITY,True,
szse_listing_register.csv,301373.SZ,A_SHARE_COMMON_EQUITY,True,
szse_listing_register.csv,301376.SZ,A_SHARE_COMMON_EQUITY,True,
szse_listing_register.csv,301377.SZ,A_SHARE_COMMON_EQUITY,True,
szse_listing_register.csv,301378.SZ,A_SHARE_COMMON_EQUITY,True,
szse_listing_register.csv,301379.SZ,A_SHARE_COMMON_EQUITY,True,
szse_listing_register.csv,301380.SZ,A_SHARE_COMMON_EQUITY,True,
szse_listing_register.csv,301381.SZ,A_SHARE_COMMON_EQUITY,True,
szse_listing_register.csv,301382.SZ,A_SHARE_COMMON_EQUITY,True,
szse_listing_register.csv,301383.SZ,A_SHARE_COMMON_EQUITY,True,
szse_listing_register.csv,301386.SZ,A_SHARE_COMMON_EQUITY,True,
szse_listing_register.csv,301387.SZ,A_SHARE_COMMON_EQUITY,True,
szse_listing_register.csv,301388.SZ,A_SHARE_COMMON_EQUITY,True,
szse_listing_register.csv,301389.SZ,A_SHARE_COMMON_EQUITY,True,
szse_listing_register.csv,301390.SZ,A_SHARE_COMMON_EQUITY,True,
szse_listing_register.csv,301391.SZ,A_SHARE_COMMON_EQUITY,True,
szse_listing_register.csv,301392.SZ,A_SHARE_COMMON_EQUITY,True,
szse_listing_register.csv,301393.SZ,A_SHARE_COMMON_EQUITY,True,
szse_listing_register.csv,301395.SZ,A_SHARE_COMMON_EQUITY,True,
szse_listing_register.csv,301396.SZ,A_SHARE_COMMON_EQUITY,True,
szse_listing_register.csv,301397.SZ,A_SHARE_COMMON_EQUITY,True,
szse_listing_register.csv,301398.SZ,A_SHARE_COMMON_EQUITY,True,
szse_listing_register.csv,301399.SZ,A_SHARE_COMMON_EQUITY,True,
szse_listing_register.csv,301408.SZ,A_SHARE_COMMON_EQUITY,True,
szse_listing_register.csv,301413.SZ,A_SHARE_COMMON_EQUITY,True,
szse_listing_register.csv,301418.SZ,A_SHARE_COMMON_EQUITY,True,
szse_listing_register.csv,301419.SZ,A_SHARE_COMMON_EQUITY,True,
szse_listing_register.csv,301421.SZ,A_SHARE_COMMON_EQUITY,True,
szse_listing_register.csv,301428.SZ,A_SHARE_COMMON_EQUITY,True,
szse_listing_register.csv,301429.SZ,A_SHARE_COMMON_EQUITY,True,
szse_listing_register.csv,301439.SZ,A_SHARE_COMMON_EQUITY,True,
szse_listing_register.csv,301446.SZ,A_SHARE_COMMON_EQUITY,True,
szse_listing_register.csv,301448.SZ,A_SHARE_COMMON_EQUITY,True,
szse_listing_register.csv,301449.SZ,A_SHARE_COMMON_EQUITY,True,
szse_listing_register.csv,301456.SZ,A_SHARE_COMMON_EQUITY,True,
szse_listing_register.csv,301458.SZ,A_SHARE_COMMON_EQUITY,True,
szse_listing_register.csv,301459.SZ,A_SHARE_COMMON_EQUITY,True,
szse_listing_register.csv,301468.SZ,A_SHARE_COMMON_EQUITY,True,
szse_listing_register.csv,301469.SZ,A_SHARE_COMMON_EQUITY,True,
szse_listing_register.csv,301479.SZ,A_SHARE_COMMON_EQUITY,True,
szse_listing_register.csv,301486.SZ,A_SHARE_COMMON_EQUITY,True,
szse_listing_register.csv,301487.SZ,A_SHARE_COMMON_EQUITY,True,
szse_listing_register.csv,301488.SZ,A_SHARE_COMMON_EQUITY,True,
szse_listing_register.csv,301489.SZ,A_SHARE_COMMON_EQUITY,True,
szse_listing_register.csv,301491.SZ,A_SHARE_COMMON_EQUITY,True,
szse_listing_register.csv,301498.SZ,A_SHARE_COMMON_EQUITY,True,
szse_listing_register.csv,301499.SZ,A_SHARE_COMMON_EQUITY,True,
szse_listing_register.csv,301500.SZ,A_SHARE_COMMON_EQUITY,True,
szse_listing_register.csv,301501.SZ,A_SHARE_COMMON_EQUITY,True,
szse_listing_register.csv,301502.SZ,A_SHARE_COMMON_EQUITY,True,
szse_listing_register.csv,301503.SZ,A_SHARE_COMMON_EQUITY,True,
szse_listing_register.csv,301505.SZ,A_SHARE_COMMON_EQUITY,True,
szse_listing_register.csv,301507.SZ,A_SHARE_COMMON_EQUITY,True,
szse_listing_register.csv,301508.SZ,A_SHARE_COMMON_EQUITY,True,
szse_listing_register.csv,301509.SZ,A_SHARE_COMMON_EQUITY,True,
szse_listing_register.csv,301510.SZ,A_SHARE_COMMON_EQUITY,True,
szse_listing_register.csv,301511.SZ,A_SHARE_COMMON_EQUITY,True,
szse_listing_register.csv,301512.SZ,A_SHARE_COMMON_EQUITY,True,
szse_listing_register.csv,301513.SZ,A_SHARE_COMMON_EQUITY,True,
szse_listing_register.csv,301515.SZ,A_SHARE_COMMON_EQUITY,True,
szse_listing_register.csv,301516.SZ,A_SHARE_COMMON_EQUITY,True,
szse_listing_register.csv,301517.SZ,A_SHARE_COMMON_EQUITY,True,
szse_listing_register.csv,301518.SZ,A_SHARE_COMMON_EQUITY,True,
szse_listing_register.csv,301519.SZ,A_SHARE_COMMON_EQUITY,True,
szse_listing_register.csv,301520.SZ,A_SHARE_COMMON_EQUITY,True,
szse_listing_register.csv,301522.SZ,A_SHARE_COMMON_EQUITY,True,
szse_listing_register.csv,301525.SZ,A_SHARE_COMMON_EQUITY,True,
szse_listing_register.csv,301526.SZ,A_SHARE_COMMON_EQUITY,True,
szse_listing_register.csv,301528.SZ,A_SHARE_COMMON_EQUITY,True,
szse_listing_register.csv,301529.SZ,A_SHARE_COMMON_EQUITY,True,
szse_listing_register.csv,301531.SZ,A_SHARE_COMMON_EQUITY,True,
szse_listing_register.csv,301533.SZ,A_SHARE_COMMON_EQUITY,True,
szse_listing_register.csv,301535.SZ,A_SHARE_COMMON_EQUITY,True,
szse_listing_register.csv,301536.SZ,A_SHARE_COMMON_EQUITY,True,
szse_listing_register.csv,301538.SZ,A_SHARE_COMMON_EQUITY,True,
szse_listing_register.csv,301539.SZ,A_SHARE_COMMON_EQUITY,True,
szse_listing_register.csv,301548.SZ,A_SHARE_COMMON_EQUITY,True,
szse_listing_register.csv,301550.SZ,A_SHARE_COMMON_EQUITY,True,
szse_listing_register.csv,301551.SZ,A_SHARE_COMMON_EQUITY,True,
szse_listing_register.csv,301552.SZ,A_SHARE_COMMON_EQUITY,True,
szse_listing_register.csv,301555.SZ,A_SHARE_COMMON_EQUITY,True,
szse_listing_register.csv,301556.SZ,A_SHARE_COMMON_EQUITY,True,
szse_listing_register.csv,301557.SZ,A_SHARE_COMMON_EQUITY,True,
szse_listing_register.csv,301558.SZ,A_SHARE_COMMON_EQUITY,True,
szse_listing_register.csv,301559.SZ,A_SHARE_COMMON_EQUITY,True,
szse_listing_register.csv,301560.SZ,A_SHARE_COMMON_EQUITY,True,
szse_listing_register.csv,301563.SZ,A_SHARE_COMMON_EQUITY,True,
szse_listing_register.csv,301565.SZ,A_SHARE_COMMON_EQUITY,True,
szse_listing_register.csv,301566.SZ,A_SHARE_COMMON_EQUITY,True,
szse_listing_register.csv,301567.SZ,A_SHARE_COMMON_EQUITY,True,
szse_listing_register.csv,301568.SZ,A_SHARE_COMMON_EQUITY,True,
szse_listing_register.csv,301571.SZ,A_SHARE_COMMON_EQUITY,True,
szse_listing_register.csv,301575.SZ,A_SHARE_COMMON_EQUITY,True,
szse_listing_register.csv,301577.SZ,A_SHARE_COMMON_EQUITY,True,
szse_listing_register.csv,301578.SZ,A_SHARE_COMMON_EQUITY,True,
szse_listing_register.csv,301580.SZ,A_SHARE_COMMON_EQUITY,True,
szse_listing_register.csv,301581.SZ,A_SHARE_COMMON_EQUITY,True,
szse_listing_register.csv,301583.SZ,A_SHARE_COMMON_EQUITY,True,
szse_listing_register.csv,301584.SZ,A_SHARE_COMMON_EQUITY,True,
szse_listing_register.csv,301585.SZ,A_SHARE_COMMON_EQUITY,True,
szse_listing_register.csv,301586.SZ,A_SHARE_COMMON_EQUITY,True,
szse_listing_register.csv,301587.SZ,A_SHARE_COMMON_EQUITY,True,
szse_listing_register.csv,301588.SZ,A_SHARE_COMMON_EQUITY,True,
szse_listing_register.csv,301589.SZ,A_SHARE_COMMON_EQUITY,True,
szse_listing_register.csv,301590.SZ,A_SHARE_COMMON_EQUITY,True,
szse_listing_register.csv,301591.SZ,A_SHARE_COMMON_EQUITY,True,
szse_listing_register.csv,301592.SZ,A_SHARE_COMMON_EQUITY,True,
szse_listing_register.csv,301595.SZ,A_SHARE_COMMON_EQUITY,True,
szse_listing_register.csv,301596.SZ,A_SHARE_COMMON_EQUITY,True,
szse_listing_register.csv,301598.SZ,A_SHARE_COMMON_EQUITY,True,
szse_listing_register.csv,301599.SZ,A_SHARE_COMMON_EQUITY,True,
szse_listing_register.csv,301600.SZ,A_SHARE_COMMON_EQUITY,True,
szse_listing_register.csv,301601.SZ,A_SHARE_COMMON_EQUITY,True,
szse_listing_register.csv,301602.SZ,A_SHARE_COMMON_EQUITY,True,
szse_listing_register.csv,301603.SZ,A_SHARE_COMMON_EQUITY,True,
szse_listing_register.csv,301606.SZ,A_SHARE_COMMON_EQUITY,True,
szse_listing_register.csv,301607.SZ,A_SHARE_COMMON_EQUITY,True,
szse_listing_register.csv,301608.SZ,A_SHARE_COMMON_EQUITY,True,
szse_listing_register.csv,301609.SZ,A_SHARE_COMMON_EQUITY,True,
szse_listing_register.csv,301611.SZ,A_SHARE_COMMON_EQUITY,True,
szse_listing_register.csv,301613.SZ,A_SHARE_COMMON_EQUITY,True,
szse_listing_register.csv,301616.SZ,A_SHARE_COMMON_EQUITY,True,
szse_listing_register.csv,301617.SZ,A_SHARE_COMMON_EQUITY,True,
szse_listing_register.csv,301618.SZ,A_SHARE_COMMON_EQUITY,True,
szse_listing_register.csv,301622.SZ,A_SHARE_COMMON_EQUITY,True,
szse_listing_register.csv,301626.SZ,A_SHARE_COMMON_EQUITY,True,
szse_listing_register.csv,301628.SZ,A_SHARE_COMMON_EQUITY,True,
szse_listing_register.csv,301629.SZ,A_SHARE_COMMON_EQUITY,True,
szse_listing_register.csv,301630.SZ,A_SHARE_COMMON_EQUITY,True,
szse_listing_register.csv,301631.SZ,A_SHARE_COMMON_EQUITY,True,
szse_listing_register.csv,301632.SZ,A_SHARE_COMMON_EQUITY,True,
szse_listing_register.csv,301633.SZ,A_SHARE_COMMON_EQUITY,True,
szse_listing_register.csv,301636.SZ,A_SHARE_COMMON_EQUITY,True,
szse_listing_register.csv,301638.SZ,A_SHARE_COMMON_EQUITY,True,
szse_listing_register.csv,301655.SZ,A_SHARE_COMMON_EQUITY,True,
szse_listing_register.csv,301656.SZ,A_SHARE_COMMON_EQUITY,True,
szse_listing_register.csv,301658.SZ,A_SHARE_COMMON_EQUITY,True,
szse_listing_register.csv,301662.SZ,A_SHARE_COMMON_EQUITY,True,
szse_listing_register.csv,301665.SZ,A_SHARE_COMMON_EQUITY,True,
szse_listing_register.csv,301666.SZ,A_SHARE_COMMON_EQUITY,True,
szse_listing_register.csv,301667.SZ,A_SHARE_COMMON_EQUITY,True,
szse_listing_register.csv,301668.SZ,A_SHARE_COMMON_EQUITY,True,
szse_listing_register.csv,301669.SZ,A_SHARE_COMMON_EQUITY,True,
szse_listing_register.csv,301677.SZ,A_SHARE_COMMON_EQUITY,True,
szse_listing_register.csv,301678.SZ,A_SHARE_COMMON_EQUITY,True,
szse_listing_register.csv,301680.SZ,A_SHARE_COMMON_EQUITY,True,
szse_listing_register.csv,301682.SZ,A_SHARE_COMMON_EQUITY,True,
szse_listing_register.csv,301683.SZ,A_SHARE_COMMON_EQUITY,True,
szse_listing_register.csv,301686.SZ,A_SHARE_COMMON_EQUITY,True,
szse_listing_register.csv,301687.SZ,A_SHARE_COMMON_EQUITY,True,
szse_listing_register.csv,301688.SZ,A_SHARE_COMMON_EQUITY,True,
szse_listing_register.csv,301689.SZ,A_SHARE_COMMON_EQUITY,True,
szse_listing_register.csv,301696.SZ,A_SHARE_COMMON_EQUITY,True,
szse_listing_register.csv,301697.SZ,A_SHARE_COMMON_EQUITY,True,
szse_listing_register.csv,301699.SZ,A_SHARE_COMMON_EQUITY,True,
szse_listing_register.csv,301707.SZ,A_SHARE_COMMON_EQUITY,True,
szse_listing_register.csv,301716.SZ,A_SHARE_COMMON_EQUITY,True,
szse_listing_register.csv,301717.SZ,A_SHARE_COMMON_EQUITY,True,
szse_listing_register.csv,302132.SZ,OTHER_SECURITY,False,Security code/share class is outside the configured A_SHARE_COMMON_EQUITY universe
bse_listing_register.csv,920000.BJ,A_SHARE_COMMON_EQUITY,True,
bse_listing_register.csv,920001.BJ,A_SHARE_COMMON_EQUITY,True,
bse_listing_register.csv,920002.BJ,A_SHARE_COMMON_EQUITY,True,
bse_listing_register.csv,920003.BJ,A_SHARE_COMMON_EQUITY,True,
bse_listing_register.csv,920005.BJ,A_SHARE_COMMON_EQUITY,True,
bse_listing_register.csv,920006.BJ,A_SHARE_COMMON_EQUITY,True,
bse_listing_register.csv,920007.BJ,A_SHARE_COMMON_EQUITY,True,
bse_listing_register.csv,920008.BJ,A_SHARE_COMMON_EQUITY,True,
bse_listing_register.csv,920009.BJ,A_SHARE_COMMON_EQUITY,True,
bse_listing_register.csv,920010.BJ,A_SHARE_COMMON_EQUITY,True,
bse_listing_register.csv,920011.BJ,A_SHARE_COMMON_EQUITY,True,
bse_listing_register.csv,920012.BJ,A_SHARE_COMMON_EQUITY,True,
bse_listing_register.csv,920014.BJ,A_SHARE_COMMON_EQUITY,True,
bse_listing_register.csv,920015.BJ,A_SHARE_COMMON_EQUITY,True,
bse_listing_register.csv,920016.BJ,A_SHARE_COMMON_EQUITY,True,
bse_listing_register.csv,920017.BJ,A_SHARE_COMMON_EQUITY,True,
bse_listing_register.csv,920018.BJ,A_SHARE_COMMON_EQUITY,True,
bse_listing_register.csv,920019.BJ,A_SHARE_COMMON_EQUITY,True,
bse_listing_register.csv,920020.BJ,A_SHARE_COMMON_EQUITY,True,
bse_listing_register.csv,920021.BJ,A_SHARE_COMMON_EQUITY,True,
bse_listing_register.csv,920022.BJ,A_SHARE_COMMON_EQUITY,True,
bse_listing_register.csv,920023.BJ,A_SHARE_COMMON_EQUITY,True,
bse_listing_register.csv,920025.BJ,A_SHARE_COMMON_EQUITY,True,
bse_listing_register.csv,920026.BJ,A_SHARE_COMMON_EQUITY,True,
bse_listing_register.csv,920027.BJ,A_SHARE_COMMON_EQUITY,True,
bse_listing_register.csv,920028.BJ,A_SHARE_COMMON_EQUITY,True,
bse_listing_register.csv,920029.BJ,A_SHARE_COMMON_EQUITY,True,
bse_listing_register.csv,920030.BJ,A_SHARE_COMMON_EQUITY,True,
bse_listing_register.csv,920033.BJ,A_SHARE_COMMON_EQUITY,True,
bse_listing_register.csv,920035.BJ,A_SHARE_COMMON_EQUITY,True,
bse_listing_register.csv,920036.BJ,A_SHARE_COMMON_EQUITY,True,
bse_listing_register.csv,920037.BJ,A_SHARE_COMMON_EQUITY,True,
bse_listing_register.csv,920038.BJ,A_SHARE_COMMON_EQUITY,True,
bse_listing_register.csv,920039.BJ,A_SHARE_COMMON_EQUITY,True,
bse_listing_register.csv,920045.BJ,A_SHARE_COMMON_EQUITY,True,
bse_listing_register.csv,920046.BJ,A_SHARE_COMMON_EQUITY,True,
bse_listing_register.csv,920047.BJ,A_SHARE_COMMON_EQUITY,True,
bse_listing_register.csv,920050.BJ,A_SHARE_COMMON_EQUITY,True,
bse_listing_register.csv,920055.BJ,A_SHARE_COMMON_EQUITY,True,
bse_listing_register.csv,920056.BJ,A_SHARE_COMMON_EQUITY,True,
bse_listing_register.csv,920057.BJ,A_SHARE_COMMON_EQUITY,True,
bse_listing_register.csv,920058.BJ,A_SHARE_COMMON_EQUITY,True,
bse_listing_register.csv,920059.BJ,A_SHARE_COMMON_EQUITY,True,
bse_listing_register.csv,920060.BJ,A_SHARE_COMMON_EQUITY,True,
bse_listing_register.csv,920061.BJ,A_SHARE_COMMON_EQUITY,True,
bse_listing_register.csv,920062.BJ,A_SHARE_COMMON_EQUITY,True,
bse_listing_register.csv,920065.BJ,A_SHARE_COMMON_EQUITY,True,
bse_listing_register.csv,920066.BJ,A_SHARE_COMMON_EQUITY,True,
bse_listing_register.csv,920068.BJ,A_SHARE_COMMON_EQUITY,True,
bse_listing_register.csv,920069.BJ,A_SHARE_COMMON_EQUITY,True,
bse_listing_register.csv,920071.BJ,A_SHARE_COMMON_EQUITY,True,
bse_listing_register.csv,920072.BJ,A_SHARE_COMMON_EQUITY,True,
bse_listing_register.csv,920075.BJ,A_SHARE_COMMON_EQUITY,True,
bse_listing_register.csv,920076.BJ,A_SHARE_COMMON_EQUITY,True,
bse_listing_register.csv,920077.BJ,A_SHARE_COMMON_EQUITY,True,
bse_listing_register.csv,920078.BJ,A_SHARE_COMMON_EQUITY,True,
bse_listing_register.csv,920079.BJ,A_SHARE_COMMON_EQUITY,True,
bse_listing_register.csv,920080.BJ,A_SHARE_COMMON_EQUITY,True,
bse_listing_register.csv,920081.BJ,A_SHARE_COMMON_EQUITY,True,
bse_listing_register.csv,920082.BJ,A_SHARE_COMMON_EQUITY,True,
bse_listing_register.csv,920083.BJ,A_SHARE_COMMON_EQUITY,True,
bse_listing_register.csv,920086.BJ,A_SHARE_COMMON_EQUITY,True,
bse_listing_register.csv,920087.BJ,A_SHARE_COMMON_EQUITY,True,
bse_listing_register.csv,920088.BJ,A_SHARE_COMMON_EQUITY,True,
bse_listing_register.csv,920089.BJ,A_SHARE_COMMON_EQUITY,True,
bse_listing_register.csv,920090.BJ,A_SHARE_COMMON_EQUITY,True,
bse_listing_register.csv,920091.BJ,A_SHARE_COMMON_EQUITY,True,
bse_listing_register.csv,920092.BJ,A_SHARE_COMMON_EQUITY,True,
bse_listing_register.csv,920093.BJ,A_SHARE_COMMON_EQUITY,True,
bse_listing_register.csv,920096.BJ,A_SHARE_COMMON_EQUITY,True,
bse_listing_register.csv,920098.BJ,A_SHARE_COMMON_EQUITY,True,
bse_listing_register.csv,920099.BJ,A_SHARE_COMMON_EQUITY,True,
bse_listing_register.csv,920100.BJ,A_SHARE_COMMON_EQUITY,True,
bse_listing_register.csv,920101.BJ,A_SHARE_COMMON_EQUITY,True,
bse_listing_register.csv,920106.BJ,A_SHARE_COMMON_EQUITY,True,
bse_listing_register.csv,920107.BJ,A_SHARE_COMMON_EQUITY,True,
bse_listing_register.csv,920108.BJ,A_SHARE_COMMON_EQUITY,True,
bse_listing_register.csv,920110.BJ,A_SHARE_COMMON_EQUITY,True,
bse_listing_register.csv,920111.BJ,A_SHARE_COMMON_EQUITY,True,
bse_listing_register.csv,920112.BJ,A_SHARE_COMMON_EQUITY,True,
bse_listing_register.csv,920116.BJ,A_SHARE_COMMON_EQUITY,True,
bse_listing_register.csv,920117.BJ,A_SHARE_COMMON_EQUITY,True,
bse_listing_register.csv,920118.BJ,A_SHARE_COMMON_EQUITY,True,
bse_listing_register.csv,920119.BJ,A_SHARE_COMMON_EQUITY,True,
bse_listing_register.csv,920121.BJ,A_SHARE_COMMON_EQUITY,True,
bse_listing_register.csv,920122.BJ,A_SHARE_COMMON_EQUITY,True,
bse_listing_register.csv,920123.BJ,A_SHARE_COMMON_EQUITY,True,
bse_listing_register.csv,920124.BJ,A_SHARE_COMMON_EQUITY,True,
bse_listing_register.csv,920125.BJ,A_SHARE_COMMON_EQUITY,True,
bse_listing_register.csv,920126.BJ,A_SHARE_COMMON_EQUITY,True,
bse_listing_register.csv,920128.BJ,A_SHARE_COMMON_EQUITY,True,
bse_listing_register.csv,920130.BJ,A_SHARE_COMMON_EQUITY,True,
bse_listing_register.csv,920132.BJ,A_SHARE_COMMON_EQUITY,True,
bse_listing_register.csv,920136.BJ,A_SHARE_COMMON_EQUITY,True,
bse_listing_register.csv,920138.BJ,A_SHARE_COMMON_EQUITY,True,
bse_listing_register.csv,920139.BJ,A_SHARE_COMMON_EQUITY,True,
bse_listing_register.csv,920145.BJ,A_SHARE_COMMON_EQUITY,True,
bse_listing_register.csv,920146.BJ,A_SHARE_COMMON_EQUITY,True,
bse_listing_register.csv,920149.BJ,A_SHARE_COMMON_EQUITY,True,
bse_listing_register.csv,920152.BJ,A_SHARE_COMMON_EQUITY,True,
bse_listing_register.csv,920156.BJ,A_SHARE_COMMON_EQUITY,True,
bse_listing_register.csv,920158.BJ,A_SHARE_COMMON_EQUITY,True,
bse_listing_register.csv,920159.BJ,A_SHARE_COMMON_EQUITY,True,
bse_listing_register.csv,920160.BJ,A_SHARE_COMMON_EQUITY,True,
bse_listing_register.csv,920161.BJ,A_SHARE_COMMON_EQUITY,True,
bse_listing_register.csv,920163.BJ,A_SHARE_COMMON_EQUITY,True,
bse_listing_register.csv,920165.BJ,A_SHARE_COMMON_EQUITY,True,
bse_listing_register.csv,920166.BJ,A_SHARE_COMMON_EQUITY,True,
bse_listing_register.csv,920167.BJ,A_SHARE_COMMON_EQUITY,True,
bse_listing_register.csv,920168.BJ,A_SHARE_COMMON_EQUITY,True,
bse_listing_register.csv,920169.BJ,A_SHARE_COMMON_EQUITY,True,
bse_listing_register.csv,920171.BJ,A_SHARE_COMMON_EQUITY,True,
bse_listing_register.csv,920174.BJ,A_SHARE_COMMON_EQUITY,True,
bse_listing_register.csv,920175.BJ,A_SHARE_COMMON_EQUITY,True,
bse_listing_register.csv,920176.BJ,A_SHARE_COMMON_EQUITY,True,
bse_listing_register.csv,920177.BJ,A_SHARE_COMMON_EQUITY,True,
bse_listing_register.csv,920178.BJ,A_SHARE_COMMON_EQUITY,True,
bse_listing_register.csv,920179.BJ,A_SHARE_COMMON_EQUITY,True,
bse_listing_register.csv,920180.BJ,A_SHARE_COMMON_EQUITY,True,
bse_listing_register.csv,920181.BJ,A_SHARE_COMMON_EQUITY,True,
bse_listing_register.csv,920183.BJ,A_SHARE_COMMON_EQUITY,True,
bse_listing_register.csv,920184.BJ,A_SHARE_COMMON_EQUITY,True,
bse_listing_register.csv,920185.BJ,A_SHARE_COMMON_EQUITY,True,
bse_listing_register.csv,920186.BJ,A_SHARE_COMMON_EQUITY,True,
bse_listing_register.csv,920187.BJ,A_SHARE_COMMON_EQUITY,True,
bse_listing_register.csv,920188.BJ,A_SHARE_COMMON_EQUITY,True,
bse_listing_register.csv,920189.BJ,A_SHARE_COMMON_EQUITY,True,
bse_listing_register.csv,920190.BJ,A_SHARE_COMMON_EQUITY,True,
bse_listing_register.csv,920191.BJ,A_SHARE_COMMON_EQUITY,True,
bse_listing_register.csv,920193.BJ,A_SHARE_COMMON_EQUITY,True,
bse_listing_register.csv,920195.BJ,A_SHARE_COMMON_EQUITY,True,
bse_listing_register.csv,920198.BJ,A_SHARE_COMMON_EQUITY,True,
bse_listing_register.csv,920199.BJ,A_SHARE_COMMON_EQUITY,True,
bse_listing_register.csv,920200.BJ,A_SHARE_COMMON_EQUITY,True,
bse_listing_register.csv,920201.BJ,A_SHARE_COMMON_EQUITY,True,
bse_listing_register.csv,920202.BJ,A_SHARE_COMMON_EQUITY,True,
bse_listing_register.csv,920204.BJ,A_SHARE_COMMON_EQUITY,True,
bse_listing_register.csv,920206.BJ,A_SHARE_COMMON_EQUITY,True,
bse_listing_register.csv,920207.BJ,A_SHARE_COMMON_EQUITY,True,
bse_listing_register.csv,920208.BJ,A_SHARE_COMMON_EQUITY,True,
bse_listing_register.csv,920211.BJ,A_SHARE_COMMON_EQUITY,True,
bse_listing_register.csv,920212.BJ,A_SHARE_COMMON_EQUITY,True,
bse_listing_register.csv,920218.BJ,A_SHARE_COMMON_EQUITY,True,
bse_listing_register.csv,920220.BJ,A_SHARE_COMMON_EQUITY,True,
bse_listing_register.csv,920221.BJ,A_SHARE_COMMON_EQUITY,True,
bse_listing_register.csv,920222.BJ,A_SHARE_COMMON_EQUITY,True,
bse_listing_register.csv,920223.BJ,A_SHARE_COMMON_EQUITY,True,
bse_listing_register.csv,920225.BJ,A_SHARE_COMMON_EQUITY,True,
bse_listing_register.csv,920227.BJ,A_SHARE_COMMON_EQUITY,True,
bse_listing_register.csv,920229.BJ,A_SHARE_COMMON_EQUITY,True,
bse_listing_register.csv,920230.BJ,A_SHARE_COMMON_EQUITY,True,
bse_listing_register.csv,920237.BJ,A_SHARE_COMMON_EQUITY,True,
bse_listing_register.csv,920238.BJ,A_SHARE_COMMON_EQUITY,True,
bse_listing_register.csv,920239.BJ,A_SHARE_COMMON_EQUITY,True,
bse_listing_register.csv,920242.BJ,A_SHARE_COMMON_EQUITY,True,
bse_listing_register.csv,920245.BJ,A_SHARE_COMMON_EQUITY,True,
bse_listing_register.csv,920247.BJ,A_SHARE_COMMON_EQUITY,True,
bse_listing_register.csv,920249.BJ,A_SHARE_COMMON_EQUITY,True,
bse_listing_register.csv,920252.BJ,A_SHARE_COMMON_EQUITY,True,
bse_listing_register.csv,920258.BJ,A_SHARE_COMMON_EQUITY,True,
bse_listing_register.csv,920260.BJ,A_SHARE_COMMON_EQUITY,True,
bse_listing_register.csv,920261.BJ,A_SHARE_COMMON_EQUITY,True,
bse_listing_register.csv,920262.BJ,A_SHARE_COMMON_EQUITY,True,
bse_listing_register.csv,920263.BJ,A_SHARE_COMMON_EQUITY,True,
bse_listing_register.csv,920266.BJ,A_SHARE_COMMON_EQUITY,True,
bse_listing_register.csv,920267.BJ,A_SHARE_COMMON_EQUITY,True,
bse_listing_register.csv,920268.BJ,A_SHARE_COMMON_EQUITY,True,
bse_listing_register.csv,920269.BJ,A_SHARE_COMMON_EQUITY,True,
bse_listing_register.csv,920270.BJ,A_SHARE_COMMON_EQUITY,True,
bse_listing_register.csv,920271.BJ,A_SHARE_COMMON_EQUITY,True,
bse_listing_register.csv,920273.BJ,A_SHARE_COMMON_EQUITY,True,
bse_listing_register.csv,920274.BJ,A_SHARE_COMMON_EQUITY,True,
bse_listing_register.csv,920275.BJ,A_SHARE_COMMON_EQUITY,True,
bse_listing_register.csv,920278.BJ,A_SHARE_COMMON_EQUITY,True,
bse_listing_register.csv,920284.BJ,A_SHARE_COMMON_EQUITY,True,
bse_listing_register.csv,920288.BJ,A_SHARE_COMMON_EQUITY,True,
bse_listing_register.csv,920289.BJ,A_SHARE_COMMON_EQUITY,True,
bse_listing_register.csv,920298.BJ,A_SHARE_COMMON_EQUITY,True,
bse_listing_register.csv,920299.BJ,A_SHARE_COMMON_EQUITY,True,
bse_listing_register.csv,920300.BJ,A_SHARE_COMMON_EQUITY,True,
bse_listing_register.csv,920304.BJ,A_SHARE_COMMON_EQUITY,True,
bse_listing_register.csv,920339.BJ,A_SHARE_COMMON_EQUITY,True,
bse_listing_register.csv,920344.BJ,A_SHARE_COMMON_EQUITY,True,
bse_listing_register.csv,920346.BJ,A_SHARE_COMMON_EQUITY,True,
bse_listing_register.csv,920351.BJ,A_SHARE_COMMON_EQUITY,True,
bse_listing_register.csv,920357.BJ,A_SHARE_COMMON_EQUITY,True,
bse_listing_register.csv,920363.BJ,A_SHARE_COMMON_EQUITY,True,
bse_listing_register.csv,920367.BJ,A_SHARE_COMMON_EQUITY,True,
bse_listing_register.csv,920368.BJ,A_SHARE_COMMON_EQUITY,True,
bse_listing_register.csv,920370.BJ,A_SHARE_COMMON_EQUITY,True,
bse_listing_register.csv,920371.BJ,A_SHARE_COMMON_EQUITY,True,
bse_listing_register.csv,920374.BJ,A_SHARE_COMMON_EQUITY,True,
bse_listing_register.csv,920375.BJ,A_SHARE_COMMON_EQUITY,True,
bse_listing_register.csv,920378.BJ,A_SHARE_COMMON_EQUITY,True,
bse_listing_register.csv,920392.BJ,A_SHARE_COMMON_EQUITY,True,
bse_listing_register.csv,920394.BJ,A_SHARE_COMMON_EQUITY,True,
bse_listing_register.csv,920395.BJ,A_SHARE_COMMON_EQUITY,True,
bse_listing_register.csv,920396.BJ,A_SHARE_COMMON_EQUITY,True,
bse_listing_register.csv,920402.BJ,A_SHARE_COMMON_EQUITY,True,
bse_listing_register.csv,920403.BJ,A_SHARE_COMMON_EQUITY,True,
bse_listing_register.csv,920405.BJ,A_SHARE_COMMON_EQUITY,True,
bse_listing_register.csv,920407.BJ,A_SHARE_COMMON_EQUITY,True,
bse_listing_register.csv,920414.BJ,A_SHARE_COMMON_EQUITY,True,
bse_listing_register.csv,920415.BJ,A_SHARE_COMMON_EQUITY,True,
bse_listing_register.csv,920418.BJ,A_SHARE_COMMON_EQUITY,True,
bse_listing_register.csv,920419.BJ,A_SHARE_COMMON_EQUITY,True,
bse_listing_register.csv,920422.BJ,A_SHARE_COMMON_EQUITY,True,
bse_listing_register.csv,920425.BJ,A_SHARE_COMMON_EQUITY,True,
bse_listing_register.csv,920427.BJ,A_SHARE_COMMON_EQUITY,True,
bse_listing_register.csv,920429.BJ,A_SHARE_COMMON_EQUITY,True,
bse_listing_register.csv,920433.BJ,A_SHARE_COMMON_EQUITY,True,
bse_listing_register.csv,920436.BJ,A_SHARE_COMMON_EQUITY,True,
bse_listing_register.csv,920438.BJ,A_SHARE_COMMON_EQUITY,True,
bse_listing_register.csv,920445.BJ,A_SHARE_COMMON_EQUITY,True,
bse_listing_register.csv,920454.BJ,A_SHARE_COMMON_EQUITY,True,
bse_listing_register.csv,920455.BJ,A_SHARE_COMMON_EQUITY,True,
bse_listing_register.csv,920469.BJ,A_SHARE_COMMON_EQUITY,True,
bse_listing_register.csv,920471.BJ,A_SHARE_COMMON_EQUITY,True,
bse_listing_register.csv,920475.BJ,A_SHARE_COMMON_EQUITY,True,
bse_listing_register.csv,920476.BJ,A_SHARE_COMMON_EQUITY,True,
bse_listing_register.csv,920478.BJ,A_SHARE_COMMON_EQUITY,True,
bse_listing_register.csv,920489.BJ,A_SHARE_COMMON_EQUITY,True,
bse_listing_register.csv,920491.BJ,A_SHARE_COMMON_EQUITY,True,
bse_listing_register.csv,920493.BJ,A_SHARE_COMMON_EQUITY,True,
bse_listing_register.csv,920496.BJ,A_SHARE_COMMON_EQUITY,True,
bse_listing_register.csv,920504.BJ,A_SHARE_COMMON_EQUITY,True,
bse_listing_register.csv,920505.BJ,A_SHARE_COMMON_EQUITY,True,
bse_listing_register.csv,920508.BJ,A_SHARE_COMMON_EQUITY,True,
bse_listing_register.csv,920509.BJ,A_SHARE_COMMON_EQUITY,True,
bse_listing_register.csv,920510.BJ,A_SHARE_COMMON_EQUITY,True,
bse_listing_register.csv,920519.BJ,A_SHARE_COMMON_EQUITY,True,
bse_listing_register.csv,920522.BJ,A_SHARE_COMMON_EQUITY,True,
bse_listing_register.csv,920523.BJ,A_SHARE_COMMON_EQUITY,True,
bse_listing_register.csv,920526.BJ,A_SHARE_COMMON_EQUITY,True,
bse_listing_register.csv,920527.BJ,A_SHARE_COMMON_EQUITY,True,
bse_listing_register.csv,920533.BJ,A_SHARE_COMMON_EQUITY,True,
bse_listing_register.csv,920541.BJ,A_SHARE_COMMON_EQUITY,True,
bse_listing_register.csv,920547.BJ,A_SHARE_COMMON_EQUITY,True,
bse_listing_register.csv,920553.BJ,A_SHARE_COMMON_EQUITY,True,
bse_listing_register.csv,920556.BJ,A_SHARE_COMMON_EQUITY,True,
bse_listing_register.csv,920564.BJ,A_SHARE_COMMON_EQUITY,True,
bse_listing_register.csv,920566.BJ,A_SHARE_COMMON_EQUITY,True,
bse_listing_register.csv,920570.BJ,A_SHARE_COMMON_EQUITY,True,
bse_listing_register.csv,920571.BJ,A_SHARE_COMMON_EQUITY,True,
bse_listing_register.csv,920575.BJ,A_SHARE_COMMON_EQUITY,True,
bse_listing_register.csv,920576.BJ,A_SHARE_COMMON_EQUITY,True,
bse_listing_register.csv,920578.BJ,A_SHARE_COMMON_EQUITY,True,
bse_listing_register.csv,920579.BJ,A_SHARE_COMMON_EQUITY,True,
bse_listing_register.csv,920580.BJ,A_SHARE_COMMON_EQUITY,True,
bse_listing_register.csv,920592.BJ,A_SHARE_COMMON_EQUITY,True,
bse_listing_register.csv,920593.BJ,A_SHARE_COMMON_EQUITY,True,
bse_listing_register.csv,920599.BJ,A_SHARE_COMMON_EQUITY,True,
bse_listing_register.csv,920608.BJ,A_SHARE_COMMON_EQUITY,True,
bse_listing_register.csv,920627.BJ,A_SHARE_COMMON_EQUITY,True,
bse_listing_register.csv,920634.BJ,A_SHARE_COMMON_EQUITY,True,
bse_listing_register.csv,920639.BJ,A_SHARE_COMMON_EQUITY,True,
bse_listing_register.csv,920640.BJ,A_SHARE_COMMON_EQUITY,True,
bse_listing_register.csv,920641.BJ,A_SHARE_COMMON_EQUITY,True,
bse_listing_register.csv,920642.BJ,A_SHARE_COMMON_EQUITY,True,
bse_listing_register.csv,920651.BJ,A_SHARE_COMMON_EQUITY,True,
bse_listing_register.csv,920656.BJ,A_SHARE_COMMON_EQUITY,True,
bse_listing_register.csv,920662.BJ,A_SHARE_COMMON_EQUITY,True,
bse_listing_register.csv,920663.BJ,A_SHARE_COMMON_EQUITY,True,
bse_listing_register.csv,920665.BJ,A_SHARE_COMMON_EQUITY,True,
bse_listing_register.csv,920670.BJ,A_SHARE_COMMON_EQUITY,True,
bse_listing_register.csv,920675.BJ,A_SHARE_COMMON_EQUITY,True,
bse_listing_register.csv,920679.BJ,A_SHARE_COMMON_EQUITY,True,
bse_listing_register.csv,920682.BJ,A_SHARE_COMMON_EQUITY,True,
bse_listing_register.csv,920685.BJ,A_SHARE_COMMON_EQUITY,True,
bse_listing_register.csv,920689.BJ,A_SHARE_COMMON_EQUITY,True,
bse_listing_register.csv,920690.BJ,A_SHARE_COMMON_EQUITY,True,
bse_listing_register.csv,920693.BJ,A_SHARE_COMMON_EQUITY,True,
bse_listing_register.csv,920694.BJ,A_SHARE_COMMON_EQUITY,True,
bse_listing_register.csv,920699.BJ,A_SHARE_COMMON_EQUITY,True,
bse_listing_register.csv,920701.BJ,A_SHARE_COMMON_EQUITY,True,
bse_listing_register.csv,920703.BJ,A_SHARE_COMMON_EQUITY,True,
bse_listing_register.csv,920706.BJ,A_SHARE_COMMON_EQUITY,True,
bse_listing_register.csv,920717.BJ,A_SHARE_COMMON_EQUITY,True,
bse_listing_register.csv,920718.BJ,A_SHARE_COMMON_EQUITY,True,
bse_listing_register.csv,920719.BJ,A_SHARE_COMMON_EQUITY,True,
bse_listing_register.csv,920720.BJ,A_SHARE_COMMON_EQUITY,True,
bse_listing_register.csv,920725.BJ,A_SHARE_COMMON_EQUITY,True,
bse_listing_register.csv,920726.BJ,A_SHARE_COMMON_EQUITY,True,
bse_listing_register.csv,920729.BJ,A_SHARE_COMMON_EQUITY,True,
bse_listing_register.csv,920735.BJ,A_SHARE_COMMON_EQUITY,True,
bse_listing_register.csv,920748.BJ,A_SHARE_COMMON_EQUITY,True,
bse_listing_register.csv,920751.BJ,A_SHARE_COMMON_EQUITY,True,
bse_listing_register.csv,920753.BJ,A_SHARE_COMMON_EQUITY,True,
bse_listing_register.csv,920765.BJ,A_SHARE_COMMON_EQUITY,True,
bse_listing_register.csv,920768.BJ,A_SHARE_COMMON_EQUITY,True,
bse_listing_register.csv,920770.BJ,A_SHARE_COMMON_EQUITY,True,
bse_listing_register.csv,920779.BJ,A_SHARE_COMMON_EQUITY,True,
bse_listing_register.csv,920781.BJ,A_SHARE_COMMON_EQUITY,True,
bse_listing_register.csv,920786.BJ,A_SHARE_COMMON_EQUITY,True,
bse_listing_register.csv,920790.BJ,A_SHARE_COMMON_EQUITY,True,
bse_listing_register.csv,920792.BJ,A_SHARE_COMMON_EQUITY,True,
bse_listing_register.csv,920799.BJ,A_SHARE_COMMON_EQUITY,True,
bse_listing_register.csv,920802.BJ,A_SHARE_COMMON_EQUITY,True,
bse_listing_register.csv,920806.BJ,A_SHARE_COMMON_EQUITY,True,
bse_listing_register.csv,920807.BJ,A_SHARE_COMMON_EQUITY,True,
bse_listing_register.csv,920808.BJ,A_SHARE_COMMON_EQUITY,True,
bse_listing_register.csv,920809.BJ,A_SHARE_COMMON_EQUITY,True,
bse_listing_register.csv,920810.BJ,A_SHARE_COMMON_EQUITY,True,
bse_listing_register.csv,920819.BJ,A_SHARE_COMMON_EQUITY,True,
bse_listing_register.csv,920821.BJ,A_SHARE_COMMON_EQUITY,True,
bse_listing_register.csv,920826.BJ,A_SHARE_COMMON_EQUITY,True,
bse_listing_register.csv,920832.BJ,A_SHARE_COMMON_EQUITY,True,
bse_listing_register.csv,920833.BJ,A_SHARE_COMMON_EQUITY,True,
bse_listing_register.csv,920834.BJ,A_SHARE_COMMON_EQUITY,True,
bse_listing_register.csv,920837.BJ,A_SHARE_COMMON_EQUITY,True,
bse_listing_register.csv,920839.BJ,A_SHARE_COMMON_EQUITY,True,
bse_listing_register.csv,920855.BJ,A_SHARE_COMMON_EQUITY,True,
bse_listing_register.csv,920856.BJ,A_SHARE_COMMON_EQUITY,True,
bse_listing_register.csv,920857.BJ,A_SHARE_COMMON_EQUITY,True,
bse_listing_register.csv,920866.BJ,A_SHARE_COMMON_EQUITY,True,
bse_listing_register.csv,920870.BJ,A_SHARE_COMMON_EQUITY,True,
bse_listing_register.csv,920871.BJ,A_SHARE_COMMON_EQUITY,True,
bse_listing_register.csv,920873.BJ,A_SHARE_COMMON_EQUITY,True,
bse_listing_register.csv,920876.BJ,A_SHARE_COMMON_EQUITY,True,
bse_listing_register.csv,920879.BJ,A_SHARE_COMMON_EQUITY,True,
bse_listing_register.csv,920885.BJ,A_SHARE_COMMON_EQUITY,True,
bse_listing_register.csv,920892.BJ,A_SHARE_COMMON_EQUITY,True,
bse_listing_register.csv,920895.BJ,A_SHARE_COMMON_EQUITY,True,
bse_listing_register.csv,920896.BJ,A_SHARE_COMMON_EQUITY,True,
bse_listing_register.csv,920906.BJ,A_SHARE_COMMON_EQUITY,True,
bse_listing_register.csv,920914.BJ,A_SHARE_COMMON_EQUITY,True,
bse_listing_register.csv,920924.BJ,A_SHARE_COMMON_EQUITY,True,
bse_listing_register.csv,920925.BJ,A_SHARE_COMMON_EQUITY,True,
bse_listing_register.csv,920926.BJ,A_SHARE_COMMON_EQUITY,True,
bse_listing_register.csv,920931.BJ,A_SHARE_COMMON_EQUITY,True,
bse_listing_register.csv,920932.BJ,A_SHARE_COMMON_EQUITY,True,
bse_listing_register.csv,920942.BJ,A_SHARE_COMMON_EQUITY,True,
bse_listing_register.csv,920943.BJ,A_SHARE_COMMON_EQUITY,True,
bse_listing_register.csv,920946.BJ,A_SHARE_COMMON_EQUITY,True,
bse_listing_register.csv,920950.BJ,A_SHARE_COMMON_EQUITY,True,
bse_listing_register.csv,920953.BJ,A_SHARE_COMMON_EQUITY,True,
bse_listing_register.csv,920957.BJ,A_SHARE_COMMON_EQUITY,True,
bse_listing_register.csv,920961.BJ,A_SHARE_COMMON_EQUITY,True,
bse_listing_register.csv,920964.BJ,A_SHARE_COMMON_EQUITY,True,
bse_listing_register.csv,920970.BJ,A_SHARE_COMMON_EQUITY,True,
bse_listing_register.csv,920971.BJ,A_SHARE_COMMON_EQUITY,True,
bse_listing_register.csv,920974.BJ,A_SHARE_COMMON_EQUITY,True,
bse_listing_register.csv,920976.BJ,A_SHARE_COMMON_EQUITY,True,
bse_listing_register.csv,920978.BJ,A_SHARE_COMMON_EQUITY,True,
bse_listing_register.csv,920981.BJ,A_SHARE_COMMON_EQUITY,True,
bse_listing_register.csv,920982.BJ,A_SHARE_COMMON_EQUITY,True,
bse_listing_register.csv,920985.BJ,A_SHARE_COMMON_EQUITY,True,
bse_listing_register.csv,920992.BJ,A_SHARE_COMMON_EQUITY,True,
sse_delisted_register.csv,600001.SH,A_SHARE_COMMON_EQUITY,True,
sse_delisted_register.csv,600002.SH,A_SHARE_COMMON_EQUITY,True,
sse_delisted_register.csv,600003.SH,A_SHARE_COMMON_EQUITY,True,
sse_delisted_register.csv,600005.SH,A_SHARE_COMMON_EQUITY,True,
sse_delisted_register.csv,600065.SH,A_SHARE_COMMON_EQUITY,True,
sse_delisted_register.csv,600068.SH,A_SHARE_COMMON_EQUITY,True,
sse_delisted_register.csv,600069.SH,A_SHARE_COMMON_EQUITY,True,
sse_delisted_register.csv,600070.SH,A_SHARE_COMMON_EQUITY,True,
sse_delisted_register.csv,600074.SH,A_SHARE_COMMON_EQUITY,True,
sse_delisted_register.csv,600077.SH,A_SHARE_COMMON_EQUITY,True,
sse_delisted_register.csv,600083.SH,A_SHARE_COMMON_EQUITY,True,
sse_delisted_register.csv,600086.SH,A_SHARE_COMMON_EQUITY,True,
sse_delisted_register.csv,600087.SH,A_SHARE_COMMON_EQUITY,True,
sse_delisted_register.csv,600090.SH,A_SHARE_COMMON_EQUITY,True,
sse_delisted_register.csv,600091.SH,A_SHARE_COMMON_EQUITY,True,
sse_delisted_register.csv,600092.SH,A_SHARE_COMMON_EQUITY,True,
sse_delisted_register.csv,600093.SH,A_SHARE_COMMON_EQUITY,True,
sse_delisted_register.csv,600102.SH,A_SHARE_COMMON_EQUITY,True,
sse_delisted_register.csv,600112.SH,A_SHARE_COMMON_EQUITY,True,
sse_delisted_register.csv,600122.SH,A_SHARE_COMMON_EQUITY,True,
sse_delisted_register.csv,600139.SH,A_SHARE_COMMON_EQUITY,True,
sse_delisted_register.csv,600145.SH,A_SHARE_COMMON_EQUITY,True,
sse_delisted_register.csv,600146.SH,A_SHARE_COMMON_EQUITY,True,
sse_delisted_register.csv,600175.SH,A_SHARE_COMMON_EQUITY,True,
sse_delisted_register.csv,600181.SH,A_SHARE_COMMON_EQUITY,True,
sse_delisted_register.csv,600190.SH,A_SHARE_COMMON_EQUITY,True,
sse_delisted_register.csv,600190.SH,A_SHARE_COMMON_EQUITY,True,
sse_delisted_register.csv,600193.SH,A_SHARE_COMMON_EQUITY,True,
sse_delisted_register.csv,600200.SH,A_SHARE_COMMON_EQUITY,True,
sse_delisted_register.csv,600205.SH,A_SHARE_COMMON_EQUITY,True,
sse_delisted_register.csv,600209.SH,A_SHARE_COMMON_EQUITY,True,
sse_delisted_register.csv,600213.SH,A_SHARE_COMMON_EQUITY,True,
sse_delisted_register.csv,600220.SH,A_SHARE_COMMON_EQUITY,True,
sse_delisted_register.csv,600225.SH,A_SHARE_COMMON_EQUITY,True,
sse_delisted_register.csv,600240.SH,A_SHARE_COMMON_EQUITY,True,
sse_delisted_register.csv,600242.SH,A_SHARE_COMMON_EQUITY,True,
sse_delisted_register.csv,600247.SH,A_SHARE_COMMON_EQUITY,True,
sse_delisted_register.csv,600253.SH,A_SHARE_COMMON_EQUITY,True,
sse_delisted_register.csv,600260.SH,A_SHARE_COMMON_EQUITY,True,
sse_delisted_register.csv,600263.SH,A_SHARE_COMMON_EQUITY,True,
sse_delisted_register.csv,600270.SH,A_SHARE_COMMON_EQUITY,True,
sse_delisted_register.csv,600275.SH,A_SHARE_COMMON_EQUITY,True,
sse_delisted_register.csv,600277.SH,A_SHARE_COMMON_EQUITY,True,
sse_delisted_register.csv,600286.SH,A_SHARE_COMMON_EQUITY,True,
sse_delisted_register.csv,600290.SH,A_SHARE_COMMON_EQUITY,True,
sse_delisted_register.csv,600291.SH,A_SHARE_COMMON_EQUITY,True,
sse_delisted_register.csv,600296.SH,A_SHARE_COMMON_EQUITY,True,
sse_delisted_register.csv,600297.SH,A_SHARE_COMMON_EQUITY,True,
sse_delisted_register.csv,600306.SH,A_SHARE_COMMON_EQUITY,True,
sse_delisted_register.csv,600311.SH,A_SHARE_COMMON_EQUITY,True,
sse_delisted_register.csv,600317.SH,A_SHARE_COMMON_EQUITY,True,
sse_delisted_register.csv,600321.SH,A_SHARE_COMMON_EQUITY,True,
sse_delisted_register.csv,600355.SH,A_SHARE_COMMON_EQUITY,True,
sse_delisted_register.csv,600357.SH,A_SHARE_COMMON_EQUITY,True,
sse_delisted_register.csv,600385.SH,A_SHARE_COMMON_EQUITY,True,
sse_delisted_register.csv,600387.SH,A_SHARE_COMMON_EQUITY,True,
sse_delisted_register.csv,600393.SH,A_SHARE_COMMON_EQUITY,True,
sse_delisted_register.csv,600401.SH,A_SHARE_COMMON_EQUITY,True,
sse_delisted_register.csv,600421.SH,A_SHARE_COMMON_EQUITY,True,
sse_delisted_register.csv,600432.SH,A_SHARE_COMMON_EQUITY,True,
sse_delisted_register.csv,600462.SH,A_SHARE_COMMON_EQUITY,True,
sse_delisted_register.csv,600466.SH,A_SHARE_COMMON_EQUITY,True,
sse_delisted_register.csv,600472.SH,A_SHARE_COMMON_EQUITY,True,
sse_delisted_register.csv,600485.SH,A_SHARE_COMMON_EQUITY,True,
sse_delisted_register.csv,600532.SH,A_SHARE_COMMON_EQUITY,True,
sse_delisted_register.csv,600553.SH,A_SHARE_COMMON_EQUITY,True,
sse_delisted_register.csv,600555.SH,A_SHARE_COMMON_EQUITY,True,
sse_delisted_register.csv,600555.SH,A_SHARE_COMMON_EQUITY,True,
sse_delisted_register.csv,600565.SH,A_SHARE_COMMON_EQUITY,True,
sse_delisted_register.csv,600591.SH,A_SHARE_COMMON_EQUITY,True,
sse_delisted_register.csv,600599.SH,A_SHARE_COMMON_EQUITY,True,
sse_delisted_register.csv,600607.SH,A_SHARE_COMMON_EQUITY,True,
sse_delisted_register.csv,600608.SH,A_SHARE_COMMON_EQUITY,True,
sse_delisted_register.csv,600614.SH,A_SHARE_COMMON_EQUITY,True,
sse_delisted_register.csv,600614.SH,A_SHARE_COMMON_EQUITY,True,
sse_delisted_register.csv,600625.SH,A_SHARE_COMMON_EQUITY,True,
sse_delisted_register.csv,600625.SH,A_SHARE_COMMON_EQUITY,True,
sse_delisted_register.csv,600627.SH,A_SHARE_COMMON_EQUITY,True,
sse_delisted_register.csv,600631.SH,A_SHARE_COMMON_EQUITY,True,
sse_delisted_register.csv,600632.SH,A_SHARE_COMMON_EQUITY,True,
sse_delisted_register.csv,600634.SH,A_SHARE_COMMON_EQUITY,True,
sse_delisted_register.csv,600636.SH,A_SHARE_COMMON_EQUITY,True,
sse_delisted_register.csv,600646.SH,A_SHARE_COMMON_EQUITY,True,
sse_delisted_register.csv,600647.SH,A_SHARE_COMMON_EQUITY,True,
sse_delisted_register.csv,600652.SH,A_SHARE_COMMON_EQUITY,True,
sse_delisted_register.csv,600656.SH,A_SHARE_COMMON_EQUITY,True,
sse_delisted_register.csv,600659.SH,A_SHARE_COMMON_EQUITY,True,
sse_delisted_register.csv,600669.SH,A_SHARE_COMMON_EQUITY,True,
sse_delisted_register.csv,600670.SH,A_SHARE_COMMON_EQUITY,True,
sse_delisted_register.csv,600672.SH,A_SHARE_COMMON_EQUITY,True,
sse_delisted_register.csv,600677.SH,A_SHARE_COMMON_EQUITY,True,
sse_delisted_register.csv,600680.SH,A_SHARE_COMMON_EQUITY,True,
sse_delisted_register.csv,600680.SH,A_SHARE_COMMON_EQUITY,True,
sse_delisted_register.csv,600687.SH,A_SHARE_COMMON_EQUITY,True,
sse_delisted_register.csv,600695.SH,A_SHARE_COMMON_EQUITY,True,
sse_delisted_register.csv,600695.SH,A_SHARE_COMMON_EQUITY,True,
sse_delisted_register.csv,600696.SH,A_SHARE_COMMON_EQUITY,True,
sse_delisted_register.csv,600700.SH,A_SHARE_COMMON_EQUITY,True,
sse_delisted_register.csv,600701.SH,A_SHARE_COMMON_EQUITY,True,
sse_delisted_register.csv,600705.SH,A_SHARE_COMMON_EQUITY,True,
sse_delisted_register.csv,600709.SH,A_SHARE_COMMON_EQUITY,True,
sse_delisted_register.csv,600723.SH,A_SHARE_COMMON_EQUITY,True,
sse_delisted_register.csv,600747.SH,A_SHARE_COMMON_EQUITY,True,
sse_delisted_register.csv,600752.SH,A_SHARE_COMMON_EQUITY,True,
sse_delisted_register.csv,600762.SH,A_SHARE_COMMON_EQUITY,True,
sse_delisted_register.csv,600766.SH,A_SHARE_COMMON_EQUITY,True,
sse_delisted_register.csv,600767.SH,A_SHARE_COMMON_EQUITY,True,
sse_delisted_register.csv,600772.SH,A_SHARE_COMMON_EQUITY,True,
sse_delisted_register.csv,600781.SH,A_SHARE_COMMON_EQUITY,True,
sse_delisted_register.csv,600786.SH,A_SHARE_COMMON_EQUITY,True,
sse_delisted_register.csv,600788.SH,A_SHARE_COMMON_EQUITY,True,
sse_delisted_register.csv,600799.SH,A_SHARE_COMMON_EQUITY,True,
sse_delisted_register.csv,600804.SH,A_SHARE_COMMON_EQUITY,True,
sse_delisted_register.csv,600806.SH,A_SHARE_COMMON_EQUITY,True,
sse_delisted_register.csv,600811.SH,A_SHARE_COMMON_EQUITY,True,
sse_delisted_register.csv,600813.SH,A_SHARE_COMMON_EQUITY,True,
sse_delisted_register.csv,600823.SH,A_SHARE_COMMON_EQUITY,True,
sse_delisted_register.csv,600832.SH,A_SHARE_COMMON_EQUITY,True,
sse_delisted_register.csv,600836.SH,A_SHARE_COMMON_EQUITY,True,
sse_delisted_register.csv,600837.SH,A_SHARE_COMMON_EQUITY,True,
sse_delisted_register.csv,600840.SH,A_SHARE_COMMON_EQUITY,True,
sse_delisted_register.csv,600842.SH,A_SHARE_COMMON_EQUITY,True,
sse_delisted_register.csv,600852.SH,A_SHARE_COMMON_EQUITY,True,
sse_delisted_register.csv,600856.SH,A_SHARE_COMMON_EQUITY,True,
sse_delisted_register.csv,600870.SH,A_SHARE_COMMON_EQUITY,True,
sse_delisted_register.csv,600878.SH,A_SHARE_COMMON_EQUITY,True,
sse_delisted_register.csv,600890.SH,A_SHARE_COMMON_EQUITY,True,
sse_delisted_register.csv,600891.SH,A_SHARE_COMMON_EQUITY,True,
sse_delisted_register.csv,600896.SH,A_SHARE_COMMON_EQUITY,True,
sse_delisted_register.csv,600898.SH,A_SHARE_COMMON_EQUITY,True,
sse_delisted_register.csv,600899.SH,A_SHARE_COMMON_EQUITY,True,
sse_delisted_register.csv,600978.SH,A_SHARE_COMMON_EQUITY,True,
sse_delisted_register.csv,600991.SH,A_SHARE_COMMON_EQUITY,True,
sse_delisted_register.csv,601028.SH,A_SHARE_COMMON_EQUITY,True,
sse_delisted_register.csv,601258.SH,A_SHARE_COMMON_EQUITY,True,
sse_delisted_register.csv,601268.SH,A_SHARE_COMMON_EQUITY,True,
sse_delisted_register.csv,601299.SH,A_SHARE_COMMON_EQUITY,True,
sse_delisted_register.csv,601558.SH,A_SHARE_COMMON_EQUITY,True,
sse_delisted_register.csv,601989.SH,A_SHARE_COMMON_EQUITY,True,
sse_delisted_register.csv,603003.SH,A_SHARE_COMMON_EQUITY,True,
sse_delisted_register.csv,603056.SH,A_SHARE_COMMON_EQUITY,True,
sse_delisted_register.csv,603133.SH,A_SHARE_COMMON_EQUITY,True,
sse_delisted_register.csv,603157.SH,A_SHARE_COMMON_EQUITY,True,
sse_delisted_register.csv,603388.SH,A_SHARE_COMMON_EQUITY,True,
sse_delisted_register.csv,603555.SH,A_SHARE_COMMON_EQUITY,True,
sse_delisted_register.csv,603603.SH,A_SHARE_COMMON_EQUITY,True,
sse_delisted_register.csv,603963.SH,A_SHARE_COMMON_EQUITY,True,
sse_delisted_register.csv,603996.SH,A_SHARE_COMMON_EQUITY,True,
sse_delisted_register.csv,605081.SH,A_SHARE_COMMON_EQUITY,True,
sse_delisted_register.csv,688086.SH,A_SHARE_COMMON_EQUITY,True,
sse_delisted_register.csv,688287.SH,A_SHARE_COMMON_EQUITY,True,
sse_delisted_register.csv,688555.SH,A_SHARE_COMMON_EQUITY,True,
sse_delisted_register.csv,900935.SH,B_SHARE,False,B shares are outside the A-share common-equity research universe
sse_delisted_register.csv,900949.SH,B_SHARE,False,B shares are outside the A-share common-equity research universe
sse_delisted_register.csv,900950.SH,B_SHARE,False,B shares are outside the A-share common-equity research universe
sse_delisted_register.csv,900951.SH,B_SHARE,False,B shares are outside the A-share common-equity research universe
sse_delisted_register.csv,900953.SH,B_SHARE,False,B shares are outside the A-share common-equity research universe
sse_delisted_register.csv,900956.SH,B_SHARE,False,B shares are outside the A-share common-equity research universe
sse_delisted_register.csv,900957.SH,B_SHARE,False,B shares are outside the A-share common-equity research universe
szse_delisted_register.csv,000003.SZ,A_SHARE_COMMON_EQUITY,True,
szse_delisted_register.csv,000004.SZ,A_SHARE_COMMON_EQUITY,True,
szse_delisted_register.csv,000005.SZ,A_SHARE_COMMON_EQUITY,True,
szse_delisted_register.csv,000013.SZ,A_SHARE_COMMON_EQUITY,True,
szse_delisted_register.csv,000015.SZ,A_SHARE_COMMON_EQUITY,True,
szse_delisted_register.csv,000018.SZ,A_SHARE_COMMON_EQUITY,True,
szse_delisted_register.csv,000023.SZ,A_SHARE_COMMON_EQUITY,True,
szse_delisted_register.csv,000024.SZ,A_SHARE_COMMON_EQUITY,True,
szse_delisted_register.csv,000033.SZ,A_SHARE_COMMON_EQUITY,True,
szse_delisted_register.csv,000038.SZ,A_SHARE_COMMON_EQUITY,True,
szse_delisted_register.csv,000040.SZ,A_SHARE_COMMON_EQUITY,True,
szse_delisted_register.csv,000046.SZ,A_SHARE_COMMON_EQUITY,True,
szse_delisted_register.csv,000047.SZ,A_SHARE_COMMON_EQUITY,True,
szse_delisted_register.csv,000150.SZ,A_SHARE_COMMON_EQUITY,True,
szse_delisted_register.csv,000405.SZ,A_SHARE_COMMON_EQUITY,True,
szse_delisted_register.csv,000406.SZ,A_SHARE_COMMON_EQUITY,True,
szse_delisted_register.csv,000412.SZ,A_SHARE_COMMON_EQUITY,True,
szse_delisted_register.csv,000413.SZ,A_SHARE_COMMON_EQUITY,True,
szse_delisted_register.csv,000416.SZ,A_SHARE_COMMON_EQUITY,True,
szse_delisted_register.csv,000418.SZ,A_SHARE_COMMON_EQUITY,True,
szse_delisted_register.csv,000502.SZ,A_SHARE_COMMON_EQUITY,True,
szse_delisted_register.csv,000508.SZ,A_SHARE_COMMON_EQUITY,True,
szse_delisted_register.csv,000511.SZ,A_SHARE_COMMON_EQUITY,True,
szse_delisted_register.csv,000515.SZ,A_SHARE_COMMON_EQUITY,True,
szse_delisted_register.csv,000522.SZ,A_SHARE_COMMON_EQUITY,True,
szse_delisted_register.csv,000527.SZ,A_SHARE_COMMON_EQUITY,True,
szse_delisted_register.csv,000535.SZ,A_SHARE_COMMON_EQUITY,True,
szse_delisted_register.csv,000540.SZ,A_SHARE_COMMON_EQUITY,True,
szse_delisted_register.csv,000542.SZ,A_SHARE_COMMON_EQUITY,True,
szse_delisted_register.csv,000549.SZ,A_SHARE_COMMON_EQUITY,True,
szse_delisted_register.csv,000556.SZ,A_SHARE_COMMON_EQUITY,True,
szse_delisted_register.csv,000562.SZ,A_SHARE_COMMON_EQUITY,True,
szse_delisted_register.csv,000569.SZ,A_SHARE_COMMON_EQUITY,True,
szse_delisted_register.csv,000578.SZ,A_SHARE_COMMON_EQUITY,True,
szse_delisted_register.csv,000583.SZ,A_SHARE_COMMON_EQUITY,True,
szse_delisted_register.csv,000584.SZ,A_SHARE_COMMON_EQUITY,True,
szse_delisted_register.csv,000585.SZ,A_SHARE_COMMON_EQUITY,True,
szse_delisted_register.csv,000587.SZ,A_SHARE_COMMON_EQUITY,True,
szse_delisted_register.csv,000588.SZ,A_SHARE_COMMON_EQUITY,True,
szse_delisted_register.csv,000594.SZ,A_SHARE_COMMON_EQUITY,True,
szse_delisted_register.csv,000602.SZ,A_SHARE_COMMON_EQUITY,True,
szse_delisted_register.csv,000606.SZ,A_SHARE_COMMON_EQUITY,True,
szse_delisted_register.csv,000611.SZ,A_SHARE_COMMON_EQUITY,True,
szse_delisted_register.csv,000613.SZ,A_SHARE_COMMON_EQUITY,True,
szse_delisted_register.csv,000616.SZ,A_SHARE_COMMON_EQUITY,True,
szse_delisted_register.csv,000618.SZ,A_SHARE_COMMON_EQUITY,True,
szse_delisted_register.csv,000621.SZ,A_SHARE_COMMON_EQUITY,True,
szse_delisted_register.csv,000622.SZ,A_SHARE_COMMON_EQUITY,True,
szse_delisted_register.csv,000627.SZ,A_SHARE_COMMON_EQUITY,True,
szse_delisted_register.csv,000638.SZ,A_SHARE_COMMON_EQUITY,True,
szse_delisted_register.csv,000653.SZ,A_SHARE_COMMON_EQUITY,True,
szse_delisted_register.csv,000658.SZ,A_SHARE_COMMON_EQUITY,True,
szse_delisted_register.csv,000660.SZ,A_SHARE_COMMON_EQUITY,True,
szse_delisted_register.csv,000662.SZ,A_SHARE_COMMON_EQUITY,True,
szse_delisted_register.csv,000666.SZ,A_SHARE_COMMON_EQUITY,True,
szse_delisted_register.csv,000667.SZ,A_SHARE_COMMON_EQUITY,True,
szse_delisted_register.csv,000671.SZ,A_SHARE_COMMON_EQUITY,True,
szse_delisted_register.csv,000673.SZ,A_SHARE_COMMON_EQUITY,True,
szse_delisted_register.csv,000675.SZ,A_SHARE_COMMON_EQUITY,True,
szse_delisted_register.csv,000687.SZ,A_SHARE_COMMON_EQUITY,True,
szse_delisted_register.csv,000689.SZ,A_SHARE_COMMON_EQUITY,True,
szse_delisted_register.csv,000693.SZ,A_SHARE_COMMON_EQUITY,True,
szse_delisted_register.csv,000699.SZ,A_SHARE_COMMON_EQUITY,True,
szse_delisted_register.csv,000730.SZ,A_SHARE_COMMON_EQUITY,True,
szse_delisted_register.csv,000732.SZ,A_SHARE_COMMON_EQUITY,True,
szse_delisted_register.csv,000748.SZ,A_SHARE_COMMON_EQUITY,True,
szse_delisted_register.csv,000760.SZ,A_SHARE_COMMON_EQUITY,True,
szse_delisted_register.csv,000763.SZ,A_SHARE_COMMON_EQUITY,True,
szse_delisted_register.csv,000765.SZ,A_SHARE_COMMON_EQUITY,True,
szse_delisted_register.csv,000769.SZ,A_SHARE_COMMON_EQUITY,True,
szse_delisted_register.csv,000780.SZ,A_SHARE_COMMON_EQUITY,True,
szse_delisted_register.csv,000787.SZ,A_SHARE_COMMON_EQUITY,True,
szse_delisted_register.csv,000805.SZ,A_SHARE_COMMON_EQUITY,True,
szse_delisted_register.csv,000806.SZ,A_SHARE_COMMON_EQUITY,True,
szse_delisted_register.csv,000817.SZ,A_SHARE_COMMON_EQUITY,True,
szse_delisted_register.csv,000827.SZ,A_SHARE_COMMON_EQUITY,True,
szse_delisted_register.csv,000832.SZ,A_SHARE_COMMON_EQUITY,True,
szse_delisted_register.csv,000835.SZ,A_SHARE_COMMON_EQUITY,True,
szse_delisted_register.csv,000836.SZ,A_SHARE_COMMON_EQUITY,True,
szse_delisted_register.csv,000851.SZ,A_SHARE_COMMON_EQUITY,True,
szse_delisted_register.csv,000861.SZ,A_SHARE_COMMON_EQUITY,True,
szse_delisted_register.csv,000866.SZ,A_SHARE_COMMON_EQUITY,True,
szse_delisted_register.csv,000916.SZ,A_SHARE_COMMON_EQUITY,True,
szse_delisted_register.csv,000918.SZ,A_SHARE_COMMON_EQUITY,True,
szse_delisted_register.csv,000939.SZ,A_SHARE_COMMON_EQUITY,True,
szse_delisted_register.csv,000956.SZ,A_SHARE_COMMON_EQUITY,True,
szse_delisted_register.csv,000961.SZ,A_SHARE_COMMON_EQUITY,True,
szse_delisted_register.csv,000971.SZ,A_SHARE_COMMON_EQUITY,True,
szse_delisted_register.csv,000976.SZ,A_SHARE_COMMON_EQUITY,True,
szse_delisted_register.csv,000979.SZ,A_SHARE_COMMON_EQUITY,True,
szse_delisted_register.csv,000982.SZ,A_SHARE_COMMON_EQUITY,True,
szse_delisted_register.csv,000996.SZ,A_SHARE_COMMON_EQUITY,True,
szse_delisted_register.csv,002002.SZ,A_SHARE_COMMON_EQUITY,True,
szse_delisted_register.csv,002013.SZ,A_SHARE_COMMON_EQUITY,True,
szse_delisted_register.csv,002018.SZ,A_SHARE_COMMON_EQUITY,True,
szse_delisted_register.csv,002070.SZ,A_SHARE_COMMON_EQUITY,True,
szse_delisted_register.csv,002071.SZ,A_SHARE_COMMON_EQUITY,True,
szse_delisted_register.csv,002087.SZ,A_SHARE_COMMON_EQUITY,True,
szse_delisted_register.csv,002089.SZ,A_SHARE_COMMON_EQUITY,True,
szse_delisted_register.csv,002113.SZ,A_SHARE_COMMON_EQUITY,True,
szse_delisted_register.csv,002118.SZ,A_SHARE_COMMON_EQUITY,True,
szse_delisted_register.csv,002143.SZ,A_SHARE_COMMON_EQUITY,True,
szse_delisted_register.csv,002147.SZ,A_SHARE_COMMON_EQUITY,True,
szse_delisted_register.csv,002220.SZ,A_SHARE_COMMON_EQUITY,True,
szse_delisted_register.csv,002231.SZ,A_SHARE_COMMON_EQUITY,True,
szse_delisted_register.csv,002260.SZ,A_SHARE_COMMON_EQUITY,True,
szse_delisted_register.csv,002280.SZ,A_SHARE_COMMON_EQUITY,True,
szse_delisted_register.csv,002288.SZ,A_SHARE_COMMON_EQUITY,True,
szse_delisted_register.csv,002308.SZ,A_SHARE_COMMON_EQUITY,True,
szse_delisted_register.csv,002325.SZ,A_SHARE_COMMON_EQUITY,True,
szse_delisted_register.csv,002336.SZ,A_SHARE_COMMON_EQUITY,True,
szse_delisted_register.csv,002341.SZ,A_SHARE_COMMON_EQUITY,True,
szse_delisted_register.csv,002359.SZ,A_SHARE_COMMON_EQUITY,True,
szse_delisted_register.csv,002411.SZ,A_SHARE_COMMON_EQUITY,True,
szse_delisted_register.csv,002417.SZ,A_SHARE_COMMON_EQUITY,True,
szse_delisted_register.csv,002433.SZ,A_SHARE_COMMON_EQUITY,True,
szse_delisted_register.csv,002435.SZ,A_SHARE_COMMON_EQUITY,True,
szse_delisted_register.csv,002447.SZ,A_SHARE_COMMON_EQUITY,True,
szse_delisted_register.csv,002450.SZ,A_SHARE_COMMON_EQUITY,True,
szse_delisted_register.csv,002464.SZ,A_SHARE_COMMON_EQUITY,True,
szse_delisted_register.csv,002473.SZ,A_SHARE_COMMON_EQUITY,True,
szse_delisted_register.csv,002477.SZ,A_SHARE_COMMON_EQUITY,True,
szse_delisted_register.csv,002499.SZ,A_SHARE_COMMON_EQUITY,True,
szse_delisted_register.csv,002502.SZ,A_SHARE_COMMON_EQUITY,True,
szse_delisted_register.csv,002503.SZ,A_SHARE_COMMON_EQUITY,True,
szse_delisted_register.csv,002504.SZ,A_SHARE_COMMON_EQUITY,True,
szse_delisted_register.csv,002505.SZ,A_SHARE_COMMON_EQUITY,True,
szse_delisted_register.csv,002509.SZ,A_SHARE_COMMON_EQUITY,True,
szse_delisted_register.csv,002604.SZ,A_SHARE_COMMON_EQUITY,True,
szse_delisted_register.csv,002610.SZ,A_SHARE_COMMON_EQUITY,True,
szse_delisted_register.csv,002618.SZ,A_SHARE_COMMON_EQUITY,True,
szse_delisted_register.csv,002619.SZ,A_SHARE_COMMON_EQUITY,True,
szse_delisted_register.csv,002621.SZ,A_SHARE_COMMON_EQUITY,True,
szse_delisted_register.csv,002665.SZ,A_SHARE_COMMON_EQUITY,True,
szse_delisted_register.csv,002680.SZ,A_SHARE_COMMON_EQUITY,True,
szse_delisted_register.csv,002684.SZ,A_SHARE_COMMON_EQUITY,True,
szse_delisted_register.csv,002699.SZ,A_SHARE_COMMON_EQUITY,True,
szse_delisted_register.csv,002711.SZ,A_SHARE_COMMON_EQUITY,True,
szse_delisted_register.csv,002740.SZ,A_SHARE_COMMON_EQUITY,True,
szse_delisted_register.csv,002750.SZ,A_SHARE_COMMON_EQUITY,True,
szse_delisted_register.csv,002751.SZ,A_SHARE_COMMON_EQUITY,True,
szse_delisted_register.csv,002770.SZ,A_SHARE_COMMON_EQUITY,True,
szse_delisted_register.csv,002776.SZ,A_SHARE_COMMON_EQUITY,True,
szse_delisted_register.csv,002781.SZ,A_SHARE_COMMON_EQUITY,True,
szse_delisted_register.csv,002808.SZ,A_SHARE_COMMON_EQUITY,True,
szse_delisted_register.csv,002898.SZ,A_SHARE_COMMON_EQUITY,True,
szse_delisted_register.csv,200002.SZ,B_SHARE,False,B shares are outside the A-share common-equity research universe
szse_delisted_register.csv,200003.SZ,B_SHARE,False,B shares are outside the A-share common-equity research universe
szse_delisted_register.csv,200013.SZ,B_SHARE,False,B shares are outside the A-share common-equity research universe
szse_delisted_register.csv,200015.SZ,B_SHARE,False,B shares are outside the A-share common-equity research universe
szse_delisted_register.csv,200018.SZ,B_SHARE,False,B shares are outside the A-share common-equity research universe
szse_delisted_register.csv,200024.SZ,B_SHARE,False,B shares are outside the A-share common-equity research universe
szse_delisted_register.csv,200039.SZ,B_SHARE,False,B shares are outside the A-share common-equity research universe
szse_delisted_register.csv,200041.SZ,B_SHARE,False,B shares are outside the A-share common-equity research universe
szse_delisted_register.csv,200053.SZ,B_SHARE,False,B shares are outside the A-share common-equity research universe
szse_delisted_register.csv,200054.SZ,B_SHARE,False,B shares are outside the A-share common-equity research universe
szse_delisted_register.csv,200057.SZ,B_SHARE,False,B shares are outside the A-share common-equity research universe
szse_delisted_register.csv,200152.SZ,B_SHARE,False,B shares are outside the A-share common-equity research universe
szse_delisted_register.csv,200160.SZ,B_SHARE,False,B shares are outside the A-share common-equity research universe
szse_delisted_register.csv,200168.SZ,B_SHARE,False,B shares are outside the A-share common-equity research universe
szse_delisted_register.csv,200413.SZ,B_SHARE,False,B shares are outside the A-share common-equity research universe
szse_delisted_register.csv,200418.SZ,B_SHARE,False,B shares are outside the A-share common-equity research universe
szse_delisted_register.csv,200513.SZ,B_SHARE,False,B shares are outside the A-share common-equity research universe
szse_delisted_register.csv,200613.SZ,B_SHARE,False,B shares are outside the A-share common-equity research universe
szse_delisted_register.csv,200770.SZ,B_SHARE,False,B shares are outside the A-share common-equity research universe
szse_delisted_register.csv,200771.SZ,B_SHARE,False,B shares are outside the A-share common-equity research universe
szse_delisted_register.csv,200986.SZ,B_SHARE,False,B shares are outside the A-share common-equity research universe
szse_delisted_register.csv,300023.SZ,A_SHARE_COMMON_EQUITY,True,
szse_delisted_register.csv,300028.SZ,A_SHARE_COMMON_EQUITY,True,
szse_delisted_register.csv,300029.SZ,A_SHARE_COMMON_EQUITY,True,
szse_delisted_register.csv,300038.SZ,A_SHARE_COMMON_EQUITY,True,
szse_delisted_register.csv,300064.SZ,A_SHARE_COMMON_EQUITY,True,
szse_delisted_register.csv,300089.SZ,A_SHARE_COMMON_EQUITY,True,
szse_delisted_register.csv,300090.SZ,A_SHARE_COMMON_EQUITY,True,
szse_delisted_register.csv,300104.SZ,A_SHARE_COMMON_EQUITY,True,
szse_delisted_register.csv,300108.SZ,A_SHARE_COMMON_EQUITY,True,
szse_delisted_register.csv,300116.SZ,A_SHARE_COMMON_EQUITY,True,
szse_delisted_register.csv,300117.SZ,A_SHARE_COMMON_EQUITY,True,
szse_delisted_register.csv,300156.SZ,A_SHARE_COMMON_EQUITY,True,
szse_delisted_register.csv,300178.SZ,A_SHARE_COMMON_EQUITY,True,
szse_delisted_register.csv,300186.SZ,A_SHARE_COMMON_EQUITY,True,
szse_delisted_register.csv,300202.SZ,A_SHARE_COMMON_EQUITY,True,
szse_delisted_register.csv,300208.SZ,A_SHARE_COMMON_EQUITY,True,
szse_delisted_register.csv,300216.SZ,A_SHARE_COMMON_EQUITY,True,
szse_delisted_register.csv,300262.SZ,A_SHARE_COMMON_EQUITY,True,
szse_delisted_register.csv,300273.SZ,A_SHARE_COMMON_EQUITY,True,
szse_delisted_register.csv,300280.SZ,A_SHARE_COMMON_EQUITY,True,
szse_delisted_register.csv,300282.SZ,A_SHARE_COMMON_EQUITY,True,
szse_delisted_register.csv,300297.SZ,A_SHARE_COMMON_EQUITY,True,
szse_delisted_register.csv,300309.SZ,A_SHARE_COMMON_EQUITY,True,
szse_delisted_register.csv,300312.SZ,A_SHARE_COMMON_EQUITY,True,
szse_delisted_register.csv,300325.SZ,A_SHARE_COMMON_EQUITY,True,
szse_delisted_register.csv,300330.SZ,A_SHARE_COMMON_EQUITY,True,
szse_delisted_register.csv,300336.SZ,A_SHARE_COMMON_EQUITY,True,
szse_delisted_register.csv,300344.SZ,A_SHARE_COMMON_EQUITY,True,
szse_delisted_register.csv,300356.SZ,A_SHARE_COMMON_EQUITY,True,
szse_delisted_register.csv,300362.SZ,A_SHARE_COMMON_EQUITY,True,
szse_delisted_register.csv,300367.SZ,A_SHARE_COMMON_EQUITY,True,
szse_delisted_register.csv,300372.SZ,A_SHARE_COMMON_EQUITY,True,
szse_delisted_register.csv,300379.SZ,A_SHARE_COMMON_EQUITY,True,
szse_delisted_register.csv,300391.SZ,A_SHARE_COMMON_EQUITY,True,
szse_delisted_register.csv,300392.SZ,A_SHARE_COMMON_EQUITY,True,
szse_delisted_register.csv,300431.SZ,A_SHARE_COMMON_EQUITY,True,
szse_delisted_register.csv,300495.SZ,A_SHARE_COMMON_EQUITY,True,
szse_delisted_register.csv,300526.SZ,A_SHARE_COMMON_EQUITY,True,
szse_delisted_register.csv,300630.SZ,A_SHARE_COMMON_EQUITY,True,
szse_delisted_register.csv,300742.SZ,A_SHARE_COMMON_EQUITY,True,
szse_delisted_register.csv,300799.SZ,A_SHARE_COMMON_EQUITY,True,
