symbol,name,board,old_listing_date,authentic_listing_date,authentic_delisting_date,source,audit_status
000001.SZ,平安银行,SZSE_MAIN,2024-09-06,1991-04-03,,SZSE_OFFICIAL_LISTING_REGISTER,AUTHENTIC_EXCHANGE_VERIFIED
000002.SZ,万 科Ａ,SZSE_MAIN,2023-01-13,1991-01-29,,SZSE_OFFICIAL_LISTING_REGISTER,AUTHENTIC_EXCHANGE_VERIFIED
000004.SZ,000004.SZ,SZSE_MAIN,2024-04-24,1990-12-01,2026-07-14,SZSE_OFFICIAL_DELISTED_REGISTER,AUTHENTIC_EXCHANGE_VERIFIED
000005.SZ,000005.SZ,SZSE_MAIN,2022-02-14,1990-12-10,2024-04-26,SZSE_OFFICIAL_DELISTED_REGISTER,AUTHENTIC_EXCHANGE_VERIFIED
000006.SZ,深振业Ａ,SZSE_MAIN,2024-09-06,1992-04-27,,SZSE_OFFICIAL_LISTING_REGISTER,AUTHENTIC_EXCHANGE_VERIFIED
000007.SZ,全新好,SZSE_MAIN,2024-09-06,1992-04-13,,SZSE_OFFICIAL_LISTING_REGISTER,AUTHENTIC_EXCHANGE_VERIFIED
000008.SZ,神州高铁,SZSE_MAIN,2024-08-30,1992-05-07,,SZSE_OFFICIAL_LISTING_REGISTER,AUTHENTIC_EXCHANGE_VERIFIED
000009.SZ,中国宝安,SZSE_MAIN,2024-09-06,1991-06-25,,SZSE_OFFICIAL_LISTING_REGISTER,AUTHENTIC_EXCHANGE_VERIFIED
000010.SZ,*ST美丽,SZSE_MAIN,2024-09-05,1995-10-27,,SZSE_OFFICIAL_LISTING_REGISTER,AUTHENTIC_EXCHANGE_VERIFIED
000011.SZ,深物业A,SZSE_MAIN,2024-09-06,1992-03-30,,SZSE_OFFICIAL_LISTING_REGISTER,AUTHENTIC_EXCHANGE_VERIFIED
000012.SZ,南 玻Ａ,SZSE_MAIN,2024-09-06,1992-02-28,,SZSE_OFFICIAL_LISTING_REGISTER,AUTHENTIC_EXCHANGE_VERIFIED
000014.SZ,沙河股份,SZSE_MAIN,2024-09-06,1992-06-02,,SZSE_OFFICIAL_LISTING_REGISTER,AUTHENTIC_EXCHANGE_VERIFIED
000015.SZ,000015.SZ,SZSE_MAIN,1998-06-19,1992-06-25,2001-10-25,SZSE_OFFICIAL_DELISTED_REGISTER,AUTHENTIC_EXCHANGE_VERIFIED
000016.SZ,*ST康佳A,SZSE_MAIN,2024-07-23,1992-03-27,2026-09-03,SZSE_OFFICIAL_LISTING_REGISTER,AUTHENTIC_EXCHANGE_VERIFIED
000017.SZ,深中华A,SZSE_MAIN,2024-09-06,1992-03-31,,SZSE_OFFICIAL_LISTING_REGISTER,AUTHENTIC_EXCHANGE_VERIFIED
000019.SZ,深粮控股,SZSE_MAIN,2024-09-06,1992-10-12,,SZSE_OFFICIAL_LISTING_REGISTER,AUTHENTIC_EXCHANGE_VERIFIED
000020.SZ,深华发Ａ,SZSE_MAIN,2024-09-06,1992-04-28,,SZSE_OFFICIAL_LISTING_REGISTER,AUTHENTIC_EXCHANGE_VERIFIED
000021.SZ,深科技,SZSE_MAIN,2024-09-06,1994-02-02,,SZSE_OFFICIAL_LISTING_REGISTER,AUTHENTIC_EXCHANGE_VERIFIED
000023.SZ,000023.SZ,SZSE_MAIN,2022-07-01,1993-04-29,2024-09-02,SZSE_OFFICIAL_DELISTED_REGISTER,AUTHENTIC_EXCHANGE_VERIFIED
000024.SZ,000024.SZ,SZSE_MAIN,2013-03-26,1993-06-07,2015-12-30,SZSE_OFFICIAL_DELISTED_REGISTER,AUTHENTIC_EXCHANGE_VERIFIED
000025.SZ,特 力Ａ,SZSE_MAIN,2024-09-06,1993-06-21,,SZSE_OFFICIAL_LISTING_REGISTER,AUTHENTIC_EXCHANGE_VERIFIED
000026.SZ,飞亚达,SZSE_MAIN,2024-09-06,1993-06-03,,SZSE_OFFICIAL_LISTING_REGISTER,AUTHENTIC_EXCHANGE_VERIFIED
000027.SZ,深圳能源,SZSE_MAIN,2024-09-06,1993-09-03,,SZSE_OFFICIAL_LISTING_REGISTER,AUTHENTIC_EXCHANGE_VERIFIED
000028.SZ,国药一致,SZSE_MAIN,2024-09-06,1993-08-09,,SZSE_OFFICIAL_LISTING_REGISTER,AUTHENTIC_EXCHANGE_VERIFIED
000029.SZ,深深房Ａ,SZSE_MAIN,2024-09-06,1993-09-15,,SZSE_OFFICIAL_LISTING_REGISTER,AUTHENTIC_EXCHANGE_VERIFIED
000030.SZ,富奥股份,SZSE_MAIN,2024-09-06,1993-09-29,,SZSE_OFFICIAL_LISTING_REGISTER,AUTHENTIC_EXCHANGE_VERIFIED
000031.SZ,大悦城,SZSE_MAIN,2024-09-06,1993-10-08,,SZSE_OFFICIAL_LISTING_REGISTER,AUTHENTIC_EXCHANGE_VERIFIED
000032.SZ,深桑达Ａ,SZSE_MAIN,2024-09-06,1993-10-28,,SZSE_OFFICIAL_LISTING_REGISTER,AUTHENTIC_EXCHANGE_VERIFIED
000034.SZ,神州数码,SZSE_MAIN,2024-09-06,1994-05-09,,SZSE_OFFICIAL_LISTING_REGISTER,AUTHENTIC_EXCHANGE_VERIFIED
000035.SZ,中国天楹,SZSE_MAIN,2024-09-06,1994-04-08,,SZSE_OFFICIAL_LISTING_REGISTER,AUTHENTIC_EXCHANGE_VERIFIED
000036.SZ,华联控股,SZSE_MAIN,2024-09-06,1994-06-17,,SZSE_OFFICIAL_LISTING_REGISTER,AUTHENTIC_EXCHANGE_VERIFIED
000037.SZ,深南电A,SZSE_MAIN,2024-09-06,1994-07-01,,SZSE_OFFICIAL_LISTING_REGISTER,AUTHENTIC_EXCHANGE_VERIFIED
000039.SZ,中集集团,SZSE_MAIN,2024-09-06,1994-04-08,,SZSE_OFFICIAL_LISTING_REGISTER,AUTHENTIC_EXCHANGE_VERIFIED
000040.SZ,000040.SZ,SZSE_MAIN,2022-11-03,1994-08-08,2025-04-30,SZSE_OFFICIAL_DELISTED_REGISTER,AUTHENTIC_EXCHANGE_VERIFIED
000042.SZ,中洲控股,SZSE_MAIN,2024-09-06,1994-09-21,,SZSE_OFFICIAL_LISTING_REGISTER,AUTHENTIC_EXCHANGE_VERIFIED
000045.SZ,深纺织Ａ,SZSE_MAIN,2024-09-06,1994-08-15,,SZSE_OFFICIAL_LISTING_REGISTER,AUTHENTIC_EXCHANGE_VERIFIED
000046.SZ,000046.SZ,SZSE_MAIN,2021-12-07,1994-09-12,2024-02-07,SZSE_OFFICIAL_DELISTED_REGISTER,AUTHENTIC_EXCHANGE_VERIFIED
000048.SZ,京基智农,SZSE_MAIN,2024-09-06,1994-11-01,,SZSE_OFFICIAL_LISTING_REGISTER,AUTHENTIC_EXCHANGE_VERIFIED
000049.SZ,德赛电池,SZSE_MAIN,2024-09-06,1995-03-20,,SZSE_OFFICIAL_LISTING_REGISTER,AUTHENTIC_EXCHANGE_VERIFIED
000050.SZ,深天马Ａ,SZSE_MAIN,2024-09-06,1995-03-15,,SZSE_OFFICIAL_LISTING_REGISTER,AUTHENTIC_EXCHANGE_VERIFIED
000055.SZ,方大集团,SZSE_MAIN,2024-09-06,1996-04-15,,SZSE_OFFICIAL_LISTING_REGISTER,AUTHENTIC_EXCHANGE_VERIFIED
000056.SZ,*ST皇庭,SZSE_MAIN,2024-09-05,1996-07-08,,SZSE_OFFICIAL_LISTING_REGISTER,AUTHENTIC_EXCHANGE_VERIFIED
000058.SZ,深 赛 格,SZSE_MAIN,2024-09-06,1996-12-26,,SZSE_OFFICIAL_LISTING_REGISTER,AUTHENTIC_EXCHANGE_VERIFIED
000059.SZ,华锦股份,SZSE_MAIN,2024-09-06,1997-01-30,,SZSE_OFFICIAL_LISTING_REGISTER,AUTHENTIC_EXCHANGE_VERIFIED
000060.SZ,中金岭南,SZSE_MAIN,2024-09-06,1997-01-23,,SZSE_OFFICIAL_LISTING_REGISTER,AUTHENTIC_EXCHANGE_VERIFIED
000061.SZ,农 产 品,SZSE_MAIN,2024-09-06,1997-01-10,,SZSE_OFFICIAL_LISTING_REGISTER,AUTHENTIC_EXCHANGE_VERIFIED
000062.SZ,深圳华强,SZSE_MAIN,2024-09-06,1997-01-30,,SZSE_OFFICIAL_LISTING_REGISTER,AUTHENTIC_EXCHANGE_VERIFIED
000063.SZ,中兴通讯,SZSE_MAIN,2023-01-13,1997-11-18,,SZSE_OFFICIAL_LISTING_REGISTER,AUTHENTIC_EXCHANGE_VERIFIED
000065.SZ,北方国际,SZSE_MAIN,2024-09-06,1998-06-05,,SZSE_OFFICIAL_LISTING_REGISTER,AUTHENTIC_EXCHANGE_VERIFIED
000066.SZ,中国长城,SZSE_MAIN,2024-09-06,1997-06-26,,SZSE_OFFICIAL_LISTING_REGISTER,AUTHENTIC_EXCHANGE_VERIFIED
000068.SZ,华控赛格,SZSE_MAIN,2024-09-06,1997-06-11,,SZSE_OFFICIAL_LISTING_REGISTER,AUTHENTIC_EXCHANGE_VERIFIED
000069.SZ,华侨城Ａ,SZSE_MAIN,2024-09-06,1997-09-10,,SZSE_OFFICIAL_LISTING_REGISTER,AUTHENTIC_EXCHANGE_VERIFIED
000070.SZ,特发信息,SZSE_MAIN,2024-09-05,2000-05-11,,SZSE_OFFICIAL_LISTING_REGISTER,AUTHENTIC_EXCHANGE_VERIFIED
000078.SZ,ST海王,SZSE_MAIN,2024-09-05,1998-12-18,,SZSE_OFFICIAL_LISTING_REGISTER,AUTHENTIC_EXCHANGE_VERIFIED
000088.SZ,盐 田 港,SZSE_MAIN,2024-09-06,1997-07-28,,SZSE_OFFICIAL_LISTING_REGISTER,AUTHENTIC_EXCHANGE_VERIFIED
000089.SZ,深圳机场,SZSE_MAIN,2024-09-06,1998-04-20,,SZSE_OFFICIAL_LISTING_REGISTER,AUTHENTIC_EXCHANGE_VERIFIED
000090.SZ,天健集团,SZSE_MAIN,2024-09-06,1999-07-21,,SZSE_OFFICIAL_LISTING_REGISTER,AUTHENTIC_EXCHANGE_VERIFIED
000096.SZ,广聚能源,SZSE_MAIN,2024-09-06,2000-07-24,,SZSE_OFFICIAL_LISTING_REGISTER,AUTHENTIC_EXCHANGE_VERIFIED
000099.SZ,中信海直,SZSE_MAIN,2024-09-06,2000-07-31,,SZSE_OFFICIAL_LISTING_REGISTER,AUTHENTIC_EXCHANGE_VERIFIED
000100.SZ,TCL科技,SZSE_MAIN,2024-09-06,2004-01-30,,SZSE_OFFICIAL_LISTING_REGISTER,AUTHENTIC_EXCHANGE_VERIFIED
000150.SZ,000150.SZ,SZSE_MAIN,2021-04-07,2000-08-07,2023-06-09,SZSE_OFFICIAL_DELISTED_REGISTER,AUTHENTIC_EXCHANGE_VERIFIED
000151.SZ,中成股份,SZSE_MAIN,2024-08-27,2000-09-06,,SZSE_OFFICIAL_LISTING_REGISTER,AUTHENTIC_EXCHANGE_VERIFIED
000153.SZ,丰原药业,SZSE_MAIN,2024-09-06,2000-09-20,,SZSE_OFFICIAL_LISTING_REGISTER,AUTHENTIC_EXCHANGE_VERIFIED
000155.SZ,川能动力,SZSE_MAIN,2024-09-06,2000-09-26,,SZSE_OFFICIAL_LISTING_REGISTER,AUTHENTIC_EXCHANGE_VERIFIED
000156.SZ,华数传媒,SZSE_MAIN,2024-09-06,2000-09-06,,SZSE_OFFICIAL_LISTING_REGISTER,AUTHENTIC_EXCHANGE_VERIFIED
000157.SZ,中联重科,SZSE_MAIN,2024-09-06,2000-10-12,,SZSE_OFFICIAL_LISTING_REGISTER,AUTHENTIC_EXCHANGE_VERIFIED
000158.SZ,常山北明,SZSE_MAIN,2024-09-06,2000-07-24,,SZSE_OFFICIAL_LISTING_REGISTER,AUTHENTIC_EXCHANGE_VERIFIED
000159.SZ,国际实业,SZSE_MAIN,2024-09-06,2000-09-26,,SZSE_OFFICIAL_LISTING_REGISTER,AUTHENTIC_EXCHANGE_VERIFIED
000166.SZ,申万宏源,SZSE_MAIN,2024-09-06,2015-01-26,,SZSE_OFFICIAL_LISTING_REGISTER,AUTHENTIC_EXCHANGE_VERIFIED
000301.SZ,东方盛虹,SZSE_MAIN,2024-09-06,2000-05-29,,SZSE_OFFICIAL_LISTING_REGISTER,AUTHENTIC_EXCHANGE_VERIFIED
000333.SZ,美的集团,SZSE_MAIN,2023-01-13,2013-09-18,,SZSE_OFFICIAL_LISTING_REGISTER,AUTHENTIC_EXCHANGE_VERIFIED
000338.SZ,潍柴动力,SZSE_MAIN,2023-01-13,2007-04-30,,SZSE_OFFICIAL_LISTING_REGISTER,AUTHENTIC_EXCHANGE_VERIFIED
000400.SZ,许继电气,SZSE_MAIN,2024-09-06,1997-04-18,,SZSE_OFFICIAL_LISTING_REGISTER,AUTHENTIC_EXCHANGE_VERIFIED
000401.SZ,金隅冀东,SZSE_MAIN,2024-09-06,1996-06-14,,SZSE_OFFICIAL_LISTING_REGISTER,AUTHENTIC_EXCHANGE_VERIFIED
000402.SZ,金 融 街,SZSE_MAIN,2024-09-06,1996-06-26,,SZSE_OFFICIAL_LISTING_REGISTER,AUTHENTIC_EXCHANGE_VERIFIED
000403.SZ,派林生物,SZSE_MAIN,2024-09-04,1996-06-28,,SZSE_OFFICIAL_LISTING_REGISTER,AUTHENTIC_EXCHANGE_VERIFIED
000404.SZ,长虹华意,SZSE_MAIN,2024-09-06,1996-06-19,,SZSE_OFFICIAL_LISTING_REGISTER,AUTHENTIC_EXCHANGE_VERIFIED
000405.SZ,000405.SZ,SZSE_MAIN,2001-03-16,1996-06-20,2004-03-19,SZSE_OFFICIAL_DELISTED_REGISTER,AUTHENTIC_EXCHANGE_VERIFIED
000406.SZ,000406.SZ,SZSE_MAIN,2004-03-02,1996-06-28,2006-04-21,SZSE_OFFICIAL_DELISTED_REGISTER,AUTHENTIC_EXCHANGE_VERIFIED
000407.SZ,胜利股份,SZSE_MAIN,2024-08-23,1996-07-03,,SZSE_OFFICIAL_LISTING_REGISTER,AUTHENTIC_EXCHANGE_VERIFIED
000408.SZ,藏格矿业,SZSE_MAIN,2024-08-30,1996-06-28,,SZSE_OFFICIAL_LISTING_REGISTER,AUTHENTIC_EXCHANGE_VERIFIED
000409.SZ,云鼎科技,SZSE_MAIN,2024-09-06,1996-06-27,,SZSE_OFFICIAL_LISTING_REGISTER,AUTHENTIC_EXCHANGE_VERIFIED
000410.SZ,沈阳机床,SZSE_MAIN,2024-09-06,1996-07-18,,SZSE_OFFICIAL_LISTING_REGISTER,AUTHENTIC_EXCHANGE_VERIFIED
000411.SZ,英特集团,SZSE_MAIN,2024-09-06,1996-07-16,,SZSE_OFFICIAL_LISTING_REGISTER,AUTHENTIC_EXCHANGE_VERIFIED
000413.SZ,000413.SZ,SZSE_MAIN,2022-05-23,1996-09-25,2024-10-11,SZSE_OFFICIAL_DELISTED_REGISTER,AUTHENTIC_EXCHANGE_VERIFIED
000415.SZ,渤海租赁,SZSE_MAIN,2024-09-06,1996-07-16,,SZSE_OFFICIAL_LISTING_REGISTER,AUTHENTIC_EXCHANGE_VERIFIED
000416.SZ,000416.SZ,SZSE_MAIN,2022-03-31,1996-07-19,2024-06-05,SZSE_OFFICIAL_DELISTED_REGISTER,AUTHENTIC_EXCHANGE_VERIFIED
000417.SZ,合百集团,SZSE_MAIN,2024-09-06,1996-08-12,,SZSE_OFFICIAL_LISTING_REGISTER,AUTHENTIC_EXCHANGE_VERIFIED
000419.SZ,通程控股,SZSE_MAIN,2024-09-06,1996-08-16,,SZSE_OFFICIAL_LISTING_REGISTER,AUTHENTIC_EXCHANGE_VERIFIED
000420.SZ,吉林化纤,SZSE_MAIN,2024-09-06,1996-08-02,,SZSE_OFFICIAL_LISTING_REGISTER,AUTHENTIC_EXCHANGE_VERIFIED
000421.SZ,南京公用,SZSE_MAIN,2024-08-23,1996-08-06,,SZSE_OFFICIAL_LISTING_REGISTER,AUTHENTIC_EXCHANGE_VERIFIED
000422.SZ,湖北宜化,SZSE_MAIN,2024-09-06,1996-08-15,,SZSE_OFFICIAL_LISTING_REGISTER,AUTHENTIC_EXCHANGE_VERIFIED
000423.SZ,东阿阿胶,SZSE_MAIN,2024-09-06,1996-07-29,,SZSE_OFFICIAL_LISTING_REGISTER,AUTHENTIC_EXCHANGE_VERIFIED
000425.SZ,徐工机械,SZSE_MAIN,2024-09-06,1996-08-28,,SZSE_OFFICIAL_LISTING_REGISTER,AUTHENTIC_EXCHANGE_VERIFIED
000426.SZ,兴业银锡,SZSE_MAIN,2024-09-06,1996-08-28,,SZSE_OFFICIAL_LISTING_REGISTER,AUTHENTIC_EXCHANGE_VERIFIED
000428.SZ,华天酒店,SZSE_MAIN,2024-09-06,1996-08-08,,SZSE_OFFICIAL_LISTING_REGISTER,AUTHENTIC_EXCHANGE_VERIFIED
000429.SZ,粤高速Ａ,SZSE_MAIN,2024-09-06,1998-02-20,,SZSE_OFFICIAL_LISTING_REGISTER,AUTHENTIC_EXCHANGE_VERIFIED
000430.SZ,张家界,SZSE_MAIN,2024-08-30,1996-08-29,,SZSE_OFFICIAL_LISTING_REGISTER,AUTHENTIC_EXCHANGE_VERIFIED
000488.SZ,ST晨鸣,SZSE_MAIN,2024-09-05,2000-11-20,,SZSE_OFFICIAL_LISTING_REGISTER,AUTHENTIC_EXCHANGE_VERIFIED
000498.SZ,山东路桥,SZSE_MAIN,2024-09-06,1997-06-09,,SZSE_OFFICIAL_LISTING_REGISTER,AUTHENTIC_EXCHANGE_VERIFIED
000501.SZ,武商集团,SZSE_MAIN,2024-09-06,1992-11-20,,SZSE_OFFICIAL_LISTING_REGISTER,AUTHENTIC_EXCHANGE_VERIFIED
000503.SZ,国新健康,SZSE_MAIN,2024-09-06,1992-11-30,,SZSE_OFFICIAL_LISTING_REGISTER,AUTHENTIC_EXCHANGE_VERIFIED
000504.SZ,南华生物,SZSE_MAIN,2024-09-06,1992-12-08,,SZSE_OFFICIAL_LISTING_REGISTER,AUTHENTIC_EXCHANGE_VERIFIED
000505.SZ,京粮控股,SZSE_MAIN,2024-09-06,1992-12-21,,SZSE_OFFICIAL_LISTING_REGISTER,AUTHENTIC_EXCHANGE_VERIFIED
000506.SZ,招金黄金,SZSE_MAIN,2024-08-29,1993-03-12,,SZSE_OFFICIAL_LISTING_REGISTER,AUTHENTIC_EXCHANGE_VERIFIED
000507.SZ,珠海港,SZSE_MAIN,2024-09-06,1993-03-26,,SZSE_OFFICIAL_LISTING_REGISTER,AUTHENTIC_EXCHANGE_VERIFIED
000509.SZ,华塑控股,SZSE_MAIN,2024-09-06,1993-05-07,,SZSE_OFFICIAL_LISTING_REGISTER,AUTHENTIC_EXCHANGE_VERIFIED
000510.SZ,新金路,SZSE_MAIN,2024-09-06,1993-05-07,,SZSE_OFFICIAL_LISTING_REGISTER,AUTHENTIC_EXCHANGE_VERIFIED
000511.SZ,000511.SZ,SZSE_MAIN,2014-06-17,1993-05-18,2018-07-18,SZSE_OFFICIAL_DELISTED_REGISTER,AUTHENTIC_EXCHANGE_VERIFIED
000513.SZ,丽珠集团,SZSE_MAIN,2024-09-06,1993-10-28,,SZSE_OFFICIAL_LISTING_REGISTER,AUTHENTIC_EXCHANGE_VERIFIED
000514.SZ,渝 开 发,SZSE_MAIN,2024-09-06,1993-07-12,,SZSE_OFFICIAL_LISTING_REGISTER,AUTHENTIC_EXCHANGE_VERIFIED
000515.SZ,000515.SZ,SZSE_MAIN,2006-12-15,1993-07-12,2009-05-06,SZSE_OFFICIAL_DELISTED_REGISTER,AUTHENTIC_EXCHANGE_VERIFIED
000516.SZ,国际医学,SZSE_MAIN,2024-09-06,1993-08-09,,SZSE_OFFICIAL_LISTING_REGISTER,AUTHENTIC_EXCHANGE_VERIFIED
000517.SZ,荣安地产,SZSE_MAIN,2024-09-06,1993-08-06,,SZSE_OFFICIAL_LISTING_REGISTER,AUTHENTIC_EXCHANGE_VERIFIED
000518.SZ,四环生物,SZSE_MAIN,2024-09-06,1993-09-08,,SZSE_OFFICIAL_LISTING_REGISTER,AUTHENTIC_EXCHANGE_VERIFIED
000519.SZ,中兵红箭,SZSE_MAIN,2024-09-06,1993-10-08,,SZSE_OFFICIAL_LISTING_REGISTER,AUTHENTIC_EXCHANGE_VERIFIED
000520.SZ,凤凰航运,SZSE_MAIN,2024-09-06,1993-10-25,,SZSE_OFFICIAL_LISTING_REGISTER,AUTHENTIC_EXCHANGE_VERIFIED
000521.SZ,长虹美菱,SZSE_MAIN,2024-09-06,1993-10-18,,SZSE_OFFICIAL_LISTING_REGISTER,AUTHENTIC_EXCHANGE_VERIFIED
000523.SZ,红棉股份,SZSE_MAIN,2024-09-06,1993-11-08,,SZSE_OFFICIAL_LISTING_REGISTER,AUTHENTIC_EXCHANGE_VERIFIED
000524.SZ,岭南控股,SZSE_MAIN,2024-09-06,1993-11-18,,SZSE_OFFICIAL_LISTING_REGISTER,AUTHENTIC_EXCHANGE_VERIFIED
000525.SZ,红太阳,SZSE_MAIN,2024-07-31,1993-10-28,,SZSE_OFFICIAL_LISTING_REGISTER,AUTHENTIC_EXCHANGE_VERIFIED
000526.SZ,学大教育,SZSE_MAIN,2024-09-06,1993-11-01,,SZSE_OFFICIAL_LISTING_REGISTER,AUTHENTIC_EXCHANGE_VERIFIED
000528.SZ,柳 工,SZSE_MAIN,2024-09-06,1993-11-18,,SZSE_OFFICIAL_LISTING_REGISTER,AUTHENTIC_EXCHANGE_VERIFIED
000529.SZ,广弘控股,SZSE_MAIN,2024-09-06,1993-11-18,,SZSE_OFFICIAL_LISTING_REGISTER,AUTHENTIC_EXCHANGE_VERIFIED
000530.SZ,冰山冷热,SZSE_MAIN,2024-09-06,1993-12-08,,SZSE_OFFICIAL_LISTING_REGISTER,AUTHENTIC_EXCHANGE_VERIFIED
000531.SZ,穗恒运Ａ,SZSE_MAIN,2024-09-06,1994-01-06,,SZSE_OFFICIAL_LISTING_REGISTER,AUTHENTIC_EXCHANGE_VERIFIED
000532.SZ,华金资本,SZSE_MAIN,2024-09-06,1994-01-03,,SZSE_OFFICIAL_LISTING_REGISTER,AUTHENTIC_EXCHANGE_VERIFIED
000533.SZ,顺钠股份,SZSE_MAIN,2024-09-06,1994-01-03,,SZSE_OFFICIAL_LISTING_REGISTER,AUTHENTIC_EXCHANGE_VERIFIED
000534.SZ,万泽股份,SZSE_MAIN,2024-09-06,1994-01-10,,SZSE_OFFICIAL_LISTING_REGISTER,AUTHENTIC_EXCHANGE_VERIFIED
000535.SZ,000535.SZ,SZSE_MAIN,2003-03-26,1993-11-30,2005-09-21,SZSE_OFFICIAL_DELISTED_REGISTER,AUTHENTIC_EXCHANGE_VERIFIED
000536.SZ,华映科技,SZSE_MAIN,2024-09-06,1993-11-26,,SZSE_OFFICIAL_LISTING_REGISTER,AUTHENTIC_EXCHANGE_VERIFIED
000537.SZ,绿发电力,SZSE_MAIN,2024-09-06,1993-12-10,,SZSE_OFFICIAL_LISTING_REGISTER,AUTHENTIC_EXCHANGE_VERIFIED
000538.SZ,云南白药,SZSE_MAIN,2023-01-13,1993-12-15,,SZSE_OFFICIAL_LISTING_REGISTER,AUTHENTIC_EXCHANGE_VERIFIED
000539.SZ,粤电力Ａ,SZSE_MAIN,2024-09-06,1993-11-26,,SZSE_OFFICIAL_LISTING_REGISTER,AUTHENTIC_EXCHANGE_VERIFIED
000540.SZ,000540.SZ,SZSE_MAIN,2021-04-23,1994-02-02,2023-06-30,SZSE_OFFICIAL_DELISTED_REGISTER,AUTHENTIC_EXCHANGE_VERIFIED
000541.SZ,佛山照明,SZSE_MAIN,2024-09-06,1993-11-23,,SZSE_OFFICIAL_LISTING_REGISTER,AUTHENTIC_EXCHANGE_VERIFIED
000543.SZ,皖能电力,SZSE_MAIN,2024-09-06,1993-12-20,,SZSE_OFFICIAL_LISTING_REGISTER,AUTHENTIC_EXCHANGE_VERIFIED
000544.SZ,中原环保,SZSE_MAIN,2024-09-06,1993-12-08,,SZSE_OFFICIAL_LISTING_REGISTER,AUTHENTIC_EXCHANGE_VERIFIED
000545.SZ,金浦钛业,SZSE_MAIN,2024-08-23,1993-12-15,,SZSE_OFFICIAL_LISTING_REGISTER,AUTHENTIC_EXCHANGE_VERIFIED
000546.SZ,金圆股份,SZSE_MAIN,2024-09-06,1993-12-15,,SZSE_OFFICIAL_LISTING_REGISTER,AUTHENTIC_EXCHANGE_VERIFIED
000547.SZ,航天发展,SZSE_MAIN,2024-09-06,1993-11-30,,SZSE_OFFICIAL_LISTING_REGISTER,AUTHENTIC_EXCHANGE_VERIFIED
000548.SZ,湖南投资,SZSE_MAIN,2024-09-06,1993-12-20,,SZSE_OFFICIAL_LISTING_REGISTER,AUTHENTIC_EXCHANGE_VERIFIED
000550.SZ,江铃汽车,SZSE_MAIN,2024-09-06,1993-12-01,,SZSE_OFFICIAL_LISTING_REGISTER,AUTHENTIC_EXCHANGE_VERIFIED
000551.SZ,创元科技,SZSE_MAIN,2024-09-06,1994-01-06,,SZSE_OFFICIAL_LISTING_REGISTER,AUTHENTIC_EXCHANGE_VERIFIED
000552.SZ,甘肃能化,SZSE_MAIN,2024-08-23,1994-01-06,,SZSE_OFFICIAL_LISTING_REGISTER,AUTHENTIC_EXCHANGE_VERIFIED
000553.SZ,安道麦A,SZSE_MAIN,2024-09-06,1993-12-03,,SZSE_OFFICIAL_LISTING_REGISTER,AUTHENTIC_EXCHANGE_VERIFIED
000554.SZ,泰山石油,SZSE_MAIN,2024-09-06,1993-12-15,,SZSE_OFFICIAL_LISTING_REGISTER,AUTHENTIC_EXCHANGE_VERIFIED
000555.SZ,神州信息,SZSE_MAIN,2024-09-06,1994-04-08,,SZSE_OFFICIAL_LISTING_REGISTER,AUTHENTIC_EXCHANGE_VERIFIED
000556.SZ,000556.SZ,SZSE_MAIN,1999-04-27,1994-05-25,2002-06-03,SZSE_OFFICIAL_DELISTED_REGISTER,AUTHENTIC_EXCHANGE_VERIFIED
000557.SZ,西部创业,SZSE_MAIN,2024-09-06,1994-06-17,,SZSE_OFFICIAL_LISTING_REGISTER,AUTHENTIC_EXCHANGE_VERIFIED
000558.SZ,天府文旅,SZSE_MAIN,2024-09-06,1994-05-09,,SZSE_OFFICIAL_LISTING_REGISTER,AUTHENTIC_EXCHANGE_VERIFIED
000559.SZ,万向钱潮,SZSE_MAIN,2024-09-06,1994-01-10,,SZSE_OFFICIAL_LISTING_REGISTER,AUTHENTIC_EXCHANGE_VERIFIED
000560.SZ,我爱我家,SZSE_MAIN,2024-09-06,1994-02-02,,SZSE_OFFICIAL_LISTING_REGISTER,AUTHENTIC_EXCHANGE_VERIFIED
000561.SZ,烽火电子,SZSE_MAIN,2024-09-06,1994-05-09,,SZSE_OFFICIAL_LISTING_REGISTER,AUTHENTIC_EXCHANGE_VERIFIED
000563.SZ,陕国投Ａ,SZSE_MAIN,2024-09-06,1994-01-10,,SZSE_OFFICIAL_LISTING_REGISTER,AUTHENTIC_EXCHANGE_VERIFIED
000564.SZ,供销大集,SZSE_MAIN,2024-09-06,1994-01-10,,SZSE_OFFICIAL_LISTING_REGISTER,AUTHENTIC_EXCHANGE_VERIFIED
000565.SZ,渝三峡Ａ,SZSE_MAIN,2024-09-06,1994-04-08,,SZSE_OFFICIAL_LISTING_REGISTER,AUTHENTIC_EXCHANGE_VERIFIED
000566.SZ,海南海药,SZSE_MAIN,2024-09-06,1994-05-25,,SZSE_OFFICIAL_LISTING_REGISTER,AUTHENTIC_EXCHANGE_VERIFIED
000567.SZ,海德股份,SZSE_MAIN,2024-09-06,1994-05-25,,SZSE_OFFICIAL_LISTING_REGISTER,AUTHENTIC_EXCHANGE_VERIFIED
000568.SZ,泸州老窖,SZSE_MAIN,2023-01-13,1994-05-09,,SZSE_OFFICIAL_LISTING_REGISTER,AUTHENTIC_EXCHANGE_VERIFIED
000570.SZ,苏常柴Ａ,SZSE_MAIN,2024-09-06,1994-07-01,,SZSE_OFFICIAL_LISTING_REGISTER,AUTHENTIC_EXCHANGE_VERIFIED
000571.SZ,新大洲A,SZSE_MAIN,2024-09-06,1994-05-25,,SZSE_OFFICIAL_LISTING_REGISTER,AUTHENTIC_EXCHANGE_VERIFIED
000572.SZ,海马汽车,SZSE_MAIN,2024-09-06,1994-08-08,,SZSE_OFFICIAL_LISTING_REGISTER,AUTHENTIC_EXCHANGE_VERIFIED
000573.SZ,粤宏远Ａ,SZSE_MAIN,2024-09-06,1994-08-15,,SZSE_OFFICIAL_LISTING_REGISTER,AUTHENTIC_EXCHANGE_VERIFIED
000576.SZ,甘化科工,SZSE_MAIN,2024-09-06,1994-09-07,,SZSE_OFFICIAL_LISTING_REGISTER,AUTHENTIC_EXCHANGE_VERIFIED
000581.SZ,威孚高科,SZSE_MAIN,2024-09-06,1998-09-24,,SZSE_OFFICIAL_LISTING_REGISTER,AUTHENTIC_EXCHANGE_VERIFIED
000582.SZ,北部湾港,SZSE_MAIN,2024-09-06,1995-11-02,,SZSE_OFFICIAL_LISTING_REGISTER,AUTHENTIC_EXCHANGE_VERIFIED
000585.SZ,000585.SZ,SZSE_MAIN,2020-03-31,1995-12-13,2022-05-24,SZSE_OFFICIAL_DELISTED_REGISTER,AUTHENTIC_EXCHANGE_VERIFIED
000586.SZ,汇源通信,SZSE_MAIN,2024-08-30,1995-12-20,,SZSE_OFFICIAL_LISTING_REGISTER,AUTHENTIC_EXCHANGE_VERIFIED
000589.SZ,贵州轮胎,SZSE_MAIN,2024-09-06,1996-03-08,,SZSE_OFFICIAL_LISTING_REGISTER,AUTHENTIC_EXCHANGE_VERIFIED
000590.SZ,古汉医药,SZSE_MAIN,2024-09-06,1996-01-19,,SZSE_OFFICIAL_LISTING_REGISTER,AUTHENTIC_EXCHANGE_VERIFIED
000591.SZ,太阳能,SZSE_MAIN,2024-09-06,1996-02-08,,SZSE_OFFICIAL_LISTING_REGISTER,AUTHENTIC_EXCHANGE_VERIFIED
000592.SZ,平潭发展,SZSE_MAIN,2024-09-03,1996-03-27,,SZSE_OFFICIAL_LISTING_REGISTER,AUTHENTIC_EXCHANGE_VERIFIED
000593.SZ,德龙汇能,SZSE_MAIN,2024-09-06,1996-03-12,,SZSE_OFFICIAL_LISTING_REGISTER,AUTHENTIC_EXCHANGE_VERIFIED
000595.SZ,新能股份,SZSE_MAIN,2024-09-04,1996-04-19,,SZSE_OFFICIAL_LISTING_REGISTER,AUTHENTIC_EXCHANGE_VERIFIED
000596.SZ,古井贡酒,SZSE_MAIN,2024-09-06,1996-09-27,,SZSE_OFFICIAL_LISTING_REGISTER,AUTHENTIC_EXCHANGE_VERIFIED
000597.SZ,东北制药,SZSE_MAIN,2024-09-06,1996-05-23,,SZSE_OFFICIAL_LISTING_REGISTER,AUTHENTIC_EXCHANGE_VERIFIED
000598.SZ,兴蓉环境,SZSE_MAIN,2024-09-06,1996-05-29,,SZSE_OFFICIAL_LISTING_REGISTER,AUTHENTIC_EXCHANGE_VERIFIED
000599.SZ,青岛双星,SZSE_MAIN,2024-09-06,1996-04-30,,SZSE_OFFICIAL_LISTING_REGISTER,AUTHENTIC_EXCHANGE_VERIFIED
000600.SZ,建投能源,SZSE_MAIN,2024-09-06,1996-06-06,,SZSE_OFFICIAL_LISTING_REGISTER,AUTHENTIC_EXCHANGE_VERIFIED
000601.SZ,韶能股份,SZSE_MAIN,2024-09-06,1996-08-30,,SZSE_OFFICIAL_LISTING_REGISTER,AUTHENTIC_EXCHANGE_VERIFIED
000603.SZ,盛达资源,SZSE_MAIN,2024-09-06,1996-08-23,,SZSE_OFFICIAL_LISTING_REGISTER,AUTHENTIC_EXCHANGE_VERIFIED
000605.SZ,渤海股份,SZSE_MAIN,2024-09-06,1996-09-13,,SZSE_OFFICIAL_LISTING_REGISTER,AUTHENTIC_EXCHANGE_VERIFIED
000606.SZ,000606.SZ,SZSE_MAIN,2021-04-28,1996-10-04,2023-07-06,SZSE_OFFICIAL_DELISTED_REGISTER,AUTHENTIC_EXCHANGE_VERIFIED
000607.SZ,华媒控股,SZSE_MAIN,2024-09-06,1996-08-30,,SZSE_OFFICIAL_LISTING_REGISTER,AUTHENTIC_EXCHANGE_VERIFIED
000608.SZ,阳光股份,SZSE_MAIN,2024-09-06,1996-09-19,,SZSE_OFFICIAL_LISTING_REGISTER,AUTHENTIC_EXCHANGE_VERIFIED
000609.SZ,*ST中迪,SZSE_MAIN,2024-08-30,1996-10-10,,SZSE_OFFICIAL_LISTING_REGISTER,AUTHENTIC_EXCHANGE_VERIFIED
000610.SZ,*ST西旅,SZSE_MAIN,2024-09-05,1996-09-26,,SZSE_OFFICIAL_LISTING_REGISTER,AUTHENTIC_EXCHANGE_VERIFIED
000611.SZ,000611.SZ,SZSE_MAIN,2020-04-28,1996-10-08,2022-06-28,SZSE_OFFICIAL_DELISTED_REGISTER,AUTHENTIC_EXCHANGE_VERIFIED
000612.SZ,焦作万方,SZSE_MAIN,2024-09-06,1996-09-26,,SZSE_OFFICIAL_LISTING_REGISTER,AUTHENTIC_EXCHANGE_VERIFIED
000615.SZ,*ST美谷,SZSE_MAIN,2024-09-04,1996-10-16,,SZSE_OFFICIAL_LISTING_REGISTER,AUTHENTIC_EXCHANGE_VERIFIED
000616.SZ,000616.SZ,SZSE_MAIN,2021-05-24,1996-11-08,2023-08-23,SZSE_OFFICIAL_DELISTED_REGISTER,AUTHENTIC_EXCHANGE_VERIFIED
000617.SZ,中油资本,SZSE_MAIN,2024-09-06,1996-10-22,,SZSE_OFFICIAL_LISTING_REGISTER,AUTHENTIC_EXCHANGE_VERIFIED
000619.SZ,海螺新材,SZSE_MAIN,2024-09-06,1996-10-23,,SZSE_OFFICIAL_LISTING_REGISTER,AUTHENTIC_EXCHANGE_VERIFIED
000620.SZ,盈新发展,SZSE_MAIN,2024-09-06,1996-10-29,,SZSE_OFFICIAL_LISTING_REGISTER,AUTHENTIC_EXCHANGE_VERIFIED
000621.SZ,000621.SZ,SZSE_MAIN,2002-03-13,1996-11-05,2004-09-27,SZSE_OFFICIAL_DELISTED_REGISTER,AUTHENTIC_EXCHANGE_VERIFIED
000623.SZ,吉林敖东,SZSE_MAIN,2024-09-06,1996-10-28,,SZSE_OFFICIAL_LISTING_REGISTER,AUTHENTIC_EXCHANGE_VERIFIED
000625.SZ,长安汽车,SZSE_MAIN,2023-01-13,1997-06-10,,SZSE_OFFICIAL_LISTING_REGISTER,AUTHENTIC_EXCHANGE_VERIFIED
000626.SZ,远大控股,SZSE_MAIN,2024-09-06,1996-11-28,,SZSE_OFFICIAL_LISTING_REGISTER,AUTHENTIC_EXCHANGE_VERIFIED
000628.SZ,高新发展,SZSE_MAIN,2024-09-06,1996-11-18,,SZSE_OFFICIAL_LISTING_REGISTER,AUTHENTIC_EXCHANGE_VERIFIED
000629.SZ,钒钛股份,SZSE_MAIN,2024-09-06,1996-11-15,,SZSE_OFFICIAL_LISTING_REGISTER,AUTHENTIC_EXCHANGE_VERIFIED
000630.SZ,铜陵有色,SZSE_MAIN,2024-09-06,1996-11-20,,SZSE_OFFICIAL_LISTING_REGISTER,AUTHENTIC_EXCHANGE_VERIFIED
000631.SZ,顺发恒能,SZSE_MAIN,2024-09-06,1996-11-22,,SZSE_OFFICIAL_LISTING_REGISTER,AUTHENTIC_EXCHANGE_VERIFIED
000632.SZ,ST三木,SZSE_MAIN,2024-09-05,1996-11-21,,SZSE_OFFICIAL_LISTING_REGISTER,AUTHENTIC_EXCHANGE_VERIFIED
000633.SZ,合金投资,SZSE_MAIN,2024-09-06,1996-11-12,,SZSE_OFFICIAL_LISTING_REGISTER,AUTHENTIC_EXCHANGE_VERIFIED
000635.SZ,英 力 特,SZSE_MAIN,2024-09-04,1996-11-20,,SZSE_OFFICIAL_LISTING_REGISTER,AUTHENTIC_EXCHANGE_VERIFIED
000636.SZ,风华高科,SZSE_MAIN,2024-09-06,1996-11-29,,SZSE_OFFICIAL_LISTING_REGISTER,AUTHENTIC_EXCHANGE_VERIFIED
000637.SZ,茂化实华,SZSE_MAIN,2024-09-06,1996-11-14,,SZSE_OFFICIAL_LISTING_REGISTER,AUTHENTIC_EXCHANGE_VERIFIED
000639.SZ,ST西王,SZSE_MAIN,2024-09-06,1996-11-26,,SZSE_OFFICIAL_LISTING_REGISTER,AUTHENTIC_EXCHANGE_VERIFIED
000650.SZ,仁和药业,SZSE_MAIN,2024-09-06,1996-12-10,,SZSE_OFFICIAL_LISTING_REGISTER,AUTHENTIC_EXCHANGE_VERIFIED
000651.SZ,格力电器,SZSE_MAIN,2023-01-13,1996-11-18,,SZSE_OFFICIAL_LISTING_REGISTER,AUTHENTIC_EXCHANGE_VERIFIED
000652.SZ,泰达股份,SZSE_MAIN,2024-09-06,1996-11-28,,SZSE_OFFICIAL_LISTING_REGISTER,AUTHENTIC_EXCHANGE_VERIFIED
000655.SZ,金岭矿业,SZSE_MAIN,2024-09-06,1996-11-28,,SZSE_OFFICIAL_LISTING_REGISTER,AUTHENTIC_EXCHANGE_VERIFIED
000656.SZ,金科股份,SZSE_MAIN,2024-09-04,1996-11-28,,SZSE_OFFICIAL_LISTING_REGISTER,AUTHENTIC_EXCHANGE_VERIFIED
000657.SZ,中钨高新,SZSE_MAIN,2024-09-06,1996-12-05,,SZSE_OFFICIAL_LISTING_REGISTER,AUTHENTIC_EXCHANGE_VERIFIED
000659.SZ,珠海中富,SZSE_MAIN,2024-09-06,1996-12-03,,SZSE_OFFICIAL_LISTING_REGISTER,AUTHENTIC_EXCHANGE_VERIFIED
000660.SZ,000660.SZ,SZSE_MAIN,2002-03-19,1996-12-09,2004-09-13,SZSE_OFFICIAL_DELISTED_REGISTER,AUTHENTIC_EXCHANGE_VERIFIED
000661.SZ,长春高新,SZSE_MAIN,2024-09-06,1996-12-18,,SZSE_OFFICIAL_LISTING_REGISTER,AUTHENTIC_EXCHANGE_VERIFIED
000663.SZ,永安林业,SZSE_MAIN,2024-09-06,1996-12-06,,SZSE_OFFICIAL_LISTING_REGISTER,AUTHENTIC_EXCHANGE_VERIFIED
000665.SZ,湖北广电,SZSE_MAIN,2024-09-06,1996-12-10,,SZSE_OFFICIAL_LISTING_REGISTER,AUTHENTIC_EXCHANGE_VERIFIED
000666.SZ,000666.SZ,SZSE_MAIN,2021-08-09,1996-12-10,2023-10-26,SZSE_OFFICIAL_DELISTED_REGISTER,AUTHENTIC_EXCHANGE_VERIFIED
000668.SZ,荣丰控股,SZSE_MAIN,2024-09-06,1996-12-10,,SZSE_OFFICIAL_LISTING_REGISTER,AUTHENTIC_EXCHANGE_VERIFIED
000669.SZ,ST金鸿,SZSE_MAIN,2024-09-06,1996-12-10,,SZSE_OFFICIAL_LISTING_REGISTER,AUTHENTIC_EXCHANGE_VERIFIED
000670.SZ,盈方微,SZSE_MAIN,2024-08-23,1996-12-17,,SZSE_OFFICIAL_LISTING_REGISTER,AUTHENTIC_EXCHANGE_VERIFIED
000671.SZ,000671.SZ,SZSE_MAIN,2021-05-20,1996-12-18,2023-08-16,SZSE_OFFICIAL_DELISTED_REGISTER,AUTHENTIC_EXCHANGE_VERIFIED
000672.SZ,上峰材料,SZSE_MAIN,2024-09-06,1996-12-18,,SZSE_OFFICIAL_LISTING_REGISTER,AUTHENTIC_EXCHANGE_VERIFIED
000675.SZ,000675.SZ,SZSE_MAIN,2000-03-14,1996-12-26,2002-08-20,SZSE_OFFICIAL_DELISTED_REGISTER,AUTHENTIC_EXCHANGE_VERIFIED
000676.SZ,智度股份,SZSE_MAIN,2024-09-06,1996-12-24,,SZSE_OFFICIAL_LISTING_REGISTER,AUTHENTIC_EXCHANGE_VERIFIED
000677.SZ,ST海龙,SZSE_MAIN,2024-09-06,1996-12-26,,SZSE_OFFICIAL_LISTING_REGISTER,AUTHENTIC_EXCHANGE_VERIFIED
000678.SZ,襄阳轴承,SZSE_MAIN,2024-09-06,1997-01-06,,SZSE_OFFICIAL_LISTING_REGISTER,AUTHENTIC_EXCHANGE_VERIFIED
000679.SZ,大连友谊,SZSE_MAIN,2024-09-06,1997-01-24,,SZSE_OFFICIAL_LISTING_REGISTER,AUTHENTIC_EXCHANGE_VERIFIED
000680.SZ,山推股份,SZSE_MAIN,2024-09-06,1997-01-22,,SZSE_OFFICIAL_LISTING_REGISTER,AUTHENTIC_EXCHANGE_VERIFIED
000681.SZ,视觉中国,SZSE_MAIN,2024-09-06,1997-01-21,,SZSE_OFFICIAL_LISTING_REGISTER,AUTHENTIC_EXCHANGE_VERIFIED
000682.SZ,东方电子,SZSE_MAIN,2024-09-06,1997-01-21,,SZSE_OFFICIAL_LISTING_REGISTER,AUTHENTIC_EXCHANGE_VERIFIED
000683.SZ,博源化工,SZSE_MAIN,2024-09-06,1997-01-31,,SZSE_OFFICIAL_LISTING_REGISTER,AUTHENTIC_EXCHANGE_VERIFIED
000685.SZ,中山公用,SZSE_MAIN,2024-09-06,1997-01-23,,SZSE_OFFICIAL_LISTING_REGISTER,AUTHENTIC_EXCHANGE_VERIFIED
000686.SZ,东北证券,SZSE_MAIN,2024-09-06,1997-02-27,,SZSE_OFFICIAL_LISTING_REGISTER,AUTHENTIC_EXCHANGE_VERIFIED
000688.SZ,国城矿业,SZSE_MAIN,2024-09-06,1997-01-20,,SZSE_OFFICIAL_LISTING_REGISTER,AUTHENTIC_EXCHANGE_VERIFIED
000690.SZ,宝新能源,SZSE_MAIN,2024-09-06,1997-01-28,,SZSE_OFFICIAL_LISTING_REGISTER,AUTHENTIC_EXCHANGE_VERIFIED
000691.SZ,亚太实业,SZSE_MAIN,2024-09-03,1997-02-28,,SZSE_OFFICIAL_LISTING_REGISTER,AUTHENTIC_EXCHANGE_VERIFIED
000692.SZ,惠天热电,SZSE_MAIN,2024-09-06,1997-02-27,,SZSE_OFFICIAL_LISTING_REGISTER,AUTHENTIC_EXCHANGE_VERIFIED
000695.SZ,滨海能源,SZSE_MAIN,2024-08-23,1997-02-18,,SZSE_OFFICIAL_LISTING_REGISTER,AUTHENTIC_EXCHANGE_VERIFIED
000697.SZ,炼石航空,SZSE_MAIN,2024-09-06,1997-03-25,,SZSE_OFFICIAL_LISTING_REGISTER,AUTHENTIC_EXCHANGE_VERIFIED
000698.SZ,ST沈化,SZSE_MAIN,2024-09-05,1997-02-20,,SZSE_OFFICIAL_LISTING_REGISTER,AUTHENTIC_EXCHANGE_VERIFIED
000700.SZ,模塑科技,SZSE_MAIN,2024-09-06,1997-02-28,,SZSE_OFFICIAL_LISTING_REGISTER,AUTHENTIC_EXCHANGE_VERIFIED
000701.SZ,厦门信达,SZSE_MAIN,2024-09-06,1997-02-26,,SZSE_OFFICIAL_LISTING_REGISTER,AUTHENTIC_EXCHANGE_VERIFIED
000702.SZ,正虹科技,SZSE_MAIN,2024-09-06,1997-03-18,,SZSE_OFFICIAL_LISTING_REGISTER,AUTHENTIC_EXCHANGE_VERIFIED
000703.SZ,恒逸石化,SZSE_MAIN,2024-09-06,1997-03-28,,SZSE_OFFICIAL_LISTING_REGISTER,AUTHENTIC_EXCHANGE_VERIFIED
000705.SZ,浙江震元,SZSE_MAIN,2024-09-06,1997-04-10,,SZSE_OFFICIAL_LISTING_REGISTER,AUTHENTIC_EXCHANGE_VERIFIED
000707.SZ,双环科技,SZSE_MAIN,2024-09-06,1997-04-15,,SZSE_OFFICIAL_LISTING_REGISTER,AUTHENTIC_EXCHANGE_VERIFIED
000708.SZ,中信特钢,SZSE_MAIN,2024-09-06,1997-03-26,,SZSE_OFFICIAL_LISTING_REGISTER,AUTHENTIC_EXCHANGE_VERIFIED
000709.SZ,河钢股份,SZSE_MAIN,2024-09-06,1997-04-16,,SZSE_OFFICIAL_LISTING_REGISTER,AUTHENTIC_EXCHANGE_VERIFIED
000710.SZ,贝瑞基因,SZSE_MAIN,2024-09-06,1997-04-22,,SZSE_OFFICIAL_LISTING_REGISTER,AUTHENTIC_EXCHANGE_VERIFIED
000711.SZ,京蓝科技,SZSE_MAIN,2024-08-23,1997-04-11,,SZSE_OFFICIAL_LISTING_REGISTER,AUTHENTIC_EXCHANGE_VERIFIED
000712.SZ,锦龙股份,SZSE_MAIN,2024-09-06,1997-04-15,,SZSE_OFFICIAL_LISTING_REGISTER,AUTHENTIC_EXCHANGE_VERIFIED
000713.SZ,国投丰乐,SZSE_MAIN,2024-09-06,1997-04-22,,SZSE_OFFICIAL_LISTING_REGISTER,AUTHENTIC_EXCHANGE_VERIFIED
000715.SZ,中兴商业,SZSE_MAIN,2024-09-06,1997-05-08,,SZSE_OFFICIAL_LISTING_REGISTER,AUTHENTIC_EXCHANGE_VERIFIED
000716.SZ,黑芝麻,SZSE_MAIN,2024-08-30,1997-04-18,,SZSE_OFFICIAL_LISTING_REGISTER,AUTHENTIC_EXCHANGE_VERIFIED
000717.SZ,中南股份,SZSE_MAIN,2024-09-06,1997-05-08,,SZSE_OFFICIAL_LISTING_REGISTER,AUTHENTIC_EXCHANGE_VERIFIED
000718.SZ,苏宁环球,SZSE_MAIN,2024-09-06,1997-04-08,,SZSE_OFFICIAL_LISTING_REGISTER,AUTHENTIC_EXCHANGE_VERIFIED
000719.SZ,中原传媒,SZSE_MAIN,2024-09-06,1997-03-31,,SZSE_OFFICIAL_LISTING_REGISTER,AUTHENTIC_EXCHANGE_VERIFIED
000720.SZ,新能泰山,SZSE_MAIN,2024-09-06,1997-05-09,,SZSE_OFFICIAL_LISTING_REGISTER,AUTHENTIC_EXCHANGE_VERIFIED
000721.SZ,西安饮食,SZSE_MAIN,2024-09-06,1997-04-30,,SZSE_OFFICIAL_LISTING_REGISTER,AUTHENTIC_EXCHANGE_VERIFIED
000722.SZ,湖南发展,SZSE_MAIN,2024-09-06,1997-05-22,,SZSE_OFFICIAL_LISTING_REGISTER,AUTHENTIC_EXCHANGE_VERIFIED
000723.SZ,美锦能源,SZSE_MAIN,2024-09-06,1997-05-15,,SZSE_OFFICIAL_LISTING_REGISTER,AUTHENTIC_EXCHANGE_VERIFIED
000725.SZ,京东方Ａ,SZSE_MAIN,2023-01-13,2001-01-12,,SZSE_OFFICIAL_LISTING_REGISTER,AUTHENTIC_EXCHANGE_VERIFIED
000726.SZ,鲁 泰Ａ,SZSE_MAIN,2024-09-06,2000-12-25,,SZSE_OFFICIAL_LISTING_REGISTER,AUTHENTIC_EXCHANGE_VERIFIED
000727.SZ,冠捷科技,SZSE_MAIN,2024-09-06,1997-05-20,,SZSE_OFFICIAL_LISTING_REGISTER,AUTHENTIC_EXCHANGE_VERIFIED
000728.SZ,国元证券,SZSE_MAIN,2024-09-06,1997-06-16,,SZSE_OFFICIAL_LISTING_REGISTER,AUTHENTIC_EXCHANGE_VERIFIED
000729.SZ,燕京啤酒,SZSE_MAIN,2024-09-06,1997-07-16,,SZSE_OFFICIAL_LISTING_REGISTER,AUTHENTIC_EXCHANGE_VERIFIED
000730.SZ,000730.SZ,SZSE_MAIN,2002-01-23,1997-05-22,2004-09-24,SZSE_OFFICIAL_DELISTED_REGISTER,AUTHENTIC_EXCHANGE_VERIFIED
000731.SZ,四川美丰,SZSE_MAIN,2024-09-06,1997-06-17,,SZSE_OFFICIAL_LISTING_REGISTER,AUTHENTIC_EXCHANGE_VERIFIED
000733.SZ,振华科技,SZSE_MAIN,2024-09-06,1997-07-03,,SZSE_OFFICIAL_LISTING_REGISTER,AUTHENTIC_EXCHANGE_VERIFIED
000735.SZ,罗 牛 山,SZSE_MAIN,2024-09-06,1997-06-11,,SZSE_OFFICIAL_LISTING_REGISTER,AUTHENTIC_EXCHANGE_VERIFIED
000736.SZ,中交发展,SZSE_MAIN,2024-09-04,1997-04-25,,SZSE_OFFICIAL_LISTING_REGISTER,AUTHENTIC_EXCHANGE_VERIFIED
000737.SZ,北方铜业,SZSE_MAIN,2024-09-06,1997-04-28,,SZSE_OFFICIAL_LISTING_REGISTER,AUTHENTIC_EXCHANGE_VERIFIED
000738.SZ,航发控制,SZSE_MAIN,2024-09-06,1997-06-26,,SZSE_OFFICIAL_LISTING_REGISTER,AUTHENTIC_EXCHANGE_VERIFIED
000739.SZ,普洛药业,SZSE_MAIN,2024-09-06,1997-05-09,,SZSE_OFFICIAL_LISTING_REGISTER,AUTHENTIC_EXCHANGE_VERIFIED
000750.SZ,国海证券,SZSE_MAIN,2024-09-06,1997-07-09,,SZSE_OFFICIAL_LISTING_REGISTER,AUTHENTIC_EXCHANGE_VERIFIED
000751.SZ,锌业股份,SZSE_MAIN,2024-09-06,1997-06-26,,SZSE_OFFICIAL_LISTING_REGISTER,AUTHENTIC_EXCHANGE_VERIFIED
000752.SZ,*ST西发,SZSE_MAIN,2024-09-06,1997-06-25,,SZSE_OFFICIAL_LISTING_REGISTER,AUTHENTIC_EXCHANGE_VERIFIED
000753.SZ,漳州发展,SZSE_MAIN,2024-09-06,1997-06-26,,SZSE_OFFICIAL_LISTING_REGISTER,AUTHENTIC_EXCHANGE_VERIFIED
000755.SZ,山西高速,SZSE_MAIN,2024-09-06,1997-06-27,,SZSE_OFFICIAL_LISTING_REGISTER,AUTHENTIC_EXCHANGE_VERIFIED
000756.SZ,新华制药,SZSE_MAIN,2024-09-06,1997-08-06,,SZSE_OFFICIAL_LISTING_REGISTER,AUTHENTIC_EXCHANGE_VERIFIED
000757.SZ,浩物股份,SZSE_MAIN,2024-09-06,1997-06-27,,SZSE_OFFICIAL_LISTING_REGISTER,AUTHENTIC_EXCHANGE_VERIFIED
000758.SZ,中色股份,SZSE_MAIN,2024-09-06,1997-04-16,,SZSE_OFFICIAL_LISTING_REGISTER,AUTHENTIC_EXCHANGE_VERIFIED
000759.SZ,中百集团,SZSE_MAIN,2024-09-06,1997-05-19,,SZSE_OFFICIAL_LISTING_REGISTER,AUTHENTIC_EXCHANGE_VERIFIED
000760.SZ,000760.SZ,SZSE_MAIN,2018-06-20,1997-06-27,2021-07-23,SZSE_OFFICIAL_DELISTED_REGISTER,AUTHENTIC_EXCHANGE_VERIFIED
000761.SZ,本钢板材,SZSE_MAIN,2024-09-06,1998-01-15,,SZSE_OFFICIAL_LISTING_REGISTER,AUTHENTIC_EXCHANGE_VERIFIED
000762.SZ,西藏矿业,SZSE_MAIN,2024-09-06,1997-07-08,,SZSE_OFFICIAL_LISTING_REGISTER,AUTHENTIC_EXCHANGE_VERIFIED
000765.SZ,000765.SZ,SZSE_MAIN,2002-01-22,1997-11-03,2005-07-04,SZSE_OFFICIAL_DELISTED_REGISTER,AUTHENTIC_EXCHANGE_VERIFIED
000766.SZ,通化金马,SZSE_MAIN,2024-09-06,1997-04-30,,SZSE_OFFICIAL_LISTING_REGISTER,AUTHENTIC_EXCHANGE_VERIFIED
000767.SZ,晋控电力,SZSE_MAIN,2024-09-06,1997-06-09,,SZSE_OFFICIAL_LISTING_REGISTER,AUTHENTIC_EXCHANGE_VERIFIED
000768.SZ,中航西飞,SZSE_MAIN,2024-09-06,1997-06-26,,SZSE_OFFICIAL_LISTING_REGISTER,AUTHENTIC_EXCHANGE_VERIFIED
000776.SZ,广发证券,SZSE_MAIN,2024-09-06,1997-06-11,,SZSE_OFFICIAL_LISTING_REGISTER,AUTHENTIC_EXCHANGE_VERIFIED
000777.SZ,中核科技,SZSE_MAIN,2024-09-06,1997-07-10,,SZSE_OFFICIAL_LISTING_REGISTER,AUTHENTIC_EXCHANGE_VERIFIED
000778.SZ,新兴铸管,SZSE_MAIN,2024-09-06,1997-06-06,,SZSE_OFFICIAL_LISTING_REGISTER,AUTHENTIC_EXCHANGE_VERIFIED
000779.SZ,甘咨询,SZSE_MAIN,2024-09-06,1997-05-28,,SZSE_OFFICIAL_LISTING_REGISTER,AUTHENTIC_EXCHANGE_VERIFIED
000780.SZ,000780.SZ,SZSE_MAIN,2019-11-08,1997-06-06,2022-01-24,SZSE_OFFICIAL_DELISTED_REGISTER,AUTHENTIC_EXCHANGE_VERIFIED
000782.SZ,恒申新材,SZSE_MAIN,2024-09-06,1997-06-19,,SZSE_OFFICIAL_LISTING_REGISTER,AUTHENTIC_EXCHANGE_VERIFIED
000783.SZ,长江证券,SZSE_MAIN,2024-09-06,1997-07-31,,SZSE_OFFICIAL_LISTING_REGISTER,AUTHENTIC_EXCHANGE_VERIFIED
000785.SZ,居然智家,SZSE_MAIN,2024-09-06,1997-07-11,,SZSE_OFFICIAL_LISTING_REGISTER,AUTHENTIC_EXCHANGE_VERIFIED
000786.SZ,北新建材,SZSE_MAIN,2024-09-06,1997-06-06,,SZSE_OFFICIAL_LISTING_REGISTER,AUTHENTIC_EXCHANGE_VERIFIED
000788.SZ,北大医药,SZSE_MAIN,2024-09-06,1997-06-16,,SZSE_OFFICIAL_LISTING_REGISTER,AUTHENTIC_EXCHANGE_VERIFIED
000789.SZ,万年青,SZSE_MAIN,2024-09-06,1997-09-23,,SZSE_OFFICIAL_LISTING_REGISTER,AUTHENTIC_EXCHANGE_VERIFIED
000790.SZ,华神科技,SZSE_MAIN,2024-09-06,1998-03-27,,SZSE_OFFICIAL_LISTING_REGISTER,AUTHENTIC_EXCHANGE_VERIFIED
000791.SZ,甘肃能源,SZSE_MAIN,2024-09-06,1997-10-14,,SZSE_OFFICIAL_LISTING_REGISTER,AUTHENTIC_EXCHANGE_VERIFIED
000792.SZ,盐湖股份,SZSE_MAIN,2024-09-06,1997-09-04,,SZSE_OFFICIAL_LISTING_REGISTER,AUTHENTIC_EXCHANGE_VERIFIED
000793.SZ,ST华闻,SZSE_MAIN,2024-09-06,1997-07-29,,SZSE_OFFICIAL_LISTING_REGISTER,AUTHENTIC_EXCHANGE_VERIFIED
000795.SZ,英洛华,SZSE_MAIN,2024-09-06,1997-08-08,,SZSE_OFFICIAL_LISTING_REGISTER,AUTHENTIC_EXCHANGE_VERIFIED
000796.SZ,凯撒旅业,SZSE_MAIN,2024-09-05,1997-07-03,,SZSE_OFFICIAL_LISTING_REGISTER,AUTHENTIC_EXCHANGE_VERIFIED
000797.SZ,中国武夷,SZSE_MAIN,2024-09-06,1997-07-15,,SZSE_OFFICIAL_LISTING_REGISTER,AUTHENTIC_EXCHANGE_VERIFIED
000798.SZ,中水渔业,SZSE_MAIN,2024-09-06,1998-02-12,,SZSE_OFFICIAL_LISTING_REGISTER,AUTHENTIC_EXCHANGE_VERIFIED
000799.SZ,酒鬼酒,SZSE_MAIN,2024-09-06,1997-07-18,,SZSE_OFFICIAL_LISTING_REGISTER,AUTHENTIC_EXCHANGE_VERIFIED
000800.SZ,一汽解放,SZSE_MAIN,2024-09-06,1997-06-18,,SZSE_OFFICIAL_LISTING_REGISTER,AUTHENTIC_EXCHANGE_VERIFIED
000801.SZ,四川九洲,SZSE_MAIN,2024-09-06,1998-05-06,,SZSE_OFFICIAL_LISTING_REGISTER,AUTHENTIC_EXCHANGE_VERIFIED
000802.SZ,北京文化,SZSE_MAIN,2024-09-06,1998-01-08,,SZSE_OFFICIAL_LISTING_REGISTER,AUTHENTIC_EXCHANGE_VERIFIED
000803.SZ,山高环能,SZSE_MAIN,2024-09-06,1998-03-03,,SZSE_OFFICIAL_LISTING_REGISTER,AUTHENTIC_EXCHANGE_VERIFIED
000805.SZ,000805.SZ,SZSE_MAIN,2004-03-30,1998-05-29,2013-03-27,SZSE_OFFICIAL_DELISTED_REGISTER,AUTHENTIC_EXCHANGE_VERIFIED
000806.SZ,000806.SZ,SZSE_MAIN,2021-04-28,1998-04-16,2023-07-06,SZSE_OFFICIAL_DELISTED_REGISTER,AUTHENTIC_EXCHANGE_VERIFIED
000807.SZ,云铝股份,SZSE_MAIN,2024-09-06,1998-04-08,,SZSE_OFFICIAL_LISTING_REGISTER,AUTHENTIC_EXCHANGE_VERIFIED
000809.SZ,和展能源,SZSE_MAIN,2024-09-06,1998-06-16,,SZSE_OFFICIAL_LISTING_REGISTER,AUTHENTIC_EXCHANGE_VERIFIED
000810.SZ,创维数字,SZSE_MAIN,2024-09-06,1998-06-02,,SZSE_OFFICIAL_LISTING_REGISTER,AUTHENTIC_EXCHANGE_VERIFIED
000811.SZ,冰轮环境,SZSE_MAIN,2024-09-06,1998-05-28,,SZSE_OFFICIAL_LISTING_REGISTER,AUTHENTIC_EXCHANGE_VERIFIED
000812.SZ,陕西金叶,SZSE_MAIN,2024-09-06,1998-06-23,,SZSE_OFFICIAL_LISTING_REGISTER,AUTHENTIC_EXCHANGE_VERIFIED
000813.SZ,德展健康,SZSE_MAIN,2024-09-06,1998-05-19,,SZSE_OFFICIAL_LISTING_REGISTER,AUTHENTIC_EXCHANGE_VERIFIED
000815.SZ,美利云,SZSE_MAIN,2024-09-06,1998-06-09,,SZSE_OFFICIAL_LISTING_REGISTER,AUTHENTIC_EXCHANGE_VERIFIED
000816.SZ,智慧农业,SZSE_MAIN,2024-09-06,1997-08-18,,SZSE_OFFICIAL_LISTING_REGISTER,AUTHENTIC_EXCHANGE_VERIFIED
000818.SZ,航锦科技,SZSE_MAIN,2024-09-06,1997-10-17,,SZSE_OFFICIAL_LISTING_REGISTER,AUTHENTIC_EXCHANGE_VERIFIED
000819.SZ,岳阳兴长,SZSE_MAIN,2024-09-06,1997-06-25,,SZSE_OFFICIAL_LISTING_REGISTER,AUTHENTIC_EXCHANGE_VERIFIED
000820.SZ,神雾节能,SZSE_MAIN,2024-09-02,1998-06-30,,SZSE_OFFICIAL_LISTING_REGISTER,AUTHENTIC_EXCHANGE_VERIFIED
000821.SZ,ST京机,SZSE_MAIN,2024-09-05,1998-06-26,,SZSE_OFFICIAL_LISTING_REGISTER,AUTHENTIC_EXCHANGE_VERIFIED
000822.SZ,山东海化,SZSE_MAIN,2024-09-06,1998-07-03,,SZSE_OFFICIAL_LISTING_REGISTER,AUTHENTIC_EXCHANGE_VERIFIED
000823.SZ,超声电子,SZSE_MAIN,2024-09-06,1997-10-08,,SZSE_OFFICIAL_LISTING_REGISTER,AUTHENTIC_EXCHANGE_VERIFIED
000825.SZ,太钢不锈,SZSE_MAIN,2024-09-06,1998-10-21,,SZSE_OFFICIAL_LISTING_REGISTER,AUTHENTIC_EXCHANGE_VERIFIED
000826.SZ,*ST启环,SZSE_MAIN,2024-09-05,1998-02-25,,SZSE_OFFICIAL_LISTING_REGISTER,AUTHENTIC_EXCHANGE_VERIFIED
000828.SZ,东莞控股,SZSE_MAIN,2024-09-06,1997-06-17,,SZSE_OFFICIAL_LISTING_REGISTER,AUTHENTIC_EXCHANGE_VERIFIED
000829.SZ,天音控股,SZSE_MAIN,2024-09-06,1997-12-02,,SZSE_OFFICIAL_LISTING_REGISTER,AUTHENTIC_EXCHANGE_VERIFIED
000830.SZ,鲁西化工,SZSE_MAIN,2024-09-06,1998-08-07,,SZSE_OFFICIAL_LISTING_REGISTER,AUTHENTIC_EXCHANGE_VERIFIED
000831.SZ,中国稀土,SZSE_MAIN,2024-09-06,1998-09-11,,SZSE_OFFICIAL_LISTING_REGISTER,AUTHENTIC_EXCHANGE_VERIFIED
000833.SZ,粤桂股份,SZSE_MAIN,2024-09-06,1998-11-11,,SZSE_OFFICIAL_LISTING_REGISTER,AUTHENTIC_EXCHANGE_VERIFIED
000835.SZ,000835.SZ,SZSE_MAIN,2020-03-25,1999-06-25,2022-05-23,SZSE_OFFICIAL_DELISTED_REGISTER,AUTHENTIC_EXCHANGE_VERIFIED
000836.SZ,000836.SZ,SZSE_MAIN,2022-05-25,1997-09-29,2024-08-12,SZSE_OFFICIAL_DELISTED_REGISTER,AUTHENTIC_EXCHANGE_VERIFIED
000837.SZ,秦川机床,SZSE_MAIN,2024-09-06,1998-09-28,,SZSE_OFFICIAL_LISTING_REGISTER,AUTHENTIC_EXCHANGE_VERIFIED
000838.SZ,*ST发展,SZSE_MAIN,2024-09-06,1997-06-26,,SZSE_OFFICIAL_LISTING_REGISTER,AUTHENTIC_EXCHANGE_VERIFIED
000839.SZ,国安股份,SZSE_MAIN,2024-09-06,1997-10-31,,SZSE_OFFICIAL_LISTING_REGISTER,AUTHENTIC_EXCHANGE_VERIFIED
000848.SZ,承德露露,SZSE_MAIN,2024-09-06,1997-11-13,,SZSE_OFFICIAL_LISTING_REGISTER,AUTHENTIC_EXCHANGE_VERIFIED
000850.SZ,华茂股份,SZSE_MAIN,2024-09-06,1998-10-07,,SZSE_OFFICIAL_LISTING_REGISTER,AUTHENTIC_EXCHANGE_VERIFIED
000851.SZ,000851.SZ,SZSE_MAIN,2023-09-04,1998-06-09,2025-11-11,SZSE_OFFICIAL_DELISTED_REGISTER,AUTHENTIC_EXCHANGE_VERIFIED
000852.SZ,石化机械,SZSE_MAIN,2024-09-06,1998-11-26,,SZSE_OFFICIAL_LISTING_REGISTER,AUTHENTIC_EXCHANGE_VERIFIED
000856.SZ,冀东装备,SZSE_MAIN,2024-09-06,1998-08-13,,SZSE_OFFICIAL_LISTING_REGISTER,AUTHENTIC_EXCHANGE_VERIFIED
000858.SZ,五 粮 液,SZSE_MAIN,2023-01-13,1998-04-27,,SZSE_OFFICIAL_LISTING_REGISTER,AUTHENTIC_EXCHANGE_VERIFIED
000859.SZ,国风新材,SZSE_MAIN,2024-09-06,1998-11-19,,SZSE_OFFICIAL_LISTING_REGISTER,AUTHENTIC_EXCHANGE_VERIFIED
000860.SZ,顺鑫农业,SZSE_MAIN,2024-09-06,1998-11-04,,SZSE_OFFICIAL_LISTING_REGISTER,AUTHENTIC_EXCHANGE_VERIFIED
000861.SZ,000861.SZ,SZSE_MAIN,2022-07-01,1998-10-28,2024-09-18,SZSE_OFFICIAL_DELISTED_REGISTER,AUTHENTIC_EXCHANGE_VERIFIED
000862.SZ,银星能源,SZSE_MAIN,2024-09-06,1998-09-15,,SZSE_OFFICIAL_LISTING_REGISTER,AUTHENTIC_EXCHANGE_VERIFIED
000863.SZ,三湘印象,SZSE_MAIN,2024-09-06,1997-09-25,,SZSE_OFFICIAL_LISTING_REGISTER,AUTHENTIC_EXCHANGE_VERIFIED
000866.SZ,000866.SZ,SZSE_MAIN,2004-03-04,1998-05-12,2006-04-21,SZSE_OFFICIAL_DELISTED_REGISTER,AUTHENTIC_EXCHANGE_VERIFIED
000868.SZ,安凯客车,SZSE_MAIN,2024-09-06,1997-07-25,,SZSE_OFFICIAL_LISTING_REGISTER,AUTHENTIC_EXCHANGE_VERIFIED
000869.SZ,张 裕Ａ,SZSE_MAIN,2024-09-06,2000-10-26,,SZSE_OFFICIAL_LISTING_REGISTER,AUTHENTIC_EXCHANGE_VERIFIED
000875.SZ,电投绿能,SZSE_MAIN,2024-09-06,2002-09-26,,SZSE_OFFICIAL_LISTING_REGISTER,AUTHENTIC_EXCHANGE_VERIFIED
000876.SZ,新 希 望,SZSE_MAIN,2024-09-06,1998-03-11,,SZSE_OFFICIAL_LISTING_REGISTER,AUTHENTIC_EXCHANGE_VERIFIED
000877.SZ,天山股份,SZSE_MAIN,2024-09-06,1999-01-07,,SZSE_OFFICIAL_LISTING_REGISTER,AUTHENTIC_EXCHANGE_VERIFIED
000878.SZ,云南铜业,SZSE_MAIN,2024-09-06,1998-06-02,,SZSE_OFFICIAL_LISTING_REGISTER,AUTHENTIC_EXCHANGE_VERIFIED
000880.SZ,潍柴重机,SZSE_MAIN,2024-09-06,1998-04-02,,SZSE_OFFICIAL_LISTING_REGISTER,AUTHENTIC_EXCHANGE_VERIFIED
000881.SZ,中广核技,SZSE_MAIN,2024-09-06,1998-09-02,,SZSE_OFFICIAL_LISTING_REGISTER,AUTHENTIC_EXCHANGE_VERIFIED
000882.SZ,华联股份,SZSE_MAIN,2024-09-06,1998-06-16,,SZSE_OFFICIAL_LISTING_REGISTER,AUTHENTIC_EXCHANGE_VERIFIED
000883.SZ,湖北能源,SZSE_MAIN,2024-09-06,1998-05-19,,SZSE_OFFICIAL_LISTING_REGISTER,AUTHENTIC_EXCHANGE_VERIFIED
000885.SZ,城发环境,SZSE_MAIN,2024-09-06,1999-03-19,,SZSE_OFFICIAL_LISTING_REGISTER,AUTHENTIC_EXCHANGE_VERIFIED
000886.SZ,海南高速,SZSE_MAIN,2024-09-06,1998-01-23,,SZSE_OFFICIAL_LISTING_REGISTER,AUTHENTIC_EXCHANGE_VERIFIED
000887.SZ,中鼎股份,SZSE_MAIN,2024-09-06,1998-12-03,,SZSE_OFFICIAL_LISTING_REGISTER,AUTHENTIC_EXCHANGE_VERIFIED
000888.SZ,峨眉山Ａ,SZSE_MAIN,2024-09-06,1997-10-21,,SZSE_OFFICIAL_LISTING_REGISTER,AUTHENTIC_EXCHANGE_VERIFIED
000889.SZ,中嘉博创,SZSE_MAIN,2024-09-06,1997-12-18,,SZSE_OFFICIAL_LISTING_REGISTER,AUTHENTIC_EXCHANGE_VERIFIED
000890.SZ,法尔胜,SZSE_MAIN,2024-09-06,1999-01-19,,SZSE_OFFICIAL_LISTING_REGISTER,AUTHENTIC_EXCHANGE_VERIFIED
000892.SZ,欢瑞世纪,SZSE_MAIN,2024-09-06,1999-01-15,,SZSE_OFFICIAL_LISTING_REGISTER,AUTHENTIC_EXCHANGE_VERIFIED
000893.SZ,亚钾国际,SZSE_MAIN,2024-09-06,1998-12-24,,SZSE_OFFICIAL_LISTING_REGISTER,AUTHENTIC_EXCHANGE_VERIFIED
000895.SZ,双汇发展,SZSE_MAIN,2024-09-06,1998-12-10,,SZSE_OFFICIAL_LISTING_REGISTER,AUTHENTIC_EXCHANGE_VERIFIED
000897.SZ,津滨发展,SZSE_MAIN,2024-09-06,1999-04-22,,SZSE_OFFICIAL_LISTING_REGISTER,AUTHENTIC_EXCHANGE_VERIFIED
000898.SZ,鞍钢股份,SZSE_MAIN,2024-09-06,1997-12-25,,SZSE_OFFICIAL_LISTING_REGISTER,AUTHENTIC_EXCHANGE_VERIFIED
000899.SZ,赣能股份,SZSE_MAIN,2024-09-06,1997-11-26,,SZSE_OFFICIAL_LISTING_REGISTER,AUTHENTIC_EXCHANGE_VERIFIED
000900.SZ,现代投资,SZSE_MAIN,2024-09-06,1999-01-28,,SZSE_OFFICIAL_LISTING_REGISTER,AUTHENTIC_EXCHANGE_VERIFIED
000901.SZ,航天科技,SZSE_MAIN,2024-09-06,1999-04-01,,SZSE_OFFICIAL_LISTING_REGISTER,AUTHENTIC_EXCHANGE_VERIFIED
000902.SZ,新洋丰,SZSE_MAIN,2024-09-06,1999-04-08,,SZSE_OFFICIAL_LISTING_REGISTER,AUTHENTIC_EXCHANGE_VERIFIED
000903.SZ,ST云动,SZSE_MAIN,2024-09-06,1999-04-15,,SZSE_OFFICIAL_LISTING_REGISTER,AUTHENTIC_EXCHANGE_VERIFIED
000905.SZ,厦门港务,SZSE_MAIN,2024-08-30,1999-04-29,,SZSE_OFFICIAL_LISTING_REGISTER,AUTHENTIC_EXCHANGE_VERIFIED
000906.SZ,浙商中拓,SZSE_MAIN,2024-09-06,1999-07-07,,SZSE_OFFICIAL_LISTING_REGISTER,AUTHENTIC_EXCHANGE_VERIFIED
000908.SZ,石药景峰,SZSE_MAIN,2024-08-27,1999-02-03,,SZSE_OFFICIAL_LISTING_REGISTER,AUTHENTIC_EXCHANGE_VERIFIED
000909.SZ,*ST数源,SZSE_MAIN,2024-09-06,1999-05-07,,SZSE_OFFICIAL_LISTING_REGISTER,AUTHENTIC_EXCHANGE_VERIFIED
000910.SZ,大亚圣象,SZSE_MAIN,2024-09-06,1999-06-30,,SZSE_OFFICIAL_LISTING_REGISTER,AUTHENTIC_EXCHANGE_VERIFIED
000911.SZ,*ST广糖,SZSE_MAIN,2024-09-05,1999-05-27,,SZSE_OFFICIAL_LISTING_REGISTER,AUTHENTIC_EXCHANGE_VERIFIED
000912.SZ,泸天化,SZSE_MAIN,2024-09-06,1999-06-03,,SZSE_OFFICIAL_LISTING_REGISTER,AUTHENTIC_EXCHANGE_VERIFIED
000913.SZ,钱江摩托,SZSE_MAIN,2024-09-06,1999-05-14,,SZSE_OFFICIAL_LISTING_REGISTER,AUTHENTIC_EXCHANGE_VERIFIED
000915.SZ,华特达因,SZSE_MAIN,2024-09-06,1999-06-09,,SZSE_OFFICIAL_LISTING_REGISTER,AUTHENTIC_EXCHANGE_VERIFIED
000916.SZ,000916.SZ,SZSE_MAIN,2014-11-07,1999-09-27,2017-12-25,SZSE_OFFICIAL_DELISTED_REGISTER,AUTHENTIC_EXCHANGE_VERIFIED
000917.SZ,电广传媒,SZSE_MAIN,2024-09-06,1999-03-25,,SZSE_OFFICIAL_LISTING_REGISTER,AUTHENTIC_EXCHANGE_VERIFIED
000919.SZ,金陵药业,SZSE_MAIN,2024-09-06,1999-11-18,,SZSE_OFFICIAL_LISTING_REGISTER,AUTHENTIC_EXCHANGE_VERIFIED
000920.SZ,沃顿科技,SZSE_MAIN,2024-09-06,1999-06-16,,SZSE_OFFICIAL_LISTING_REGISTER,AUTHENTIC_EXCHANGE_VERIFIED
000921.SZ,海信家电,SZSE_MAIN,2024-09-06,1999-07-13,,SZSE_OFFICIAL_LISTING_REGISTER,AUTHENTIC_EXCHANGE_VERIFIED
000922.SZ,佳电股份,SZSE_MAIN,2024-09-06,1999-06-18,,SZSE_OFFICIAL_LISTING_REGISTER,AUTHENTIC_EXCHANGE_VERIFIED
000923.SZ,河钢资源,SZSE_MAIN,2024-09-06,1999-07-14,,SZSE_OFFICIAL_LISTING_REGISTER,AUTHENTIC_EXCHANGE_VERIFIED
000925.SZ,众合科技,SZSE_MAIN,2024-09-06,1999-06-11,,SZSE_OFFICIAL_LISTING_REGISTER,AUTHENTIC_EXCHANGE_VERIFIED
000926.SZ,福星股份,SZSE_MAIN,2024-09-06,1999-06-18,,SZSE_OFFICIAL_LISTING_REGISTER,AUTHENTIC_EXCHANGE_VERIFIED
000927.SZ,中国铁物,SZSE_MAIN,2024-09-06,1999-07-27,,SZSE_OFFICIAL_LISTING_REGISTER,AUTHENTIC_EXCHANGE_VERIFIED
000928.SZ,中钢国际,SZSE_MAIN,2024-09-06,1999-03-12,,SZSE_OFFICIAL_LISTING_REGISTER,AUTHENTIC_EXCHANGE_VERIFIED
000929.SZ,兰州黄河,SZSE_MAIN,2024-09-06,1999-06-23,,SZSE_OFFICIAL_LISTING_REGISTER,AUTHENTIC_EXCHANGE_VERIFIED
000930.SZ,中粮科技,SZSE_MAIN,2024-09-06,1999-07-12,,SZSE_OFFICIAL_LISTING_REGISTER,AUTHENTIC_EXCHANGE_VERIFIED
000931.SZ,中 关 村,SZSE_MAIN,2024-09-06,1999-07-12,,SZSE_OFFICIAL_LISTING_REGISTER,AUTHENTIC_EXCHANGE_VERIFIED
000932.SZ,华菱钢铁,SZSE_MAIN,2024-09-06,1999-08-03,,SZSE_OFFICIAL_LISTING_REGISTER,AUTHENTIC_EXCHANGE_VERIFIED
000933.SZ,神火股份,SZSE_MAIN,2024-09-06,1999-08-31,,SZSE_OFFICIAL_LISTING_REGISTER,AUTHENTIC_EXCHANGE_VERIFIED
000935.SZ,四川双马,SZSE_MAIN,2024-09-06,1999-08-24,,SZSE_OFFICIAL_LISTING_REGISTER,AUTHENTIC_EXCHANGE_VERIFIED
000936.SZ,华西股份,SZSE_MAIN,2024-09-06,1999-08-10,,SZSE_OFFICIAL_LISTING_REGISTER,AUTHENTIC_EXCHANGE_VERIFIED
000937.SZ,冀中能源,SZSE_MAIN,2024-09-06,1999-09-09,,SZSE_OFFICIAL_LISTING_REGISTER,AUTHENTIC_EXCHANGE_VERIFIED
000938.SZ,紫光股份,SZSE_MAIN,2024-09-06,1999-11-04,,SZSE_OFFICIAL_LISTING_REGISTER,AUTHENTIC_EXCHANGE_VERIFIED
000948.SZ,南天信息,SZSE_MAIN,2024-09-06,1999-10-14,,SZSE_OFFICIAL_LISTING_REGISTER,AUTHENTIC_EXCHANGE_VERIFIED
000949.SZ,新乡化纤,SZSE_MAIN,2024-09-06,1999-10-21,,SZSE_OFFICIAL_LISTING_REGISTER,AUTHENTIC_EXCHANGE_VERIFIED
000950.SZ,重药控股,SZSE_MAIN,2024-09-06,1999-09-16,,SZSE_OFFICIAL_LISTING_REGISTER,AUTHENTIC_EXCHANGE_VERIFIED
000951.SZ,中国重汽,SZSE_MAIN,2024-09-06,1999-11-25,,SZSE_OFFICIAL_LISTING_REGISTER,AUTHENTIC_EXCHANGE_VERIFIED
000952.SZ,广济药业,SZSE_MAIN,2024-09-06,1999-11-12,,SZSE_OFFICIAL_LISTING_REGISTER,AUTHENTIC_EXCHANGE_VERIFIED
000953.SZ,中哲精化,SZSE_MAIN,2024-09-06,1999-12-02,,SZSE_OFFICIAL_LISTING_REGISTER,AUTHENTIC_EXCHANGE_VERIFIED
000955.SZ,欣龙控股,SZSE_MAIN,2024-09-06,1999-12-09,,SZSE_OFFICIAL_LISTING_REGISTER,AUTHENTIC_EXCHANGE_VERIFIED
000956.SZ,000956.SZ,SZSE_MAIN,2004-03-01,1999-11-10,2006-04-21,SZSE_OFFICIAL_DELISTED_REGISTER,AUTHENTIC_EXCHANGE_VERIFIED
000957.SZ,中通客车,SZSE_MAIN,2024-09-06,2000-01-13,,SZSE_OFFICIAL_LISTING_REGISTER,AUTHENTIC_EXCHANGE_VERIFIED
000958.SZ,电投产融,SZSE_MAIN,2024-09-06,1999-12-23,,SZSE_OFFICIAL_LISTING_REGISTER,AUTHENTIC_EXCHANGE_VERIFIED
000959.SZ,首钢股份,SZSE_MAIN,2024-08-23,1999-12-16,,SZSE_OFFICIAL_LISTING_REGISTER,AUTHENTIC_EXCHANGE_VERIFIED
000960.SZ,锡业股份,SZSE_MAIN,2024-09-06,2000-02-21,,SZSE_OFFICIAL_LISTING_REGISTER,AUTHENTIC_EXCHANGE_VERIFIED
000961.SZ,000961.SZ,SZSE_MAIN,2022-04-13,2000-03-01,2024-07-11,SZSE_OFFICIAL_DELISTED_REGISTER,AUTHENTIC_EXCHANGE_VERIFIED
000962.SZ,东方钽业,SZSE_MAIN,2024-09-06,2000-01-20,,SZSE_OFFICIAL_LISTING_REGISTER,AUTHENTIC_EXCHANGE_VERIFIED
000963.SZ,华东医药,SZSE_MAIN,2024-09-06,2000-01-27,,SZSE_OFFICIAL_LISTING_REGISTER,AUTHENTIC_EXCHANGE_VERIFIED
000965.SZ,天保基建,SZSE_MAIN,2024-09-06,2000-04-06,,SZSE_OFFICIAL_LISTING_REGISTER,AUTHENTIC_EXCHANGE_VERIFIED
000966.SZ,长源电力,SZSE_MAIN,2024-09-06,2000-03-16,,SZSE_OFFICIAL_LISTING_REGISTER,AUTHENTIC_EXCHANGE_VERIFIED
000967.SZ,盈峰环境,SZSE_MAIN,2024-09-06,2000-03-30,,SZSE_OFFICIAL_LISTING_REGISTER,AUTHENTIC_EXCHANGE_VERIFIED
000968.SZ,蓝焰控股,SZSE_MAIN,2024-09-06,2000-06-22,,SZSE_OFFICIAL_LISTING_REGISTER,AUTHENTIC_EXCHANGE_VERIFIED
000969.SZ,安泰科技,SZSE_MAIN,2024-09-06,2000-05-29,,SZSE_OFFICIAL_LISTING_REGISTER,AUTHENTIC_EXCHANGE_VERIFIED
000970.SZ,中科三环,SZSE_MAIN,2024-09-06,2000-04-20,,SZSE_OFFICIAL_LISTING_REGISTER,AUTHENTIC_EXCHANGE_VERIFIED
000971.SZ,000971.SZ,SZSE_MAIN,2022-05-13,2000-04-27,2024-07-24,SZSE_OFFICIAL_DELISTED_REGISTER,AUTHENTIC_EXCHANGE_VERIFIED
000972.SZ,中基健康,SZSE_MAIN,2024-08-21,2000-09-26,,SZSE_OFFICIAL_LISTING_REGISTER,AUTHENTIC_EXCHANGE_VERIFIED
000973.SZ,佛塑科技,SZSE_MAIN,2024-09-06,2000-05-25,,SZSE_OFFICIAL_LISTING_REGISTER,AUTHENTIC_EXCHANGE_VERIFIED
000975.SZ,山金国际,SZSE_MAIN,2024-09-06,2000-06-08,,SZSE_OFFICIAL_LISTING_REGISTER,AUTHENTIC_EXCHANGE_VERIFIED
000976.SZ,000976.SZ,SZSE_MAIN,2022-04-27,2000-06-01,2024-08-27,SZSE_OFFICIAL_DELISTED_REGISTER,AUTHENTIC_EXCHANGE_VERIFIED
000977.SZ,浪潮信息,SZSE_MAIN,2024-09-06,2000-06-08,,SZSE_OFFICIAL_LISTING_REGISTER,AUTHENTIC_EXCHANGE_VERIFIED
000978.SZ,桂林旅游,SZSE_MAIN,2024-09-06,2000-05-18,,SZSE_OFFICIAL_LISTING_REGISTER,AUTHENTIC_EXCHANGE_VERIFIED
000980.SZ,众泰汽车,SZSE_MAIN,2024-09-06,2000-06-16,,SZSE_OFFICIAL_LISTING_REGISTER,AUTHENTIC_EXCHANGE_VERIFIED
000981.SZ,山子高科,SZSE_MAIN,2024-09-06,2000-06-22,,SZSE_OFFICIAL_LISTING_REGISTER,AUTHENTIC_EXCHANGE_VERIFIED
000983.SZ,山西焦煤,SZSE_MAIN,2024-09-06,2000-07-26,,SZSE_OFFICIAL_LISTING_REGISTER,AUTHENTIC_EXCHANGE_VERIFIED
000985.SZ,大庆华科,SZSE_MAIN,2024-09-06,2000-07-26,,SZSE_OFFICIAL_LISTING_REGISTER,AUTHENTIC_EXCHANGE_VERIFIED
000987.SZ,越秀资本,SZSE_MAIN,2024-09-06,2000-07-18,,SZSE_OFFICIAL_LISTING_REGISTER,AUTHENTIC_EXCHANGE_VERIFIED
000988.SZ,华工科技,SZSE_MAIN,2024-09-06,2000-06-08,,SZSE_OFFICIAL_LISTING_REGISTER,AUTHENTIC_EXCHANGE_VERIFIED
000989.SZ,九芝堂,SZSE_MAIN,2024-09-06,2000-06-28,,SZSE_OFFICIAL_LISTING_REGISTER,AUTHENTIC_EXCHANGE_VERIFIED
000990.SZ,诚志股份,SZSE_MAIN,2024-09-06,2000-07-06,,SZSE_OFFICIAL_LISTING_REGISTER,AUTHENTIC_EXCHANGE_VERIFIED
000993.SZ,闽东电力,SZSE_MAIN,2024-09-06,2000-07-31,,SZSE_OFFICIAL_LISTING_REGISTER,AUTHENTIC_EXCHANGE_VERIFIED
000995.SZ,皇台酒业,SZSE_MAIN,2024-09-06,2000-08-07,,SZSE_OFFICIAL_LISTING_REGISTER,AUTHENTIC_EXCHANGE_VERIFIED
000996.SZ,000996.SZ,SZSE_MAIN,2022-04-15,2000-07-18,2024-06-28,SZSE_OFFICIAL_DELISTED_REGISTER,AUTHENTIC_EXCHANGE_VERIFIED
000997.SZ,新 大 陆,SZSE_MAIN,2024-09-06,2000-08-07,,SZSE_OFFICIAL_LISTING_REGISTER,AUTHENTIC_EXCHANGE_VERIFIED
000998.SZ,隆平高科,SZSE_MAIN,2024-09-06,2000-12-11,,SZSE_OFFICIAL_LISTING_REGISTER,AUTHENTIC_EXCHANGE_VERIFIED
000999.SZ,华润三九,SZSE_MAIN,2024-09-06,2000-03-09,,SZSE_OFFICIAL_LISTING_REGISTER,AUTHENTIC_EXCHANGE_VERIFIED
001201.SZ,东瑞股份,SZSE_MAIN,2024-09-06,2021-04-28,,SZSE_OFFICIAL_LISTING_REGISTER,AUTHENTIC_EXCHANGE_VERIFIED
001202.SZ,炬申股份,SZSE_MAIN,2024-09-06,2021-04-29,,SZSE_OFFICIAL_LISTING_REGISTER,AUTHENTIC_EXCHANGE_VERIFIED
001203.SZ,大中矿业,SZSE_MAIN,2024-09-06,2021-05-10,,SZSE_OFFICIAL_LISTING_REGISTER,AUTHENTIC_EXCHANGE_VERIFIED
001205.SZ,盛航股份,SZSE_MAIN,2024-09-06,2021-05-13,,SZSE_OFFICIAL_LISTING_REGISTER,AUTHENTIC_EXCHANGE_VERIFIED
001206.SZ,依依股份,SZSE_MAIN,2024-09-06,2021-05-18,,SZSE_OFFICIAL_LISTING_REGISTER,AUTHENTIC_EXCHANGE_VERIFIED
001207.SZ,联科科技,SZSE_MAIN,2024-09-06,2021-06-23,,SZSE_OFFICIAL_LISTING_REGISTER,AUTHENTIC_EXCHANGE_VERIFIED
001208.SZ,华菱线缆,SZSE_MAIN,2024-09-06,2021-06-24,,SZSE_OFFICIAL_LISTING_REGISTER,AUTHENTIC_EXCHANGE_VERIFIED
001209.SZ,洪兴股份,SZSE_MAIN,2024-09-06,2021-07-23,,SZSE_OFFICIAL_LISTING_REGISTER,AUTHENTIC_EXCHANGE_VERIFIED
001210.SZ,金房能源,SZSE_MAIN,2024-09-06,2021-07-29,,SZSE_OFFICIAL_LISTING_REGISTER,AUTHENTIC_EXCHANGE_VERIFIED
001211.SZ,双枪科技,SZSE_MAIN,2024-09-06,2021-08-05,,SZSE_OFFICIAL_LISTING_REGISTER,AUTHENTIC_EXCHANGE_VERIFIED
001212.SZ,中旗新材,SZSE_MAIN,2024-09-06,2021-08-23,,SZSE_OFFICIAL_LISTING_REGISTER,AUTHENTIC_EXCHANGE_VERIFIED
001213.SZ,中铁特货,SZSE_MAIN,2024-09-06,2021-09-08,,SZSE_OFFICIAL_LISTING_REGISTER,AUTHENTIC_EXCHANGE_VERIFIED
001215.SZ,千味央厨,SZSE_MAIN,2024-09-06,2021-09-06,,SZSE_OFFICIAL_LISTING_REGISTER,AUTHENTIC_EXCHANGE_VERIFIED
001216.SZ,华瓷股份,SZSE_MAIN,2024-09-06,2021-10-19,,SZSE_OFFICIAL_LISTING_REGISTER,AUTHENTIC_EXCHANGE_VERIFIED
001217.SZ,华尔泰,SZSE_MAIN,2024-09-06,2021-09-29,,SZSE_OFFICIAL_LISTING_REGISTER,AUTHENTIC_EXCHANGE_VERIFIED
001218.SZ,丽臣实业,SZSE_MAIN,2024-09-06,2021-10-15,,SZSE_OFFICIAL_LISTING_REGISTER,AUTHENTIC_EXCHANGE_VERIFIED
001219.SZ,青岛食品,SZSE_MAIN,2024-09-06,2021-10-21,,SZSE_OFFICIAL_LISTING_REGISTER,AUTHENTIC_EXCHANGE_VERIFIED
001220.SZ,世盟股份,SZSE_MAIN,2026-02-03,2026-02-03,,SZSE_OFFICIAL_LISTING_REGISTER,AUTHENTIC_EXCHANGE_VERIFIED
001221.SZ,悍高集团,SZSE_MAIN,2024-09-06,2025-07-30,,SZSE_OFFICIAL_LISTING_REGISTER,AUTHENTIC_EXCHANGE_VERIFIED
001222.SZ,源飞宠物,SZSE_MAIN,2024-09-06,2022-08-18,,SZSE_OFFICIAL_LISTING_REGISTER,AUTHENTIC_EXCHANGE_VERIFIED
001223.SZ,欧克科技,SZSE_MAIN,2024-09-06,2022-12-12,,SZSE_OFFICIAL_LISTING_REGISTER,AUTHENTIC_EXCHANGE_VERIFIED
001225.SZ,和泰机电,SZSE_MAIN,2024-09-06,2023-02-22,,SZSE_OFFICIAL_LISTING_REGISTER,AUTHENTIC_EXCHANGE_VERIFIED
001226.SZ,拓山重工,SZSE_MAIN,2024-09-06,2022-06-22,,SZSE_OFFICIAL_LISTING_REGISTER,AUTHENTIC_EXCHANGE_VERIFIED
001227.SZ,兰州银行,SZSE_MAIN,2024-09-06,2022-01-17,,SZSE_OFFICIAL_LISTING_REGISTER,AUTHENTIC_EXCHANGE_VERIFIED
001228.SZ,永泰运,SZSE_MAIN,2024-09-06,2022-04-29,,SZSE_OFFICIAL_LISTING_REGISTER,AUTHENTIC_EXCHANGE_VERIFIED
001229.SZ,魅视科技,SZSE_MAIN,2024-09-06,2022-08-08,,SZSE_OFFICIAL_LISTING_REGISTER,AUTHENTIC_EXCHANGE_VERIFIED
001230.SZ,劲旅环境,SZSE_MAIN,2024-09-06,2022-07-15,,SZSE_OFFICIAL_LISTING_REGISTER,AUTHENTIC_EXCHANGE_VERIFIED
001231.SZ,农心科技,SZSE_MAIN,2024-09-06,2022-08-19,,SZSE_OFFICIAL_LISTING_REGISTER,AUTHENTIC_EXCHANGE_VERIFIED
001232.SZ,嘉立创,SZSE_MAIN,2024-09-06,2026-08-04,,SZSE_OFFICIAL_LISTING_REGISTER,AUTHENTIC_EXCHANGE_VERIFIED
001233.SZ,海安集团,SZSE_MAIN,2024-09-06,2025-11-25,,SZSE_OFFICIAL_LISTING_REGISTER,AUTHENTIC_EXCHANGE_VERIFIED
001234.SZ,泰慕士,SZSE_MAIN,2024-09-06,2022-01-11,,SZSE_OFFICIAL_LISTING_REGISTER,AUTHENTIC_EXCHANGE_VERIFIED
001236.SZ,弘业期货,SZSE_MAIN,2024-09-06,2022-08-05,,SZSE_OFFICIAL_LISTING_REGISTER,AUTHENTIC_EXCHANGE_VERIFIED
001237.SZ,惠康科技,SZSE_MAIN,2024-09-06,2026-05-22,,SZSE_OFFICIAL_LISTING_REGISTER,AUTHENTIC_EXCHANGE_VERIFIED
001238.SZ,浙江正特,SZSE_MAIN,2024-09-06,2022-09-19,,SZSE_OFFICIAL_LISTING_REGISTER,AUTHENTIC_EXCHANGE_VERIFIED
001239.SZ,永达股份,SZSE_MAIN,2024-09-06,2023-12-12,,SZSE_OFFICIAL_LISTING_REGISTER,AUTHENTIC_EXCHANGE_VERIFIED
001246.SZ,N力勤,SZSE_MAIN,2024-09-06,2026-09-30,,SZSE_OFFICIAL_LISTING_REGISTER,AUTHENTIC_EXCHANGE_VERIFIED
001248.SZ,华润新能,SZSE_MAIN,2024-09-06,2026-07-02,,SZSE_OFFICIAL_LISTING_REGISTER,AUTHENTIC_EXCHANGE_VERIFIED
001255.SZ,博菲电气,SZSE_MAIN,2024-09-06,2022-09-30,,SZSE_OFFICIAL_LISTING_REGISTER,AUTHENTIC_EXCHANGE_VERIFIED
001256.SZ,炜冈科技,SZSE_MAIN,2024-09-06,2022-12-05,,SZSE_OFFICIAL_LISTING_REGISTER,AUTHENTIC_EXCHANGE_VERIFIED
001257.SZ,盛龙股份,SZSE_MAIN,2024-09-06,2026-03-31,,SZSE_OFFICIAL_LISTING_REGISTER,AUTHENTIC_EXCHANGE_VERIFIED
001258.SZ,立新能源,SZSE_MAIN,2024-09-06,2022-07-27,,SZSE_OFFICIAL_LISTING_REGISTER,AUTHENTIC_EXCHANGE_VERIFIED
001259.SZ,利仁科技,SZSE_MAIN,2024-09-06,2022-08-31,,SZSE_OFFICIAL_LISTING_REGISTER,AUTHENTIC_EXCHANGE_VERIFIED
001260.SZ,坤泰股份,SZSE_MAIN,2024-09-06,2023-02-16,,SZSE_OFFICIAL_LISTING_REGISTER,AUTHENTIC_EXCHANGE_VERIFIED
001266.SZ,宏英智能,SZSE_MAIN,2024-09-06,2022-02-28,,SZSE_OFFICIAL_LISTING_REGISTER,AUTHENTIC_EXCHANGE_VERIFIED
001267.SZ,汇绿生态,SZSE_MAIN,2024-09-06,2021-11-17,,SZSE_OFFICIAL_LISTING_REGISTER,AUTHENTIC_EXCHANGE_VERIFIED
001268.SZ,联合精密,SZSE_MAIN,2024-09-06,2022-06-30,,SZSE_OFFICIAL_LISTING_REGISTER,AUTHENTIC_EXCHANGE_VERIFIED
001269.SZ,欧晶科技,SZSE_MAIN,2024-09-06,2022-09-30,,SZSE_OFFICIAL_LISTING_REGISTER,AUTHENTIC_EXCHANGE_VERIFIED
001270.SZ,铖昌科技,SZSE_MAIN,2024-08-30,2022-06-06,,SZSE_OFFICIAL_LISTING_REGISTER,AUTHENTIC_EXCHANGE_VERIFIED
001277.SZ,速达股份,SZSE_MAIN,2024-09-06,2024-09-03,,SZSE_OFFICIAL_LISTING_REGISTER,AUTHENTIC_EXCHANGE_VERIFIED
001278.SZ,一彬科技,SZSE_MAIN,2024-09-06,2023-03-08,,SZSE_OFFICIAL_LISTING_REGISTER,AUTHENTIC_EXCHANGE_VERIFIED
001279.SZ,强邦新材,SZSE_MAIN,2024-09-06,2024-10-11,,SZSE_OFFICIAL_LISTING_REGISTER,AUTHENTIC_EXCHANGE_VERIFIED
001280.SZ,中国铀业,SZSE_MAIN,2025-12-03,2025-12-03,,SZSE_OFFICIAL_LISTING_REGISTER,AUTHENTIC_EXCHANGE_VERIFIED
001282.SZ,三联锻造,SZSE_MAIN,2024-09-06,2023-05-24,,SZSE_OFFICIAL_LISTING_REGISTER,AUTHENTIC_EXCHANGE_VERIFIED
001283.SZ,豪鹏科技,SZSE_MAIN,2024-09-06,2022-09-05,,SZSE_OFFICIAL_LISTING_REGISTER,AUTHENTIC_EXCHANGE_VERIFIED
001285.SZ,瑞立科密,SZSE_MAIN,2025-09-30,2025-09-30,,SZSE_OFFICIAL_LISTING_REGISTER,AUTHENTIC_EXCHANGE_VERIFIED
001286.SZ,陕西能源,SZSE_MAIN,2024-09-06,2023-04-10,,SZSE_OFFICIAL_LISTING_REGISTER,AUTHENTIC_EXCHANGE_VERIFIED
001287.SZ,中电港,SZSE_MAIN,2024-09-06,2023-04-10,,SZSE_OFFICIAL_LISTING_REGISTER,AUTHENTIC_EXCHANGE_VERIFIED
001288.SZ,运机集团,SZSE_MAIN,2024-09-06,2021-11-01,,SZSE_OFFICIAL_LISTING_REGISTER,AUTHENTIC_EXCHANGE_VERIFIED
001289.SZ,龙源电力,SZSE_MAIN,2024-09-06,2022-01-24,,SZSE_OFFICIAL_LISTING_REGISTER,AUTHENTIC_EXCHANGE_VERIFIED
001296.SZ,长江材料,SZSE_MAIN,2024-09-06,2021-12-24,,SZSE_OFFICIAL_LISTING_REGISTER,AUTHENTIC_EXCHANGE_VERIFIED
001298.SZ,好上好,SZSE_MAIN,2024-09-06,2022-10-31,,SZSE_OFFICIAL_LISTING_REGISTER,AUTHENTIC_EXCHANGE_VERIFIED
001299.SZ,美能能源,SZSE_MAIN,2024-09-06,2022-10-31,,SZSE_OFFICIAL_LISTING_REGISTER,AUTHENTIC_EXCHANGE_VERIFIED
001300.SZ,三柏硕,SZSE_MAIN,2024-09-06,2022-10-19,,SZSE_OFFICIAL_LISTING_REGISTER,AUTHENTIC_EXCHANGE_VERIFIED
001301.SZ,尚太科技,SZSE_MAIN,2024-09-06,2022-12-28,,SZSE_OFFICIAL_LISTING_REGISTER,AUTHENTIC_EXCHANGE_VERIFIED
001306.SZ,夏厦精密,SZSE_MAIN,2024-09-06,2023-11-16,,SZSE_OFFICIAL_LISTING_REGISTER,AUTHENTIC_EXCHANGE_VERIFIED
001308.SZ,康冠科技,SZSE_MAIN,2024-09-06,2022-03-18,,SZSE_OFFICIAL_LISTING_REGISTER,AUTHENTIC_EXCHANGE_VERIFIED
001309.SZ,德明利,SZSE_MAIN,2024-09-06,2022-07-01,,SZSE_OFFICIAL_LISTING_REGISTER,AUTHENTIC_EXCHANGE_VERIFIED
001311.SZ,多利科技,SZSE_MAIN,2024-09-06,2023-02-27,,SZSE_OFFICIAL_LISTING_REGISTER,AUTHENTIC_EXCHANGE_VERIFIED
001312.SZ,福恩股份,SZSE_MAIN,2026-04-21,2026-04-21,,SZSE_OFFICIAL_LISTING_REGISTER,AUTHENTIC_EXCHANGE_VERIFIED
001313.SZ,粤海饲料,SZSE_MAIN,2024-09-06,2022-02-16,,SZSE_OFFICIAL_LISTING_REGISTER,AUTHENTIC_EXCHANGE_VERIFIED
001314.SZ,亿道信息,SZSE_MAIN,2024-09-06,2023-02-14,,SZSE_OFFICIAL_LISTING_REGISTER,AUTHENTIC_EXCHANGE_VERIFIED
001316.SZ,润贝航科,SZSE_MAIN,2024-09-06,2022-06-24,,SZSE_OFFICIAL_LISTING_REGISTER,AUTHENTIC_EXCHANGE_VERIFIED
001317.SZ,三羊马,SZSE_MAIN,2024-09-06,2021-11-30,,SZSE_OFFICIAL_LISTING_REGISTER,AUTHENTIC_EXCHANGE_VERIFIED
001318.SZ,阳光乳业,SZSE_MAIN,2024-09-06,2022-05-20,,SZSE_OFFICIAL_LISTING_REGISTER,AUTHENTIC_EXCHANGE_VERIFIED
001319.SZ,铭科精技,SZSE_MAIN,2024-09-06,2022-05-12,,SZSE_OFFICIAL_LISTING_REGISTER,AUTHENTIC_EXCHANGE_VERIFIED
001322.SZ,箭牌家居,SZSE_MAIN,2024-09-06,2022-10-26,,SZSE_OFFICIAL_LISTING_REGISTER,AUTHENTIC_EXCHANGE_VERIFIED
001323.SZ,慕思股份,SZSE_MAIN,2024-09-06,2022-06-23,,SZSE_OFFICIAL_LISTING_REGISTER,AUTHENTIC_EXCHANGE_VERIFIED
001324.SZ,长青科技,SZSE_MAIN,2024-09-06,2023-05-22,,SZSE_OFFICIAL_LISTING_REGISTER,AUTHENTIC_EXCHANGE_VERIFIED
001325.SZ,元创股份,SZSE_MAIN,2025-12-18,2025-12-18,,SZSE_OFFICIAL_LISTING_REGISTER,AUTHENTIC_EXCHANGE_VERIFIED
001326.SZ,联域股份,SZSE_MAIN,2024-09-06,2023-11-09,,SZSE_OFFICIAL_LISTING_REGISTER,AUTHENTIC_EXCHANGE_VERIFIED
001328.SZ,登康口腔,SZSE_MAIN,2024-09-06,2023-04-10,,SZSE_OFFICIAL_LISTING_REGISTER,AUTHENTIC_EXCHANGE_VERIFIED
001330.SZ,博纳影业,SZSE_MAIN,2024-09-06,2022-08-18,,SZSE_OFFICIAL_LISTING_REGISTER,AUTHENTIC_EXCHANGE_VERIFIED
001331.SZ,胜通能源,SZSE_MAIN,2024-09-06,2022-09-08,,SZSE_OFFICIAL_LISTING_REGISTER,AUTHENTIC_EXCHANGE_VERIFIED
001332.SZ,锡装股份,SZSE_MAIN,2024-09-06,2022-09-20,,SZSE_OFFICIAL_LISTING_REGISTER,AUTHENTIC_EXCHANGE_VERIFIED
001333.SZ,光华股份,SZSE_MAIN,2024-09-06,2022-12-08,,SZSE_OFFICIAL_LISTING_REGISTER,AUTHENTIC_EXCHANGE_VERIFIED
001335.SZ,信凯科技,SZSE_MAIN,2025-04-15,2025-04-15,,SZSE_OFFICIAL_LISTING_REGISTER,AUTHENTIC_EXCHANGE_VERIFIED
001336.SZ,楚环科技,SZSE_MAIN,2024-09-06,2022-07-25,,SZSE_OFFICIAL_LISTING_REGISTER,AUTHENTIC_EXCHANGE_VERIFIED
001337.SZ,四川黄金,SZSE_MAIN,2024-09-06,2023-03-03,,SZSE_OFFICIAL_LISTING_REGISTER,AUTHENTIC_EXCHANGE_VERIFIED
001338.SZ,永顺泰,SZSE_MAIN,2024-09-06,2022-11-16,,SZSE_OFFICIAL_LISTING_REGISTER,AUTHENTIC_EXCHANGE_VERIFIED
001339.SZ,智微智能,SZSE_MAIN,2024-09-06,2022-08-15,,SZSE_OFFICIAL_LISTING_REGISTER,AUTHENTIC_EXCHANGE_VERIFIED
001356.SZ,富岭股份,SZSE_MAIN,2024-09-06,2025-01-23,,SZSE_OFFICIAL_LISTING_REGISTER,AUTHENTIC_EXCHANGE_VERIFIED
001358.SZ,兴欣新材,SZSE_MAIN,2024-09-06,2023-12-21,,SZSE_OFFICIAL_LISTING_REGISTER,AUTHENTIC_EXCHANGE_VERIFIED
001359.SZ,平安电工,SZSE_MAIN,2024-09-06,2024-03-28,,SZSE_OFFICIAL_LISTING_REGISTER,AUTHENTIC_EXCHANGE_VERIFIED
001360.SZ,南矿集团,SZSE_MAIN,2024-09-06,2023-04-10,,SZSE_OFFICIAL_LISTING_REGISTER,AUTHENTIC_EXCHANGE_VERIFIED
001365.SZ,天海电子,SZSE_MAIN,2026-05-18,2026-05-18,,SZSE_OFFICIAL_LISTING_REGISTER,AUTHENTIC_EXCHANGE_VERIFIED
001366.SZ,播恩集团,SZSE_MAIN,2024-09-06,2023-03-07,,SZSE_OFFICIAL_LISTING_REGISTER,AUTHENTIC_EXCHANGE_VERIFIED
001367.SZ,海森药业,SZSE_MAIN,2024-09-06,2023-04-10,,SZSE_OFFICIAL_LISTING_REGISTER,AUTHENTIC_EXCHANGE_VERIFIED
001368.SZ,通达创智,SZSE_MAIN,2024-09-06,2023-03-13,,SZSE_OFFICIAL_LISTING_REGISTER,AUTHENTIC_EXCHANGE_VERIFIED
001369.SZ,双欣材料,SZSE_MAIN,2024-09-06,2025-12-30,,SZSE_OFFICIAL_LISTING_REGISTER,AUTHENTIC_EXCHANGE_VERIFIED
001373.SZ,翔腾新材,SZSE_MAIN,2024-09-06,2023-06-01,,SZSE_OFFICIAL_LISTING_REGISTER,AUTHENTIC_EXCHANGE_VERIFIED
001376.SZ,百通能源,SZSE_MAIN,2024-09-06,2023-11-03,,SZSE_OFFICIAL_LISTING_REGISTER,AUTHENTIC_EXCHANGE_VERIFIED
001378.SZ,德冠新材,SZSE_MAIN,2024-09-06,2023-10-30,,SZSE_OFFICIAL_LISTING_REGISTER,AUTHENTIC_EXCHANGE_VERIFIED
001379.SZ,腾达科技,SZSE_MAIN,2024-09-06,2024-01-19,,SZSE_OFFICIAL_LISTING_REGISTER,AUTHENTIC_EXCHANGE_VERIFIED
001380.SZ,华纬科技,SZSE_MAIN,2024-09-06,2023-05-16,,SZSE_OFFICIAL_LISTING_REGISTER,AUTHENTIC_EXCHANGE_VERIFIED
001382.SZ,新亚电缆,SZSE_MAIN,2024-09-06,2025-03-21,,SZSE_OFFICIAL_LISTING_REGISTER,AUTHENTIC_EXCHANGE_VERIFIED
001386.SZ,马可波罗,SZSE_MAIN,2024-09-06,2025-10-22,,SZSE_OFFICIAL_LISTING_REGISTER,AUTHENTIC_EXCHANGE_VERIFIED
001387.SZ,雪祺电气,SZSE_MAIN,2024-09-06,2024-01-11,,SZSE_OFFICIAL_LISTING_REGISTER,AUTHENTIC_EXCHANGE_VERIFIED
001388.SZ,信通电子,SZSE_MAIN,2024-09-06,2025-07-01,,SZSE_OFFICIAL_LISTING_REGISTER,AUTHENTIC_EXCHANGE_VERIFIED
001389.SZ,广合科技,SZSE_MAIN,2024-09-06,2024-04-02,,SZSE_OFFICIAL_LISTING_REGISTER,AUTHENTIC_EXCHANGE_VERIFIED
001390.SZ,古麒绒材,SZSE_MAIN,2025-05-29,2025-05-29,,SZSE_OFFICIAL_LISTING_REGISTER,AUTHENTIC_EXCHANGE_VERIFIED
001391.SZ,国货航,SZSE_MAIN,2024-09-06,2024-12-30,,SZSE_OFFICIAL_LISTING_REGISTER,AUTHENTIC_EXCHANGE_VERIFIED
001393.SZ,维通利,SZSE_MAIN,2024-09-06,2026-05-15,,SZSE_OFFICIAL_LISTING_REGISTER,AUTHENTIC_EXCHANGE_VERIFIED
001395.SZ,亚联机械,SZSE_MAIN,2025-01-27,2025-01-27,,SZSE_OFFICIAL_LISTING_REGISTER,AUTHENTIC_EXCHANGE_VERIFIED
001396.SZ,誉帆科技,SZSE_MAIN,2024-09-06,2025-12-30,,SZSE_OFFICIAL_LISTING_REGISTER,AUTHENTIC_EXCHANGE_VERIFIED
001399.SZ,惠科股份,SZSE_MAIN,2026-06-26,2026-06-26,,SZSE_OFFICIAL_LISTING_REGISTER,AUTHENTIC_EXCHANGE_VERIFIED
001400.SZ,江顺科技,SZSE_MAIN,2025-04-24,2025-04-24,,SZSE_OFFICIAL_LISTING_REGISTER,AUTHENTIC_EXCHANGE_VERIFIED
001696.SZ,宗申动力,SZSE_MAIN,2024-09-06,1997-03-06,,SZSE_OFFICIAL_LISTING_REGISTER,AUTHENTIC_EXCHANGE_VERIFIED
001872.SZ,招商港口,SZSE_MAIN,2024-09-06,1993-05-05,,SZSE_OFFICIAL_LISTING_REGISTER,AUTHENTIC_EXCHANGE_VERIFIED
001896.SZ,豫能控股,SZSE_MAIN,2024-09-06,1998-01-22,,SZSE_OFFICIAL_LISTING_REGISTER,AUTHENTIC_EXCHANGE_VERIFIED
001914.SZ,招商积余,SZSE_MAIN,2024-09-06,1994-09-28,,SZSE_OFFICIAL_LISTING_REGISTER,AUTHENTIC_EXCHANGE_VERIFIED
001965.SZ,招商公路,SZSE_MAIN,2024-09-06,2017-12-25,,SZSE_OFFICIAL_LISTING_REGISTER,AUTHENTIC_EXCHANGE_VERIFIED
001979.SZ,招商蛇口,SZSE_MAIN,2023-01-13,2015-12-30,,SZSE_OFFICIAL_LISTING_REGISTER,AUTHENTIC_EXCHANGE_VERIFIED
002001.SZ,新 和 成,SZSE_MAIN,2024-09-06,2004-06-25,,SZSE_OFFICIAL_LISTING_REGISTER,AUTHENTIC_EXCHANGE_VERIFIED
002003.SZ,伟星股份,SZSE_MAIN,2024-09-06,2004-06-25,,SZSE_OFFICIAL_LISTING_REGISTER,AUTHENTIC_EXCHANGE_VERIFIED
002004.SZ,华邦健康,SZSE_MAIN,2024-09-06,2004-06-25,,SZSE_OFFICIAL_LISTING_REGISTER,AUTHENTIC_EXCHANGE_VERIFIED
002005.SZ,德豪润达,SZSE_MAIN,2024-09-05,2004-06-25,,SZSE_OFFICIAL_LISTING_REGISTER,AUTHENTIC_EXCHANGE_VERIFIED
002006.SZ,精工科技,SZSE_MAIN,2024-09-06,2004-06-25,,SZSE_OFFICIAL_LISTING_REGISTER,AUTHENTIC_EXCHANGE_VERIFIED
002007.SZ,华兰生物,SZSE_MAIN,2024-09-06,2004-06-25,,SZSE_OFFICIAL_LISTING_REGISTER,AUTHENTIC_EXCHANGE_VERIFIED
002008.SZ,大族激光,SZSE_MAIN,2024-09-06,2004-06-25,,SZSE_OFFICIAL_LISTING_REGISTER,AUTHENTIC_EXCHANGE_VERIFIED
002009.SZ,天奇股份,SZSE_MAIN,2024-09-06,2004-06-29,,SZSE_OFFICIAL_LISTING_REGISTER,AUTHENTIC_EXCHANGE_VERIFIED
002010.SZ,传化智联,SZSE_MAIN,2024-09-06,2004-06-29,,SZSE_OFFICIAL_LISTING_REGISTER,AUTHENTIC_EXCHANGE_VERIFIED
002011.SZ,盾安环境,SZSE_MAIN,2024-09-06,2004-07-05,,SZSE_OFFICIAL_LISTING_REGISTER,AUTHENTIC_EXCHANGE_VERIFIED
002012.SZ,凯恩股份,SZSE_MAIN,2024-09-06,2004-07-05,,SZSE_OFFICIAL_LISTING_REGISTER,AUTHENTIC_EXCHANGE_VERIFIED
002013.SZ,002013.SZ,SZSE_MAIN,2020-12-25,2004-07-05,2023-03-17,SZSE_OFFICIAL_DELISTED_REGISTER,AUTHENTIC_EXCHANGE_VERIFIED
002014.SZ,永新股份,SZSE_MAIN,2024-09-06,2004-07-08,,SZSE_OFFICIAL_LISTING_REGISTER,AUTHENTIC_EXCHANGE_VERIFIED
002015.SZ,协鑫能科,SZSE_MAIN,2024-09-06,2004-07-08,,SZSE_OFFICIAL_LISTING_REGISTER,AUTHENTIC_EXCHANGE_VERIFIED
002016.SZ,世荣兆业,SZSE_MAIN,2024-09-06,2004-07-08,,SZSE_OFFICIAL_LISTING_REGISTER,AUTHENTIC_EXCHANGE_VERIFIED
002017.SZ,东信和平,SZSE_MAIN,2024-09-06,2004-07-13,,SZSE_OFFICIAL_LISTING_REGISTER,AUTHENTIC_EXCHANGE_VERIFIED
002019.SZ,亿帆医药,SZSE_MAIN,2024-09-06,2004-07-13,,SZSE_OFFICIAL_LISTING_REGISTER,AUTHENTIC_EXCHANGE_VERIFIED
002020.SZ,京新药业,SZSE_MAIN,2024-09-06,2004-07-15,,SZSE_OFFICIAL_LISTING_REGISTER,AUTHENTIC_EXCHANGE_VERIFIED
002021.SZ,中捷资源,SZSE_MAIN,2024-09-06,2004-07-15,,SZSE_OFFICIAL_LISTING_REGISTER,AUTHENTIC_EXCHANGE_VERIFIED
002022.SZ,科华生物,SZSE_MAIN,2024-09-06,2004-07-21,,SZSE_OFFICIAL_LISTING_REGISTER,AUTHENTIC_EXCHANGE_VERIFIED
002023.SZ,海特高新,SZSE_MAIN,2024-09-06,2004-07-21,,SZSE_OFFICIAL_LISTING_REGISTER,AUTHENTIC_EXCHANGE_VERIFIED
002024.SZ,ST易购,SZSE_MAIN,2024-09-06,2004-07-21,,SZSE_OFFICIAL_LISTING_REGISTER,AUTHENTIC_EXCHANGE_VERIFIED
002025.SZ,航天电器,SZSE_MAIN,2024-09-06,2004-07-26,,SZSE_OFFICIAL_LISTING_REGISTER,AUTHENTIC_EXCHANGE_VERIFIED
002026.SZ,山东威达,SZSE_MAIN,2024-09-06,2004-07-27,,SZSE_OFFICIAL_LISTING_REGISTER,AUTHENTIC_EXCHANGE_VERIFIED
002027.SZ,分众传媒,SZSE_MAIN,2024-09-06,2004-08-04,,SZSE_OFFICIAL_LISTING_REGISTER,AUTHENTIC_EXCHANGE_VERIFIED
002028.SZ,思源电气,SZSE_MAIN,2024-09-06,2004-08-05,,SZSE_OFFICIAL_LISTING_REGISTER,AUTHENTIC_EXCHANGE_VERIFIED
002029.SZ,七 匹 狼,SZSE_MAIN,2024-09-06,2004-08-06,,SZSE_OFFICIAL_LISTING_REGISTER,AUTHENTIC_EXCHANGE_VERIFIED
002030.SZ,达安基因,SZSE_MAIN,2024-09-06,2004-08-09,,SZSE_OFFICIAL_LISTING_REGISTER,AUTHENTIC_EXCHANGE_VERIFIED
002031.SZ,巨轮智能,SZSE_MAIN,2024-09-06,2004-08-16,,SZSE_OFFICIAL_LISTING_REGISTER,AUTHENTIC_EXCHANGE_VERIFIED
002032.SZ,苏 泊 尔,SZSE_MAIN,2024-09-06,2004-08-17,,SZSE_OFFICIAL_LISTING_REGISTER,AUTHENTIC_EXCHANGE_VERIFIED
002033.SZ,丽江股份,SZSE_MAIN,2024-09-06,2004-08-25,,SZSE_OFFICIAL_LISTING_REGISTER,AUTHENTIC_EXCHANGE_VERIFIED
002034.SZ,旺能环境,SZSE_MAIN,2024-09-06,2004-08-26,,SZSE_OFFICIAL_LISTING_REGISTER,AUTHENTIC_EXCHANGE_VERIFIED
002035.SZ,华帝股份,SZSE_MAIN,2024-09-06,2004-09-01,,SZSE_OFFICIAL_LISTING_REGISTER,AUTHENTIC_EXCHANGE_VERIFIED
002036.SZ,联创电子,SZSE_MAIN,2024-09-06,2004-09-03,,SZSE_OFFICIAL_LISTING_REGISTER,AUTHENTIC_EXCHANGE_VERIFIED
002037.SZ,保利联合,SZSE_MAIN,2024-09-06,2004-09-08,,SZSE_OFFICIAL_LISTING_REGISTER,AUTHENTIC_EXCHANGE_VERIFIED
002038.SZ,双鹭药业,SZSE_MAIN,2024-09-06,2004-09-09,,SZSE_OFFICIAL_LISTING_REGISTER,AUTHENTIC_EXCHANGE_VERIFIED
002039.SZ,黔源电力,SZSE_MAIN,2024-09-06,2005-03-03,,SZSE_OFFICIAL_LISTING_REGISTER,AUTHENTIC_EXCHANGE_VERIFIED
002040.SZ,南 京 港,SZSE_MAIN,2024-09-06,2005-03-25,,SZSE_OFFICIAL_LISTING_REGISTER,AUTHENTIC_EXCHANGE_VERIFIED
002041.SZ,登海种业,SZSE_MAIN,2024-09-06,2005-04-18,,SZSE_OFFICIAL_LISTING_REGISTER,AUTHENTIC_EXCHANGE_VERIFIED
002042.SZ,华孚时尚,SZSE_MAIN,2024-09-06,2005-04-27,,SZSE_OFFICIAL_LISTING_REGISTER,AUTHENTIC_EXCHANGE_VERIFIED
002043.SZ,兔 宝 宝,SZSE_MAIN,2024-09-06,2005-05-10,,SZSE_OFFICIAL_LISTING_REGISTER,AUTHENTIC_EXCHANGE_VERIFIED
002044.SZ,美年健康,SZSE_MAIN,2024-09-06,2005-05-18,,SZSE_OFFICIAL_LISTING_REGISTER,AUTHENTIC_EXCHANGE_VERIFIED
002045.SZ,国光电器,SZSE_MAIN,2024-09-06,2005-05-23,,SZSE_OFFICIAL_LISTING_REGISTER,AUTHENTIC_EXCHANGE_VERIFIED
002046.SZ,国机精工,SZSE_MAIN,2024-09-06,2005-05-26,,SZSE_OFFICIAL_LISTING_REGISTER,AUTHENTIC_EXCHANGE_VERIFIED
002047.SZ,宝鹰股份,SZSE_MAIN,2024-09-06,2005-05-31,,SZSE_OFFICIAL_LISTING_REGISTER,AUTHENTIC_EXCHANGE_VERIFIED
002048.SZ,宁波华翔,SZSE_MAIN,2024-09-06,2005-06-03,,SZSE_OFFICIAL_LISTING_REGISTER,AUTHENTIC_EXCHANGE_VERIFIED
002049.SZ,紫光国微,SZSE_MAIN,2022-12-29,2005-06-06,,SZSE_OFFICIAL_LISTING_REGISTER,AUTHENTIC_EXCHANGE_VERIFIED
002050.SZ,三花智控,SZSE_MAIN,2024-09-06,2005-06-07,,SZSE_OFFICIAL_LISTING_REGISTER,AUTHENTIC_EXCHANGE_VERIFIED
002051.SZ,中工国际,SZSE_MAIN,2024-09-06,2006-06-19,,SZSE_OFFICIAL_LISTING_REGISTER,AUTHENTIC_EXCHANGE_VERIFIED
002052.SZ,同洲电子,SZSE_MAIN,2024-09-06,2006-06-27,,SZSE_OFFICIAL_LISTING_REGISTER,AUTHENTIC_EXCHANGE_VERIFIED
002053.SZ,云南能投,SZSE_MAIN,2024-09-06,2006-06-27,,SZSE_OFFICIAL_LISTING_REGISTER,AUTHENTIC_EXCHANGE_VERIFIED
002054.SZ,德美化工,SZSE_MAIN,2024-09-06,2006-07-25,,SZSE_OFFICIAL_LISTING_REGISTER,AUTHENTIC_EXCHANGE_VERIFIED
002055.SZ,ST得润,SZSE_MAIN,2024-09-05,2006-07-25,,SZSE_OFFICIAL_LISTING_REGISTER,AUTHENTIC_EXCHANGE_VERIFIED
002056.SZ,横店东磁,SZSE_MAIN,2024-09-06,2006-08-02,,SZSE_OFFICIAL_LISTING_REGISTER,AUTHENTIC_EXCHANGE_VERIFIED
002057.SZ,中钢天源,SZSE_MAIN,2024-09-06,2006-08-02,,SZSE_OFFICIAL_LISTING_REGISTER,AUTHENTIC_EXCHANGE_VERIFIED
002058.SZ,紫竹高科,SZSE_MAIN,2024-09-06,2006-08-02,,SZSE_OFFICIAL_LISTING_REGISTER,AUTHENTIC_EXCHANGE_VERIFIED
002059.SZ,云南旅游,SZSE_MAIN,2024-09-06,2006-08-10,,SZSE_OFFICIAL_LISTING_REGISTER,AUTHENTIC_EXCHANGE_VERIFIED
002060.SZ,广东建工,SZSE_MAIN,2024-09-06,2006-08-10,,SZSE_OFFICIAL_LISTING_REGISTER,AUTHENTIC_EXCHANGE_VERIFIED
002061.SZ,浙江交科,SZSE_MAIN,2024-09-06,2006-08-16,,SZSE_OFFICIAL_LISTING_REGISTER,AUTHENTIC_EXCHANGE_VERIFIED
002062.SZ,宏润建设,SZSE_MAIN,2024-09-06,2006-08-16,,SZSE_OFFICIAL_LISTING_REGISTER,AUTHENTIC_EXCHANGE_VERIFIED
002063.SZ,远光软件,SZSE_MAIN,2024-09-06,2006-08-23,,SZSE_OFFICIAL_LISTING_REGISTER,AUTHENTIC_EXCHANGE_VERIFIED
002064.SZ,华峰化学,SZSE_MAIN,2024-09-02,2006-08-23,,SZSE_OFFICIAL_LISTING_REGISTER,AUTHENTIC_EXCHANGE_VERIFIED
002065.SZ,东华软件,SZSE_MAIN,2024-09-06,2006-08-23,,SZSE_OFFICIAL_LISTING_REGISTER,AUTHENTIC_EXCHANGE_VERIFIED
002066.SZ,瑞泰科技,SZSE_MAIN,2024-09-06,2006-08-23,,SZSE_OFFICIAL_LISTING_REGISTER,AUTHENTIC_EXCHANGE_VERIFIED
002067.SZ,景兴纸业,SZSE_MAIN,2024-09-06,2006-09-15,,SZSE_OFFICIAL_LISTING_REGISTER,AUTHENTIC_EXCHANGE_VERIFIED
002068.SZ,黑猫股份,SZSE_MAIN,2024-09-06,2006-09-15,,SZSE_OFFICIAL_LISTING_REGISTER,AUTHENTIC_EXCHANGE_VERIFIED
002069.SZ,獐子岛,SZSE_MAIN,2024-09-06,2006-09-28,,SZSE_OFFICIAL_LISTING_REGISTER,AUTHENTIC_EXCHANGE_VERIFIED
002070.SZ,002070.SZ,SZSE_MAIN,2015-03-12,2006-10-12,2019-07-09,SZSE_OFFICIAL_DELISTED_REGISTER,AUTHENTIC_EXCHANGE_VERIFIED
002072.SZ,凯瑞德,SZSE_MAIN,2024-09-06,2006-10-18,,SZSE_OFFICIAL_LISTING_REGISTER,AUTHENTIC_EXCHANGE_VERIFIED
002073.SZ,软控股份,SZSE_MAIN,2024-09-06,2006-10-18,,SZSE_OFFICIAL_LISTING_REGISTER,AUTHENTIC_EXCHANGE_VERIFIED
002074.SZ,国轩高科,SZSE_MAIN,2024-09-06,2006-10-18,,SZSE_OFFICIAL_LISTING_REGISTER,AUTHENTIC_EXCHANGE_VERIFIED
002075.SZ,沙钢股份,SZSE_MAIN,2024-09-06,2006-10-25,,SZSE_OFFICIAL_LISTING_REGISTER,AUTHENTIC_EXCHANGE_VERIFIED
002076.SZ,星光股份,SZSE_MAIN,2024-09-06,2006-10-25,,SZSE_OFFICIAL_LISTING_REGISTER,AUTHENTIC_EXCHANGE_VERIFIED
002077.SZ,大港股份,SZSE_MAIN,2024-09-06,2006-11-16,,SZSE_OFFICIAL_LISTING_REGISTER,AUTHENTIC_EXCHANGE_VERIFIED
002078.SZ,太阳纸业,SZSE_MAIN,2024-09-06,2006-11-16,,SZSE_OFFICIAL_LISTING_REGISTER,AUTHENTIC_EXCHANGE_VERIFIED
002079.SZ,苏州固锝,SZSE_MAIN,2024-09-06,2006-11-16,,SZSE_OFFICIAL_LISTING_REGISTER,AUTHENTIC_EXCHANGE_VERIFIED
002080.SZ,中材科技,SZSE_MAIN,2024-09-06,2006-11-20,,SZSE_OFFICIAL_LISTING_REGISTER,AUTHENTIC_EXCHANGE_VERIFIED
002081.SZ,金 螳 螂,SZSE_MAIN,2024-09-06,2006-11-20,,SZSE_OFFICIAL_LISTING_REGISTER,AUTHENTIC_EXCHANGE_VERIFIED
002082.SZ,ST万邦,SZSE_MAIN,2024-09-05,2006-11-20,,SZSE_OFFICIAL_LISTING_REGISTER,AUTHENTIC_EXCHANGE_VERIFIED
002083.SZ,孚日股份,SZSE_MAIN,2024-09-06,2006-11-24,,SZSE_OFFICIAL_LISTING_REGISTER,AUTHENTIC_EXCHANGE_VERIFIED
002084.SZ,海鸥住工,SZSE_MAIN,2024-08-30,2006-11-24,,SZSE_OFFICIAL_LISTING_REGISTER,AUTHENTIC_EXCHANGE_VERIFIED
002085.SZ,万丰奥威,SZSE_MAIN,2024-09-06,2006-11-28,,SZSE_OFFICIAL_LISTING_REGISTER,AUTHENTIC_EXCHANGE_VERIFIED
002086.SZ,东方海洋,SZSE_MAIN,2024-09-06,2006-11-28,,SZSE_OFFICIAL_LISTING_REGISTER,AUTHENTIC_EXCHANGE_VERIFIED
002088.SZ,鲁阳节能,SZSE_MAIN,2024-09-06,2006-11-30,,SZSE_OFFICIAL_LISTING_REGISTER,AUTHENTIC_EXCHANGE_VERIFIED
002090.SZ,金智科技,SZSE_MAIN,2024-09-04,2006-12-08,,SZSE_OFFICIAL_LISTING_REGISTER,AUTHENTIC_EXCHANGE_VERIFIED
002091.SZ,江苏国泰,SZSE_MAIN,2024-09-06,2006-12-08,,SZSE_OFFICIAL_LISTING_REGISTER,AUTHENTIC_EXCHANGE_VERIFIED
002092.SZ,中泰化学,SZSE_MAIN,2024-09-05,2006-12-08,,SZSE_OFFICIAL_LISTING_REGISTER,AUTHENTIC_EXCHANGE_VERIFIED
002093.SZ,国脉科技,SZSE_MAIN,2024-09-06,2006-12-15,,SZSE_OFFICIAL_LISTING_REGISTER,AUTHENTIC_EXCHANGE_VERIFIED
002094.SZ,青岛金王,SZSE_MAIN,2024-09-06,2006-12-15,,SZSE_OFFICIAL_LISTING_REGISTER,AUTHENTIC_EXCHANGE_VERIFIED
002095.SZ,生 意 宝,SZSE_MAIN,2024-09-06,2006-12-15,,SZSE_OFFICIAL_LISTING_REGISTER,AUTHENTIC_EXCHANGE_VERIFIED
002096.SZ,易普力,SZSE_MAIN,2024-09-06,2006-12-22,,SZSE_OFFICIAL_LISTING_REGISTER,AUTHENTIC_EXCHANGE_VERIFIED
002097.SZ,山河智能,SZSE_MAIN,2024-09-06,2006-12-22,,SZSE_OFFICIAL_LISTING_REGISTER,AUTHENTIC_EXCHANGE_VERIFIED
002098.SZ,浔兴股份,SZSE_MAIN,2024-09-06,2006-12-22,,SZSE_OFFICIAL_LISTING_REGISTER,AUTHENTIC_EXCHANGE_VERIFIED
002099.SZ,海翔药业,SZSE_MAIN,2024-09-06,2006-12-26,,SZSE_OFFICIAL_LISTING_REGISTER,AUTHENTIC_EXCHANGE_VERIFIED
002100.SZ,天康生物,SZSE_MAIN,2024-09-06,2006-12-26,,SZSE_OFFICIAL_LISTING_REGISTER,AUTHENTIC_EXCHANGE_VERIFIED
002101.SZ,广东鸿图,SZSE_MAIN,2024-09-06,2006-12-29,,SZSE_OFFICIAL_LISTING_REGISTER,AUTHENTIC_EXCHANGE_VERIFIED
002102.SZ,ST能特,SZSE_MAIN,2024-09-06,2006-12-29,,SZSE_OFFICIAL_LISTING_REGISTER,AUTHENTIC_EXCHANGE_VERIFIED
002103.SZ,广博股份,SZSE_MAIN,2024-09-06,2007-01-10,,SZSE_OFFICIAL_LISTING_REGISTER,AUTHENTIC_EXCHANGE_VERIFIED
002104.SZ,恒宝股份,SZSE_MAIN,2024-09-06,2007-01-10,,SZSE_OFFICIAL_LISTING_REGISTER,AUTHENTIC_EXCHANGE_VERIFIED
002105.SZ,信隆健康,SZSE_MAIN,2024-09-06,2007-01-12,,SZSE_OFFICIAL_LISTING_REGISTER,AUTHENTIC_EXCHANGE_VERIFIED
002106.SZ,莱宝高科,SZSE_MAIN,2024-09-06,2007-01-12,,SZSE_OFFICIAL_LISTING_REGISTER,AUTHENTIC_EXCHANGE_VERIFIED
002107.SZ,沃华医药,SZSE_MAIN,2024-09-06,2007-01-24,,SZSE_OFFICIAL_LISTING_REGISTER,AUTHENTIC_EXCHANGE_VERIFIED
002108.SZ,沧州明珠,SZSE_MAIN,2024-09-06,2007-01-24,,SZSE_OFFICIAL_LISTING_REGISTER,AUTHENTIC_EXCHANGE_VERIFIED
002109.SZ,ST兴化,SZSE_MAIN,2024-09-06,2007-01-26,,SZSE_OFFICIAL_LISTING_REGISTER,AUTHENTIC_EXCHANGE_VERIFIED
002110.SZ,三钢闽光,SZSE_MAIN,2024-09-06,2007-01-26,,SZSE_OFFICIAL_LISTING_REGISTER,AUTHENTIC_EXCHANGE_VERIFIED
002111.SZ,威海广泰,SZSE_MAIN,2024-09-06,2007-01-26,,SZSE_OFFICIAL_LISTING_REGISTER,AUTHENTIC_EXCHANGE_VERIFIED
002112.SZ,三变科技,SZSE_MAIN,2024-09-06,2007-02-08,,SZSE_OFFICIAL_LISTING_REGISTER,AUTHENTIC_EXCHANGE_VERIFIED
002114.SZ,罗平锌电,SZSE_MAIN,2024-09-06,2007-02-15,,SZSE_OFFICIAL_LISTING_REGISTER,AUTHENTIC_EXCHANGE_VERIFIED
002115.SZ,三维通信,SZSE_MAIN,2024-09-06,2007-02-15,,SZSE_OFFICIAL_LISTING_REGISTER,AUTHENTIC_EXCHANGE_VERIFIED
002116.SZ,中国海诚,SZSE_MAIN,2024-09-06,2007-02-15,,SZSE_OFFICIAL_LISTING_REGISTER,AUTHENTIC_EXCHANGE_VERIFIED
002117.SZ,东港股份,SZSE_MAIN,2024-09-06,2007-03-02,,SZSE_OFFICIAL_LISTING_REGISTER,AUTHENTIC_EXCHANGE_VERIFIED
002119.SZ,康强电子,SZSE_MAIN,2024-09-06,2007-03-02,,SZSE_OFFICIAL_LISTING_REGISTER,AUTHENTIC_EXCHANGE_VERIFIED
002120.SZ,韵达股份,SZSE_MAIN,2023-01-13,2007-03-06,,SZSE_OFFICIAL_LISTING_REGISTER,AUTHENTIC_EXCHANGE_VERIFIED
002121.SZ,科陆电子,SZSE_MAIN,2024-09-06,2007-03-06,,SZSE_OFFICIAL_LISTING_REGISTER,AUTHENTIC_EXCHANGE_VERIFIED
002122.SZ,ST汇洲,SZSE_MAIN,2024-09-06,2007-03-28,,SZSE_OFFICIAL_LISTING_REGISTER,AUTHENTIC_EXCHANGE_VERIFIED
002123.SZ,梦网科技,SZSE_MAIN,2024-09-06,2007-03-28,,SZSE_OFFICIAL_LISTING_REGISTER,AUTHENTIC_EXCHANGE_VERIFIED
002124.SZ,天邦食品,SZSE_MAIN,2024-09-05,2007-04-03,,SZSE_OFFICIAL_LISTING_REGISTER,AUTHENTIC_EXCHANGE_VERIFIED
002125.SZ,湘潭电化,SZSE_MAIN,2024-09-06,2007-04-03,,SZSE_OFFICIAL_LISTING_REGISTER,AUTHENTIC_EXCHANGE_VERIFIED
002126.SZ,银轮股份,SZSE_MAIN,2024-09-06,2007-04-18,,SZSE_OFFICIAL_LISTING_REGISTER,AUTHENTIC_EXCHANGE_VERIFIED
002127.SZ,南极电商,SZSE_MAIN,2024-09-06,2007-04-18,,SZSE_OFFICIAL_LISTING_REGISTER,AUTHENTIC_EXCHANGE_VERIFIED
002128.SZ,电投能源,SZSE_MAIN,2024-08-26,2007-04-18,,SZSE_OFFICIAL_LISTING_REGISTER,AUTHENTIC_EXCHANGE_VERIFIED
002129.SZ,TCL中环,SZSE_MAIN,2024-09-06,2007-04-20,,SZSE_OFFICIAL_LISTING_REGISTER,AUTHENTIC_EXCHANGE_VERIFIED
002130.SZ,沃尔核材,SZSE_MAIN,2024-09-06,2007-04-20,,SZSE_OFFICIAL_LISTING_REGISTER,AUTHENTIC_EXCHANGE_VERIFIED
002131.SZ,利欧股份,SZSE_MAIN,2024-09-06,2007-04-27,,SZSE_OFFICIAL_LISTING_REGISTER,AUTHENTIC_EXCHANGE_VERIFIED
002132.SZ,恒星科技,SZSE_MAIN,2024-09-06,2007-04-27,,SZSE_OFFICIAL_LISTING_REGISTER,AUTHENTIC_EXCHANGE_VERIFIED
002133.SZ,广宇集团,SZSE_MAIN,2024-09-06,2007-04-27,,SZSE_OFFICIAL_LISTING_REGISTER,AUTHENTIC_EXCHANGE_VERIFIED
002134.SZ,天津普林,SZSE_MAIN,2024-09-06,2007-05-16,,SZSE_OFFICIAL_LISTING_REGISTER,AUTHENTIC_EXCHANGE_VERIFIED
002135.SZ,东南网架,SZSE_MAIN,2024-09-06,2007-05-30,,SZSE_OFFICIAL_LISTING_REGISTER,AUTHENTIC_EXCHANGE_VERIFIED
002136.SZ,安 纳 达,SZSE_MAIN,2024-09-06,2007-05-30,,SZSE_OFFICIAL_LISTING_REGISTER,AUTHENTIC_EXCHANGE_VERIFIED
002137.SZ,实益达,SZSE_MAIN,2024-09-06,2007-06-13,,SZSE_OFFICIAL_LISTING_REGISTER,AUTHENTIC_EXCHANGE_VERIFIED
002138.SZ,顺络电子,SZSE_MAIN,2024-09-06,2007-06-13,,SZSE_OFFICIAL_LISTING_REGISTER,AUTHENTIC_EXCHANGE_VERIFIED
002139.SZ,拓邦股份,SZSE_MAIN,2024-09-06,2007-06-29,,SZSE_OFFICIAL_LISTING_REGISTER,AUTHENTIC_EXCHANGE_VERIFIED
002140.SZ,东华科技,SZSE_MAIN,2024-09-06,2007-07-12,,SZSE_OFFICIAL_LISTING_REGISTER,AUTHENTIC_EXCHANGE_VERIFIED
002141.SZ,贤丰控股,SZSE_MAIN,2024-09-06,2007-07-20,,SZSE_OFFICIAL_LISTING_REGISTER,AUTHENTIC_EXCHANGE_VERIFIED
002142.SZ,宁波银行,SZSE_MAIN,2024-09-06,2007-07-19,,SZSE_OFFICIAL_LISTING_REGISTER,AUTHENTIC_EXCHANGE_VERIFIED
002144.SZ,宏达高科,SZSE_MAIN,2024-09-06,2007-08-03,,SZSE_OFFICIAL_LISTING_REGISTER,AUTHENTIC_EXCHANGE_VERIFIED
002145.SZ,钛能化学,SZSE_MAIN,2024-09-06,2007-08-03,,SZSE_OFFICIAL_LISTING_REGISTER,AUTHENTIC_EXCHANGE_VERIFIED
002146.SZ,荣盛发展,SZSE_MAIN,2024-09-06,2007-08-08,,SZSE_OFFICIAL_LISTING_REGISTER,AUTHENTIC_EXCHANGE_VERIFIED
002148.SZ,北纬科技,SZSE_MAIN,2024-09-06,2007-08-10,,SZSE_OFFICIAL_LISTING_REGISTER,AUTHENTIC_EXCHANGE_VERIFIED
002149.SZ,西部材料,SZSE_MAIN,2024-09-06,2007-08-10,,SZSE_OFFICIAL_LISTING_REGISTER,AUTHENTIC_EXCHANGE_VERIFIED
002150.SZ,正泰电源,SZSE_MAIN,2024-09-06,2007-08-10,,SZSE_OFFICIAL_LISTING_REGISTER,AUTHENTIC_EXCHANGE_VERIFIED
002151.SZ,北斗星通,SZSE_MAIN,2024-09-06,2007-08-13,,SZSE_OFFICIAL_LISTING_REGISTER,AUTHENTIC_EXCHANGE_VERIFIED
002152.SZ,广电运通,SZSE_MAIN,2024-09-06,2007-08-13,,SZSE_OFFICIAL_LISTING_REGISTER,AUTHENTIC_EXCHANGE_VERIFIED
002153.SZ,石基信息,SZSE_MAIN,2024-09-06,2007-08-13,,SZSE_OFFICIAL_LISTING_REGISTER,AUTHENTIC_EXCHANGE_VERIFIED
002154.SZ,报 喜 鸟,SZSE_MAIN,2024-09-06,2007-08-16,,SZSE_OFFICIAL_LISTING_REGISTER,AUTHENTIC_EXCHANGE_VERIFIED
002155.SZ,湖南黄金,SZSE_MAIN,2024-08-16,2007-08-16,,SZSE_OFFICIAL_LISTING_REGISTER,AUTHENTIC_EXCHANGE_VERIFIED
002156.SZ,通富微电,SZSE_MAIN,2024-09-06,2007-08-16,,SZSE_OFFICIAL_LISTING_REGISTER,AUTHENTIC_EXCHANGE_VERIFIED
002157.SZ,正邦科技,SZSE_MAIN,2024-09-06,2007-08-17,,SZSE_OFFICIAL_LISTING_REGISTER,AUTHENTIC_EXCHANGE_VERIFIED
002158.SZ,汉钟精机,SZSE_MAIN,2024-09-06,2007-08-17,,SZSE_OFFICIAL_LISTING_REGISTER,AUTHENTIC_EXCHANGE_VERIFIED
002159.SZ,三特索道,SZSE_MAIN,2024-09-06,2007-08-17,,SZSE_OFFICIAL_LISTING_REGISTER,AUTHENTIC_EXCHANGE_VERIFIED
002160.SZ,常铝股份,SZSE_MAIN,2024-08-30,2007-08-21,,SZSE_OFFICIAL_LISTING_REGISTER,AUTHENTIC_EXCHANGE_VERIFIED
002161.SZ,远 望 谷,SZSE_MAIN,2024-09-06,2007-08-21,,SZSE_OFFICIAL_LISTING_REGISTER,AUTHENTIC_EXCHANGE_VERIFIED
002162.SZ,悦心健康,SZSE_MAIN,2024-09-06,2007-08-23,,SZSE_OFFICIAL_LISTING_REGISTER,AUTHENTIC_EXCHANGE_VERIFIED
002163.SZ,海南发展,SZSE_MAIN,2024-09-06,2007-08-23,,SZSE_OFFICIAL_LISTING_REGISTER,AUTHENTIC_EXCHANGE_VERIFIED
002164.SZ,宁波东力,SZSE_MAIN,2024-09-06,2007-08-23,,SZSE_OFFICIAL_LISTING_REGISTER,AUTHENTIC_EXCHANGE_VERIFIED
002165.SZ,红 宝 丽,SZSE_MAIN,2024-09-06,2007-09-13,,SZSE_OFFICIAL_LISTING_REGISTER,AUTHENTIC_EXCHANGE_VERIFIED
002166.SZ,莱茵生物,SZSE_MAIN,2024-09-06,2007-09-13,,SZSE_OFFICIAL_LISTING_REGISTER,AUTHENTIC_EXCHANGE_VERIFIED
002167.SZ,东方锆业,SZSE_MAIN,2024-09-06,2007-09-13,,SZSE_OFFICIAL_LISTING_REGISTER,AUTHENTIC_EXCHANGE_VERIFIED
002168.SZ,ST惠程,SZSE_MAIN,2024-09-06,2007-09-19,,SZSE_OFFICIAL_LISTING_REGISTER,AUTHENTIC_EXCHANGE_VERIFIED
002169.SZ,智光电气,SZSE_MAIN,2024-08-27,2007-09-19,,SZSE_OFFICIAL_LISTING_REGISTER,AUTHENTIC_EXCHANGE_VERIFIED
002170.SZ,芭田股份,SZSE_MAIN,2024-09-06,2007-09-19,,SZSE_OFFICIAL_LISTING_REGISTER,AUTHENTIC_EXCHANGE_VERIFIED
002171.SZ,楚江新材,SZSE_MAIN,2024-09-06,2007-09-21,,SZSE_OFFICIAL_LISTING_REGISTER,AUTHENTIC_EXCHANGE_VERIFIED
002172.SZ,澳洋健康,SZSE_MAIN,2024-09-06,2007-09-21,,SZSE_OFFICIAL_LISTING_REGISTER,AUTHENTIC_EXCHANGE_VERIFIED
002173.SZ,创新医疗,SZSE_MAIN,2024-09-06,2007-09-25,,SZSE_OFFICIAL_LISTING_REGISTER,AUTHENTIC_EXCHANGE_VERIFIED
002174.SZ,游族网络,SZSE_MAIN,2024-09-06,2007-09-25,,SZSE_OFFICIAL_LISTING_REGISTER,AUTHENTIC_EXCHANGE_VERIFIED
002175.SZ,*ST东智,SZSE_MAIN,2024-08-22,2007-10-12,,SZSE_OFFICIAL_LISTING_REGISTER,AUTHENTIC_EXCHANGE_VERIFIED
002176.SZ,江特电机,SZSE_MAIN,2024-09-06,2007-10-12,,SZSE_OFFICIAL_LISTING_REGISTER,AUTHENTIC_EXCHANGE_VERIFIED
002177.SZ,御银股份,SZSE_MAIN,2024-09-06,2007-11-01,,SZSE_OFFICIAL_LISTING_REGISTER,AUTHENTIC_EXCHANGE_VERIFIED
002178.SZ,延华智能,SZSE_MAIN,2024-09-06,2007-11-01,,SZSE_OFFICIAL_LISTING_REGISTER,AUTHENTIC_EXCHANGE_VERIFIED
002179.SZ,中航光电,SZSE_MAIN,2024-09-06,2007-11-01,,SZSE_OFFICIAL_LISTING_REGISTER,AUTHENTIC_EXCHANGE_VERIFIED
002180.SZ,奔图科技,SZSE_MAIN,2024-09-06,2007-11-13,,SZSE_OFFICIAL_LISTING_REGISTER,AUTHENTIC_EXCHANGE_VERIFIED
002181.SZ,粤 传 媒,SZSE_MAIN,2024-09-06,2007-11-16,,SZSE_OFFICIAL_LISTING_REGISTER,AUTHENTIC_EXCHANGE_VERIFIED
002182.SZ,宝武镁业,SZSE_MAIN,2024-09-06,2007-11-13,,SZSE_OFFICIAL_LISTING_REGISTER,AUTHENTIC_EXCHANGE_VERIFIED
002183.SZ,怡 亚 通,SZSE_MAIN,2024-09-06,2007-11-13,,SZSE_OFFICIAL_LISTING_REGISTER,AUTHENTIC_EXCHANGE_VERIFIED
002184.SZ,海得控制,SZSE_MAIN,2024-09-06,2007-11-16,,SZSE_OFFICIAL_LISTING_REGISTER,AUTHENTIC_EXCHANGE_VERIFIED
002185.SZ,华天科技,SZSE_MAIN,2024-08-23,2007-11-20,,SZSE_OFFICIAL_LISTING_REGISTER,AUTHENTIC_EXCHANGE_VERIFIED
002186.SZ,全 聚 德,SZSE_MAIN,2024-09-06,2007-11-20,,SZSE_OFFICIAL_LISTING_REGISTER,AUTHENTIC_EXCHANGE_VERIFIED
002187.SZ,广百股份,SZSE_MAIN,2024-09-06,2007-11-22,,SZSE_OFFICIAL_LISTING_REGISTER,AUTHENTIC_EXCHANGE_VERIFIED
002188.SZ,中天服务,SZSE_MAIN,2024-09-06,2007-11-22,,SZSE_OFFICIAL_LISTING_REGISTER,AUTHENTIC_EXCHANGE_VERIFIED
002189.SZ,中光学,SZSE_MAIN,2024-09-06,2007-12-03,,SZSE_OFFICIAL_LISTING_REGISTER,AUTHENTIC_EXCHANGE_VERIFIED
002190.SZ,成飞集成,SZSE_MAIN,2024-09-06,2007-12-03,,SZSE_OFFICIAL_LISTING_REGISTER,AUTHENTIC_EXCHANGE_VERIFIED
002191.SZ,劲嘉股份,SZSE_MAIN,2024-09-06,2007-12-05,,SZSE_OFFICIAL_LISTING_REGISTER,AUTHENTIC_EXCHANGE_VERIFIED
002192.SZ,融捷股份,SZSE_MAIN,2024-09-06,2007-12-05,,SZSE_OFFICIAL_LISTING_REGISTER,AUTHENTIC_EXCHANGE_VERIFIED
002193.SZ,ST如意,SZSE_MAIN,2024-09-06,2007-12-07,,SZSE_OFFICIAL_LISTING_REGISTER,AUTHENTIC_EXCHANGE_VERIFIED
002194.SZ,武汉凡谷,SZSE_MAIN,2024-09-06,2007-12-07,,SZSE_OFFICIAL_LISTING_REGISTER,AUTHENTIC_EXCHANGE_VERIFIED
002195.SZ,岩山科技,SZSE_MAIN,2024-09-06,2007-12-12,,SZSE_OFFICIAL_LISTING_REGISTER,AUTHENTIC_EXCHANGE_VERIFIED
002196.SZ,方正电机,SZSE_MAIN,2024-09-06,2007-12-12,,SZSE_OFFICIAL_LISTING_REGISTER,AUTHENTIC_EXCHANGE_VERIFIED
002197.SZ,证通电子,SZSE_MAIN,2024-09-06,2007-12-18,,SZSE_OFFICIAL_LISTING_REGISTER,AUTHENTIC_EXCHANGE_VERIFIED
002198.SZ,ST嘉应,SZSE_MAIN,2024-09-05,2007-12-18,,SZSE_OFFICIAL_LISTING_REGISTER,AUTHENTIC_EXCHANGE_VERIFIED
002199.SZ,东晶电子,SZSE_MAIN,2024-09-06,2007-12-21,,SZSE_OFFICIAL_LISTING_REGISTER,AUTHENTIC_EXCHANGE_VERIFIED
002200.SZ,交投生态,SZSE_MAIN,2024-09-03,2007-12-21,,SZSE_OFFICIAL_LISTING_REGISTER,AUTHENTIC_EXCHANGE_VERIFIED
002201.SZ,九鼎新材,SZSE_MAIN,2024-09-06,2007-12-26,,SZSE_OFFICIAL_LISTING_REGISTER,AUTHENTIC_EXCHANGE_VERIFIED
002202.SZ,金风科技,SZSE_MAIN,2024-09-06,2007-12-26,,SZSE_OFFICIAL_LISTING_REGISTER,AUTHENTIC_EXCHANGE_VERIFIED
002203.SZ,海亮股份,SZSE_MAIN,2024-09-06,2008-01-16,,SZSE_OFFICIAL_LISTING_REGISTER,AUTHENTIC_EXCHANGE_VERIFIED
002204.SZ,大连重工,SZSE_MAIN,2024-09-06,2008-01-16,,SZSE_OFFICIAL_LISTING_REGISTER,AUTHENTIC_EXCHANGE_VERIFIED
002205.SZ,国统股份,SZSE_MAIN,2024-09-06,2008-01-23,,SZSE_OFFICIAL_LISTING_REGISTER,AUTHENTIC_EXCHANGE_VERIFIED
002206.SZ,海 利 得,SZSE_MAIN,2024-09-06,2008-01-23,,SZSE_OFFICIAL_LISTING_REGISTER,AUTHENTIC_EXCHANGE_VERIFIED
002207.SZ,*ST准油,SZSE_MAIN,2024-09-05,2008-01-28,,SZSE_OFFICIAL_LISTING_REGISTER,AUTHENTIC_EXCHANGE_VERIFIED
002208.SZ,合肥城建,SZSE_MAIN,2024-09-06,2008-01-28,,SZSE_OFFICIAL_LISTING_REGISTER,AUTHENTIC_EXCHANGE_VERIFIED
002209.SZ,达 意 隆,SZSE_MAIN,2024-09-06,2008-01-30,,SZSE_OFFICIAL_LISTING_REGISTER,AUTHENTIC_EXCHANGE_VERIFIED
002210.SZ,飞马国际,SZSE_MAIN,2024-09-06,2008-01-30,,SZSE_OFFICIAL_LISTING_REGISTER,AUTHENTIC_EXCHANGE_VERIFIED
002211.SZ,ST宏达,SZSE_MAIN,2024-09-06,2008-02-01,,SZSE_OFFICIAL_LISTING_REGISTER,AUTHENTIC_EXCHANGE_VERIFIED
002212.SZ,天融信,SZSE_MAIN,2024-09-06,2008-02-01,,SZSE_OFFICIAL_LISTING_REGISTER,AUTHENTIC_EXCHANGE_VERIFIED
002213.SZ,大为股份,SZSE_MAIN,2024-09-06,2008-02-01,,SZSE_OFFICIAL_LISTING_REGISTER,AUTHENTIC_EXCHANGE_VERIFIED
002214.SZ,大立科技,SZSE_MAIN,2024-09-06,2008-02-18,,SZSE_OFFICIAL_LISTING_REGISTER,AUTHENTIC_EXCHANGE_VERIFIED
002215.SZ,诺 普 信,SZSE_MAIN,2024-09-06,2008-02-18,,SZSE_OFFICIAL_LISTING_REGISTER,AUTHENTIC_EXCHANGE_VERIFIED
002216.SZ,三全食品,SZSE_MAIN,2024-09-06,2008-02-20,,SZSE_OFFICIAL_LISTING_REGISTER,AUTHENTIC_EXCHANGE_VERIFIED
002217.SZ,ST合力泰,SZSE_MAIN,2024-09-03,2008-02-20,,SZSE_OFFICIAL_LISTING_REGISTER,AUTHENTIC_EXCHANGE_VERIFIED
002218.SZ,拓日新能,SZSE_MAIN,2024-09-06,2008-02-28,,SZSE_OFFICIAL_LISTING_REGISTER,AUTHENTIC_EXCHANGE_VERIFIED
002219.SZ,新里程,SZSE_MAIN,2024-09-06,2008-03-06,,SZSE_OFFICIAL_LISTING_REGISTER,AUTHENTIC_EXCHANGE_VERIFIED
002220.SZ,002220.SZ,SZSE_MAIN,2018-06-25,2008-02-28,2020-08-11,SZSE_OFFICIAL_DELISTED_REGISTER,AUTHENTIC_EXCHANGE_VERIFIED
002221.SZ,东华能源,SZSE_MAIN,2024-09-06,2008-03-06,,SZSE_OFFICIAL_LISTING_REGISTER,AUTHENTIC_EXCHANGE_VERIFIED
002222.SZ,福晶科技,SZSE_MAIN,2024-09-06,2008-03-19,,SZSE_OFFICIAL_LISTING_REGISTER,AUTHENTIC_EXCHANGE_VERIFIED
002223.SZ,鱼跃医疗,SZSE_MAIN,2024-09-06,2008-04-18,,SZSE_OFFICIAL_LISTING_REGISTER,AUTHENTIC_EXCHANGE_VERIFIED
002224.SZ,三 力 士,SZSE_MAIN,2024-09-06,2008-04-25,,SZSE_OFFICIAL_LISTING_REGISTER,AUTHENTIC_EXCHANGE_VERIFIED
002225.SZ,濮耐股份,SZSE_MAIN,2024-09-06,2008-04-25,,SZSE_OFFICIAL_LISTING_REGISTER,AUTHENTIC_EXCHANGE_VERIFIED
002226.SZ,江南化工,SZSE_MAIN,2024-09-06,2008-05-06,,SZSE_OFFICIAL_LISTING_REGISTER,AUTHENTIC_EXCHANGE_VERIFIED
002227.SZ,*ST特迅,SZSE_MAIN,2024-09-06,2008-05-06,,SZSE_OFFICIAL_LISTING_REGISTER,AUTHENTIC_EXCHANGE_VERIFIED
002228.SZ,合兴包装,SZSE_MAIN,2024-09-06,2008-05-08,,SZSE_OFFICIAL_LISTING_REGISTER,AUTHENTIC_EXCHANGE_VERIFIED
002229.SZ,鸿博股份,SZSE_MAIN,2024-09-06,2008-05-08,,SZSE_OFFICIAL_LISTING_REGISTER,AUTHENTIC_EXCHANGE_VERIFIED
002230.SZ,科大讯飞,SZSE_MAIN,2023-01-13,2008-05-12,,SZSE_OFFICIAL_LISTING_REGISTER,AUTHENTIC_EXCHANGE_VERIFIED
002232.SZ,启明信息,SZSE_MAIN,2024-09-06,2008-05-09,,SZSE_OFFICIAL_LISTING_REGISTER,AUTHENTIC_EXCHANGE_VERIFIED
002233.SZ,塔牌集团,SZSE_MAIN,2024-09-06,2008-05-16,,SZSE_OFFICIAL_LISTING_REGISTER,AUTHENTIC_EXCHANGE_VERIFIED
002234.SZ,民和股份,SZSE_MAIN,2024-09-06,2008-05-16,,SZSE_OFFICIAL_LISTING_REGISTER,AUTHENTIC_EXCHANGE_VERIFIED
002235.SZ,安妮股份,SZSE_MAIN,2024-08-30,2008-05-16,,SZSE_OFFICIAL_LISTING_REGISTER,AUTHENTIC_EXCHANGE_VERIFIED
002236.SZ,大华股份,SZSE_MAIN,2024-09-06,2008-05-20,,SZSE_OFFICIAL_LISTING_REGISTER,AUTHENTIC_EXCHANGE_VERIFIED
002237.SZ,恒邦股份,SZSE_MAIN,2024-09-06,2008-05-20,,SZSE_OFFICIAL_LISTING_REGISTER,AUTHENTIC_EXCHANGE_VERIFIED
002238.SZ,天威视讯,SZSE_MAIN,2024-09-06,2008-05-26,,SZSE_OFFICIAL_LISTING_REGISTER,AUTHENTIC_EXCHANGE_VERIFIED
002239.SZ,奥特佳,SZSE_MAIN,2024-09-06,2008-05-22,,SZSE_OFFICIAL_LISTING_REGISTER,AUTHENTIC_EXCHANGE_VERIFIED
002240.SZ,盛新锂能,SZSE_MAIN,2024-09-06,2008-05-23,,SZSE_OFFICIAL_LISTING_REGISTER,AUTHENTIC_EXCHANGE_VERIFIED
002241.SZ,歌尔股份,SZSE_MAIN,2024-09-06,2008-05-22,,SZSE_OFFICIAL_LISTING_REGISTER,AUTHENTIC_EXCHANGE_VERIFIED
002242.SZ,九阳股份,SZSE_MAIN,2024-09-06,2008-05-28,,SZSE_OFFICIAL_LISTING_REGISTER,AUTHENTIC_EXCHANGE_VERIFIED
002243.SZ,力合科创,SZSE_MAIN,2024-09-06,2008-05-28,,SZSE_OFFICIAL_LISTING_REGISTER,AUTHENTIC_EXCHANGE_VERIFIED
002244.SZ,滨江集团,SZSE_MAIN,2024-09-06,2008-05-29,,SZSE_OFFICIAL_LISTING_REGISTER,AUTHENTIC_EXCHANGE_VERIFIED
002245.SZ,蔚蓝锂芯,SZSE_MAIN,2024-09-06,2008-06-05,,SZSE_OFFICIAL_LISTING_REGISTER,AUTHENTIC_EXCHANGE_VERIFIED
002246.SZ,北化股份,SZSE_MAIN,2024-09-06,2008-06-05,,SZSE_OFFICIAL_LISTING_REGISTER,AUTHENTIC_EXCHANGE_VERIFIED
002247.SZ,聚力文化,SZSE_MAIN,2024-09-06,2008-06-12,,SZSE_OFFICIAL_LISTING_REGISTER,AUTHENTIC_EXCHANGE_VERIFIED
002248.SZ,华东数控,SZSE_MAIN,2024-09-06,2008-06-12,,SZSE_OFFICIAL_LISTING_REGISTER,AUTHENTIC_EXCHANGE_VERIFIED
002249.SZ,大洋电机,SZSE_MAIN,2024-09-06,2008-06-19,,SZSE_OFFICIAL_LISTING_REGISTER,AUTHENTIC_EXCHANGE_VERIFIED
002250.SZ,联化科技,SZSE_MAIN,2024-09-06,2008-06-19,,SZSE_OFFICIAL_LISTING_REGISTER,AUTHENTIC_EXCHANGE_VERIFIED
002251.SZ,步步高,SZSE_MAIN,2024-09-04,2008-06-19,,SZSE_OFFICIAL_LISTING_REGISTER,AUTHENTIC_EXCHANGE_VERIFIED
002252.SZ,上海莱士,SZSE_MAIN,2024-09-06,2008-06-23,,SZSE_OFFICIAL_LISTING_REGISTER,AUTHENTIC_EXCHANGE_VERIFIED
002253.SZ,川大智胜,SZSE_MAIN,2024-09-06,2008-06-23,,SZSE_OFFICIAL_LISTING_REGISTER,AUTHENTIC_EXCHANGE_VERIFIED
002254.SZ,泰和新材,SZSE_MAIN,2024-09-06,2008-06-25,,SZSE_OFFICIAL_LISTING_REGISTER,AUTHENTIC_EXCHANGE_VERIFIED
002255.SZ,海陆重工,SZSE_MAIN,2024-09-06,2008-06-25,,SZSE_OFFICIAL_LISTING_REGISTER,AUTHENTIC_EXCHANGE_VERIFIED
002256.SZ,兆新股份,SZSE_MAIN,2024-09-06,2008-06-25,,SZSE_OFFICIAL_LISTING_REGISTER,AUTHENTIC_EXCHANGE_VERIFIED
002258.SZ,利尔化学,SZSE_MAIN,2024-09-06,2008-07-08,,SZSE_OFFICIAL_LISTING_REGISTER,AUTHENTIC_EXCHANGE_VERIFIED
002259.SZ,升达林业,SZSE_MAIN,2024-09-06,2008-07-16,,SZSE_OFFICIAL_LISTING_REGISTER,AUTHENTIC_EXCHANGE_VERIFIED
002260.SZ,002260.SZ,SZSE_MAIN,2015-12-23,2008-07-16,2022-06-17,SZSE_OFFICIAL_DELISTED_REGISTER,AUTHENTIC_EXCHANGE_VERIFIED
002261.SZ,拓维信息,SZSE_MAIN,2024-09-06,2008-07-23,,SZSE_OFFICIAL_LISTING_REGISTER,AUTHENTIC_EXCHANGE_VERIFIED
002262.SZ,恩华药业,SZSE_MAIN,2024-09-06,2008-07-23,,SZSE_OFFICIAL_LISTING_REGISTER,AUTHENTIC_EXCHANGE_VERIFIED
002263.SZ,大东南,SZSE_MAIN,2024-09-06,2008-07-28,,SZSE_OFFICIAL_LISTING_REGISTER,AUTHENTIC_EXCHANGE_VERIFIED
002264.SZ,新 华 都,SZSE_MAIN,2024-09-06,2008-07-31,,SZSE_OFFICIAL_LISTING_REGISTER,AUTHENTIC_EXCHANGE_VERIFIED
002265.SZ,建设工业,SZSE_MAIN,2024-09-06,2008-08-06,,SZSE_OFFICIAL_LISTING_REGISTER,AUTHENTIC_EXCHANGE_VERIFIED
002266.SZ,浙富控股,SZSE_MAIN,2024-09-06,2008-08-06,,SZSE_OFFICIAL_LISTING_REGISTER,AUTHENTIC_EXCHANGE_VERIFIED
002267.SZ,陕天然气,SZSE_MAIN,2024-09-06,2008-08-13,,SZSE_OFFICIAL_LISTING_REGISTER,AUTHENTIC_EXCHANGE_VERIFIED
002268.SZ,电科网安,SZSE_MAIN,2024-09-06,2008-08-11,,SZSE_OFFICIAL_LISTING_REGISTER,AUTHENTIC_EXCHANGE_VERIFIED
002269.SZ,美邦服饰,SZSE_MAIN,2024-09-06,2008-08-28,,SZSE_OFFICIAL_LISTING_REGISTER,AUTHENTIC_EXCHANGE_VERIFIED
002270.SZ,华明装备,SZSE_MAIN,2024-09-06,2008-09-05,,SZSE_OFFICIAL_LISTING_REGISTER,AUTHENTIC_EXCHANGE_VERIFIED
002271.SZ,东方雨虹,SZSE_MAIN,2024-09-06,2008-09-10,,SZSE_OFFICIAL_LISTING_REGISTER,AUTHENTIC_EXCHANGE_VERIFIED
002272.SZ,川润股份,SZSE_MAIN,2024-09-06,2008-09-19,,SZSE_OFFICIAL_LISTING_REGISTER,AUTHENTIC_EXCHANGE_VERIFIED
002273.SZ,水晶光电,SZSE_MAIN,2024-09-06,2008-09-19,,SZSE_OFFICIAL_LISTING_REGISTER,AUTHENTIC_EXCHANGE_VERIFIED
002274.SZ,华昌化工,SZSE_MAIN,2024-09-06,2008-09-25,,SZSE_OFFICIAL_LISTING_REGISTER,AUTHENTIC_EXCHANGE_VERIFIED
002275.SZ,桂林三金,SZSE_MAIN,2024-09-06,2009-07-10,,SZSE_OFFICIAL_LISTING_REGISTER,AUTHENTIC_EXCHANGE_VERIFIED
002276.SZ,万马股份,SZSE_MAIN,2024-09-06,2009-07-10,,SZSE_OFFICIAL_LISTING_REGISTER,AUTHENTIC_EXCHANGE_VERIFIED
002277.SZ,友阿股份,SZSE_MAIN,2024-08-23,2009-07-17,,SZSE_OFFICIAL_LISTING_REGISTER,AUTHENTIC_EXCHANGE_VERIFIED
002278.SZ,神开股份,SZSE_MAIN,2024-09-06,2009-08-11,,SZSE_OFFICIAL_LISTING_REGISTER,AUTHENTIC_EXCHANGE_VERIFIED
002279.SZ,久其软件,SZSE_MAIN,2024-09-06,2009-08-11,,SZSE_OFFICIAL_LISTING_REGISTER,AUTHENTIC_EXCHANGE_VERIFIED
002280.SZ,002280.SZ,SZSE_MAIN,2022-06-06,2009-08-21,2024-08-16,SZSE_OFFICIAL_DELISTED_REGISTER,AUTHENTIC_EXCHANGE_VERIFIED
002281.SZ,光迅科技,SZSE_MAIN,2024-09-06,2009-08-21,,SZSE_OFFICIAL_LISTING_REGISTER,AUTHENTIC_EXCHANGE_VERIFIED
002282.SZ,博深股份,SZSE_MAIN,2024-09-06,2009-08-21,,SZSE_OFFICIAL_LISTING_REGISTER,AUTHENTIC_EXCHANGE_VERIFIED
002283.SZ,天润工业,SZSE_MAIN,2024-09-06,2009-08-21,,SZSE_OFFICIAL_LISTING_REGISTER,AUTHENTIC_EXCHANGE_VERIFIED
002284.SZ,亚太股份,SZSE_MAIN,2024-09-06,2009-08-28,,SZSE_OFFICIAL_LISTING_REGISTER,AUTHENTIC_EXCHANGE_VERIFIED
002285.SZ,世联行,SZSE_MAIN,2024-09-06,2009-08-28,,SZSE_OFFICIAL_LISTING_REGISTER,AUTHENTIC_EXCHANGE_VERIFIED
002286.SZ,保龄宝,SZSE_MAIN,2024-09-06,2009-08-28,,SZSE_OFFICIAL_LISTING_REGISTER,AUTHENTIC_EXCHANGE_VERIFIED
002287.SZ,奇正藏药,SZSE_MAIN,2024-09-06,2009-08-28,,SZSE_OFFICIAL_LISTING_REGISTER,AUTHENTIC_EXCHANGE_VERIFIED
002289.SZ,宇顺电子,SZSE_MAIN,2024-09-06,2009-09-03,,SZSE_OFFICIAL_LISTING_REGISTER,AUTHENTIC_EXCHANGE_VERIFIED
002290.SZ,禾盛新材,SZSE_MAIN,2024-09-06,2009-09-03,,SZSE_OFFICIAL_LISTING_REGISTER,AUTHENTIC_EXCHANGE_VERIFIED
002291.SZ,遥望科技,SZSE_MAIN,2024-09-06,2009-09-03,,SZSE_OFFICIAL_LISTING_REGISTER,AUTHENTIC_EXCHANGE_VERIFIED
002292.SZ,奥飞娱乐,SZSE_MAIN,2024-09-06,2009-09-10,,SZSE_OFFICIAL_LISTING_REGISTER,AUTHENTIC_EXCHANGE_VERIFIED
002293.SZ,罗莱生活,SZSE_MAIN,2024-09-06,2009-09-10,,SZSE_OFFICIAL_LISTING_REGISTER,AUTHENTIC_EXCHANGE_VERIFIED
002294.SZ,信立泰,SZSE_MAIN,2024-09-06,2009-09-10,,SZSE_OFFICIAL_LISTING_REGISTER,AUTHENTIC_EXCHANGE_VERIFIED
002295.SZ,精艺股份,SZSE_MAIN,2024-09-06,2009-09-29,,SZSE_OFFICIAL_LISTING_REGISTER,AUTHENTIC_EXCHANGE_VERIFIED
002296.SZ,辉煌科技,SZSE_MAIN,2024-09-06,2009-09-29,,SZSE_OFFICIAL_LISTING_REGISTER,AUTHENTIC_EXCHANGE_VERIFIED
002297.SZ,博云新材,SZSE_MAIN,2024-09-06,2009-09-29,,SZSE_OFFICIAL_LISTING_REGISTER,AUTHENTIC_EXCHANGE_VERIFIED
002298.SZ,中电鑫龙,SZSE_MAIN,2024-09-06,2009-09-29,,SZSE_OFFICIAL_LISTING_REGISTER,AUTHENTIC_EXCHANGE_VERIFIED
002299.SZ,圣农发展,SZSE_MAIN,2024-09-06,2009-10-21,,SZSE_OFFICIAL_LISTING_REGISTER,AUTHENTIC_EXCHANGE_VERIFIED
002300.SZ,太阳电缆,SZSE_MAIN,2024-09-06,2009-10-21,,SZSE_OFFICIAL_LISTING_REGISTER,AUTHENTIC_EXCHANGE_VERIFIED
002301.SZ,齐心集团,SZSE_MAIN,2024-09-06,2009-10-21,,SZSE_OFFICIAL_LISTING_REGISTER,AUTHENTIC_EXCHANGE_VERIFIED
002302.SZ,西部建设,SZSE_MAIN,2024-09-06,2009-11-03,,SZSE_OFFICIAL_LISTING_REGISTER,AUTHENTIC_EXCHANGE_VERIFIED
002303.SZ,美盈森,SZSE_MAIN,2024-09-06,2009-11-03,,SZSE_OFFICIAL_LISTING_REGISTER,AUTHENTIC_EXCHANGE_VERIFIED
002304.SZ,洋河股份,SZSE_MAIN,2023-01-13,2009-11-06,,SZSE_OFFICIAL_LISTING_REGISTER,AUTHENTIC_EXCHANGE_VERIFIED
002305.SZ,*ST南置,SZSE_MAIN,2024-09-05,2009-11-06,,SZSE_OFFICIAL_LISTING_REGISTER,AUTHENTIC_EXCHANGE_VERIFIED
002306.SZ,ST云网,SZSE_MAIN,2024-09-06,2009-11-11,,SZSE_OFFICIAL_LISTING_REGISTER,AUTHENTIC_EXCHANGE_VERIFIED
002307.SZ,北新路桥,SZSE_MAIN,2024-09-06,2009-11-11,,SZSE_OFFICIAL_LISTING_REGISTER,AUTHENTIC_EXCHANGE_VERIFIED
002309.SZ,中利集团,SZSE_MAIN,2024-07-08,2009-11-27,,SZSE_OFFICIAL_LISTING_REGISTER,AUTHENTIC_EXCHANGE_VERIFIED
002310.SZ,东方新能,SZSE_MAIN,2024-09-06,2009-11-27,,SZSE_OFFICIAL_LISTING_REGISTER,AUTHENTIC_EXCHANGE_VERIFIED
002311.SZ,海大集团,SZSE_MAIN,2024-09-06,2009-11-27,,SZSE_OFFICIAL_LISTING_REGISTER,AUTHENTIC_EXCHANGE_VERIFIED
002312.SZ,川发龙蟒,SZSE_MAIN,2024-09-06,2009-12-03,,SZSE_OFFICIAL_LISTING_REGISTER,AUTHENTIC_EXCHANGE_VERIFIED
002313.SZ,日海智能,SZSE_MAIN,2024-09-06,2009-12-03,,SZSE_OFFICIAL_LISTING_REGISTER,AUTHENTIC_EXCHANGE_VERIFIED
002314.SZ,南山控股,SZSE_MAIN,2024-09-06,2009-12-03,,SZSE_OFFICIAL_LISTING_REGISTER,AUTHENTIC_EXCHANGE_VERIFIED
002315.SZ,焦点科技,SZSE_MAIN,2024-09-06,2009-12-09,,SZSE_OFFICIAL_LISTING_REGISTER,AUTHENTIC_EXCHANGE_VERIFIED
002316.SZ,亚联发展,SZSE_MAIN,2024-09-06,2009-12-09,,SZSE_OFFICIAL_LISTING_REGISTER,AUTHENTIC_EXCHANGE_VERIFIED
002317.SZ,众生药业,SZSE_MAIN,2024-09-06,2009-12-11,,SZSE_OFFICIAL_LISTING_REGISTER,AUTHENTIC_EXCHANGE_VERIFIED
002318.SZ,久立特材,SZSE_MAIN,2024-09-06,2009-12-11,,SZSE_OFFICIAL_LISTING_REGISTER,AUTHENTIC_EXCHANGE_VERIFIED
002319.SZ,乐通股份,SZSE_MAIN,2024-09-06,2009-12-11,,SZSE_OFFICIAL_LISTING_REGISTER,AUTHENTIC_EXCHANGE_VERIFIED
002320.SZ,海峡股份,SZSE_MAIN,2024-09-06,2009-12-16,,SZSE_OFFICIAL_LISTING_REGISTER,AUTHENTIC_EXCHANGE_VERIFIED
002321.SZ,华英农业,SZSE_MAIN,2024-09-06,2009-12-16,,SZSE_OFFICIAL_LISTING_REGISTER,AUTHENTIC_EXCHANGE_VERIFIED
002322.SZ,理工能科,SZSE_MAIN,2024-09-06,2009-12-18,,SZSE_OFFICIAL_LISTING_REGISTER,AUTHENTIC_EXCHANGE_VERIFIED
002323.SZ,*ST雅博,SZSE_MAIN,2024-09-06,2009-12-18,,SZSE_OFFICIAL_LISTING_REGISTER,AUTHENTIC_EXCHANGE_VERIFIED
002324.SZ,普利特,SZSE_MAIN,2024-09-06,2009-12-18,,SZSE_OFFICIAL_LISTING_REGISTER,AUTHENTIC_EXCHANGE_VERIFIED
002326.SZ,永太科技,SZSE_MAIN,2024-09-06,2009-12-22,,SZSE_OFFICIAL_LISTING_REGISTER,AUTHENTIC_EXCHANGE_VERIFIED
002327.SZ,富安娜,SZSE_MAIN,2024-09-06,2009-12-30,,SZSE_OFFICIAL_LISTING_REGISTER,AUTHENTIC_EXCHANGE_VERIFIED
002328.SZ,新朋股份,SZSE_MAIN,2024-09-06,2009-12-30,,SZSE_OFFICIAL_LISTING_REGISTER,AUTHENTIC_EXCHANGE_VERIFIED
002329.SZ,皇氏集团,SZSE_MAIN,2024-09-06,2010-01-06,,SZSE_OFFICIAL_LISTING_REGISTER,AUTHENTIC_EXCHANGE_VERIFIED
002330.SZ,得利斯,SZSE_MAIN,2024-09-06,2010-01-06,,SZSE_OFFICIAL_LISTING_REGISTER,AUTHENTIC_EXCHANGE_VERIFIED
002331.SZ,皖通科技,SZSE_MAIN,2024-09-06,2010-01-06,,SZSE_OFFICIAL_LISTING_REGISTER,AUTHENTIC_EXCHANGE_VERIFIED
002332.SZ,仙琚制药,SZSE_MAIN,2024-09-06,2010-01-12,,SZSE_OFFICIAL_LISTING_REGISTER,AUTHENTIC_EXCHANGE_VERIFIED
002333.SZ,罗普斯金,SZSE_MAIN,2024-09-06,2010-01-12,,SZSE_OFFICIAL_LISTING_REGISTER,AUTHENTIC_EXCHANGE_VERIFIED
002334.SZ,英威腾,SZSE_MAIN,2024-09-06,2010-01-13,,SZSE_OFFICIAL_LISTING_REGISTER,AUTHENTIC_EXCHANGE_VERIFIED
002335.SZ,科华数据,SZSE_MAIN,2024-09-06,2010-01-13,,SZSE_OFFICIAL_LISTING_REGISTER,AUTHENTIC_EXCHANGE_VERIFIED
002337.SZ,赛象科技,SZSE_MAIN,2024-09-06,2010-01-15,,SZSE_OFFICIAL_LISTING_REGISTER,AUTHENTIC_EXCHANGE_VERIFIED
002338.SZ,奥普光电,SZSE_MAIN,2024-09-06,2010-01-15,,SZSE_OFFICIAL_LISTING_REGISTER,AUTHENTIC_EXCHANGE_VERIFIED
002339.SZ,积成电子,SZSE_MAIN,2024-09-06,2010-01-22,,SZSE_OFFICIAL_LISTING_REGISTER,AUTHENTIC_EXCHANGE_VERIFIED
002340.SZ,格林美,SZSE_MAIN,2024-09-06,2010-01-22,,SZSE_OFFICIAL_LISTING_REGISTER,AUTHENTIC_EXCHANGE_VERIFIED
002342.SZ,巨力索具,SZSE_MAIN,2024-09-06,2010-01-26,,SZSE_OFFICIAL_LISTING_REGISTER,AUTHENTIC_EXCHANGE_VERIFIED
002343.SZ,慈文传媒,SZSE_MAIN,2024-09-06,2010-01-26,,SZSE_OFFICIAL_LISTING_REGISTER,AUTHENTIC_EXCHANGE_VERIFIED
002344.SZ,海宁皮城,SZSE_MAIN,2024-09-06,2010-01-26,,SZSE_OFFICIAL_LISTING_REGISTER,AUTHENTIC_EXCHANGE_VERIFIED
002345.SZ,潮宏基,SZSE_MAIN,2024-09-06,2010-01-28,,SZSE_OFFICIAL_LISTING_REGISTER,AUTHENTIC_EXCHANGE_VERIFIED
002346.SZ,柘中股份,SZSE_MAIN,2024-09-06,2010-01-28,,SZSE_OFFICIAL_LISTING_REGISTER,AUTHENTIC_EXCHANGE_VERIFIED
002347.SZ,泰尔股份,SZSE_MAIN,2024-09-06,2010-01-28,,SZSE_OFFICIAL_LISTING_REGISTER,AUTHENTIC_EXCHANGE_VERIFIED
002348.SZ,高乐股份,SZSE_MAIN,2024-08-30,2010-02-03,,SZSE_OFFICIAL_LISTING_REGISTER,AUTHENTIC_EXCHANGE_VERIFIED
002349.SZ,精华制药,SZSE_MAIN,2024-09-06,2010-02-03,,SZSE_OFFICIAL_LISTING_REGISTER,AUTHENTIC_EXCHANGE_VERIFIED
002350.SZ,北京科锐,SZSE_MAIN,2024-09-06,2010-02-03,,SZSE_OFFICIAL_LISTING_REGISTER,AUTHENTIC_EXCHANGE_VERIFIED
002351.SZ,漫步者,SZSE_MAIN,2024-09-06,2010-02-05,,SZSE_OFFICIAL_LISTING_REGISTER,AUTHENTIC_EXCHANGE_VERIFIED
002352.SZ,顺丰控股,SZSE_MAIN,2023-01-13,2010-02-05,,SZSE_OFFICIAL_LISTING_REGISTER,AUTHENTIC_EXCHANGE_VERIFIED
002353.SZ,杰瑞股份,SZSE_MAIN,2024-09-06,2010-02-05,,SZSE_OFFICIAL_LISTING_REGISTER,AUTHENTIC_EXCHANGE_VERIFIED
002354.SZ,天娱数科,SZSE_MAIN,2024-09-06,2010-02-09,,SZSE_OFFICIAL_LISTING_REGISTER,AUTHENTIC_EXCHANGE_VERIFIED
002355.SZ,兴民智通,SZSE_MAIN,2024-09-06,2010-02-09,,SZSE_OFFICIAL_LISTING_REGISTER,AUTHENTIC_EXCHANGE_VERIFIED
002356.SZ,鹏飞绿能,SZSE_MAIN,2024-09-06,2010-02-09,,SZSE_OFFICIAL_LISTING_REGISTER,AUTHENTIC_EXCHANGE_VERIFIED
002357.SZ,富临运业,SZSE_MAIN,2024-08-30,2010-02-10,,SZSE_OFFICIAL_LISTING_REGISTER,AUTHENTIC_EXCHANGE_VERIFIED
002358.SZ,森源电气,SZSE_MAIN,2024-09-06,2010-02-10,,SZSE_OFFICIAL_LISTING_REGISTER,AUTHENTIC_EXCHANGE_VERIFIED
002360.SZ,ST同德,SZSE_MAIN,2024-09-06,2010-03-03,,SZSE_OFFICIAL_LISTING_REGISTER,AUTHENTIC_EXCHANGE_VERIFIED
002361.SZ,神剑股份,SZSE_MAIN,2024-09-06,2010-03-03,,SZSE_OFFICIAL_LISTING_REGISTER,AUTHENTIC_EXCHANGE_VERIFIED
002362.SZ,汉王科技,SZSE_MAIN,2024-09-06,2010-03-03,,SZSE_OFFICIAL_LISTING_REGISTER,AUTHENTIC_EXCHANGE_VERIFIED
002363.SZ,隆基机械,SZSE_MAIN,2024-09-06,2010-03-05,,SZSE_OFFICIAL_LISTING_REGISTER,AUTHENTIC_EXCHANGE_VERIFIED
002364.SZ,中恒电气,SZSE_MAIN,2024-09-06,2010-03-05,,SZSE_OFFICIAL_LISTING_REGISTER,AUTHENTIC_EXCHANGE_VERIFIED
002365.SZ,永安药业,SZSE_MAIN,2024-09-06,2010-03-05,,SZSE_OFFICIAL_LISTING_REGISTER,AUTHENTIC_EXCHANGE_VERIFIED
002366.SZ,融发核电,SZSE_MAIN,2024-09-06,2010-03-12,,SZSE_OFFICIAL_LISTING_REGISTER,AUTHENTIC_EXCHANGE_VERIFIED
002367.SZ,康力电梯,SZSE_MAIN,2024-09-06,2010-03-12,,SZSE_OFFICIAL_LISTING_REGISTER,AUTHENTIC_EXCHANGE_VERIFIED
002368.SZ,太极股份,SZSE_MAIN,2024-09-06,2010-03-12,,SZSE_OFFICIAL_LISTING_REGISTER,AUTHENTIC_EXCHANGE_VERIFIED
002369.SZ,卓翼科技,SZSE_MAIN,2024-09-06,2010-03-16,,SZSE_OFFICIAL_LISTING_REGISTER,AUTHENTIC_EXCHANGE_VERIFIED
002370.SZ,亚太药业,SZSE_MAIN,2024-09-06,2010-03-16,,SZSE_OFFICIAL_LISTING_REGISTER,AUTHENTIC_EXCHANGE_VERIFIED
002371.SZ,北方华创,SZSE_MAIN,2023-01-13,2010-03-16,,SZSE_OFFICIAL_LISTING_REGISTER,AUTHENTIC_EXCHANGE_VERIFIED
002372.SZ,伟星新材,SZSE_MAIN,2024-09-06,2010-03-18,,SZSE_OFFICIAL_LISTING_REGISTER,AUTHENTIC_EXCHANGE_VERIFIED
002373.SZ,千方科技,SZSE_MAIN,2024-09-06,2010-03-18,,SZSE_OFFICIAL_LISTING_REGISTER,AUTHENTIC_EXCHANGE_VERIFIED
002374.SZ,中锐股份,SZSE_MAIN,2024-09-06,2010-03-18,,SZSE_OFFICIAL_LISTING_REGISTER,AUTHENTIC_EXCHANGE_VERIFIED
002375.SZ,亚厦股份,SZSE_MAIN,2024-09-06,2010-03-23,,SZSE_OFFICIAL_LISTING_REGISTER,AUTHENTIC_EXCHANGE_VERIFIED
002376.SZ,新北洋,SZSE_MAIN,2024-09-06,2010-03-23,,SZSE_OFFICIAL_LISTING_REGISTER,AUTHENTIC_EXCHANGE_VERIFIED
002377.SZ,国创高新,SZSE_MAIN,2024-09-06,2010-03-23,,SZSE_OFFICIAL_LISTING_REGISTER,AUTHENTIC_EXCHANGE_VERIFIED
002378.SZ,章源钨业,SZSE_MAIN,2024-09-06,2010-03-31,,SZSE_OFFICIAL_LISTING_REGISTER,AUTHENTIC_EXCHANGE_VERIFIED
002379.SZ,宏桥控股,SZSE_MAIN,2024-09-06,2010-03-31,,SZSE_OFFICIAL_LISTING_REGISTER,AUTHENTIC_EXCHANGE_VERIFIED
002380.SZ,科远智慧,SZSE_MAIN,2024-09-06,2010-03-31,,SZSE_OFFICIAL_LISTING_REGISTER,AUTHENTIC_EXCHANGE_VERIFIED
002381.SZ,双箭股份,SZSE_MAIN,2024-09-06,2010-04-02,,SZSE_OFFICIAL_LISTING_REGISTER,AUTHENTIC_EXCHANGE_VERIFIED
002382.SZ,蓝帆医疗,SZSE_MAIN,2024-09-06,2010-04-02,,SZSE_OFFICIAL_LISTING_REGISTER,AUTHENTIC_EXCHANGE_VERIFIED
002383.SZ,合众思壮,SZSE_MAIN,2024-09-06,2010-04-02,,SZSE_OFFICIAL_LISTING_REGISTER,AUTHENTIC_EXCHANGE_VERIFIED
002384.SZ,东山精密,SZSE_MAIN,2024-09-06,2010-04-09,,SZSE_OFFICIAL_LISTING_REGISTER,AUTHENTIC_EXCHANGE_VERIFIED
002385.SZ,大北农,SZSE_MAIN,2024-09-06,2010-04-09,,SZSE_OFFICIAL_LISTING_REGISTER,AUTHENTIC_EXCHANGE_VERIFIED
002386.SZ,天原股份,SZSE_MAIN,2024-09-06,2010-04-09,,SZSE_OFFICIAL_LISTING_REGISTER,AUTHENTIC_EXCHANGE_VERIFIED
002387.SZ,维信诺,SZSE_MAIN,2024-08-30,2010-04-13,,SZSE_OFFICIAL_LISTING_REGISTER,AUTHENTIC_EXCHANGE_VERIFIED
002388.SZ,新亚制程,SZSE_MAIN,2024-09-06,2010-04-13,,SZSE_OFFICIAL_LISTING_REGISTER,AUTHENTIC_EXCHANGE_VERIFIED
002389.SZ,航天彩虹,SZSE_MAIN,2024-09-06,2010-04-13,,SZSE_OFFICIAL_LISTING_REGISTER,AUTHENTIC_EXCHANGE_VERIFIED
002390.SZ,信邦制药,SZSE_MAIN,2024-09-06,2010-04-16,,SZSE_OFFICIAL_LISTING_REGISTER,AUTHENTIC_EXCHANGE_VERIFIED
002391.SZ,长青股份,SZSE_MAIN,2024-09-06,2010-04-16,,SZSE_OFFICIAL_LISTING_REGISTER,AUTHENTIC_EXCHANGE_VERIFIED
002392.SZ,北京利尔,SZSE_MAIN,2024-09-06,2010-04-23,,SZSE_OFFICIAL_LISTING_REGISTER,AUTHENTIC_EXCHANGE_VERIFIED
002393.SZ,力生制药,SZSE_MAIN,2024-09-06,2010-04-23,,SZSE_OFFICIAL_LISTING_REGISTER,AUTHENTIC_EXCHANGE_VERIFIED
002394.SZ,联发股份,SZSE_MAIN,2024-09-06,2010-04-23,,SZSE_OFFICIAL_LISTING_REGISTER,AUTHENTIC_EXCHANGE_VERIFIED
002395.SZ,双象股份,SZSE_MAIN,2024-09-06,2010-04-29,,SZSE_OFFICIAL_LISTING_REGISTER,AUTHENTIC_EXCHANGE_VERIFIED
002396.SZ,星网锐捷,SZSE_MAIN,2024-09-06,2010-06-23,,SZSE_OFFICIAL_LISTING_REGISTER,AUTHENTIC_EXCHANGE_VERIFIED
002397.SZ,梦洁股份,SZSE_MAIN,2024-09-06,2010-04-29,,SZSE_OFFICIAL_LISTING_REGISTER,AUTHENTIC_EXCHANGE_VERIFIED
002398.SZ,垒知集团,SZSE_MAIN,2024-09-06,2010-05-06,,SZSE_OFFICIAL_LISTING_REGISTER,AUTHENTIC_EXCHANGE_VERIFIED
002399.SZ,海普瑞,SZSE_MAIN,2024-09-06,2010-05-06,,SZSE_OFFICIAL_LISTING_REGISTER,AUTHENTIC_EXCHANGE_VERIFIED
002400.SZ,省广集团,SZSE_MAIN,2024-09-06,2010-05-06,,SZSE_OFFICIAL_LISTING_REGISTER,AUTHENTIC_EXCHANGE_VERIFIED
002401.SZ,中远海科,SZSE_MAIN,2024-09-06,2010-05-06,,SZSE_OFFICIAL_LISTING_REGISTER,AUTHENTIC_EXCHANGE_VERIFIED
002402.SZ,和而泰,SZSE_MAIN,2024-09-06,2010-05-11,,SZSE_OFFICIAL_LISTING_REGISTER,AUTHENTIC_EXCHANGE_VERIFIED
002403.SZ,爱仕达,SZSE_MAIN,2024-09-06,2010-05-11,,SZSE_OFFICIAL_LISTING_REGISTER,AUTHENTIC_EXCHANGE_VERIFIED
002404.SZ,嘉欣丝绸,SZSE_MAIN,2024-09-06,2010-05-11,,SZSE_OFFICIAL_LISTING_REGISTER,AUTHENTIC_EXCHANGE_VERIFIED
002405.SZ,四维图新,SZSE_MAIN,2024-09-06,2010-05-18,,SZSE_OFFICIAL_LISTING_REGISTER,AUTHENTIC_EXCHANGE_VERIFIED
002406.SZ,远东传动,SZSE_MAIN,2024-09-06,2010-05-18,,SZSE_OFFICIAL_LISTING_REGISTER,AUTHENTIC_EXCHANGE_VERIFIED
002407.SZ,多氟多,SZSE_MAIN,2024-09-06,2010-05-18,,SZSE_OFFICIAL_LISTING_REGISTER,AUTHENTIC_EXCHANGE_VERIFIED
002408.SZ,齐翔腾达,SZSE_MAIN,2024-09-06,2010-05-18,,SZSE_OFFICIAL_LISTING_REGISTER,AUTHENTIC_EXCHANGE_VERIFIED
002409.SZ,雅克科技,SZSE_MAIN,2024-09-06,2010-05-25,,SZSE_OFFICIAL_LISTING_REGISTER,AUTHENTIC_EXCHANGE_VERIFIED
002410.SZ,广联达,SZSE_MAIN,2024-09-06,2010-05-25,,SZSE_OFFICIAL_LISTING_REGISTER,AUTHENTIC_EXCHANGE_VERIFIED
002412.SZ,汉森制药,SZSE_MAIN,2024-09-06,2010-05-25,,SZSE_OFFICIAL_LISTING_REGISTER,AUTHENTIC_EXCHANGE_VERIFIED
002413.SZ,雷科防务,SZSE_MAIN,2024-09-06,2010-05-28,,SZSE_OFFICIAL_LISTING_REGISTER,AUTHENTIC_EXCHANGE_VERIFIED
002414.SZ,高德红外,SZSE_MAIN,2024-09-06,2010-07-16,,SZSE_OFFICIAL_LISTING_REGISTER,AUTHENTIC_EXCHANGE_VERIFIED
002415.SZ,海康威视,SZSE_MAIN,2023-01-13,2010-05-28,,SZSE_OFFICIAL_LISTING_REGISTER,AUTHENTIC_EXCHANGE_VERIFIED
002416.SZ,爱施德,SZSE_MAIN,2024-09-06,2010-05-28,,SZSE_OFFICIAL_LISTING_REGISTER,AUTHENTIC_EXCHANGE_VERIFIED
002418.SZ,康盛股份,SZSE_MAIN,2024-09-06,2010-06-01,,SZSE_OFFICIAL_LISTING_REGISTER,AUTHENTIC_EXCHANGE_VERIFIED
002419.SZ,天虹股份,SZSE_MAIN,2024-09-06,2010-06-01,,SZSE_OFFICIAL_LISTING_REGISTER,AUTHENTIC_EXCHANGE_VERIFIED
002420.SZ,毅昌科技,SZSE_MAIN,2024-09-03,2010-06-01,,SZSE_OFFICIAL_LISTING_REGISTER,AUTHENTIC_EXCHANGE_VERIFIED
002421.SZ,达实智能,SZSE_MAIN,2024-09-06,2010-06-03,,SZSE_OFFICIAL_LISTING_REGISTER,AUTHENTIC_EXCHANGE_VERIFIED
002422.SZ,科伦药业,SZSE_MAIN,2024-09-06,2010-06-03,,SZSE_OFFICIAL_LISTING_REGISTER,AUTHENTIC_EXCHANGE_VERIFIED
002423.SZ,中粮资本,SZSE_MAIN,2024-09-06,2010-06-03,,SZSE_OFFICIAL_LISTING_REGISTER,AUTHENTIC_EXCHANGE_VERIFIED
002424.SZ,ST百灵,SZSE_MAIN,2024-09-04,2010-06-03,,SZSE_OFFICIAL_LISTING_REGISTER,AUTHENTIC_EXCHANGE_VERIFIED
002425.SZ,凯撒文化,SZSE_MAIN,2024-09-04,2010-06-08,,SZSE_OFFICIAL_LISTING_REGISTER,AUTHENTIC_EXCHANGE_VERIFIED
002426.SZ,胜利精密,SZSE_MAIN,2024-09-06,2010-06-08,,SZSE_OFFICIAL_LISTING_REGISTER,AUTHENTIC_EXCHANGE_VERIFIED
002427.SZ,尤夫股份,SZSE_MAIN,2024-09-06,2010-06-08,,SZSE_OFFICIAL_LISTING_REGISTER,AUTHENTIC_EXCHANGE_VERIFIED
002428.SZ,云南锗业,SZSE_MAIN,2024-09-06,2010-06-08,,SZSE_OFFICIAL_LISTING_REGISTER,AUTHENTIC_EXCHANGE_VERIFIED
002429.SZ,兆驰股份,SZSE_MAIN,2024-09-06,2010-06-10,,SZSE_OFFICIAL_LISTING_REGISTER,AUTHENTIC_EXCHANGE_VERIFIED
002430.SZ,杭氧股份,SZSE_MAIN,2024-09-06,2010-06-10,,SZSE_OFFICIAL_LISTING_REGISTER,AUTHENTIC_EXCHANGE_VERIFIED
002431.SZ,ST棕榈,SZSE_MAIN,2024-09-06,2010-06-10,,SZSE_OFFICIAL_LISTING_REGISTER,AUTHENTIC_EXCHANGE_VERIFIED
002432.SZ,九安医疗,SZSE_MAIN,2024-09-06,2010-06-10,,SZSE_OFFICIAL_LISTING_REGISTER,AUTHENTIC_EXCHANGE_VERIFIED
002434.SZ,万里扬,SZSE_MAIN,2024-09-06,2010-06-18,,SZSE_OFFICIAL_LISTING_REGISTER,AUTHENTIC_EXCHANGE_VERIFIED
002436.SZ,兴森科技,SZSE_MAIN,2024-09-06,2010-06-18,,SZSE_OFFICIAL_LISTING_REGISTER,AUTHENTIC_EXCHANGE_VERIFIED
002437.SZ,誉衡药业,SZSE_MAIN,2024-09-06,2010-06-23,,SZSE_OFFICIAL_LISTING_REGISTER,AUTHENTIC_EXCHANGE_VERIFIED
002438.SZ,江苏神通,SZSE_MAIN,2024-09-06,2010-06-23,,SZSE_OFFICIAL_LISTING_REGISTER,AUTHENTIC_EXCHANGE_VERIFIED
002439.SZ,启明星辰,SZSE_MAIN,2024-09-06,2010-06-23,,SZSE_OFFICIAL_LISTING_REGISTER,AUTHENTIC_EXCHANGE_VERIFIED
002440.SZ,闰土股份,SZSE_MAIN,2024-09-06,2010-07-06,,SZSE_OFFICIAL_LISTING_REGISTER,AUTHENTIC_EXCHANGE_VERIFIED
002441.SZ,众业达,SZSE_MAIN,2024-09-06,2010-07-06,,SZSE_OFFICIAL_LISTING_REGISTER,AUTHENTIC_EXCHANGE_VERIFIED
002442.SZ,龙星科技,SZSE_MAIN,2024-09-06,2010-07-06,,SZSE_OFFICIAL_LISTING_REGISTER,AUTHENTIC_EXCHANGE_VERIFIED
002443.SZ,金洲管道,SZSE_MAIN,2024-09-06,2010-07-06,,SZSE_OFFICIAL_LISTING_REGISTER,AUTHENTIC_EXCHANGE_VERIFIED
002444.SZ,巨星科技,SZSE_MAIN,2024-09-06,2010-07-13,,SZSE_OFFICIAL_LISTING_REGISTER,AUTHENTIC_EXCHANGE_VERIFIED
002445.SZ,中南文化,SZSE_MAIN,2024-09-06,2010-07-13,,SZSE_OFFICIAL_LISTING_REGISTER,AUTHENTIC_EXCHANGE_VERIFIED
002446.SZ,盛路通信,SZSE_MAIN,2024-09-06,2010-07-13,,SZSE_OFFICIAL_LISTING_REGISTER,AUTHENTIC_EXCHANGE_VERIFIED
002448.SZ,中原内配,SZSE_MAIN,2024-09-06,2010-07-16,,SZSE_OFFICIAL_LISTING_REGISTER,AUTHENTIC_EXCHANGE_VERIFIED
002449.SZ,国星光电,SZSE_MAIN,2024-09-06,2010-07-16,,SZSE_OFFICIAL_LISTING_REGISTER,AUTHENTIC_EXCHANGE_VERIFIED
002451.SZ,摩恩电气,SZSE_MAIN,2024-09-06,2010-07-20,,SZSE_OFFICIAL_LISTING_REGISTER,AUTHENTIC_EXCHANGE_VERIFIED
002452.SZ,长高电气,SZSE_MAIN,2024-09-06,2010-07-20,,SZSE_OFFICIAL_LISTING_REGISTER,AUTHENTIC_EXCHANGE_VERIFIED
002453.SZ,华软科技,SZSE_MAIN,2024-09-06,2010-07-20,,SZSE_OFFICIAL_LISTING_REGISTER,AUTHENTIC_EXCHANGE_VERIFIED
002454.SZ,松芝股份,SZSE_MAIN,2024-09-06,2010-07-20,,SZSE_OFFICIAL_LISTING_REGISTER,AUTHENTIC_EXCHANGE_VERIFIED
002455.SZ,百川股份,SZSE_MAIN,2024-09-06,2010-08-03,,SZSE_OFFICIAL_LISTING_REGISTER,AUTHENTIC_EXCHANGE_VERIFIED
002456.SZ,欧菲光,SZSE_MAIN,2024-09-06,2010-08-03,,SZSE_OFFICIAL_LISTING_REGISTER,AUTHENTIC_EXCHANGE_VERIFIED
002457.SZ,青龙管业,SZSE_MAIN,2024-09-06,2010-08-03,,SZSE_OFFICIAL_LISTING_REGISTER,AUTHENTIC_EXCHANGE_VERIFIED
002458.SZ,益生股份,SZSE_MAIN,2024-09-06,2010-08-10,,SZSE_OFFICIAL_LISTING_REGISTER,AUTHENTIC_EXCHANGE_VERIFIED
002459.SZ,晶澳科技,SZSE_MAIN,2024-09-06,2010-08-10,,SZSE_OFFICIAL_LISTING_REGISTER,AUTHENTIC_EXCHANGE_VERIFIED
002460.SZ,赣锋锂业,SZSE_MAIN,2023-01-13,2010-08-10,,SZSE_OFFICIAL_LISTING_REGISTER,AUTHENTIC_EXCHANGE_VERIFIED
002461.SZ,珠江啤酒,SZSE_MAIN,2024-09-06,2010-08-18,,SZSE_OFFICIAL_LISTING_REGISTER,AUTHENTIC_EXCHANGE_VERIFIED
002462.SZ,嘉事堂,SZSE_MAIN,2024-09-06,2010-08-18,,SZSE_OFFICIAL_LISTING_REGISTER,AUTHENTIC_EXCHANGE_VERIFIED
002463.SZ,沪电股份,SZSE_MAIN,2024-09-06,2010-08-18,,SZSE_OFFICIAL_LISTING_REGISTER,AUTHENTIC_EXCHANGE_VERIFIED
002465.SZ,海格通信,SZSE_MAIN,2024-09-06,2010-08-31,,SZSE_OFFICIAL_LISTING_REGISTER,AUTHENTIC_EXCHANGE_VERIFIED
002466.SZ,天齐锂业,SZSE_MAIN,2024-09-06,2010-08-31,,SZSE_OFFICIAL_LISTING_REGISTER,AUTHENTIC_EXCHANGE_VERIFIED
002467.SZ,二六三,SZSE_MAIN,2024-09-06,2010-09-08,,SZSE_OFFICIAL_LISTING_REGISTER,AUTHENTIC_EXCHANGE_VERIFIED
002468.SZ,申通快递,SZSE_MAIN,2024-09-06,2010-09-08,,SZSE_OFFICIAL_LISTING_REGISTER,AUTHENTIC_EXCHANGE_VERIFIED
002469.SZ,三维化学,SZSE_MAIN,2024-09-06,2010-09-08,,SZSE_OFFICIAL_LISTING_REGISTER,AUTHENTIC_EXCHANGE_VERIFIED
002470.SZ,金正大,SZSE_MAIN,2024-09-06,2010-09-08,,SZSE_OFFICIAL_LISTING_REGISTER,AUTHENTIC_EXCHANGE_VERIFIED
002471.SZ,中超控股,SZSE_MAIN,2024-09-06,2010-09-10,,SZSE_OFFICIAL_LISTING_REGISTER,AUTHENTIC_EXCHANGE_VERIFIED
002472.SZ,双环传动,SZSE_MAIN,2024-09-06,2010-09-10,,SZSE_OFFICIAL_LISTING_REGISTER,AUTHENTIC_EXCHANGE_VERIFIED
002474.SZ,榕基软件,SZSE_MAIN,2024-09-06,2010-09-15,,SZSE_OFFICIAL_LISTING_REGISTER,AUTHENTIC_EXCHANGE_VERIFIED
002475.SZ,立讯精密,SZSE_MAIN,2023-01-13,2010-09-15,,SZSE_OFFICIAL_LISTING_REGISTER,AUTHENTIC_EXCHANGE_VERIFIED
002476.SZ,新叶股份,SZSE_MAIN,2024-09-06,2010-09-15,,SZSE_OFFICIAL_LISTING_REGISTER,AUTHENTIC_EXCHANGE_VERIFIED
002478.SZ,常宝股份,SZSE_MAIN,2024-09-06,2010-09-21,,SZSE_OFFICIAL_LISTING_REGISTER,AUTHENTIC_EXCHANGE_VERIFIED
002479.SZ,富春环保,SZSE_MAIN,2024-09-06,2010-09-21,,SZSE_OFFICIAL_LISTING_REGISTER,AUTHENTIC_EXCHANGE_VERIFIED
002480.SZ,新筑股份,SZSE_MAIN,2024-09-06,2010-09-21,,SZSE_OFFICIAL_LISTING_REGISTER,AUTHENTIC_EXCHANGE_VERIFIED
002481.SZ,双塔食品,SZSE_MAIN,2024-09-06,2010-09-21,,SZSE_OFFICIAL_LISTING_REGISTER,AUTHENTIC_EXCHANGE_VERIFIED
002482.SZ,广田集团,SZSE_MAIN,2024-09-06,2010-09-29,,SZSE_OFFICIAL_LISTING_REGISTER,AUTHENTIC_EXCHANGE_VERIFIED
002483.SZ,润邦股份,SZSE_MAIN,2024-09-06,2010-09-29,,SZSE_OFFICIAL_LISTING_REGISTER,AUTHENTIC_EXCHANGE_VERIFIED
002484.SZ,江海股份,SZSE_MAIN,2024-09-06,2010-09-29,,SZSE_OFFICIAL_LISTING_REGISTER,AUTHENTIC_EXCHANGE_VERIFIED
002485.SZ,ST雪发,SZSE_MAIN,2024-09-06,2010-10-15,,SZSE_OFFICIAL_LISTING_REGISTER,AUTHENTIC_EXCHANGE_VERIFIED
002486.SZ,嘉麟杰,SZSE_MAIN,2024-09-06,2010-10-15,,SZSE_OFFICIAL_LISTING_REGISTER,AUTHENTIC_EXCHANGE_VERIFIED
002487.SZ,大金重工,SZSE_MAIN,2024-09-06,2010-10-15,,SZSE_OFFICIAL_LISTING_REGISTER,AUTHENTIC_EXCHANGE_VERIFIED
002488.SZ,金固股份,SZSE_MAIN,2024-09-06,2010-10-21,,SZSE_OFFICIAL_LISTING_REGISTER,AUTHENTIC_EXCHANGE_VERIFIED
002489.SZ,浙江永强,SZSE_MAIN,2024-09-06,2010-10-21,,SZSE_OFFICIAL_LISTING_REGISTER,AUTHENTIC_EXCHANGE_VERIFIED
002490.SZ,山东墨龙,SZSE_MAIN,2024-09-06,2010-10-21,,SZSE_OFFICIAL_LISTING_REGISTER,AUTHENTIC_EXCHANGE_VERIFIED
002491.SZ,通鼎互联,SZSE_MAIN,2024-09-06,2010-10-21,,SZSE_OFFICIAL_LISTING_REGISTER,AUTHENTIC_EXCHANGE_VERIFIED
002492.SZ,恒基达鑫,SZSE_MAIN,2024-09-06,2010-11-02,,SZSE_OFFICIAL_LISTING_REGISTER,AUTHENTIC_EXCHANGE_VERIFIED
002493.SZ,荣盛石化,SZSE_MAIN,2024-09-06,2010-11-02,,SZSE_OFFICIAL_LISTING_REGISTER,AUTHENTIC_EXCHANGE_VERIFIED
002494.SZ,华斯股份,SZSE_MAIN,2024-09-06,2010-11-02,,SZSE_OFFICIAL_LISTING_REGISTER,AUTHENTIC_EXCHANGE_VERIFIED
002495.SZ,佳隆股份,SZSE_MAIN,2024-09-06,2010-11-02,,SZSE_OFFICIAL_LISTING_REGISTER,AUTHENTIC_EXCHANGE_VERIFIED
002496.SZ,辉丰股份,SZSE_MAIN,2024-09-06,2010-11-09,,SZSE_OFFICIAL_LISTING_REGISTER,AUTHENTIC_EXCHANGE_VERIFIED
002497.SZ,雅化集团,SZSE_MAIN,2024-09-06,2010-11-09,,SZSE_OFFICIAL_LISTING_REGISTER,AUTHENTIC_EXCHANGE_VERIFIED
002498.SZ,汉缆股份,SZSE_MAIN,2024-09-06,2010-11-09,,SZSE_OFFICIAL_LISTING_REGISTER,AUTHENTIC_EXCHANGE_VERIFIED
002500.SZ,山西证券,SZSE_MAIN,2024-09-06,2010-11-15,,SZSE_OFFICIAL_LISTING_REGISTER,AUTHENTIC_EXCHANGE_VERIFIED
002501.SZ,*ST利源,SZSE_MAIN,2024-09-05,2010-11-17,,SZSE_OFFICIAL_LISTING_REGISTER,AUTHENTIC_EXCHANGE_VERIFIED
002506.SZ,协鑫集成,SZSE_MAIN,2024-09-06,2010-11-18,,SZSE_OFFICIAL_LISTING_REGISTER,AUTHENTIC_EXCHANGE_VERIFIED
002507.SZ,涪陵榨菜,SZSE_MAIN,2024-09-06,2010-11-23,,SZSE_OFFICIAL_LISTING_REGISTER,AUTHENTIC_EXCHANGE_VERIFIED
002508.SZ,老板电器,SZSE_MAIN,2024-09-06,2010-11-23,,SZSE_OFFICIAL_LISTING_REGISTER,AUTHENTIC_EXCHANGE_VERIFIED
002510.SZ,天汽模,SZSE_MAIN,2024-09-06,2010-11-25,,SZSE_OFFICIAL_LISTING_REGISTER,AUTHENTIC_EXCHANGE_VERIFIED
002511.SZ,中顺洁柔,SZSE_MAIN,2024-09-06,2010-11-25,,SZSE_OFFICIAL_LISTING_REGISTER,AUTHENTIC_EXCHANGE_VERIFIED
002512.SZ,ST达华,SZSE_MAIN,2024-09-06,2010-12-03,,SZSE_OFFICIAL_LISTING_REGISTER,AUTHENTIC_EXCHANGE_VERIFIED
002513.SZ,蓝丰生化,SZSE_MAIN,2024-09-06,2010-12-03,,SZSE_OFFICIAL_LISTING_REGISTER,AUTHENTIC_EXCHANGE_VERIFIED
002514.SZ,*ST宝馨,SZSE_MAIN,2024-09-06,2010-12-03,,SZSE_OFFICIAL_LISTING_REGISTER,AUTHENTIC_EXCHANGE_VERIFIED
002515.SZ,金字火腿,SZSE_MAIN,2024-09-06,2010-12-03,,SZSE_OFFICIAL_LISTING_REGISTER,AUTHENTIC_EXCHANGE_VERIFIED
002516.SZ,旷达科技,SZSE_MAIN,2024-09-06,2010-12-07,,SZSE_OFFICIAL_LISTING_REGISTER,AUTHENTIC_EXCHANGE_VERIFIED
002517.SZ,恺英网络,SZSE_MAIN,2024-09-06,2010-12-07,,SZSE_OFFICIAL_LISTING_REGISTER,AUTHENTIC_EXCHANGE_VERIFIED
002518.SZ,科士达,SZSE_MAIN,2024-09-06,2010-12-07,,SZSE_OFFICIAL_LISTING_REGISTER,AUTHENTIC_EXCHANGE_VERIFIED
002519.SZ,银河电子,SZSE_MAIN,2024-09-06,2010-12-07,,SZSE_OFFICIAL_LISTING_REGISTER,AUTHENTIC_EXCHANGE_VERIFIED
002520.SZ,日发精机,SZSE_MAIN,2024-09-06,2010-12-10,,SZSE_OFFICIAL_LISTING_REGISTER,AUTHENTIC_EXCHANGE_VERIFIED
002521.SZ,齐峰新材,SZSE_MAIN,2024-09-06,2010-12-10,,SZSE_OFFICIAL_LISTING_REGISTER,AUTHENTIC_EXCHANGE_VERIFIED
002522.SZ,浙江众成,SZSE_MAIN,2024-09-06,2010-12-10,,SZSE_OFFICIAL_LISTING_REGISTER,AUTHENTIC_EXCHANGE_VERIFIED
002523.SZ,天桥起重,SZSE_MAIN,2024-09-06,2010-12-10,,SZSE_OFFICIAL_LISTING_REGISTER,AUTHENTIC_EXCHANGE_VERIFIED
002524.SZ,光正眼科,SZSE_MAIN,2024-09-06,2010-12-17,,SZSE_OFFICIAL_LISTING_REGISTER,AUTHENTIC_EXCHANGE_VERIFIED
002526.SZ,山东矿机,SZSE_MAIN,2024-09-06,2010-12-17,,SZSE_OFFICIAL_LISTING_REGISTER,AUTHENTIC_EXCHANGE_VERIFIED
002527.SZ,新时达,SZSE_MAIN,2024-08-30,2010-12-24,,SZSE_OFFICIAL_LISTING_REGISTER,AUTHENTIC_EXCHANGE_VERIFIED
002528.SZ,*ST英飞,SZSE_MAIN,2024-09-06,2010-12-24,,SZSE_OFFICIAL_LISTING_REGISTER,AUTHENTIC_EXCHANGE_VERIFIED
002529.SZ,海源复材,SZSE_MAIN,2024-09-06,2010-12-24,,SZSE_OFFICIAL_LISTING_REGISTER,AUTHENTIC_EXCHANGE_VERIFIED
002530.SZ,金财互联,SZSE_MAIN,2024-09-06,2010-12-31,,SZSE_OFFICIAL_LISTING_REGISTER,AUTHENTIC_EXCHANGE_VERIFIED
002531.SZ,天顺风能,SZSE_MAIN,2024-09-06,2010-12-31,,SZSE_OFFICIAL_LISTING_REGISTER,AUTHENTIC_EXCHANGE_VERIFIED
002532.SZ,天山铝业,SZSE_MAIN,2024-09-06,2010-12-31,,SZSE_OFFICIAL_LISTING_REGISTER,AUTHENTIC_EXCHANGE_VERIFIED
002533.SZ,金杯电工,SZSE_MAIN,2024-09-06,2010-12-31,,SZSE_OFFICIAL_LISTING_REGISTER,AUTHENTIC_EXCHANGE_VERIFIED
002534.SZ,西子洁能,SZSE_MAIN,2024-09-06,2011-01-10,,SZSE_OFFICIAL_LISTING_REGISTER,AUTHENTIC_EXCHANGE_VERIFIED
002535.SZ,林州重机,SZSE_MAIN,2024-09-06,2011-01-11,,SZSE_OFFICIAL_LISTING_REGISTER,AUTHENTIC_EXCHANGE_VERIFIED
002536.SZ,飞龙股份,SZSE_MAIN,2024-09-06,2011-01-11,,SZSE_OFFICIAL_LISTING_REGISTER,AUTHENTIC_EXCHANGE_VERIFIED
002537.SZ,海联金汇,SZSE_MAIN,2024-09-06,2011-01-10,,SZSE_OFFICIAL_LISTING_REGISTER,AUTHENTIC_EXCHANGE_VERIFIED
002538.SZ,ST司特,SZSE_MAIN,2024-09-06,2011-01-18,,SZSE_OFFICIAL_LISTING_REGISTER,AUTHENTIC_EXCHANGE_VERIFIED
002539.SZ,云图控股,SZSE_MAIN,2024-09-06,2011-01-18,,SZSE_OFFICIAL_LISTING_REGISTER,AUTHENTIC_EXCHANGE_VERIFIED
002540.SZ,亚太科技,SZSE_MAIN,2024-09-06,2011-01-18,,SZSE_OFFICIAL_LISTING_REGISTER,AUTHENTIC_EXCHANGE_VERIFIED
002541.SZ,鸿路钢构,SZSE_MAIN,2024-09-06,2011-01-18,,SZSE_OFFICIAL_LISTING_REGISTER,AUTHENTIC_EXCHANGE_VERIFIED
002542.SZ,*ST中岩,SZSE_MAIN,2024-09-06,2011-01-28,,SZSE_OFFICIAL_LISTING_REGISTER,AUTHENTIC_EXCHANGE_VERIFIED
002543.SZ,万和电气,SZSE_MAIN,2024-09-06,2011-01-28,,SZSE_OFFICIAL_LISTING_REGISTER,AUTHENTIC_EXCHANGE_VERIFIED
002544.SZ,普天科技,SZSE_MAIN,2024-09-06,2011-01-28,,SZSE_OFFICIAL_LISTING_REGISTER,AUTHENTIC_EXCHANGE_VERIFIED
002545.SZ,东方铁塔,SZSE_MAIN,2024-09-06,2011-02-11,,SZSE_OFFICIAL_LISTING_REGISTER,AUTHENTIC_EXCHANGE_VERIFIED
002546.SZ,新联电子,SZSE_MAIN,2024-09-06,2011-02-11,,SZSE_OFFICIAL_LISTING_REGISTER,AUTHENTIC_EXCHANGE_VERIFIED
002547.SZ,*ST春兴,SZSE_MAIN,2024-09-06,2011-02-18,,SZSE_OFFICIAL_LISTING_REGISTER,AUTHENTIC_EXCHANGE_VERIFIED
002548.SZ,金新农,SZSE_MAIN,2024-09-06,2011-02-18,,SZSE_OFFICIAL_LISTING_REGISTER,AUTHENTIC_EXCHANGE_VERIFIED
002549.SZ,凯美特气,SZSE_MAIN,2024-09-06,2011-02-18,,SZSE_OFFICIAL_LISTING_REGISTER,AUTHENTIC_EXCHANGE_VERIFIED
002550.SZ,千红制药,SZSE_MAIN,2024-09-06,2011-02-18,,SZSE_OFFICIAL_LISTING_REGISTER,AUTHENTIC_EXCHANGE_VERIFIED
002551.SZ,尚荣医疗,SZSE_MAIN,2024-09-06,2011-02-25,,SZSE_OFFICIAL_LISTING_REGISTER,AUTHENTIC_EXCHANGE_VERIFIED
002552.SZ,宝鼎科技,SZSE_MAIN,2024-09-06,2011-02-25,,SZSE_OFFICIAL_LISTING_REGISTER,AUTHENTIC_EXCHANGE_VERIFIED
002553.SZ,南方精工,SZSE_MAIN,2024-09-06,2011-02-25,,SZSE_OFFICIAL_LISTING_REGISTER,AUTHENTIC_EXCHANGE_VERIFIED
002554.SZ,惠博普,SZSE_MAIN,2024-09-02,2011-02-25,,SZSE_OFFICIAL_LISTING_REGISTER,AUTHENTIC_EXCHANGE_VERIFIED
002555.SZ,三七互娱,SZSE_MAIN,2024-09-06,2011-03-02,,SZSE_OFFICIAL_LISTING_REGISTER,AUTHENTIC_EXCHANGE_VERIFIED
002556.SZ,辉隆股份,SZSE_MAIN,2024-09-06,2011-03-02,,SZSE_OFFICIAL_LISTING_REGISTER,AUTHENTIC_EXCHANGE_VERIFIED
002557.SZ,洽洽食品,SZSE_MAIN,2024-09-06,2011-03-02,,SZSE_OFFICIAL_LISTING_REGISTER,AUTHENTIC_EXCHANGE_VERIFIED
002558.SZ,巨人网络,SZSE_MAIN,2024-09-06,2011-03-02,,SZSE_OFFICIAL_LISTING_REGISTER,AUTHENTIC_EXCHANGE_VERIFIED
002559.SZ,亚威股份,SZSE_MAIN,2024-09-06,2011-03-03,,SZSE_OFFICIAL_LISTING_REGISTER,AUTHENTIC_EXCHANGE_VERIFIED
002560.SZ,通达股份,SZSE_MAIN,2024-09-06,2011-03-03,,SZSE_OFFICIAL_LISTING_REGISTER,AUTHENTIC_EXCHANGE_VERIFIED
002561.SZ,徐家汇,SZSE_MAIN,2024-09-06,2011-03-03,,SZSE_OFFICIAL_LISTING_REGISTER,AUTHENTIC_EXCHANGE_VERIFIED
002562.SZ,兄弟科技,SZSE_MAIN,2024-09-06,2011-03-10,,SZSE_OFFICIAL_LISTING_REGISTER,AUTHENTIC_EXCHANGE_VERIFIED
002563.SZ,森马服饰,SZSE_MAIN,2024-09-06,2011-03-11,,SZSE_OFFICIAL_LISTING_REGISTER,AUTHENTIC_EXCHANGE_VERIFIED
002564.SZ,天沃科技,SZSE_MAIN,2024-09-05,2011-03-10,,SZSE_OFFICIAL_LISTING_REGISTER,AUTHENTIC_EXCHANGE_VERIFIED
002565.SZ,顺灏股份,SZSE_MAIN,2024-09-06,2011-03-18,,SZSE_OFFICIAL_LISTING_REGISTER,AUTHENTIC_EXCHANGE_VERIFIED
002566.SZ,益盛药业,SZSE_MAIN,2024-09-06,2011-03-18,,SZSE_OFFICIAL_LISTING_REGISTER,AUTHENTIC_EXCHANGE_VERIFIED
002567.SZ,唐人神,SZSE_MAIN,2024-09-06,2011-03-25,,SZSE_OFFICIAL_LISTING_REGISTER,AUTHENTIC_EXCHANGE_VERIFIED
002568.SZ,百润股份,SZSE_MAIN,2024-09-06,2011-03-25,,SZSE_OFFICIAL_LISTING_REGISTER,AUTHENTIC_EXCHANGE_VERIFIED
002569.SZ,*ST步森,SZSE_MAIN,2024-08-29,2011-04-12,,SZSE_OFFICIAL_LISTING_REGISTER,AUTHENTIC_EXCHANGE_VERIFIED
002570.SZ,贝因美,SZSE_MAIN,2024-09-06,2011-04-12,,SZSE_OFFICIAL_LISTING_REGISTER,AUTHENTIC_EXCHANGE_VERIFIED
002571.SZ,德力股份,SZSE_MAIN,2024-08-30,2011-04-12,,SZSE_OFFICIAL_LISTING_REGISTER,AUTHENTIC_EXCHANGE_VERIFIED
002572.SZ,索菲亚,SZSE_MAIN,2024-09-06,2011-04-12,,SZSE_OFFICIAL_LISTING_REGISTER,AUTHENTIC_EXCHANGE_VERIFIED
002573.SZ,清新环境,SZSE_MAIN,2024-09-06,2011-04-22,,SZSE_OFFICIAL_LISTING_REGISTER,AUTHENTIC_EXCHANGE_VERIFIED
002574.SZ,明牌珠宝,SZSE_MAIN,2024-09-06,2011-04-22,,SZSE_OFFICIAL_LISTING_REGISTER,AUTHENTIC_EXCHANGE_VERIFIED
002575.SZ,群兴玩具,SZSE_MAIN,2024-09-06,2011-04-22,,SZSE_OFFICIAL_LISTING_REGISTER,AUTHENTIC_EXCHANGE_VERIFIED
002576.SZ,通达动力,SZSE_MAIN,2024-09-06,2011-04-28,,SZSE_OFFICIAL_LISTING_REGISTER,AUTHENTIC_EXCHANGE_VERIFIED
002577.SZ,雷柏科技,SZSE_MAIN,2024-09-06,2011-04-28,,SZSE_OFFICIAL_LISTING_REGISTER,AUTHENTIC_EXCHANGE_VERIFIED
002578.SZ,闽发铝业,SZSE_MAIN,2024-09-06,2011-04-28,,SZSE_OFFICIAL_LISTING_REGISTER,AUTHENTIC_EXCHANGE_VERIFIED
002579.SZ,中京电子,SZSE_MAIN,2024-09-06,2011-05-06,,SZSE_OFFICIAL_LISTING_REGISTER,AUTHENTIC_EXCHANGE_VERIFIED
002580.SZ,圣阳股份,SZSE_MAIN,2024-09-06,2011-05-06,,SZSE_OFFICIAL_LISTING_REGISTER,AUTHENTIC_EXCHANGE_VERIFIED
002581.SZ,*ST未名,SZSE_MAIN,2024-09-06,2011-05-20,,SZSE_OFFICIAL_LISTING_REGISTER,AUTHENTIC_EXCHANGE_VERIFIED
002582.SZ,好想你,SZSE_MAIN,2024-09-06,2011-05-20,,SZSE_OFFICIAL_LISTING_REGISTER,AUTHENTIC_EXCHANGE_VERIFIED
002583.SZ,海能达,SZSE_MAIN,2024-09-06,2011-05-27,,SZSE_OFFICIAL_LISTING_REGISTER,AUTHENTIC_EXCHANGE_VERIFIED
002584.SZ,西陇科学,SZSE_MAIN,2024-09-06,2011-06-02,,SZSE_OFFICIAL_LISTING_REGISTER,AUTHENTIC_EXCHANGE_VERIFIED
002585.SZ,双星新材,SZSE_MAIN,2024-09-06,2011-06-02,,SZSE_OFFICIAL_LISTING_REGISTER,AUTHENTIC_EXCHANGE_VERIFIED
002586.SZ,围海股份,SZSE_MAIN,2024-09-04,2011-06-02,,SZSE_OFFICIAL_LISTING_REGISTER,AUTHENTIC_EXCHANGE_VERIFIED
002587.SZ,奥拓电子,SZSE_MAIN,2024-09-06,2011-06-10,,SZSE_OFFICIAL_LISTING_REGISTER,AUTHENTIC_EXCHANGE_VERIFIED
002588.SZ,史丹利,SZSE_MAIN,2024-09-06,2011-06-10,,SZSE_OFFICIAL_LISTING_REGISTER,AUTHENTIC_EXCHANGE_VERIFIED
002589.SZ,瑞康医药,SZSE_MAIN,2024-09-06,2011-06-10,,SZSE_OFFICIAL_LISTING_REGISTER,AUTHENTIC_EXCHANGE_VERIFIED
002590.SZ,万安科技,SZSE_MAIN,2024-09-06,2011-06-10,,SZSE_OFFICIAL_LISTING_REGISTER,AUTHENTIC_EXCHANGE_VERIFIED
002591.SZ,恒大高新,SZSE_MAIN,2024-09-06,2011-06-21,,SZSE_OFFICIAL_LISTING_REGISTER,AUTHENTIC_EXCHANGE_VERIFIED
002592.SZ,ST八菱,SZSE_MAIN,2024-09-06,2011-11-11,,SZSE_OFFICIAL_LISTING_REGISTER,AUTHENTIC_EXCHANGE_VERIFIED
002593.SZ,日上集团,SZSE_MAIN,2024-09-06,2011-06-28,,SZSE_OFFICIAL_LISTING_REGISTER,AUTHENTIC_EXCHANGE_VERIFIED
002594.SZ,比亚迪,SZSE_MAIN,2023-01-13,2011-06-30,,SZSE_OFFICIAL_LISTING_REGISTER,AUTHENTIC_EXCHANGE_VERIFIED
002595.SZ,豪迈科技,SZSE_MAIN,2024-09-06,2011-06-28,,SZSE_OFFICIAL_LISTING_REGISTER,AUTHENTIC_EXCHANGE_VERIFIED
002596.SZ,海南瑞泽,SZSE_MAIN,2024-09-06,2011-07-07,,SZSE_OFFICIAL_LISTING_REGISTER,AUTHENTIC_EXCHANGE_VERIFIED
002597.SZ,金禾实业,SZSE_MAIN,2024-09-06,2011-07-07,,SZSE_OFFICIAL_LISTING_REGISTER,AUTHENTIC_EXCHANGE_VERIFIED
002598.SZ,ST章鼓,SZSE_MAIN,2024-09-06,2011-07-07,,SZSE_OFFICIAL_LISTING_REGISTER,AUTHENTIC_EXCHANGE_VERIFIED
002599.SZ,盛通股份,SZSE_MAIN,2024-09-06,2011-07-15,,SZSE_OFFICIAL_LISTING_REGISTER,AUTHENTIC_EXCHANGE_VERIFIED
002600.SZ,领益智造,SZSE_MAIN,2024-09-06,2011-07-15,,SZSE_OFFICIAL_LISTING_REGISTER,AUTHENTIC_EXCHANGE_VERIFIED
002601.SZ,龙佰集团,SZSE_MAIN,2024-09-06,2011-07-15,,SZSE_OFFICIAL_LISTING_REGISTER,AUTHENTIC_EXCHANGE_VERIFIED
002602.SZ,世纪华通,SZSE_MAIN,2024-09-04,2011-07-28,,SZSE_OFFICIAL_LISTING_REGISTER,AUTHENTIC_EXCHANGE_VERIFIED
002603.SZ,以岭药业,SZSE_MAIN,2024-09-06,2011-07-28,,SZSE_OFFICIAL_LISTING_REGISTER,AUTHENTIC_EXCHANGE_VERIFIED
002605.SZ,姚记科技,SZSE_MAIN,2024-09-06,2011-08-05,,SZSE_OFFICIAL_LISTING_REGISTER,AUTHENTIC_EXCHANGE_VERIFIED
002606.SZ,大连电瓷,SZSE_MAIN,2024-09-06,2011-08-05,,SZSE_OFFICIAL_LISTING_REGISTER,AUTHENTIC_EXCHANGE_VERIFIED
002607.SZ,中公教育,SZSE_MAIN,2024-09-06,2011-08-10,,SZSE_OFFICIAL_LISTING_REGISTER,AUTHENTIC_EXCHANGE_VERIFIED
002608.SZ,江苏国信,SZSE_MAIN,2024-09-06,2011-08-10,,SZSE_OFFICIAL_LISTING_REGISTER,AUTHENTIC_EXCHANGE_VERIFIED
002609.SZ,捷顺科技,SZSE_MAIN,2024-09-06,2011-08-15,,SZSE_OFFICIAL_LISTING_REGISTER,AUTHENTIC_EXCHANGE_VERIFIED
002611.SZ,东方精工,SZSE_MAIN,2024-09-06,2011-08-30,,SZSE_OFFICIAL_LISTING_REGISTER,AUTHENTIC_EXCHANGE_VERIFIED
002612.SZ,朗姿股份,SZSE_MAIN,2024-09-06,2011-08-30,,SZSE_OFFICIAL_LISTING_REGISTER,AUTHENTIC_EXCHANGE_VERIFIED
002613.SZ,北玻股份,SZSE_MAIN,2024-09-06,2011-08-30,,SZSE_OFFICIAL_LISTING_REGISTER,AUTHENTIC_EXCHANGE_VERIFIED
002614.SZ,奥佳华,SZSE_MAIN,2024-09-06,2011-09-09,,SZSE_OFFICIAL_LISTING_REGISTER,AUTHENTIC_EXCHANGE_VERIFIED
002615.SZ,哈尔斯,SZSE_MAIN,2024-09-06,2011-09-09,,SZSE_OFFICIAL_LISTING_REGISTER,AUTHENTIC_EXCHANGE_VERIFIED
002616.SZ,长青集团,SZSE_MAIN,2024-09-06,2011-09-20,,SZSE_OFFICIAL_LISTING_REGISTER,AUTHENTIC_EXCHANGE_VERIFIED
002617.SZ,露笑科技,SZSE_MAIN,2024-09-06,2011-09-20,,SZSE_OFFICIAL_LISTING_REGISTER,AUTHENTIC_EXCHANGE_VERIFIED
002620.SZ,*ST瑞和,SZSE_MAIN,2024-09-04,2011-09-29,,SZSE_OFFICIAL_LISTING_REGISTER,AUTHENTIC_EXCHANGE_VERIFIED
002622.SZ,皓宸医疗,SZSE_MAIN,2024-09-06,2011-10-18,,SZSE_OFFICIAL_LISTING_REGISTER,AUTHENTIC_EXCHANGE_VERIFIED
002623.SZ,亚玛顿,SZSE_MAIN,2024-09-06,2011-10-13,,SZSE_OFFICIAL_LISTING_REGISTER,AUTHENTIC_EXCHANGE_VERIFIED
002624.SZ,完美世界,SZSE_MAIN,2024-09-06,2011-10-28,,SZSE_OFFICIAL_LISTING_REGISTER,AUTHENTIC_EXCHANGE_VERIFIED
002625.SZ,光启技术,SZSE_MAIN,2023-01-13,2011-11-03,,SZSE_OFFICIAL_LISTING_REGISTER,AUTHENTIC_EXCHANGE_VERIFIED
002626.SZ,金达威,SZSE_MAIN,2024-09-06,2011-10-28,,SZSE_OFFICIAL_LISTING_REGISTER,AUTHENTIC_EXCHANGE_VERIFIED
002627.SZ,三峡旅游,SZSE_MAIN,2024-09-06,2011-11-03,,SZSE_OFFICIAL_LISTING_REGISTER,AUTHENTIC_EXCHANGE_VERIFIED
002628.SZ,成都路桥,SZSE_MAIN,2024-09-06,2011-11-03,,SZSE_OFFICIAL_LISTING_REGISTER,AUTHENTIC_EXCHANGE_VERIFIED
002629.SZ,仁智股份,SZSE_MAIN,2024-08-30,2011-11-03,,SZSE_OFFICIAL_LISTING_REGISTER,AUTHENTIC_EXCHANGE_VERIFIED
002630.SZ,*ST华西,SZSE_MAIN,2024-09-06,2011-11-11,,SZSE_OFFICIAL_LISTING_REGISTER,AUTHENTIC_EXCHANGE_VERIFIED
002631.SZ,德尔未来,SZSE_MAIN,2024-09-06,2011-11-11,,SZSE_OFFICIAL_LISTING_REGISTER,AUTHENTIC_EXCHANGE_VERIFIED
002632.SZ,道明光学,SZSE_MAIN,2024-09-06,2011-11-22,,SZSE_OFFICIAL_LISTING_REGISTER,AUTHENTIC_EXCHANGE_VERIFIED
002633.SZ,申科股份,SZSE_MAIN,2024-09-06,2011-11-22,,SZSE_OFFICIAL_LISTING_REGISTER,AUTHENTIC_EXCHANGE_VERIFIED
002634.SZ,*ST棒杰,SZSE_MAIN,2024-09-06,2011-12-05,,SZSE_OFFICIAL_LISTING_REGISTER,AUTHENTIC_EXCHANGE_VERIFIED
002635.SZ,安洁科技,SZSE_MAIN,2024-09-06,2011-11-25,,SZSE_OFFICIAL_LISTING_REGISTER,AUTHENTIC_EXCHANGE_VERIFIED
002636.SZ,金安国纪,SZSE_MAIN,2024-09-06,2011-11-25,,SZSE_OFFICIAL_LISTING_REGISTER,AUTHENTIC_EXCHANGE_VERIFIED
002637.SZ,赞宇科技,SZSE_MAIN,2024-09-06,2011-11-25,,SZSE_OFFICIAL_LISTING_REGISTER,AUTHENTIC_EXCHANGE_VERIFIED
002638.SZ,勤上股份,SZSE_MAIN,2024-09-06,2011-11-25,,SZSE_OFFICIAL_LISTING_REGISTER,AUTHENTIC_EXCHANGE_VERIFIED
002639.SZ,雪人集团,SZSE_MAIN,2024-09-06,2011-12-05,,SZSE_OFFICIAL_LISTING_REGISTER,AUTHENTIC_EXCHANGE_VERIFIED
002640.SZ,跨境通,SZSE_MAIN,2024-09-06,2011-12-08,,SZSE_OFFICIAL_LISTING_REGISTER,AUTHENTIC_EXCHANGE_VERIFIED
002641.SZ,公元股份,SZSE_MAIN,2024-09-06,2011-12-08,,SZSE_OFFICIAL_LISTING_REGISTER,AUTHENTIC_EXCHANGE_VERIFIED
002642.SZ,荣联科技,SZSE_MAIN,2024-09-06,2011-12-20,,SZSE_OFFICIAL_LISTING_REGISTER,AUTHENTIC_EXCHANGE_VERIFIED
002643.SZ,万润股份,SZSE_MAIN,2024-09-06,2011-12-20,,SZSE_OFFICIAL_LISTING_REGISTER,AUTHENTIC_EXCHANGE_VERIFIED
002644.SZ,佛慈制药,SZSE_MAIN,2024-09-06,2011-12-22,,SZSE_OFFICIAL_LISTING_REGISTER,AUTHENTIC_EXCHANGE_VERIFIED
002645.SZ,华宏科技,SZSE_MAIN,2024-09-06,2011-12-20,,SZSE_OFFICIAL_LISTING_REGISTER,AUTHENTIC_EXCHANGE_VERIFIED
002646.SZ,天佑德酒,SZSE_MAIN,2024-09-06,2011-12-22,,SZSE_OFFICIAL_LISTING_REGISTER,AUTHENTIC_EXCHANGE_VERIFIED
002647.SZ,仁东控股,SZSE_MAIN,2024-09-06,2011-12-28,,SZSE_OFFICIAL_LISTING_REGISTER,AUTHENTIC_EXCHANGE_VERIFIED
002648.SZ,卫星化学,SZSE_MAIN,2024-09-06,2011-12-28,,SZSE_OFFICIAL_LISTING_REGISTER,AUTHENTIC_EXCHANGE_VERIFIED
002649.SZ,博彦科技,SZSE_MAIN,2024-09-06,2012-01-06,,SZSE_OFFICIAL_LISTING_REGISTER,AUTHENTIC_EXCHANGE_VERIFIED
002650.SZ,ST加加,SZSE_MAIN,2024-09-06,2012-01-06,,SZSE_OFFICIAL_LISTING_REGISTER,AUTHENTIC_EXCHANGE_VERIFIED
002651.SZ,利君股份,SZSE_MAIN,2024-09-06,2012-01-06,,SZSE_OFFICIAL_LISTING_REGISTER,AUTHENTIC_EXCHANGE_VERIFIED
002652.SZ,扬子新材,SZSE_MAIN,2024-09-06,2012-01-19,,SZSE_OFFICIAL_LISTING_REGISTER,AUTHENTIC_EXCHANGE_VERIFIED
002653.SZ,海思科,SZSE_MAIN,2024-09-06,2012-01-17,,SZSE_OFFICIAL_LISTING_REGISTER,AUTHENTIC_EXCHANGE_VERIFIED
002654.SZ,万润科技,SZSE_MAIN,2024-09-06,2012-02-17,,SZSE_OFFICIAL_LISTING_REGISTER,AUTHENTIC_EXCHANGE_VERIFIED
002655.SZ,共达电声,SZSE_MAIN,2024-09-06,2012-02-17,,SZSE_OFFICIAL_LISTING_REGISTER,AUTHENTIC_EXCHANGE_VERIFIED
002656.SZ,摩登大道,SZSE_MAIN,2024-09-06,2012-02-28,,SZSE_OFFICIAL_LISTING_REGISTER,AUTHENTIC_EXCHANGE_VERIFIED
002657.SZ,中科金财,SZSE_MAIN,2024-09-06,2012-02-28,,SZSE_OFFICIAL_LISTING_REGISTER,AUTHENTIC_EXCHANGE_VERIFIED
002658.SZ,雪迪龙,SZSE_MAIN,2024-09-06,2012-03-09,,SZSE_OFFICIAL_LISTING_REGISTER,AUTHENTIC_EXCHANGE_VERIFIED
002659.SZ,凯文教育,SZSE_MAIN,2024-09-06,2012-03-09,,SZSE_OFFICIAL_LISTING_REGISTER,AUTHENTIC_EXCHANGE_VERIFIED
002660.SZ,茂硕电源,SZSE_MAIN,2024-09-06,2012-03-16,,SZSE_OFFICIAL_LISTING_REGISTER,AUTHENTIC_EXCHANGE_VERIFIED
002661.SZ,克明食品,SZSE_MAIN,2024-09-06,2012-03-16,,SZSE_OFFICIAL_LISTING_REGISTER,AUTHENTIC_EXCHANGE_VERIFIED
002662.SZ,峰璟股份,SZSE_MAIN,2024-09-06,2012-03-09,,SZSE_OFFICIAL_LISTING_REGISTER,AUTHENTIC_EXCHANGE_VERIFIED
002663.SZ,普邦股份,SZSE_MAIN,2024-09-06,2012-03-16,,SZSE_OFFICIAL_LISTING_REGISTER,AUTHENTIC_EXCHANGE_VERIFIED
002664.SZ,信质集团,SZSE_MAIN,2024-09-06,2012-03-16,,SZSE_OFFICIAL_LISTING_REGISTER,AUTHENTIC_EXCHANGE_VERIFIED
002666.SZ,德联集团,SZSE_MAIN,2024-09-06,2012-03-27,,SZSE_OFFICIAL_LISTING_REGISTER,AUTHENTIC_EXCHANGE_VERIFIED
002667.SZ,*ST威领,SZSE_MAIN,2024-09-06,2012-03-29,,SZSE_OFFICIAL_LISTING_REGISTER,AUTHENTIC_EXCHANGE_VERIFIED
002668.SZ,TCL智家,SZSE_MAIN,2024-09-06,2012-04-16,,SZSE_OFFICIAL_LISTING_REGISTER,AUTHENTIC_EXCHANGE_VERIFIED
002669.SZ,康达新材,SZSE_MAIN,2024-09-06,2012-04-16,,SZSE_OFFICIAL_LISTING_REGISTER,AUTHENTIC_EXCHANGE_VERIFIED
002670.SZ,国盛证券,SZSE_MAIN,2024-09-06,2012-04-16,,SZSE_OFFICIAL_LISTING_REGISTER,AUTHENTIC_EXCHANGE_VERIFIED
002671.SZ,龙泉股份,SZSE_MAIN,2024-09-06,2012-04-26,,SZSE_OFFICIAL_LISTING_REGISTER,AUTHENTIC_EXCHANGE_VERIFIED
002672.SZ,东江环保,SZSE_MAIN,2024-09-06,2012-04-26,,SZSE_OFFICIAL_LISTING_REGISTER,AUTHENTIC_EXCHANGE_VERIFIED
002673.SZ,西部证券,SZSE_MAIN,2024-09-06,2012-05-03,,SZSE_OFFICIAL_LISTING_REGISTER,AUTHENTIC_EXCHANGE_VERIFIED
002674.SZ,兴业科技,SZSE_MAIN,2024-09-06,2012-05-07,,SZSE_OFFICIAL_LISTING_REGISTER,AUTHENTIC_EXCHANGE_VERIFIED
002675.SZ,东诚药业,SZSE_MAIN,2024-09-06,2012-05-25,,SZSE_OFFICIAL_LISTING_REGISTER,AUTHENTIC_EXCHANGE_VERIFIED
002676.SZ,顺威股份,SZSE_MAIN,2024-09-06,2012-05-25,,SZSE_OFFICIAL_LISTING_REGISTER,AUTHENTIC_EXCHANGE_VERIFIED
002677.SZ,浙江美大,SZSE_MAIN,2024-08-30,2012-05-25,,SZSE_OFFICIAL_LISTING_REGISTER,AUTHENTIC_EXCHANGE_VERIFIED
002678.SZ,珠江钢琴,SZSE_MAIN,2024-09-06,2012-05-30,,SZSE_OFFICIAL_LISTING_REGISTER,AUTHENTIC_EXCHANGE_VERIFIED
002679.SZ,福建金森,SZSE_MAIN,2024-09-06,2012-06-05,,SZSE_OFFICIAL_LISTING_REGISTER,AUTHENTIC_EXCHANGE_VERIFIED
002681.SZ,奋达科技,SZSE_MAIN,2024-09-06,2012-06-05,,SZSE_OFFICIAL_LISTING_REGISTER,AUTHENTIC_EXCHANGE_VERIFIED
002682.SZ,龙洲股份,SZSE_MAIN,2024-09-06,2012-06-12,,SZSE_OFFICIAL_LISTING_REGISTER,AUTHENTIC_EXCHANGE_VERIFIED
002683.SZ,广东宏大,SZSE_MAIN,2024-09-06,2012-06-12,,SZSE_OFFICIAL_LISTING_REGISTER,AUTHENTIC_EXCHANGE_VERIFIED
002685.SZ,华东重机,SZSE_MAIN,2024-09-06,2012-06-12,,SZSE_OFFICIAL_LISTING_REGISTER,AUTHENTIC_EXCHANGE_VERIFIED
002686.SZ,亿利达,SZSE_MAIN,2024-09-06,2012-07-03,,SZSE_OFFICIAL_LISTING_REGISTER,AUTHENTIC_EXCHANGE_VERIFIED
002687.SZ,乔治白,SZSE_MAIN,2024-09-06,2012-07-13,,SZSE_OFFICIAL_LISTING_REGISTER,AUTHENTIC_EXCHANGE_VERIFIED
002688.SZ,金河生物,SZSE_MAIN,2024-09-06,2012-07-13,,SZSE_OFFICIAL_LISTING_REGISTER,AUTHENTIC_EXCHANGE_VERIFIED
002689.SZ,ST远智,SZSE_MAIN,2024-09-06,2012-07-17,,SZSE_OFFICIAL_LISTING_REGISTER,AUTHENTIC_EXCHANGE_VERIFIED
002690.SZ,美亚光电,SZSE_MAIN,2024-09-06,2012-07-31,,SZSE_OFFICIAL_LISTING_REGISTER,AUTHENTIC_EXCHANGE_VERIFIED
002691.SZ,*ST冀凯,SZSE_MAIN,2024-09-06,2012-07-31,,SZSE_OFFICIAL_LISTING_REGISTER,AUTHENTIC_EXCHANGE_VERIFIED
002692.SZ,远程股份,SZSE_MAIN,2024-09-06,2012-08-08,,SZSE_OFFICIAL_LISTING_REGISTER,AUTHENTIC_EXCHANGE_VERIFIED
002693.SZ,双成药业,SZSE_MAIN,2024-09-06,2012-08-08,,SZSE_OFFICIAL_LISTING_REGISTER,AUTHENTIC_EXCHANGE_VERIFIED
002694.SZ,*ST顾地,SZSE_MAIN,2024-09-06,2012-08-16,,SZSE_OFFICIAL_LISTING_REGISTER,AUTHENTIC_EXCHANGE_VERIFIED
002695.SZ,煌上煌,SZSE_MAIN,2024-09-06,2012-09-05,,SZSE_OFFICIAL_LISTING_REGISTER,AUTHENTIC_EXCHANGE_VERIFIED
002696.SZ,百洋股份,SZSE_MAIN,2024-09-06,2012-09-05,,SZSE_OFFICIAL_LISTING_REGISTER,AUTHENTIC_EXCHANGE_VERIFIED
002697.SZ,红旗连锁,SZSE_MAIN,2024-09-06,2012-09-05,,SZSE_OFFICIAL_LISTING_REGISTER,AUTHENTIC_EXCHANGE_VERIFIED
002698.SZ,博实股份,SZSE_MAIN,2024-09-06,2012-09-11,,SZSE_OFFICIAL_LISTING_REGISTER,AUTHENTIC_EXCHANGE_VERIFIED
002700.SZ,万憬能源,SZSE_MAIN,2024-09-06,2012-09-21,,SZSE_OFFICIAL_LISTING_REGISTER,AUTHENTIC_EXCHANGE_VERIFIED
002701.SZ,奥瑞金,SZSE_MAIN,2024-09-06,2012-10-11,,SZSE_OFFICIAL_LISTING_REGISTER,AUTHENTIC_EXCHANGE_VERIFIED
002702.SZ,海欣食品,SZSE_MAIN,2024-09-06,2012-10-11,,SZSE_OFFICIAL_LISTING_REGISTER,AUTHENTIC_EXCHANGE_VERIFIED
002703.SZ,浙江世宝,SZSE_MAIN,2024-09-06,2012-11-02,,SZSE_OFFICIAL_LISTING_REGISTER,AUTHENTIC_EXCHANGE_VERIFIED
002705.SZ,新宝股份,SZSE_MAIN,2024-09-06,2014-01-21,,SZSE_OFFICIAL_LISTING_REGISTER,AUTHENTIC_EXCHANGE_VERIFIED
002706.SZ,良信股份,SZSE_MAIN,2024-09-06,2014-01-21,,SZSE_OFFICIAL_LISTING_REGISTER,AUTHENTIC_EXCHANGE_VERIFIED
002707.SZ,众信旅游,SZSE_MAIN,2024-09-06,2014-01-23,,SZSE_OFFICIAL_LISTING_REGISTER,AUTHENTIC_EXCHANGE_VERIFIED
002708.SZ,光洋股份,SZSE_MAIN,2024-09-06,2014-01-21,,SZSE_OFFICIAL_LISTING_REGISTER,AUTHENTIC_EXCHANGE_VERIFIED
002709.SZ,天赐材料,SZSE_MAIN,2024-09-06,2014-01-23,,SZSE_OFFICIAL_LISTING_REGISTER,AUTHENTIC_EXCHANGE_VERIFIED
002712.SZ,思美传媒,SZSE_MAIN,2024-09-06,2014-01-23,,SZSE_OFFICIAL_LISTING_REGISTER,AUTHENTIC_EXCHANGE_VERIFIED
002713.SZ,东易日盛,SZSE_MAIN,2024-08-29,2014-02-19,,SZSE_OFFICIAL_LISTING_REGISTER,AUTHENTIC_EXCHANGE_VERIFIED
002714.SZ,牧原股份,SZSE_MAIN,2023-01-13,2014-01-28,,SZSE_OFFICIAL_LISTING_REGISTER,AUTHENTIC_EXCHANGE_VERIFIED
002715.SZ,登云股份,SZSE_MAIN,2024-09-06,2014-02-19,,SZSE_OFFICIAL_LISTING_REGISTER,AUTHENTIC_EXCHANGE_VERIFIED
002716.SZ,湖南白银,SZSE_MAIN,2024-09-06,2014-01-28,,SZSE_OFFICIAL_LISTING_REGISTER,AUTHENTIC_EXCHANGE_VERIFIED
002717.SZ,*ST岭南,SZSE_MAIN,2024-09-06,2014-02-19,,SZSE_OFFICIAL_LISTING_REGISTER,AUTHENTIC_EXCHANGE_VERIFIED
002718.SZ,友邦吊顶,SZSE_MAIN,2024-09-06,2014-01-28,,SZSE_OFFICIAL_LISTING_REGISTER,AUTHENTIC_EXCHANGE_VERIFIED
002719.SZ,ST麦趣,SZSE_MAIN,2024-09-06,2014-01-28,,SZSE_OFFICIAL_LISTING_REGISTER,AUTHENTIC_EXCHANGE_VERIFIED
002721.SZ,金一文化,SZSE_MAIN,2024-09-06,2014-01-27,,SZSE_OFFICIAL_LISTING_REGISTER,AUTHENTIC_EXCHANGE_VERIFIED
002722.SZ,物产金轮,SZSE_MAIN,2024-09-06,2014-01-28,,SZSE_OFFICIAL_LISTING_REGISTER,AUTHENTIC_EXCHANGE_VERIFIED
002723.SZ,小崧股份,SZSE_MAIN,2024-09-06,2014-01-29,,SZSE_OFFICIAL_LISTING_REGISTER,AUTHENTIC_EXCHANGE_VERIFIED
002724.SZ,海洋王,SZSE_MAIN,2024-09-06,2014-11-04,,SZSE_OFFICIAL_LISTING_REGISTER,AUTHENTIC_EXCHANGE_VERIFIED
002725.SZ,跃岭股份,SZSE_MAIN,2024-09-06,2014-01-29,,SZSE_OFFICIAL_LISTING_REGISTER,AUTHENTIC_EXCHANGE_VERIFIED
002726.SZ,ST龙大,SZSE_MAIN,2024-09-06,2014-06-26,,SZSE_OFFICIAL_LISTING_REGISTER,AUTHENTIC_EXCHANGE_VERIFIED
002727.SZ,一心堂,SZSE_MAIN,2024-09-06,2014-07-02,,SZSE_OFFICIAL_LISTING_REGISTER,AUTHENTIC_EXCHANGE_VERIFIED
002728.SZ,特一药业,SZSE_MAIN,2024-09-06,2014-07-31,,SZSE_OFFICIAL_LISTING_REGISTER,AUTHENTIC_EXCHANGE_VERIFIED
002729.SZ,好利科技,SZSE_MAIN,2024-08-30,2014-09-12,,SZSE_OFFICIAL_LISTING_REGISTER,AUTHENTIC_EXCHANGE_VERIFIED
002730.SZ,电光科技,SZSE_MAIN,2024-09-06,2014-10-09,,SZSE_OFFICIAL_LISTING_REGISTER,AUTHENTIC_EXCHANGE_VERIFIED
002731.SZ,*ST萃华,SZSE_MAIN,2024-09-06,2014-11-04,,SZSE_OFFICIAL_LISTING_REGISTER,AUTHENTIC_EXCHANGE_VERIFIED
002732.SZ,燕塘乳业,SZSE_MAIN,2024-09-06,2014-12-05,,SZSE_OFFICIAL_LISTING_REGISTER,AUTHENTIC_EXCHANGE_VERIFIED
002733.SZ,雄韬股份,SZSE_MAIN,2024-09-06,2014-12-03,,SZSE_OFFICIAL_LISTING_REGISTER,AUTHENTIC_EXCHANGE_VERIFIED
002734.SZ,利民股份,SZSE_MAIN,2024-09-06,2015-01-27,,SZSE_OFFICIAL_LISTING_REGISTER,AUTHENTIC_EXCHANGE_VERIFIED
002735.SZ,王子新材,SZSE_MAIN,2024-09-06,2014-12-03,,SZSE_OFFICIAL_LISTING_REGISTER,AUTHENTIC_EXCHANGE_VERIFIED
002736.SZ,国信证券,SZSE_MAIN,2024-09-06,2014-12-29,,SZSE_OFFICIAL_LISTING_REGISTER,AUTHENTIC_EXCHANGE_VERIFIED
002737.SZ,葵花药业,SZSE_MAIN,2024-09-06,2014-12-30,,SZSE_OFFICIAL_LISTING_REGISTER,AUTHENTIC_EXCHANGE_VERIFIED
002738.SZ,中矿资源,SZSE_MAIN,2024-09-06,2014-12-30,,SZSE_OFFICIAL_LISTING_REGISTER,AUTHENTIC_EXCHANGE_VERIFIED
002739.SZ,儒意电影,SZSE_MAIN,2024-09-06,2015-01-22,,SZSE_OFFICIAL_LISTING_REGISTER,AUTHENTIC_EXCHANGE_VERIFIED
002741.SZ,光华科技,SZSE_MAIN,2024-09-06,2015-02-16,,SZSE_OFFICIAL_LISTING_REGISTER,AUTHENTIC_EXCHANGE_VERIFIED
002742.SZ,冀衡医药,SZSE_MAIN,2024-09-06,2015-02-17,,SZSE_OFFICIAL_LISTING_REGISTER,AUTHENTIC_EXCHANGE_VERIFIED
002743.SZ,ST富煌,SZSE_MAIN,2024-09-06,2015-02-17,,SZSE_OFFICIAL_LISTING_REGISTER,AUTHENTIC_EXCHANGE_VERIFIED
002745.SZ,木林森,SZSE_MAIN,2024-09-06,2015-02-17,,SZSE_OFFICIAL_LISTING_REGISTER,AUTHENTIC_EXCHANGE_VERIFIED
002746.SZ,仙坛股份,SZSE_MAIN,2024-09-06,2015-02-16,,SZSE_OFFICIAL_LISTING_REGISTER,AUTHENTIC_EXCHANGE_VERIFIED
002747.SZ,埃斯顿,SZSE_MAIN,2024-09-06,2015-03-20,,SZSE_OFFICIAL_LISTING_REGISTER,AUTHENTIC_EXCHANGE_VERIFIED
002748.SZ,世龙实业,SZSE_MAIN,2024-09-06,2015-03-19,,SZSE_OFFICIAL_LISTING_REGISTER,AUTHENTIC_EXCHANGE_VERIFIED
002749.SZ,国光股份,SZSE_MAIN,2024-09-06,2015-03-20,,SZSE_OFFICIAL_LISTING_REGISTER,AUTHENTIC_EXCHANGE_VERIFIED
002752.SZ,昇兴股份,SZSE_MAIN,2024-09-06,2015-04-22,,SZSE_OFFICIAL_LISTING_REGISTER,AUTHENTIC_EXCHANGE_VERIFIED
002753.SZ,永东股份,SZSE_MAIN,2024-09-06,2015-05-19,,SZSE_OFFICIAL_LISTING_REGISTER,AUTHENTIC_EXCHANGE_VERIFIED
002755.SZ,奥赛康,SZSE_MAIN,2024-09-06,2015-05-15,,SZSE_OFFICIAL_LISTING_REGISTER,AUTHENTIC_EXCHANGE_VERIFIED
002756.SZ,永兴材料,SZSE_MAIN,2024-09-06,2015-05-15,,SZSE_OFFICIAL_LISTING_REGISTER,AUTHENTIC_EXCHANGE_VERIFIED
002757.SZ,南兴股份,SZSE_MAIN,2024-09-06,2015-05-27,,SZSE_OFFICIAL_LISTING_REGISTER,AUTHENTIC_EXCHANGE_VERIFIED
002758.SZ,浙农股份,SZSE_MAIN,2024-09-06,2015-05-27,,SZSE_OFFICIAL_LISTING_REGISTER,AUTHENTIC_EXCHANGE_VERIFIED
002759.SZ,ST天际,SZSE_MAIN,2024-09-05,2015-05-28,,SZSE_OFFICIAL_LISTING_REGISTER,AUTHENTIC_EXCHANGE_VERIFIED
002760.SZ,凤形股份,SZSE_MAIN,2024-09-06,2015-06-11,,SZSE_OFFICIAL_LISTING_REGISTER,AUTHENTIC_EXCHANGE_VERIFIED
002761.SZ,浙江建投,SZSE_MAIN,2024-09-06,2015-06-10,,SZSE_OFFICIAL_LISTING_REGISTER,AUTHENTIC_EXCHANGE_VERIFIED
002762.SZ,金发拉比,SZSE_MAIN,2024-08-28,2015-06-10,,SZSE_OFFICIAL_LISTING_REGISTER,AUTHENTIC_EXCHANGE_VERIFIED
002763.SZ,汇洁股份,SZSE_MAIN,2024-09-06,2015-06-10,,SZSE_OFFICIAL_LISTING_REGISTER,AUTHENTIC_EXCHANGE_VERIFIED
002765.SZ,蓝黛科技,SZSE_MAIN,2024-09-06,2015-06-12,,SZSE_OFFICIAL_LISTING_REGISTER,AUTHENTIC_EXCHANGE_VERIFIED
002766.SZ,索菱股份,SZSE_MAIN,2024-09-06,2015-06-11,,SZSE_OFFICIAL_LISTING_REGISTER,AUTHENTIC_EXCHANGE_VERIFIED
002767.SZ,先锋电子,SZSE_MAIN,2024-09-06,2015-06-12,,SZSE_OFFICIAL_LISTING_REGISTER,AUTHENTIC_EXCHANGE_VERIFIED
002768.SZ,国恩股份,SZSE_MAIN,2024-09-06,2015-06-30,,SZSE_OFFICIAL_LISTING_REGISTER,AUTHENTIC_EXCHANGE_VERIFIED
002769.SZ,普路通,SZSE_MAIN,2024-09-06,2015-06-29,,SZSE_OFFICIAL_LISTING_REGISTER,AUTHENTIC_EXCHANGE_VERIFIED
002771.SZ,真视通,SZSE_MAIN,2024-09-06,2015-06-29,,SZSE_OFFICIAL_LISTING_REGISTER,AUTHENTIC_EXCHANGE_VERIFIED
002772.SZ,众兴菌业,SZSE_MAIN,2024-09-06,2015-06-26,,SZSE_OFFICIAL_LISTING_REGISTER,AUTHENTIC_EXCHANGE_VERIFIED
002773.SZ,康弘药业,SZSE_MAIN,2024-09-06,2015-06-26,,SZSE_OFFICIAL_LISTING_REGISTER,AUTHENTIC_EXCHANGE_VERIFIED
002774.SZ,快意电梯,SZSE_MAIN,2024-09-06,2017-03-24,,SZSE_OFFICIAL_LISTING_REGISTER,AUTHENTIC_EXCHANGE_VERIFIED
002775.SZ,文科股份,SZSE_MAIN,2024-09-06,2015-06-29,,SZSE_OFFICIAL_LISTING_REGISTER,AUTHENTIC_EXCHANGE_VERIFIED
002777.SZ,久远银海,SZSE_MAIN,2024-09-06,2015-12-31,,SZSE_OFFICIAL_LISTING_REGISTER,AUTHENTIC_EXCHANGE_VERIFIED
002778.SZ,中晟高科,SZSE_MAIN,2024-08-30,2016-01-06,,SZSE_OFFICIAL_LISTING_REGISTER,AUTHENTIC_EXCHANGE_VERIFIED
002779.SZ,中坚科技,SZSE_MAIN,2024-09-06,2015-12-09,,SZSE_OFFICIAL_LISTING_REGISTER,AUTHENTIC_EXCHANGE_VERIFIED
002780.SZ,三夫户外,SZSE_MAIN,2024-09-06,2015-12-09,,SZSE_OFFICIAL_LISTING_REGISTER,AUTHENTIC_EXCHANGE_VERIFIED
002782.SZ,可立克,SZSE_MAIN,2024-09-06,2015-12-22,,SZSE_OFFICIAL_LISTING_REGISTER,AUTHENTIC_EXCHANGE_VERIFIED
002783.SZ,凯龙股份,SZSE_MAIN,2024-09-06,2015-12-09,,SZSE_OFFICIAL_LISTING_REGISTER,AUTHENTIC_EXCHANGE_VERIFIED
002785.SZ,万里石,SZSE_MAIN,2024-09-06,2015-12-23,,SZSE_OFFICIAL_LISTING_REGISTER,AUTHENTIC_EXCHANGE_VERIFIED
002786.SZ,银宝山新,SZSE_MAIN,2024-09-06,2015-12-23,,SZSE_OFFICIAL_LISTING_REGISTER,AUTHENTIC_EXCHANGE_VERIFIED
002787.SZ,华源控股,SZSE_MAIN,2024-09-06,2015-12-31,,SZSE_OFFICIAL_LISTING_REGISTER,AUTHENTIC_EXCHANGE_VERIFIED
002788.SZ,鹭燕医药,SZSE_MAIN,2024-09-06,2016-02-18,,SZSE_OFFICIAL_LISTING_REGISTER,AUTHENTIC_EXCHANGE_VERIFIED
002789.SZ,*ST建艺,SZSE_MAIN,2024-09-06,2016-03-11,,SZSE_OFFICIAL_LISTING_REGISTER,AUTHENTIC_EXCHANGE_VERIFIED
002790.SZ,瑞尔特,SZSE_MAIN,2024-09-06,2016-03-08,,SZSE_OFFICIAL_LISTING_REGISTER,AUTHENTIC_EXCHANGE_VERIFIED
002791.SZ,坚朗五金,SZSE_MAIN,2024-09-06,2016-03-29,,SZSE_OFFICIAL_LISTING_REGISTER,AUTHENTIC_EXCHANGE_VERIFIED
002792.SZ,通宇通讯,SZSE_MAIN,2024-09-06,2016-03-28,,SZSE_OFFICIAL_LISTING_REGISTER,AUTHENTIC_EXCHANGE_VERIFIED
002793.SZ,罗欣药业,SZSE_MAIN,2024-09-06,2016-04-15,,SZSE_OFFICIAL_LISTING_REGISTER,AUTHENTIC_EXCHANGE_VERIFIED
002795.SZ,永和智控,SZSE_MAIN,2024-09-06,2016-04-28,,SZSE_OFFICIAL_LISTING_REGISTER,AUTHENTIC_EXCHANGE_VERIFIED
002796.SZ,世嘉科技,SZSE_MAIN,2024-09-06,2016-05-10,,SZSE_OFFICIAL_LISTING_REGISTER,AUTHENTIC_EXCHANGE_VERIFIED
002797.SZ,第一创业,SZSE_MAIN,2024-09-06,2016-05-11,,SZSE_OFFICIAL_LISTING_REGISTER,AUTHENTIC_EXCHANGE_VERIFIED
002798.SZ,帝欧水华,SZSE_MAIN,2024-09-06,2016-05-25,,SZSE_OFFICIAL_LISTING_REGISTER,AUTHENTIC_EXCHANGE_VERIFIED
002799.SZ,环球印务,SZSE_MAIN,2024-09-06,2016-06-08,,SZSE_OFFICIAL_LISTING_REGISTER,AUTHENTIC_EXCHANGE_VERIFIED
002800.SZ,天顺股份,SZSE_MAIN,2024-09-06,2016-05-30,,SZSE_OFFICIAL_LISTING_REGISTER,AUTHENTIC_EXCHANGE_VERIFIED
002801.SZ,微光股份,SZSE_MAIN,2024-09-06,2016-06-22,,SZSE_OFFICIAL_LISTING_REGISTER,AUTHENTIC_EXCHANGE_VERIFIED
002802.SZ,洪汇新材,SZSE_MAIN,2024-09-06,2016-06-29,,SZSE_OFFICIAL_LISTING_REGISTER,AUTHENTIC_EXCHANGE_VERIFIED
002803.SZ,吉宏股份,SZSE_MAIN,2024-09-06,2016-07-12,,SZSE_OFFICIAL_LISTING_REGISTER,AUTHENTIC_EXCHANGE_VERIFIED
002805.SZ,丰元股份,SZSE_MAIN,2024-09-06,2016-07-07,,SZSE_OFFICIAL_LISTING_REGISTER,AUTHENTIC_EXCHANGE_VERIFIED
002806.SZ,华锋股份,SZSE_MAIN,2024-09-06,2016-07-26,,SZSE_OFFICIAL_LISTING_REGISTER,AUTHENTIC_EXCHANGE_VERIFIED
002807.SZ,江阴银行,SZSE_MAIN,2024-09-06,2016-09-02,,SZSE_OFFICIAL_LISTING_REGISTER,AUTHENTIC_EXCHANGE_VERIFIED
002809.SZ,红墙股份,SZSE_MAIN,2024-09-06,2016-08-23,,SZSE_OFFICIAL_LISTING_REGISTER,AUTHENTIC_EXCHANGE_VERIFIED
002810.SZ,山东赫达,SZSE_MAIN,2024-09-06,2016-08-26,,SZSE_OFFICIAL_LISTING_REGISTER,AUTHENTIC_EXCHANGE_VERIFIED
002811.SZ,郑中设计,SZSE_MAIN,2024-09-06,2016-09-08,,SZSE_OFFICIAL_LISTING_REGISTER,AUTHENTIC_EXCHANGE_VERIFIED
002812.SZ,恩捷股份,SZSE_MAIN,2024-08-23,2016-09-14,,SZSE_OFFICIAL_LISTING_REGISTER,AUTHENTIC_EXCHANGE_VERIFIED
002813.SZ,路畅科技,SZSE_MAIN,2024-09-06,2016-10-12,,SZSE_OFFICIAL_LISTING_REGISTER,AUTHENTIC_EXCHANGE_VERIFIED
002815.SZ,崇达技术,SZSE_MAIN,2024-09-06,2016-10-12,,SZSE_OFFICIAL_LISTING_REGISTER,AUTHENTIC_EXCHANGE_VERIFIED
002816.SZ,*ST和科,SZSE_MAIN,2024-09-06,2016-10-25,,SZSE_OFFICIAL_LISTING_REGISTER,AUTHENTIC_EXCHANGE_VERIFIED
002817.SZ,黄山胶囊,SZSE_MAIN,2024-09-06,2016-10-25,,SZSE_OFFICIAL_LISTING_REGISTER,AUTHENTIC_EXCHANGE_VERIFIED
002818.SZ,富森美,SZSE_MAIN,2024-09-06,2016-11-09,,SZSE_OFFICIAL_LISTING_REGISTER,AUTHENTIC_EXCHANGE_VERIFIED
002819.SZ,东方中科,SZSE_MAIN,2024-09-06,2016-11-11,,SZSE_OFFICIAL_LISTING_REGISTER,AUTHENTIC_EXCHANGE_VERIFIED
002820.SZ,桂发祥,SZSE_MAIN,2024-09-06,2016-11-18,,SZSE_OFFICIAL_LISTING_REGISTER,AUTHENTIC_EXCHANGE_VERIFIED
002821.SZ,凯莱英,SZSE_MAIN,2024-09-06,2016-11-18,,SZSE_OFFICIAL_LISTING_REGISTER,AUTHENTIC_EXCHANGE_VERIFIED
002822.SZ,ST中装,SZSE_MAIN,2024-09-06,2016-11-29,,SZSE_OFFICIAL_LISTING_REGISTER,AUTHENTIC_EXCHANGE_VERIFIED
002823.SZ,凯中精密,SZSE_MAIN,2024-09-06,2016-11-24,,SZSE_OFFICIAL_LISTING_REGISTER,AUTHENTIC_EXCHANGE_VERIFIED
002824.SZ,和胜股份,SZSE_MAIN,2024-09-06,2017-01-12,,SZSE_OFFICIAL_LISTING_REGISTER,AUTHENTIC_EXCHANGE_VERIFIED
002825.SZ,纳尔股份,SZSE_MAIN,2024-09-06,2016-11-29,,SZSE_OFFICIAL_LISTING_REGISTER,AUTHENTIC_EXCHANGE_VERIFIED
002826.SZ,易明医药,SZSE_MAIN,2024-09-06,2016-12-09,,SZSE_OFFICIAL_LISTING_REGISTER,AUTHENTIC_EXCHANGE_VERIFIED
002827.SZ,高争民爆,SZSE_MAIN,2024-09-06,2016-12-09,,SZSE_OFFICIAL_LISTING_REGISTER,AUTHENTIC_EXCHANGE_VERIFIED
002828.SZ,贝肯能源,SZSE_MAIN,2024-08-23,2016-12-08,,SZSE_OFFICIAL_LISTING_REGISTER,AUTHENTIC_EXCHANGE_VERIFIED
002829.SZ,星网宇达,SZSE_MAIN,2024-09-06,2016-12-13,,SZSE_OFFICIAL_LISTING_REGISTER,AUTHENTIC_EXCHANGE_VERIFIED
002830.SZ,名雕股份,SZSE_MAIN,2024-09-06,2016-12-13,,SZSE_OFFICIAL_LISTING_REGISTER,AUTHENTIC_EXCHANGE_VERIFIED
002831.SZ,裕同科技,SZSE_MAIN,2024-09-06,2016-12-16,,SZSE_OFFICIAL_LISTING_REGISTER,AUTHENTIC_EXCHANGE_VERIFIED
002832.SZ,比音勒芬,SZSE_MAIN,2024-09-06,2016-12-23,,SZSE_OFFICIAL_LISTING_REGISTER,AUTHENTIC_EXCHANGE_VERIFIED
002833.SZ,弘亚数控,SZSE_MAIN,2024-09-06,2016-12-28,,SZSE_OFFICIAL_LISTING_REGISTER,AUTHENTIC_EXCHANGE_VERIFIED
002835.SZ,同为股份,SZSE_MAIN,2024-09-06,2016-12-28,,SZSE_OFFICIAL_LISTING_REGISTER,AUTHENTIC_EXCHANGE_VERIFIED
002836.SZ,新宏泽,SZSE_MAIN,2024-09-06,2016-12-29,,SZSE_OFFICIAL_LISTING_REGISTER,AUTHENTIC_EXCHANGE_VERIFIED
002837.SZ,英维克,SZSE_MAIN,2024-09-06,2016-12-29,,SZSE_OFFICIAL_LISTING_REGISTER,AUTHENTIC_EXCHANGE_VERIFIED
002838.SZ,道恩股份,SZSE_MAIN,2024-08-23,2017-01-06,,SZSE_OFFICIAL_LISTING_REGISTER,AUTHENTIC_EXCHANGE_VERIFIED
002839.SZ,张家港行,SZSE_MAIN,2024-09-06,2017-01-24,,SZSE_OFFICIAL_LISTING_REGISTER,AUTHENTIC_EXCHANGE_VERIFIED
002840.SZ,华统股份,SZSE_MAIN,2024-09-06,2017-01-10,,SZSE_OFFICIAL_LISTING_REGISTER,AUTHENTIC_EXCHANGE_VERIFIED
002841.SZ,视源股份,SZSE_MAIN,2024-09-06,2017-01-19,,SZSE_OFFICIAL_LISTING_REGISTER,AUTHENTIC_EXCHANGE_VERIFIED
002842.SZ,翔鹭钨业,SZSE_MAIN,2024-09-06,2017-01-19,,SZSE_OFFICIAL_LISTING_REGISTER,AUTHENTIC_EXCHANGE_VERIFIED
002843.SZ,泰嘉股份,SZSE_MAIN,2024-09-06,2017-01-20,,SZSE_OFFICIAL_LISTING_REGISTER,AUTHENTIC_EXCHANGE_VERIFIED
002845.SZ,同兴达,SZSE_MAIN,2024-09-06,2017-01-25,,SZSE_OFFICIAL_LISTING_REGISTER,AUTHENTIC_EXCHANGE_VERIFIED
002846.SZ,英联股份,SZSE_MAIN,2024-09-06,2017-02-07,,SZSE_OFFICIAL_LISTING_REGISTER,AUTHENTIC_EXCHANGE_VERIFIED
002847.SZ,盐津铺子,SZSE_MAIN,2024-09-06,2017-02-08,,SZSE_OFFICIAL_LISTING_REGISTER,AUTHENTIC_EXCHANGE_VERIFIED
002848.SZ,高斯贝尔,SZSE_MAIN,2024-09-06,2017-02-13,,SZSE_OFFICIAL_LISTING_REGISTER,AUTHENTIC_EXCHANGE_VERIFIED
002849.SZ,威星智能,SZSE_MAIN,2024-09-06,2017-02-17,,SZSE_OFFICIAL_LISTING_REGISTER,AUTHENTIC_EXCHANGE_VERIFIED
002850.SZ,科达利,SZSE_MAIN,2024-09-06,2017-03-02,,SZSE_OFFICIAL_LISTING_REGISTER,AUTHENTIC_EXCHANGE_VERIFIED
002851.SZ,麦格米特,SZSE_MAIN,2024-09-06,2017-03-06,,SZSE_OFFICIAL_LISTING_REGISTER,AUTHENTIC_EXCHANGE_VERIFIED
002852.SZ,道道全,SZSE_MAIN,2024-09-06,2017-03-10,,SZSE_OFFICIAL_LISTING_REGISTER,AUTHENTIC_EXCHANGE_VERIFIED
002853.SZ,皮阿诺,SZSE_MAIN,2024-08-30,2017-03-10,,SZSE_OFFICIAL_LISTING_REGISTER,AUTHENTIC_EXCHANGE_VERIFIED
002855.SZ,捷荣技术,SZSE_MAIN,2024-09-06,2017-03-21,,SZSE_OFFICIAL_LISTING_REGISTER,AUTHENTIC_EXCHANGE_VERIFIED
002856.SZ,*ST美芝,SZSE_MAIN,2024-09-06,2017-03-20,,SZSE_OFFICIAL_LISTING_REGISTER,AUTHENTIC_EXCHANGE_VERIFIED
002857.SZ,三晖电气,SZSE_MAIN,2024-09-06,2017-03-23,,SZSE_OFFICIAL_LISTING_REGISTER,AUTHENTIC_EXCHANGE_VERIFIED
002858.SZ,力盛体育,SZSE_MAIN,2024-09-06,2017-03-24,,SZSE_OFFICIAL_LISTING_REGISTER,AUTHENTIC_EXCHANGE_VERIFIED
002859.SZ,洁美科技,SZSE_MAIN,2024-09-06,2017-04-07,,SZSE_OFFICIAL_LISTING_REGISTER,AUTHENTIC_EXCHANGE_VERIFIED
002860.SZ,星帅尔,SZSE_MAIN,2024-09-06,2017-04-12,,SZSE_OFFICIAL_LISTING_REGISTER,AUTHENTIC_EXCHANGE_VERIFIED
002861.SZ,瀛通通讯,SZSE_MAIN,2024-09-06,2017-04-13,,SZSE_OFFICIAL_LISTING_REGISTER,AUTHENTIC_EXCHANGE_VERIFIED
002862.SZ,实丰文化,SZSE_MAIN,2024-09-06,2017-04-11,,SZSE_OFFICIAL_LISTING_REGISTER,AUTHENTIC_EXCHANGE_VERIFIED
002863.SZ,今飞凯达,SZSE_MAIN,2024-09-06,2017-04-18,,SZSE_OFFICIAL_LISTING_REGISTER,AUTHENTIC_EXCHANGE_VERIFIED
002864.SZ,盘龙药业,SZSE_MAIN,2024-09-06,2017-11-16,,SZSE_OFFICIAL_LISTING_REGISTER,AUTHENTIC_EXCHANGE_VERIFIED
002865.SZ,钧达股份,SZSE_MAIN,2024-09-06,2017-04-25,,SZSE_OFFICIAL_LISTING_REGISTER,AUTHENTIC_EXCHANGE_VERIFIED
002866.SZ,传艺科技,SZSE_MAIN,2024-09-06,2017-04-26,,SZSE_OFFICIAL_LISTING_REGISTER,AUTHENTIC_EXCHANGE_VERIFIED
002867.SZ,周大生,SZSE_MAIN,2024-09-06,2017-04-27,,SZSE_OFFICIAL_LISTING_REGISTER,AUTHENTIC_EXCHANGE_VERIFIED
002868.SZ,绿康生化,SZSE_MAIN,2024-08-29,2017-05-03,,SZSE_OFFICIAL_LISTING_REGISTER,AUTHENTIC_EXCHANGE_VERIFIED
002869.SZ,金溢科技,SZSE_MAIN,2024-09-06,2017-05-15,,SZSE_OFFICIAL_LISTING_REGISTER,AUTHENTIC_EXCHANGE_VERIFIED
002870.SZ,香山股份,SZSE_MAIN,2024-09-06,2017-05-15,,SZSE_OFFICIAL_LISTING_REGISTER,AUTHENTIC_EXCHANGE_VERIFIED
002871.SZ,伟隆股份,SZSE_MAIN,2024-09-06,2017-05-11,,SZSE_OFFICIAL_LISTING_REGISTER,AUTHENTIC_EXCHANGE_VERIFIED
002872.SZ,ST天圣,SZSE_MAIN,2024-09-06,2017-05-19,,SZSE_OFFICIAL_LISTING_REGISTER,AUTHENTIC_EXCHANGE_VERIFIED
002873.SZ,新天药业,SZSE_MAIN,2024-09-06,2017-05-19,,SZSE_OFFICIAL_LISTING_REGISTER,AUTHENTIC_EXCHANGE_VERIFIED
002875.SZ,安奈儿,SZSE_MAIN,2024-08-30,2017-06-01,,SZSE_OFFICIAL_LISTING_REGISTER,AUTHENTIC_EXCHANGE_VERIFIED
002876.SZ,三利谱,SZSE_MAIN,2024-09-06,2017-05-25,,SZSE_OFFICIAL_LISTING_REGISTER,AUTHENTIC_EXCHANGE_VERIFIED
002877.SZ,智能自控,SZSE_MAIN,2024-09-06,2017-06-05,,SZSE_OFFICIAL_LISTING_REGISTER,AUTHENTIC_EXCHANGE_VERIFIED
002878.SZ,元隆雅图,SZSE_MAIN,2024-09-06,2017-06-06,,SZSE_OFFICIAL_LISTING_REGISTER,AUTHENTIC_EXCHANGE_VERIFIED
002879.SZ,长缆科技,SZSE_MAIN,2024-09-06,2017-07-07,,SZSE_OFFICIAL_LISTING_REGISTER,AUTHENTIC_EXCHANGE_VERIFIED
002880.SZ,卫光生物,SZSE_MAIN,2024-09-06,2017-06-16,,SZSE_OFFICIAL_LISTING_REGISTER,AUTHENTIC_EXCHANGE_VERIFIED
002881.SZ,美格智能,SZSE_MAIN,2024-09-06,2017-06-22,,SZSE_OFFICIAL_LISTING_REGISTER,AUTHENTIC_EXCHANGE_VERIFIED
002882.SZ,金龙羽,SZSE_MAIN,2024-09-06,2017-07-17,,SZSE_OFFICIAL_LISTING_REGISTER,AUTHENTIC_EXCHANGE_VERIFIED
002883.SZ,*ST中设,SZSE_MAIN,2024-09-05,2017-06-20,,SZSE_OFFICIAL_LISTING_REGISTER,AUTHENTIC_EXCHANGE_VERIFIED
002884.SZ,凌霄泵业,SZSE_MAIN,2024-09-06,2017-07-11,,SZSE_OFFICIAL_LISTING_REGISTER,AUTHENTIC_EXCHANGE_VERIFIED
002885.SZ,京泉华,SZSE_MAIN,2024-09-06,2017-06-27,,SZSE_OFFICIAL_LISTING_REGISTER,AUTHENTIC_EXCHANGE_VERIFIED
002886.SZ,沃特股份,SZSE_MAIN,2024-09-06,2017-06-27,,SZSE_OFFICIAL_LISTING_REGISTER,AUTHENTIC_EXCHANGE_VERIFIED
002887.SZ,绿茵生态,SZSE_MAIN,2024-09-06,2017-08-01,,SZSE_OFFICIAL_LISTING_REGISTER,AUTHENTIC_EXCHANGE_VERIFIED
002888.SZ,惠威科技,SZSE_MAIN,2024-09-06,2017-07-21,,SZSE_OFFICIAL_LISTING_REGISTER,AUTHENTIC_EXCHANGE_VERIFIED
002889.SZ,东方嘉盛,SZSE_MAIN,2024-09-06,2017-07-31,,SZSE_OFFICIAL_LISTING_REGISTER,AUTHENTIC_EXCHANGE_VERIFIED
002890.SZ,弘宇股份,SZSE_MAIN,2024-09-06,2017-08-02,,SZSE_OFFICIAL_LISTING_REGISTER,AUTHENTIC_EXCHANGE_VERIFIED
002891.SZ,中宠股份,SZSE_MAIN,2024-09-06,2017-08-21,,SZSE_OFFICIAL_LISTING_REGISTER,AUTHENTIC_EXCHANGE_VERIFIED
002892.SZ,科力尔,SZSE_MAIN,2024-09-06,2017-08-17,,SZSE_OFFICIAL_LISTING_REGISTER,AUTHENTIC_EXCHANGE_VERIFIED
002893.SZ,京能热力,SZSE_MAIN,2024-09-06,2017-09-15,,SZSE_OFFICIAL_LISTING_REGISTER,AUTHENTIC_EXCHANGE_VERIFIED
002895.SZ,川恒股份,SZSE_MAIN,2024-09-06,2017-08-25,,SZSE_OFFICIAL_LISTING_REGISTER,AUTHENTIC_EXCHANGE_VERIFIED
002896.SZ,中大力德,SZSE_MAIN,2024-09-06,2017-08-29,,SZSE_OFFICIAL_LISTING_REGISTER,AUTHENTIC_EXCHANGE_VERIFIED
002897.SZ,意华股份,SZSE_MAIN,2024-09-06,2017-09-07,,SZSE_OFFICIAL_LISTING_REGISTER,AUTHENTIC_EXCHANGE_VERIFIED
002899.SZ,英派斯,SZSE_MAIN,2024-09-06,2017-09-15,,SZSE_OFFICIAL_LISTING_REGISTER,AUTHENTIC_EXCHANGE_VERIFIED
002900.SZ,哈三联,SZSE_MAIN,2024-09-06,2017-09-22,,SZSE_OFFICIAL_LISTING_REGISTER,AUTHENTIC_EXCHANGE_VERIFIED
002901.SZ,大博医疗,SZSE_MAIN,2024-09-06,2017-09-22,,SZSE_OFFICIAL_LISTING_REGISTER,AUTHENTIC_EXCHANGE_VERIFIED
002902.SZ,铭普光磁,SZSE_MAIN,2024-09-06,2017-09-29,,SZSE_OFFICIAL_LISTING_REGISTER,AUTHENTIC_EXCHANGE_VERIFIED
002903.SZ,宇环数控,SZSE_MAIN,2024-09-06,2017-10-13,,SZSE_OFFICIAL_LISTING_REGISTER,AUTHENTIC_EXCHANGE_VERIFIED
002905.SZ,金逸影视,SZSE_MAIN,2024-09-06,2017-10-16,,SZSE_OFFICIAL_LISTING_REGISTER,AUTHENTIC_EXCHANGE_VERIFIED
002906.SZ,华阳集团,SZSE_MAIN,2024-09-06,2017-10-13,,SZSE_OFFICIAL_LISTING_REGISTER,AUTHENTIC_EXCHANGE_VERIFIED
002907.SZ,华森制药,SZSE_MAIN,2024-09-06,2017-10-20,,SZSE_OFFICIAL_LISTING_REGISTER,AUTHENTIC_EXCHANGE_VERIFIED
002908.SZ,德生科技,SZSE_MAIN,2024-09-06,2017-10-20,,SZSE_OFFICIAL_LISTING_REGISTER,AUTHENTIC_EXCHANGE_VERIFIED
002909.SZ,集泰股份,SZSE_MAIN,2024-09-06,2017-10-26,,SZSE_OFFICIAL_LISTING_REGISTER,AUTHENTIC_EXCHANGE_VERIFIED
002910.SZ,庄园牧场,SZSE_MAIN,2024-09-06,2017-10-31,,SZSE_OFFICIAL_LISTING_REGISTER,AUTHENTIC_EXCHANGE_VERIFIED
002911.SZ,佛燃能源,SZSE_MAIN,2024-09-06,2017-11-22,,SZSE_OFFICIAL_LISTING_REGISTER,AUTHENTIC_EXCHANGE_VERIFIED
002912.SZ,中新赛克,SZSE_MAIN,2024-09-06,2017-11-21,,SZSE_OFFICIAL_LISTING_REGISTER,AUTHENTIC_EXCHANGE_VERIFIED
002913.SZ,奥士康,SZSE_MAIN,2024-09-06,2017-12-01,,SZSE_OFFICIAL_LISTING_REGISTER,AUTHENTIC_EXCHANGE_VERIFIED
002915.SZ,中欣氟材,SZSE_MAIN,2024-09-06,2017-12-05,,SZSE_OFFICIAL_LISTING_REGISTER,AUTHENTIC_EXCHANGE_VERIFIED
002916.SZ,深南电路,SZSE_MAIN,2024-09-06,2017-12-13,,SZSE_OFFICIAL_LISTING_REGISTER,AUTHENTIC_EXCHANGE_VERIFIED
002917.SZ,金奥博,SZSE_MAIN,2024-09-06,2017-12-08,,SZSE_OFFICIAL_LISTING_REGISTER,AUTHENTIC_EXCHANGE_VERIFIED
002918.SZ,蒙娜丽莎,SZSE_MAIN,2024-09-06,2017-12-19,,SZSE_OFFICIAL_LISTING_REGISTER,AUTHENTIC_EXCHANGE_VERIFIED
002919.SZ,名臣健康,SZSE_MAIN,2024-09-06,2017-12-18,,SZSE_OFFICIAL_LISTING_REGISTER,AUTHENTIC_EXCHANGE_VERIFIED
002920.SZ,德赛西威,SZSE_MAIN,2023-01-13,2017-12-26,,SZSE_OFFICIAL_LISTING_REGISTER,AUTHENTIC_EXCHANGE_VERIFIED
002921.SZ,联诚精密,SZSE_MAIN,2024-09-06,2017-12-27,,SZSE_OFFICIAL_LISTING_REGISTER,AUTHENTIC_EXCHANGE_VERIFIED
002922.SZ,伊戈尔,SZSE_MAIN,2024-09-06,2017-12-29,,SZSE_OFFICIAL_LISTING_REGISTER,AUTHENTIC_EXCHANGE_VERIFIED
002923.SZ,润都股份,SZSE_MAIN,2024-09-06,2018-01-05,,SZSE_OFFICIAL_LISTING_REGISTER,AUTHENTIC_EXCHANGE_VERIFIED
002925.SZ,盈趣科技,SZSE_MAIN,2024-09-06,2018-01-15,,SZSE_OFFICIAL_LISTING_REGISTER,AUTHENTIC_EXCHANGE_VERIFIED
002926.SZ,华西证券,SZSE_MAIN,2024-09-06,2018-02-05,,SZSE_OFFICIAL_LISTING_REGISTER,AUTHENTIC_EXCHANGE_VERIFIED
002927.SZ,泰永长征,SZSE_MAIN,2024-09-06,2018-02-23,,SZSE_OFFICIAL_LISTING_REGISTER,AUTHENTIC_EXCHANGE_VERIFIED
002928.SZ,华夏航空,SZSE_MAIN,2024-09-06,2018-03-02,,SZSE_OFFICIAL_LISTING_REGISTER,AUTHENTIC_EXCHANGE_VERIFIED
002929.SZ,润建股份,SZSE_MAIN,2024-09-06,2018-03-01,,SZSE_OFFICIAL_LISTING_REGISTER,AUTHENTIC_EXCHANGE_VERIFIED
002930.SZ,宏川智慧,SZSE_MAIN,2024-09-06,2018-03-28,,SZSE_OFFICIAL_LISTING_REGISTER,AUTHENTIC_EXCHANGE_VERIFIED
002931.SZ,锋龙股份,SZSE_MAIN,2024-09-06,2018-04-03,,SZSE_OFFICIAL_LISTING_REGISTER,AUTHENTIC_EXCHANGE_VERIFIED
002932.SZ,*ST明德,SZSE_MAIN,2024-09-06,2018-07-10,,SZSE_OFFICIAL_LISTING_REGISTER,AUTHENTIC_EXCHANGE_VERIFIED
002933.SZ,新兴装备,SZSE_MAIN,2024-09-06,2018-08-28,,SZSE_OFFICIAL_LISTING_REGISTER,AUTHENTIC_EXCHANGE_VERIFIED
002935.SZ,天奥电子,SZSE_MAIN,2024-09-06,2018-09-03,,SZSE_OFFICIAL_LISTING_REGISTER,AUTHENTIC_EXCHANGE_VERIFIED
002936.SZ,郑州银行,SZSE_MAIN,2024-09-06,2018-09-19,,SZSE_OFFICIAL_LISTING_REGISTER,AUTHENTIC_EXCHANGE_VERIFIED
002937.SZ,兴瑞科技,SZSE_MAIN,2024-09-06,2018-09-26,,SZSE_OFFICIAL_LISTING_REGISTER,AUTHENTIC_EXCHANGE_VERIFIED
002938.SZ,鹏鼎控股,SZSE_MAIN,2024-09-06,2018-09-18,,SZSE_OFFICIAL_LISTING_REGISTER,AUTHENTIC_EXCHANGE_VERIFIED
002939.SZ,长城证券,SZSE_MAIN,2024-09-06,2018-10-26,,SZSE_OFFICIAL_LISTING_REGISTER,AUTHENTIC_EXCHANGE_VERIFIED
002940.SZ,昂利康,SZSE_MAIN,2024-09-06,2018-10-23,,SZSE_OFFICIAL_LISTING_REGISTER,AUTHENTIC_EXCHANGE_VERIFIED
002941.SZ,新疆交建,SZSE_MAIN,2024-09-06,2018-11-28,,SZSE_OFFICIAL_LISTING_REGISTER,AUTHENTIC_EXCHANGE_VERIFIED
002942.SZ,新农股份,SZSE_MAIN,2024-09-06,2018-12-05,,SZSE_OFFICIAL_LISTING_REGISTER,AUTHENTIC_EXCHANGE_VERIFIED
002943.SZ,宇晶股份,SZSE_MAIN,2024-09-06,2018-11-29,,SZSE_OFFICIAL_LISTING_REGISTER,AUTHENTIC_EXCHANGE_VERIFIED
002945.SZ,华林证券,SZSE_MAIN,2024-09-06,2019-01-17,,SZSE_OFFICIAL_LISTING_REGISTER,AUTHENTIC_EXCHANGE_VERIFIED
002946.SZ,新乳业,SZSE_MAIN,2024-09-06,2019-01-25,,SZSE_OFFICIAL_LISTING_REGISTER,AUTHENTIC_EXCHANGE_VERIFIED
002947.SZ,恒铭达,SZSE_MAIN,2024-09-06,2019-02-01,,SZSE_OFFICIAL_LISTING_REGISTER,AUTHENTIC_EXCHANGE_VERIFIED
002948.SZ,青岛银行,SZSE_MAIN,2024-09-06,2019-01-16,,SZSE_OFFICIAL_LISTING_REGISTER,AUTHENTIC_EXCHANGE_VERIFIED
002949.SZ,华阳国际,SZSE_MAIN,2024-09-06,2019-02-26,,SZSE_OFFICIAL_LISTING_REGISTER,AUTHENTIC_EXCHANGE_VERIFIED
002950.SZ,奥美医疗,SZSE_MAIN,2024-09-06,2019-03-11,,SZSE_OFFICIAL_LISTING_REGISTER,AUTHENTIC_EXCHANGE_VERIFIED
002951.SZ,金时科技,SZSE_MAIN,2024-09-06,2019-03-15,,SZSE_OFFICIAL_LISTING_REGISTER,AUTHENTIC_EXCHANGE_VERIFIED
002952.SZ,亚世光电,SZSE_MAIN,2024-09-06,2019-03-28,,SZSE_OFFICIAL_LISTING_REGISTER,AUTHENTIC_EXCHANGE_VERIFIED
002953.SZ,日丰股份,SZSE_MAIN,2024-09-06,2019-05-09,,SZSE_OFFICIAL_LISTING_REGISTER,AUTHENTIC_EXCHANGE_VERIFIED
002955.SZ,鸿合科技,SZSE_MAIN,2024-09-06,2019-05-23,,SZSE_OFFICIAL_LISTING_REGISTER,AUTHENTIC_EXCHANGE_VERIFIED
002956.SZ,西麦食品,SZSE_MAIN,2024-09-06,2019-06-19,,SZSE_OFFICIAL_LISTING_REGISTER,AUTHENTIC_EXCHANGE_VERIFIED
002957.SZ,科瑞技术,SZSE_MAIN,2024-09-06,2019-07-26,,SZSE_OFFICIAL_LISTING_REGISTER,AUTHENTIC_EXCHANGE_VERIFIED
002958.SZ,青农商行,SZSE_MAIN,2024-09-06,2019-03-26,,SZSE_OFFICIAL_LISTING_REGISTER,AUTHENTIC_EXCHANGE_VERIFIED
002959.SZ,小熊电器,SZSE_MAIN,2024-09-06,2019-08-23,,SZSE_OFFICIAL_LISTING_REGISTER,AUTHENTIC_EXCHANGE_VERIFIED
002960.SZ,青鸟智控,SZSE_MAIN,2024-09-06,2019-08-09,,SZSE_OFFICIAL_LISTING_REGISTER,AUTHENTIC_EXCHANGE_VERIFIED
002961.SZ,瑞达期货,SZSE_MAIN,2024-09-06,2019-09-05,,SZSE_OFFICIAL_LISTING_REGISTER,AUTHENTIC_EXCHANGE_VERIFIED
002962.SZ,五方光电,SZSE_MAIN,2024-09-06,2019-09-17,,SZSE_OFFICIAL_LISTING_REGISTER,AUTHENTIC_EXCHANGE_VERIFIED
002963.SZ,豪尔赛,SZSE_MAIN,2024-09-06,2019-10-28,,SZSE_OFFICIAL_LISTING_REGISTER,AUTHENTIC_EXCHANGE_VERIFIED
002965.SZ,祥鑫科技,SZSE_MAIN,2024-09-06,2019-10-25,,SZSE_OFFICIAL_LISTING_REGISTER,AUTHENTIC_EXCHANGE_VERIFIED
002966.SZ,苏州银行,SZSE_MAIN,2024-09-06,2019-08-02,,SZSE_OFFICIAL_LISTING_REGISTER,AUTHENTIC_EXCHANGE_VERIFIED
002967.SZ,广电计量,SZSE_MAIN,2024-09-06,2019-11-08,,SZSE_OFFICIAL_LISTING_REGISTER,AUTHENTIC_EXCHANGE_VERIFIED
002968.SZ,新大正,SZSE_MAIN,2024-09-06,2019-12-03,,SZSE_OFFICIAL_LISTING_REGISTER,AUTHENTIC_EXCHANGE_VERIFIED
002969.SZ,嘉美包装,SZSE_MAIN,2024-09-06,2019-12-02,,SZSE_OFFICIAL_LISTING_REGISTER,AUTHENTIC_EXCHANGE_VERIFIED
002970.SZ,锐明技术,SZSE_MAIN,2024-09-06,2019-12-17,,SZSE_OFFICIAL_LISTING_REGISTER,AUTHENTIC_EXCHANGE_VERIFIED
002971.SZ,和远气体,SZSE_MAIN,2024-09-06,2020-01-13,,SZSE_OFFICIAL_LISTING_REGISTER,AUTHENTIC_EXCHANGE_VERIFIED
002972.SZ,科安达,SZSE_MAIN,2024-09-06,2019-12-27,,SZSE_OFFICIAL_LISTING_REGISTER,AUTHENTIC_EXCHANGE_VERIFIED
002973.SZ,侨银股份,SZSE_MAIN,2024-09-06,2020-01-06,,SZSE_OFFICIAL_LISTING_REGISTER,AUTHENTIC_EXCHANGE_VERIFIED
002975.SZ,博杰股份,SZSE_MAIN,2024-09-06,2020-02-05,,SZSE_OFFICIAL_LISTING_REGISTER,AUTHENTIC_EXCHANGE_VERIFIED
002976.SZ,瑞玛精密,SZSE_MAIN,2024-09-06,2020-03-06,,SZSE_OFFICIAL_LISTING_REGISTER,AUTHENTIC_EXCHANGE_VERIFIED
002977.SZ,*ST天箭,SZSE_MAIN,2024-09-06,2020-03-17,,SZSE_OFFICIAL_LISTING_REGISTER,AUTHENTIC_EXCHANGE_VERIFIED
002978.SZ,安宁股份,SZSE_MAIN,2024-09-06,2020-04-17,,SZSE_OFFICIAL_LISTING_REGISTER,AUTHENTIC_EXCHANGE_VERIFIED
002979.SZ,雷赛智能,SZSE_MAIN,2024-09-06,2020-04-08,,SZSE_OFFICIAL_LISTING_REGISTER,AUTHENTIC_EXCHANGE_VERIFIED
002980.SZ,华盛昌,SZSE_MAIN,2024-09-06,2020-04-15,,SZSE_OFFICIAL_LISTING_REGISTER,AUTHENTIC_EXCHANGE_VERIFIED
002981.SZ,朝阳科技,SZSE_MAIN,2024-09-06,2020-04-17,,SZSE_OFFICIAL_LISTING_REGISTER,AUTHENTIC_EXCHANGE_VERIFIED
002982.SZ,湘佳股份,SZSE_MAIN,2024-09-06,2020-04-24,,SZSE_OFFICIAL_LISTING_REGISTER,AUTHENTIC_EXCHANGE_VERIFIED
002983.SZ,芯瑞达,SZSE_MAIN,2024-09-06,2020-04-28,,SZSE_OFFICIAL_LISTING_REGISTER,AUTHENTIC_EXCHANGE_VERIFIED
002984.SZ,森麒麟,SZSE_MAIN,2024-09-06,2020-09-11,,SZSE_OFFICIAL_LISTING_REGISTER,AUTHENTIC_EXCHANGE_VERIFIED
002985.SZ,北摩高科,SZSE_MAIN,2024-09-06,2020-04-29,,SZSE_OFFICIAL_LISTING_REGISTER,AUTHENTIC_EXCHANGE_VERIFIED
002986.SZ,宇新股份,SZSE_MAIN,2024-09-06,2020-06-02,,SZSE_OFFICIAL_LISTING_REGISTER,AUTHENTIC_EXCHANGE_VERIFIED
002987.SZ,京北方,SZSE_MAIN,2024-09-06,2020-05-07,,SZSE_OFFICIAL_LISTING_REGISTER,AUTHENTIC_EXCHANGE_VERIFIED
002988.SZ,豪美新材,SZSE_MAIN,2024-09-06,2020-05-18,,SZSE_OFFICIAL_LISTING_REGISTER,AUTHENTIC_EXCHANGE_VERIFIED
002989.SZ,中天精装,SZSE_MAIN,2024-09-06,2020-06-10,,SZSE_OFFICIAL_LISTING_REGISTER,AUTHENTIC_EXCHANGE_VERIFIED
002990.SZ,盛视科技,SZSE_MAIN,2024-09-06,2020-05-25,,SZSE_OFFICIAL_LISTING_REGISTER,AUTHENTIC_EXCHANGE_VERIFIED
002991.SZ,甘源食品,SZSE_MAIN,2024-09-06,2020-07-31,,SZSE_OFFICIAL_LISTING_REGISTER,AUTHENTIC_EXCHANGE_VERIFIED
002992.SZ,宝明科技,SZSE_MAIN,2024-09-06,2020-08-03,,SZSE_OFFICIAL_LISTING_REGISTER,AUTHENTIC_EXCHANGE_VERIFIED
002993.SZ,奥海科技,SZSE_MAIN,2024-09-06,2020-08-17,,SZSE_OFFICIAL_LISTING_REGISTER,AUTHENTIC_EXCHANGE_VERIFIED
002995.SZ,天地在线,SZSE_MAIN,2024-09-06,2020-08-05,,SZSE_OFFICIAL_LISTING_REGISTER,AUTHENTIC_EXCHANGE_VERIFIED
002996.SZ,顺博合金,SZSE_MAIN,2024-09-06,2020-08-28,,SZSE_OFFICIAL_LISTING_REGISTER,AUTHENTIC_EXCHANGE_VERIFIED
002997.SZ,瑞鹄模具,SZSE_MAIN,2024-09-06,2020-09-03,,SZSE_OFFICIAL_LISTING_REGISTER,AUTHENTIC_EXCHANGE_VERIFIED
002998.SZ,优彩资源,SZSE_MAIN,2024-09-06,2020-09-25,,SZSE_OFFICIAL_LISTING_REGISTER,AUTHENTIC_EXCHANGE_VERIFIED
002999.SZ,天禾股份,SZSE_MAIN,2024-09-06,2020-09-03,,SZSE_OFFICIAL_LISTING_REGISTER,AUTHENTIC_EXCHANGE_VERIFIED
003000.SZ,劲仔食品,SZSE_MAIN,2024-09-06,2020-09-14,,SZSE_OFFICIAL_LISTING_REGISTER,AUTHENTIC_EXCHANGE_VERIFIED
003001.SZ,中岩大地,SZSE_MAIN,2024-09-06,2020-10-13,,SZSE_OFFICIAL_LISTING_REGISTER,AUTHENTIC_EXCHANGE_VERIFIED
003002.SZ,壶化股份,SZSE_MAIN,2024-09-06,2020-09-22,,SZSE_OFFICIAL_LISTING_REGISTER,AUTHENTIC_EXCHANGE_VERIFIED
003003.SZ,天元股份,SZSE_MAIN,2024-09-06,2020-09-21,,SZSE_OFFICIAL_LISTING_REGISTER,AUTHENTIC_EXCHANGE_VERIFIED
003004.SZ,声迅股份,SZSE_MAIN,2024-09-06,2020-11-26,,SZSE_OFFICIAL_LISTING_REGISTER,AUTHENTIC_EXCHANGE_VERIFIED
003005.SZ,竞业达,SZSE_MAIN,2024-09-06,2020-09-22,,SZSE_OFFICIAL_LISTING_REGISTER,AUTHENTIC_EXCHANGE_VERIFIED
003006.SZ,百亚股份,SZSE_MAIN,2024-09-06,2020-09-21,,SZSE_OFFICIAL_LISTING_REGISTER,AUTHENTIC_EXCHANGE_VERIFIED
003007.SZ,直真科技,SZSE_MAIN,2024-09-06,2020-09-23,,SZSE_OFFICIAL_LISTING_REGISTER,AUTHENTIC_EXCHANGE_VERIFIED
003008.SZ,开普检测,SZSE_MAIN,2024-09-06,2020-09-23,,SZSE_OFFICIAL_LISTING_REGISTER,AUTHENTIC_EXCHANGE_VERIFIED
003009.SZ,中天火箭,SZSE_MAIN,2024-09-06,2020-09-25,,SZSE_OFFICIAL_LISTING_REGISTER,AUTHENTIC_EXCHANGE_VERIFIED
003010.SZ,若羽臣,SZSE_MAIN,2024-09-06,2020-09-25,,SZSE_OFFICIAL_LISTING_REGISTER,AUTHENTIC_EXCHANGE_VERIFIED
003011.SZ,海象新材,SZSE_MAIN,2024-09-06,2020-09-30,,SZSE_OFFICIAL_LISTING_REGISTER,AUTHENTIC_EXCHANGE_VERIFIED
003012.SZ,东鹏控股,SZSE_MAIN,2024-09-06,2020-10-19,,SZSE_OFFICIAL_LISTING_REGISTER,AUTHENTIC_EXCHANGE_VERIFIED
003013.SZ,地铁设计,SZSE_MAIN,2024-09-06,2020-10-22,,SZSE_OFFICIAL_LISTING_REGISTER,AUTHENTIC_EXCHANGE_VERIFIED
003015.SZ,日久光电,SZSE_MAIN,2024-09-06,2020-10-21,,SZSE_OFFICIAL_LISTING_REGISTER,AUTHENTIC_EXCHANGE_VERIFIED
003016.SZ,欣贺股份,SZSE_MAIN,2024-09-06,2020-10-26,,SZSE_OFFICIAL_LISTING_REGISTER,AUTHENTIC_EXCHANGE_VERIFIED
003017.SZ,大洋生物,SZSE_MAIN,2024-09-06,2020-10-26,,SZSE_OFFICIAL_LISTING_REGISTER,AUTHENTIC_EXCHANGE_VERIFIED
003018.SZ,金富科技,SZSE_MAIN,2024-09-06,2020-11-06,,SZSE_OFFICIAL_LISTING_REGISTER,AUTHENTIC_EXCHANGE_VERIFIED
003019.SZ,宸展光电,SZSE_MAIN,2024-09-06,2020-11-17,,SZSE_OFFICIAL_LISTING_REGISTER,AUTHENTIC_EXCHANGE_VERIFIED
003020.SZ,立方制药,SZSE_MAIN,2024-09-06,2020-12-15,,SZSE_OFFICIAL_LISTING_REGISTER,AUTHENTIC_EXCHANGE_VERIFIED
003021.SZ,兆威机电,SZSE_MAIN,2024-09-06,2020-12-04,,SZSE_OFFICIAL_LISTING_REGISTER,AUTHENTIC_EXCHANGE_VERIFIED
003022.SZ,联泓新科,SZSE_MAIN,2024-09-06,2020-12-08,,SZSE_OFFICIAL_LISTING_REGISTER,AUTHENTIC_EXCHANGE_VERIFIED
003023.SZ,彩虹集团,SZSE_MAIN,2024-09-06,2020-12-11,,SZSE_OFFICIAL_LISTING_REGISTER,AUTHENTIC_EXCHANGE_VERIFIED
003025.SZ,思进智能,SZSE_MAIN,2024-09-06,2020-12-11,,SZSE_OFFICIAL_LISTING_REGISTER,AUTHENTIC_EXCHANGE_VERIFIED
003026.SZ,中晶科技,SZSE_MAIN,2024-09-06,2020-12-18,,SZSE_OFFICIAL_LISTING_REGISTER,AUTHENTIC_EXCHANGE_VERIFIED
003027.SZ,同兴科技,SZSE_MAIN,2024-09-06,2020-12-18,,SZSE_OFFICIAL_LISTING_REGISTER,AUTHENTIC_EXCHANGE_VERIFIED
003028.SZ,振邦智能,SZSE_MAIN,2024-09-06,2020-12-28,,SZSE_OFFICIAL_LISTING_REGISTER,AUTHENTIC_EXCHANGE_VERIFIED
003029.SZ,吉大正元,SZSE_MAIN,2024-09-06,2020-12-24,,SZSE_OFFICIAL_LISTING_REGISTER,AUTHENTIC_EXCHANGE_VERIFIED
003030.SZ,祖名股份,SZSE_MAIN,2024-09-06,2021-01-06,,SZSE_OFFICIAL_LISTING_REGISTER,AUTHENTIC_EXCHANGE_VERIFIED
003031.SZ,中瓷电子,SZSE_MAIN,2024-09-06,2021-01-04,,SZSE_OFFICIAL_LISTING_REGISTER,AUTHENTIC_EXCHANGE_VERIFIED
003032.SZ,传智教育,SZSE_MAIN,2024-09-06,2021-01-12,,SZSE_OFFICIAL_LISTING_REGISTER,AUTHENTIC_EXCHANGE_VERIFIED
003033.SZ,征和工业,SZSE_MAIN,2024-09-06,2021-01-11,,SZSE_OFFICIAL_LISTING_REGISTER,AUTHENTIC_EXCHANGE_VERIFIED
003035.SZ,南网能源,SZSE_MAIN,2024-09-06,2021-01-19,,SZSE_OFFICIAL_LISTING_REGISTER,AUTHENTIC_EXCHANGE_VERIFIED
003036.SZ,泰坦股份,SZSE_MAIN,2024-09-06,2021-01-28,,SZSE_OFFICIAL_LISTING_REGISTER,AUTHENTIC_EXCHANGE_VERIFIED
003037.SZ,三和管桩,SZSE_MAIN,2024-09-06,2021-02-04,,SZSE_OFFICIAL_LISTING_REGISTER,AUTHENTIC_EXCHANGE_VERIFIED
003038.SZ,鑫铂股份,SZSE_MAIN,2024-09-06,2021-02-10,,SZSE_OFFICIAL_LISTING_REGISTER,AUTHENTIC_EXCHANGE_VERIFIED
003039.SZ,顺控发展,SZSE_MAIN,2024-09-06,2021-03-08,,SZSE_OFFICIAL_LISTING_REGISTER,AUTHENTIC_EXCHANGE_VERIFIED
003040.SZ,楚天龙,SZSE_MAIN,2024-09-06,2021-03-22,,SZSE_OFFICIAL_LISTING_REGISTER,AUTHENTIC_EXCHANGE_VERIFIED
003041.SZ,真爱美家,SZSE_MAIN,2024-09-06,2021-04-06,,SZSE_OFFICIAL_LISTING_REGISTER,AUTHENTIC_EXCHANGE_VERIFIED
003042.SZ,中农联合,SZSE_MAIN,2024-09-06,2021-04-06,,SZSE_OFFICIAL_LISTING_REGISTER,AUTHENTIC_EXCHANGE_VERIFIED
003043.SZ,华亚智能,SZSE_MAIN,2024-09-06,2021-04-06,,SZSE_OFFICIAL_LISTING_REGISTER,AUTHENTIC_EXCHANGE_VERIFIED
003816.SZ,中国广核,SZSE_MAIN,2024-09-06,2019-08-26,,SZSE_OFFICIAL_LISTING_REGISTER,AUTHENTIC_EXCHANGE_VERIFIED
302132.SZ,中航成飞,SZSE_MAIN,2024-09-06,2010-08-27,,SZSE_OFFICIAL_LISTING_REGISTER,AUTHENTIC_EXCHANGE_VERIFIED
300001.SZ,特锐德,CHINEXT,2024-09-06,2009-10-30,,SZSE_OFFICIAL_LISTING_REGISTER,AUTHENTIC_EXCHANGE_VERIFIED
300002.SZ,神州泰岳,CHINEXT,2024-09-06,2009-10-30,,SZSE_OFFICIAL_LISTING_REGISTER,AUTHENTIC_EXCHANGE_VERIFIED
300003.SZ,乐普医疗,CHINEXT,2024-09-06,2009-10-30,,SZSE_OFFICIAL_LISTING_REGISTER,AUTHENTIC_EXCHANGE_VERIFIED
300004.SZ,南风股份,CHINEXT,2024-09-06,2009-10-30,,SZSE_OFFICIAL_LISTING_REGISTER,AUTHENTIC_EXCHANGE_VERIFIED
300005.SZ,探路者,CHINEXT,2024-09-06,2009-10-30,,SZSE_OFFICIAL_LISTING_REGISTER,AUTHENTIC_EXCHANGE_VERIFIED
300006.SZ,莱美药业,CHINEXT,2024-09-06,2009-10-30,,SZSE_OFFICIAL_LISTING_REGISTER,AUTHENTIC_EXCHANGE_VERIFIED
300007.SZ,汉威科技,CHINEXT,2024-09-06,2009-10-30,,SZSE_OFFICIAL_LISTING_REGISTER,AUTHENTIC_EXCHANGE_VERIFIED
300008.SZ,天海防务,CHINEXT,2024-09-06,2009-10-30,,SZSE_OFFICIAL_LISTING_REGISTER,AUTHENTIC_EXCHANGE_VERIFIED
300009.SZ,安科生物,CHINEXT,2024-09-06,2009-10-30,,SZSE_OFFICIAL_LISTING_REGISTER,AUTHENTIC_EXCHANGE_VERIFIED
300010.SZ,ST豆神,CHINEXT,2024-09-05,2009-10-30,,SZSE_OFFICIAL_LISTING_REGISTER,AUTHENTIC_EXCHANGE_VERIFIED
300011.SZ,鼎汉技术,CHINEXT,2024-09-06,2009-10-30,,SZSE_OFFICIAL_LISTING_REGISTER,AUTHENTIC_EXCHANGE_VERIFIED
300012.SZ,华测检测,CHINEXT,2024-09-06,2009-10-30,,SZSE_OFFICIAL_LISTING_REGISTER,AUTHENTIC_EXCHANGE_VERIFIED
300013.SZ,新宁物流,CHINEXT,2024-09-05,2009-10-30,,SZSE_OFFICIAL_LISTING_REGISTER,AUTHENTIC_EXCHANGE_VERIFIED
300014.SZ,亿纬锂能,CHINEXT,2023-01-13,2009-10-30,,SZSE_OFFICIAL_LISTING_REGISTER,AUTHENTIC_EXCHANGE_VERIFIED
300015.SZ,爱尔眼科,CHINEXT,2023-01-13,2009-10-30,,SZSE_OFFICIAL_LISTING_REGISTER,AUTHENTIC_EXCHANGE_VERIFIED
300016.SZ,北陆药业,CHINEXT,2024-09-06,2009-10-30,,SZSE_OFFICIAL_LISTING_REGISTER,AUTHENTIC_EXCHANGE_VERIFIED
300017.SZ,网宿科技,CHINEXT,2024-09-06,2009-10-30,,SZSE_OFFICIAL_LISTING_REGISTER,AUTHENTIC_EXCHANGE_VERIFIED
300018.SZ,中元股份,CHINEXT,2024-08-30,2009-10-30,,SZSE_OFFICIAL_LISTING_REGISTER,AUTHENTIC_EXCHANGE_VERIFIED
300019.SZ,硅宝科技,CHINEXT,2024-09-06,2009-10-30,,SZSE_OFFICIAL_LISTING_REGISTER,AUTHENTIC_EXCHANGE_VERIFIED
300020.SZ,ST银江,CHINEXT,2024-09-05,2009-10-30,,SZSE_OFFICIAL_LISTING_REGISTER,AUTHENTIC_EXCHANGE_VERIFIED
300021.SZ,大禹节水,CHINEXT,2024-09-06,2009-10-30,,SZSE_OFFICIAL_LISTING_REGISTER,AUTHENTIC_EXCHANGE_VERIFIED
300022.SZ,吉峰科技,CHINEXT,2024-08-30,2009-10-30,,SZSE_OFFICIAL_LISTING_REGISTER,AUTHENTIC_EXCHANGE_VERIFIED
300024.SZ,机器人,CHINEXT,2024-09-06,2009-10-30,,SZSE_OFFICIAL_LISTING_REGISTER,AUTHENTIC_EXCHANGE_VERIFIED
300025.SZ,华星创业,CHINEXT,2024-09-06,2009-10-30,,SZSE_OFFICIAL_LISTING_REGISTER,AUTHENTIC_EXCHANGE_VERIFIED
300026.SZ,红日药业,CHINEXT,2024-09-06,2009-10-30,,SZSE_OFFICIAL_LISTING_REGISTER,AUTHENTIC_EXCHANGE_VERIFIED
300027.SZ,ST华谊,CHINEXT,2024-09-05,2009-10-30,,SZSE_OFFICIAL_LISTING_REGISTER,AUTHENTIC_EXCHANGE_VERIFIED
300030.SZ,阳普医疗,CHINEXT,2024-09-06,2009-12-25,,SZSE_OFFICIAL_LISTING_REGISTER,AUTHENTIC_EXCHANGE_VERIFIED
300031.SZ,宝通科技,CHINEXT,2024-09-06,2009-12-25,,SZSE_OFFICIAL_LISTING_REGISTER,AUTHENTIC_EXCHANGE_VERIFIED
300032.SZ,金龙机电,CHINEXT,2024-09-06,2009-12-25,,SZSE_OFFICIAL_LISTING_REGISTER,AUTHENTIC_EXCHANGE_VERIFIED
300033.SZ,同花顺,CHINEXT,2024-09-06,2009-12-25,,SZSE_OFFICIAL_LISTING_REGISTER,AUTHENTIC_EXCHANGE_VERIFIED
300034.SZ,钢研高纳,CHINEXT,2024-09-06,2009-12-25,,SZSE_OFFICIAL_LISTING_REGISTER,AUTHENTIC_EXCHANGE_VERIFIED
300035.SZ,中科电气,CHINEXT,2024-09-06,2009-12-25,,SZSE_OFFICIAL_LISTING_REGISTER,AUTHENTIC_EXCHANGE_VERIFIED
300036.SZ,超图软件,CHINEXT,2024-09-06,2009-12-25,,SZSE_OFFICIAL_LISTING_REGISTER,AUTHENTIC_EXCHANGE_VERIFIED
300037.SZ,新宙邦,CHINEXT,2024-09-06,2010-01-08,,SZSE_OFFICIAL_LISTING_REGISTER,AUTHENTIC_EXCHANGE_VERIFIED
300039.SZ,上海凯宝,CHINEXT,2024-09-06,2010-01-08,,SZSE_OFFICIAL_LISTING_REGISTER,AUTHENTIC_EXCHANGE_VERIFIED
300040.SZ,九洲集团,CHINEXT,2024-09-06,2010-01-08,,SZSE_OFFICIAL_LISTING_REGISTER,AUTHENTIC_EXCHANGE_VERIFIED
300041.SZ,回天新材,CHINEXT,2024-09-06,2010-01-08,,SZSE_OFFICIAL_LISTING_REGISTER,AUTHENTIC_EXCHANGE_VERIFIED
300042.SZ,朗科科技,CHINEXT,2024-09-06,2010-01-08,,SZSE_OFFICIAL_LISTING_REGISTER,AUTHENTIC_EXCHANGE_VERIFIED
300043.SZ,星辉娱乐,CHINEXT,2024-09-06,2010-01-20,,SZSE_OFFICIAL_LISTING_REGISTER,AUTHENTIC_EXCHANGE_VERIFIED
300044.SZ,*ST赛为,CHINEXT,2024-09-04,2010-01-20,,SZSE_OFFICIAL_LISTING_REGISTER,AUTHENTIC_EXCHANGE_VERIFIED
300045.SZ,华力创通,CHINEXT,2024-09-06,2010-01-20,,SZSE_OFFICIAL_LISTING_REGISTER,AUTHENTIC_EXCHANGE_VERIFIED
300046.SZ,台基股份,CHINEXT,2024-08-30,2010-01-20,,SZSE_OFFICIAL_LISTING_REGISTER,AUTHENTIC_EXCHANGE_VERIFIED
300047.SZ,天源迪科,CHINEXT,2024-09-06,2010-01-20,,SZSE_OFFICIAL_LISTING_REGISTER,AUTHENTIC_EXCHANGE_VERIFIED
300048.SZ,合康新能,CHINEXT,2024-09-06,2010-01-20,,SZSE_OFFICIAL_LISTING_REGISTER,AUTHENTIC_EXCHANGE_VERIFIED
300049.SZ,福瑞医科,CHINEXT,2024-09-06,2010-01-20,,SZSE_OFFICIAL_LISTING_REGISTER,AUTHENTIC_EXCHANGE_VERIFIED
300050.SZ,世纪鼎利,CHINEXT,2024-09-06,2010-01-20,,SZSE_OFFICIAL_LISTING_REGISTER,AUTHENTIC_EXCHANGE_VERIFIED
300051.SZ,琏升科技,CHINEXT,2024-08-23,2010-02-11,,SZSE_OFFICIAL_LISTING_REGISTER,AUTHENTIC_EXCHANGE_VERIFIED
300052.SZ,中青宝,CHINEXT,2024-09-04,2010-02-11,,SZSE_OFFICIAL_LISTING_REGISTER,AUTHENTIC_EXCHANGE_VERIFIED
300053.SZ,航宇微,CHINEXT,2024-09-06,2010-02-11,,SZSE_OFFICIAL_LISTING_REGISTER,AUTHENTIC_EXCHANGE_VERIFIED
300054.SZ,鼎龙股份,CHINEXT,2024-09-06,2010-02-11,,SZSE_OFFICIAL_LISTING_REGISTER,AUTHENTIC_EXCHANGE_VERIFIED
300055.SZ,万邦达,CHINEXT,2024-09-06,2010-02-26,,SZSE_OFFICIAL_LISTING_REGISTER,AUTHENTIC_EXCHANGE_VERIFIED
300056.SZ,中创环保,CHINEXT,2024-09-06,2010-02-26,,SZSE_OFFICIAL_LISTING_REGISTER,AUTHENTIC_EXCHANGE_VERIFIED
300057.SZ,万顺新材,CHINEXT,2024-09-06,2010-02-26,,SZSE_OFFICIAL_LISTING_REGISTER,AUTHENTIC_EXCHANGE_VERIFIED
300058.SZ,蓝色光标,CHINEXT,2024-09-06,2010-02-26,,SZSE_OFFICIAL_LISTING_REGISTER,AUTHENTIC_EXCHANGE_VERIFIED
300059.SZ,东方财富,CHINEXT,2023-01-13,2010-03-19,,SZSE_OFFICIAL_LISTING_REGISTER,AUTHENTIC_EXCHANGE_VERIFIED
300061.SZ,旗天科技,CHINEXT,2024-09-06,2010-03-19,,SZSE_OFFICIAL_LISTING_REGISTER,AUTHENTIC_EXCHANGE_VERIFIED
300062.SZ,中能电气,CHINEXT,2024-09-06,2010-03-19,,SZSE_OFFICIAL_LISTING_REGISTER,AUTHENTIC_EXCHANGE_VERIFIED
300063.SZ,天龙集团,CHINEXT,2024-09-06,2010-03-26,,SZSE_OFFICIAL_LISTING_REGISTER,AUTHENTIC_EXCHANGE_VERIFIED
300065.SZ,海兰信,CHINEXT,2024-08-23,2010-03-26,,SZSE_OFFICIAL_LISTING_REGISTER,AUTHENTIC_EXCHANGE_VERIFIED
300066.SZ,三川智慧,CHINEXT,2024-09-06,2010-03-26,,SZSE_OFFICIAL_LISTING_REGISTER,AUTHENTIC_EXCHANGE_VERIFIED
300067.SZ,安诺其,CHINEXT,2024-09-06,2010-04-21,,SZSE_OFFICIAL_LISTING_REGISTER,AUTHENTIC_EXCHANGE_VERIFIED
300068.SZ,ST南都,CHINEXT,2024-09-06,2010-04-21,,SZSE_OFFICIAL_LISTING_REGISTER,AUTHENTIC_EXCHANGE_VERIFIED
300069.SZ,金利华电,CHINEXT,2024-09-06,2010-04-21,,SZSE_OFFICIAL_LISTING_REGISTER,AUTHENTIC_EXCHANGE_VERIFIED
300070.SZ,碧水源,CHINEXT,2024-09-06,2010-04-21,,SZSE_OFFICIAL_LISTING_REGISTER,AUTHENTIC_EXCHANGE_VERIFIED
300071.SZ,福石控股,CHINEXT,2024-09-06,2010-04-21,,SZSE_OFFICIAL_LISTING_REGISTER,AUTHENTIC_EXCHANGE_VERIFIED
300072.SZ,海新能科,CHINEXT,2024-09-06,2010-04-27,,SZSE_OFFICIAL_LISTING_REGISTER,AUTHENTIC_EXCHANGE_VERIFIED
300073.SZ,当升科技,CHINEXT,2024-09-06,2010-04-27,,SZSE_OFFICIAL_LISTING_REGISTER,AUTHENTIC_EXCHANGE_VERIFIED
300074.SZ,华平股份,CHINEXT,2024-09-06,2010-04-27,,SZSE_OFFICIAL_LISTING_REGISTER,AUTHENTIC_EXCHANGE_VERIFIED
300075.SZ,数字政通,CHINEXT,2024-09-06,2010-04-27,,SZSE_OFFICIAL_LISTING_REGISTER,AUTHENTIC_EXCHANGE_VERIFIED
300076.SZ,*ST宁视,CHINEXT,2024-09-06,2010-04-30,,SZSE_OFFICIAL_LISTING_REGISTER,AUTHENTIC_EXCHANGE_VERIFIED
300077.SZ,国民技术,CHINEXT,2024-09-06,2010-04-30,,SZSE_OFFICIAL_LISTING_REGISTER,AUTHENTIC_EXCHANGE_VERIFIED
300078.SZ,思创智联,CHINEXT,2024-09-06,2010-04-30,,SZSE_OFFICIAL_LISTING_REGISTER,AUTHENTIC_EXCHANGE_VERIFIED
300079.SZ,数码视讯,CHINEXT,2024-09-06,2010-04-30,,SZSE_OFFICIAL_LISTING_REGISTER,AUTHENTIC_EXCHANGE_VERIFIED
300080.SZ,易成新能,CHINEXT,2024-09-06,2010-06-25,,SZSE_OFFICIAL_LISTING_REGISTER,AUTHENTIC_EXCHANGE_VERIFIED
300081.SZ,ST恒信,CHINEXT,2024-09-06,2010-05-20,,SZSE_OFFICIAL_LISTING_REGISTER,AUTHENTIC_EXCHANGE_VERIFIED
300082.SZ,奥克股份,CHINEXT,2024-09-06,2010-05-20,,SZSE_OFFICIAL_LISTING_REGISTER,AUTHENTIC_EXCHANGE_VERIFIED
300083.SZ,创世纪,CHINEXT,2024-09-06,2010-05-20,,SZSE_OFFICIAL_LISTING_REGISTER,AUTHENTIC_EXCHANGE_VERIFIED
300084.SZ,海默科技,CHINEXT,2024-09-06,2010-05-20,,SZSE_OFFICIAL_LISTING_REGISTER,AUTHENTIC_EXCHANGE_VERIFIED
300085.SZ,银之杰,CHINEXT,2024-09-06,2010-05-26,,SZSE_OFFICIAL_LISTING_REGISTER,AUTHENTIC_EXCHANGE_VERIFIED
300086.SZ,康芝药业,CHINEXT,2024-09-06,2010-05-26,,SZSE_OFFICIAL_LISTING_REGISTER,AUTHENTIC_EXCHANGE_VERIFIED
300087.SZ,ST荃银,CHINEXT,2024-09-02,2010-05-26,,SZSE_OFFICIAL_LISTING_REGISTER,AUTHENTIC_EXCHANGE_VERIFIED
300088.SZ,长信科技,CHINEXT,2024-09-06,2010-05-26,,SZSE_OFFICIAL_LISTING_REGISTER,AUTHENTIC_EXCHANGE_VERIFIED
300091.SZ,*ST金灵,CHINEXT,2024-09-06,2010-06-25,,SZSE_OFFICIAL_LISTING_REGISTER,AUTHENTIC_EXCHANGE_VERIFIED
300092.SZ,科新机电,CHINEXT,2024-09-06,2010-07-08,,SZSE_OFFICIAL_LISTING_REGISTER,AUTHENTIC_EXCHANGE_VERIFIED
300093.SZ,金刚光伏,CHINEXT,2024-09-06,2010-07-08,,SZSE_OFFICIAL_LISTING_REGISTER,AUTHENTIC_EXCHANGE_VERIFIED
300094.SZ,国联水产,CHINEXT,2024-09-06,2010-07-08,,SZSE_OFFICIAL_LISTING_REGISTER,AUTHENTIC_EXCHANGE_VERIFIED
300095.SZ,华伍股份,CHINEXT,2024-09-06,2010-07-28,,SZSE_OFFICIAL_LISTING_REGISTER,AUTHENTIC_EXCHANGE_VERIFIED
300096.SZ,易联众,CHINEXT,2024-09-06,2010-07-28,,SZSE_OFFICIAL_LISTING_REGISTER,AUTHENTIC_EXCHANGE_VERIFIED
300097.SZ,智云股份,CHINEXT,2024-09-06,2010-07-28,,SZSE_OFFICIAL_LISTING_REGISTER,AUTHENTIC_EXCHANGE_VERIFIED
300098.SZ,高新兴,CHINEXT,2024-09-06,2010-07-28,,SZSE_OFFICIAL_LISTING_REGISTER,AUTHENTIC_EXCHANGE_VERIFIED
300099.SZ,尤洛卡,CHINEXT,2024-09-06,2010-08-06,,SZSE_OFFICIAL_LISTING_REGISTER,AUTHENTIC_EXCHANGE_VERIFIED
300100.SZ,双林股份,CHINEXT,2024-09-06,2010-08-06,,SZSE_OFFICIAL_LISTING_REGISTER,AUTHENTIC_EXCHANGE_VERIFIED
300101.SZ,振芯科技,CHINEXT,2024-09-06,2010-08-06,,SZSE_OFFICIAL_LISTING_REGISTER,AUTHENTIC_EXCHANGE_VERIFIED
300102.SZ,乾照光电,CHINEXT,2024-09-06,2010-08-12,,SZSE_OFFICIAL_LISTING_REGISTER,AUTHENTIC_EXCHANGE_VERIFIED
300103.SZ,达刚控股,CHINEXT,2024-09-06,2010-08-12,,SZSE_OFFICIAL_LISTING_REGISTER,AUTHENTIC_EXCHANGE_VERIFIED
300105.SZ,龙源技术,CHINEXT,2024-09-06,2010-08-20,,SZSE_OFFICIAL_LISTING_REGISTER,AUTHENTIC_EXCHANGE_VERIFIED
300106.SZ,西部牧业,CHINEXT,2024-09-06,2010-08-20,,SZSE_OFFICIAL_LISTING_REGISTER,AUTHENTIC_EXCHANGE_VERIFIED
300107.SZ,建新股份,CHINEXT,2024-09-06,2010-08-20,,SZSE_OFFICIAL_LISTING_REGISTER,AUTHENTIC_EXCHANGE_VERIFIED
300109.SZ,新开源,CHINEXT,2024-09-06,2010-08-25,,SZSE_OFFICIAL_LISTING_REGISTER,AUTHENTIC_EXCHANGE_VERIFIED
300110.SZ,华仁药业,CHINEXT,2024-09-06,2010-08-25,,SZSE_OFFICIAL_LISTING_REGISTER,AUTHENTIC_EXCHANGE_VERIFIED
300111.SZ,向日葵,CHINEXT,2024-09-06,2010-08-27,,SZSE_OFFICIAL_LISTING_REGISTER,AUTHENTIC_EXCHANGE_VERIFIED
300112.SZ,万讯自控,CHINEXT,2024-09-06,2010-08-27,,SZSE_OFFICIAL_LISTING_REGISTER,AUTHENTIC_EXCHANGE_VERIFIED
300113.SZ,顺网科技,CHINEXT,2024-09-06,2010-08-27,,SZSE_OFFICIAL_LISTING_REGISTER,AUTHENTIC_EXCHANGE_VERIFIED
300115.SZ,长盈精密,CHINEXT,2024-09-06,2010-09-02,,SZSE_OFFICIAL_LISTING_REGISTER,AUTHENTIC_EXCHANGE_VERIFIED
300118.SZ,东方日升,CHINEXT,2024-09-06,2010-09-02,,SZSE_OFFICIAL_LISTING_REGISTER,AUTHENTIC_EXCHANGE_VERIFIED
300119.SZ,瑞普生物,CHINEXT,2024-09-06,2010-09-17,,SZSE_OFFICIAL_LISTING_REGISTER,AUTHENTIC_EXCHANGE_VERIFIED
300120.SZ,经纬辉开,CHINEXT,2024-09-06,2010-09-17,,SZSE_OFFICIAL_LISTING_REGISTER,AUTHENTIC_EXCHANGE_VERIFIED
300121.SZ,阳谷华泰,CHINEXT,2024-09-06,2010-09-17,,SZSE_OFFICIAL_LISTING_REGISTER,AUTHENTIC_EXCHANGE_VERIFIED
300122.SZ,智飞生物,CHINEXT,2024-09-06,2010-09-28,,SZSE_OFFICIAL_LISTING_REGISTER,AUTHENTIC_EXCHANGE_VERIFIED
300123.SZ,ST亚光,CHINEXT,2024-09-06,2010-09-28,,SZSE_OFFICIAL_LISTING_REGISTER,AUTHENTIC_EXCHANGE_VERIFIED
300124.SZ,汇川技术,CHINEXT,2023-01-13,2010-09-28,,SZSE_OFFICIAL_LISTING_REGISTER,AUTHENTIC_EXCHANGE_VERIFIED
300125.SZ,聆达股份,CHINEXT,2024-09-06,2010-10-13,,SZSE_OFFICIAL_LISTING_REGISTER,AUTHENTIC_EXCHANGE_VERIFIED
300126.SZ,锐奇股份,CHINEXT,2024-09-06,2010-10-13,,SZSE_OFFICIAL_LISTING_REGISTER,AUTHENTIC_EXCHANGE_VERIFIED
300127.SZ,银河磁体,CHINEXT,2024-09-06,2010-10-13,,SZSE_OFFICIAL_LISTING_REGISTER,AUTHENTIC_EXCHANGE_VERIFIED
300128.SZ,锦富技术,CHINEXT,2024-09-06,2010-10-13,,SZSE_OFFICIAL_LISTING_REGISTER,AUTHENTIC_EXCHANGE_VERIFIED
300129.SZ,泰胜风能,CHINEXT,2024-09-06,2010-10-19,,SZSE_OFFICIAL_LISTING_REGISTER,AUTHENTIC_EXCHANGE_VERIFIED
300130.SZ,新国都,CHINEXT,2024-09-06,2010-10-19,,SZSE_OFFICIAL_LISTING_REGISTER,AUTHENTIC_EXCHANGE_VERIFIED
300131.SZ,英唐智控,CHINEXT,2024-08-09,2010-10-19,,SZSE_OFFICIAL_LISTING_REGISTER,AUTHENTIC_EXCHANGE_VERIFIED
300132.SZ,诺斯贝尔,CHINEXT,2024-09-06,2010-10-26,,SZSE_OFFICIAL_LISTING_REGISTER,AUTHENTIC_EXCHANGE_VERIFIED
300133.SZ,华策影视,CHINEXT,2024-09-06,2010-10-26,,SZSE_OFFICIAL_LISTING_REGISTER,AUTHENTIC_EXCHANGE_VERIFIED
300134.SZ,大富科技,CHINEXT,2024-09-06,2010-10-26,,SZSE_OFFICIAL_LISTING_REGISTER,AUTHENTIC_EXCHANGE_VERIFIED
300135.SZ,宝利国际,CHINEXT,2024-09-03,2010-10-26,,SZSE_OFFICIAL_LISTING_REGISTER,AUTHENTIC_EXCHANGE_VERIFIED
300136.SZ,信维通信,CHINEXT,2024-09-06,2010-11-05,,SZSE_OFFICIAL_LISTING_REGISTER,AUTHENTIC_EXCHANGE_VERIFIED
300137.SZ,先河环保,CHINEXT,2024-09-06,2010-11-05,,SZSE_OFFICIAL_LISTING_REGISTER,AUTHENTIC_EXCHANGE_VERIFIED
300138.SZ,晨光生物,CHINEXT,2024-09-06,2010-11-05,,SZSE_OFFICIAL_LISTING_REGISTER,AUTHENTIC_EXCHANGE_VERIFIED
300139.SZ,晓程科技,CHINEXT,2024-09-06,2010-11-12,,SZSE_OFFICIAL_LISTING_REGISTER,AUTHENTIC_EXCHANGE_VERIFIED
300140.SZ,节能环境,CHINEXT,2024-09-06,2010-11-12,,SZSE_OFFICIAL_LISTING_REGISTER,AUTHENTIC_EXCHANGE_VERIFIED
300141.SZ,和顺电气,CHINEXT,2024-09-06,2010-11-12,,SZSE_OFFICIAL_LISTING_REGISTER,AUTHENTIC_EXCHANGE_VERIFIED
300142.SZ,沃森生物,CHINEXT,2024-09-06,2010-11-12,,SZSE_OFFICIAL_LISTING_REGISTER,AUTHENTIC_EXCHANGE_VERIFIED
300143.SZ,盈康生命,CHINEXT,2024-09-06,2010-12-09,,SZSE_OFFICIAL_LISTING_REGISTER,AUTHENTIC_EXCHANGE_VERIFIED
300144.SZ,宋城演艺,CHINEXT,2024-09-06,2010-12-09,,SZSE_OFFICIAL_LISTING_REGISTER,AUTHENTIC_EXCHANGE_VERIFIED
300145.SZ,南方泵业,CHINEXT,2024-09-06,2010-12-09,,SZSE_OFFICIAL_LISTING_REGISTER,AUTHENTIC_EXCHANGE_VERIFIED
300146.SZ,汤臣倍健,CHINEXT,2024-09-06,2010-12-15,,SZSE_OFFICIAL_LISTING_REGISTER,AUTHENTIC_EXCHANGE_VERIFIED
300147.SZ,*ST香雪,CHINEXT,2024-09-04,2010-12-15,,SZSE_OFFICIAL_LISTING_REGISTER,AUTHENTIC_EXCHANGE_VERIFIED
300148.SZ,天舟文化,CHINEXT,2024-09-06,2010-12-15,,SZSE_OFFICIAL_LISTING_REGISTER,AUTHENTIC_EXCHANGE_VERIFIED
300149.SZ,睿智医药,CHINEXT,2024-09-06,2010-12-22,,SZSE_OFFICIAL_LISTING_REGISTER,AUTHENTIC_EXCHANGE_VERIFIED
300150.SZ,世纪瑞尔,CHINEXT,2024-09-06,2010-12-22,,SZSE_OFFICIAL_LISTING_REGISTER,AUTHENTIC_EXCHANGE_VERIFIED
300151.SZ,昌红科技,CHINEXT,2024-09-06,2010-12-22,,SZSE_OFFICIAL_LISTING_REGISTER,AUTHENTIC_EXCHANGE_VERIFIED
300152.SZ,*ST动力,CHINEXT,2024-09-06,2010-12-29,,SZSE_OFFICIAL_LISTING_REGISTER,AUTHENTIC_EXCHANGE_VERIFIED
300153.SZ,科泰电源,CHINEXT,2024-09-06,2010-12-29,,SZSE_OFFICIAL_LISTING_REGISTER,AUTHENTIC_EXCHANGE_VERIFIED
300154.SZ,瑞凌股份,CHINEXT,2024-09-06,2010-12-29,,SZSE_OFFICIAL_LISTING_REGISTER,AUTHENTIC_EXCHANGE_VERIFIED
300155.SZ,安居宝,CHINEXT,2024-09-06,2011-01-07,,SZSE_OFFICIAL_LISTING_REGISTER,AUTHENTIC_EXCHANGE_VERIFIED
300157.SZ,新锦动力,CHINEXT,2024-09-06,2011-01-07,,SZSE_OFFICIAL_LISTING_REGISTER,AUTHENTIC_EXCHANGE_VERIFIED
300158.SZ,振东制药,CHINEXT,2024-09-06,2011-01-07,,SZSE_OFFICIAL_LISTING_REGISTER,AUTHENTIC_EXCHANGE_VERIFIED
300159.SZ,新研股份,CHINEXT,2024-09-06,2011-01-07,,SZSE_OFFICIAL_LISTING_REGISTER,AUTHENTIC_EXCHANGE_VERIFIED
300160.SZ,秀强股份,CHINEXT,2024-09-06,2011-01-13,,SZSE_OFFICIAL_LISTING_REGISTER,AUTHENTIC_EXCHANGE_VERIFIED
300161.SZ,华中数控,CHINEXT,2024-09-06,2011-01-13,,SZSE_OFFICIAL_LISTING_REGISTER,AUTHENTIC_EXCHANGE_VERIFIED
300162.SZ,雷曼光电,CHINEXT,2024-09-06,2011-01-13,,SZSE_OFFICIAL_LISTING_REGISTER,AUTHENTIC_EXCHANGE_VERIFIED
300163.SZ,先锋新材,CHINEXT,2024-09-06,2011-01-13,,SZSE_OFFICIAL_LISTING_REGISTER,AUTHENTIC_EXCHANGE_VERIFIED
300164.SZ,通源石油,CHINEXT,2024-09-06,2011-01-13,,SZSE_OFFICIAL_LISTING_REGISTER,AUTHENTIC_EXCHANGE_VERIFIED
300165.SZ,天瑞仪器,CHINEXT,2024-08-28,2011-01-25,,SZSE_OFFICIAL_LISTING_REGISTER,AUTHENTIC_EXCHANGE_VERIFIED
300166.SZ,东方国信,CHINEXT,2024-09-06,2011-01-25,,SZSE_OFFICIAL_LISTING_REGISTER,AUTHENTIC_EXCHANGE_VERIFIED
300167.SZ,ST迪威迅,CHINEXT,2024-09-05,2011-01-25,,SZSE_OFFICIAL_LISTING_REGISTER,AUTHENTIC_EXCHANGE_VERIFIED
300168.SZ,万达信息,CHINEXT,2024-09-06,2011-01-25,,SZSE_OFFICIAL_LISTING_REGISTER,AUTHENTIC_EXCHANGE_VERIFIED
300169.SZ,天晟新材,CHINEXT,2024-09-06,2011-01-25,,SZSE_OFFICIAL_LISTING_REGISTER,AUTHENTIC_EXCHANGE_VERIFIED
300170.SZ,汉得信息,CHINEXT,2024-09-06,2011-02-01,,SZSE_OFFICIAL_LISTING_REGISTER,AUTHENTIC_EXCHANGE_VERIFIED
300171.SZ,东富龙,CHINEXT,2024-09-06,2011-02-01,,SZSE_OFFICIAL_LISTING_REGISTER,AUTHENTIC_EXCHANGE_VERIFIED
300172.SZ,中电环保,CHINEXT,2024-09-06,2011-02-01,,SZSE_OFFICIAL_LISTING_REGISTER,AUTHENTIC_EXCHANGE_VERIFIED
300173.SZ,ST福能,CHINEXT,2024-09-06,2011-02-01,,SZSE_OFFICIAL_LISTING_REGISTER,AUTHENTIC_EXCHANGE_VERIFIED
300174.SZ,元力股份,CHINEXT,2024-09-06,2011-02-01,,SZSE_OFFICIAL_LISTING_REGISTER,AUTHENTIC_EXCHANGE_VERIFIED
300175.SZ,朗源股份,CHINEXT,2024-09-06,2011-02-15,,SZSE_OFFICIAL_LISTING_REGISTER,AUTHENTIC_EXCHANGE_VERIFIED
300176.SZ,鸿特科技,CHINEXT,2024-09-06,2011-02-15,,SZSE_OFFICIAL_LISTING_REGISTER,AUTHENTIC_EXCHANGE_VERIFIED
300177.SZ,中海达,CHINEXT,2024-09-06,2011-02-15,,SZSE_OFFICIAL_LISTING_REGISTER,AUTHENTIC_EXCHANGE_VERIFIED
300178.SZ,300178.SZ,CHINEXT,2020-04-24,2011-02-15,2022-06-22,SZSE_OFFICIAL_DELISTED_REGISTER,AUTHENTIC_EXCHANGE_VERIFIED
300179.SZ,四方达,CHINEXT,2024-09-06,2011-02-15,,SZSE_OFFICIAL_LISTING_REGISTER,AUTHENTIC_EXCHANGE_VERIFIED
300180.SZ,华峰超纤,CHINEXT,2024-09-06,2011-02-22,,SZSE_OFFICIAL_LISTING_REGISTER,AUTHENTIC_EXCHANGE_VERIFIED
300181.SZ,佐力药业,CHINEXT,2024-09-06,2011-02-22,,SZSE_OFFICIAL_LISTING_REGISTER,AUTHENTIC_EXCHANGE_VERIFIED
300182.SZ,捷成股份,CHINEXT,2024-09-06,2011-02-22,,SZSE_OFFICIAL_LISTING_REGISTER,AUTHENTIC_EXCHANGE_VERIFIED
300183.SZ,东软载波,CHINEXT,2024-09-06,2011-02-22,,SZSE_OFFICIAL_LISTING_REGISTER,AUTHENTIC_EXCHANGE_VERIFIED
300184.SZ,力源信息,CHINEXT,2024-09-06,2011-02-22,,SZSE_OFFICIAL_LISTING_REGISTER,AUTHENTIC_EXCHANGE_VERIFIED
300185.SZ,通裕重工,CHINEXT,2024-09-06,2011-03-08,,SZSE_OFFICIAL_LISTING_REGISTER,AUTHENTIC_EXCHANGE_VERIFIED
300187.SZ,永清环保,CHINEXT,2024-09-06,2011-03-08,,SZSE_OFFICIAL_LISTING_REGISTER,AUTHENTIC_EXCHANGE_VERIFIED
300188.SZ,国投智能,CHINEXT,2024-09-06,2011-03-16,,SZSE_OFFICIAL_LISTING_REGISTER,AUTHENTIC_EXCHANGE_VERIFIED
300189.SZ,神农种业,CHINEXT,2024-09-06,2011-03-16,,SZSE_OFFICIAL_LISTING_REGISTER,AUTHENTIC_EXCHANGE_VERIFIED
300190.SZ,维尔利,CHINEXT,2024-09-06,2011-03-16,,SZSE_OFFICIAL_LISTING_REGISTER,AUTHENTIC_EXCHANGE_VERIFIED
300191.SZ,潜能恒信,CHINEXT,2024-09-06,2011-03-16,,SZSE_OFFICIAL_LISTING_REGISTER,AUTHENTIC_EXCHANGE_VERIFIED
300192.SZ,科德教育,CHINEXT,2024-09-06,2011-03-22,,SZSE_OFFICIAL_LISTING_REGISTER,AUTHENTIC_EXCHANGE_VERIFIED
300193.SZ,佳士科技,CHINEXT,2024-09-06,2011-03-22,,SZSE_OFFICIAL_LISTING_REGISTER,AUTHENTIC_EXCHANGE_VERIFIED
300194.SZ,福安药业,CHINEXT,2024-09-06,2011-03-22,,SZSE_OFFICIAL_LISTING_REGISTER,AUTHENTIC_EXCHANGE_VERIFIED
300195.SZ,长荣股份,CHINEXT,2024-09-06,2011-03-29,,SZSE_OFFICIAL_LISTING_REGISTER,AUTHENTIC_EXCHANGE_VERIFIED
300196.SZ,长海股份,CHINEXT,2024-09-06,2011-03-29,,SZSE_OFFICIAL_LISTING_REGISTER,AUTHENTIC_EXCHANGE_VERIFIED
300197.SZ,节能铁汉,CHINEXT,2024-09-06,2011-03-29,,SZSE_OFFICIAL_LISTING_REGISTER,AUTHENTIC_EXCHANGE_VERIFIED
300198.SZ,*ST纳川,CHINEXT,2024-09-06,2011-04-07,,SZSE_OFFICIAL_LISTING_REGISTER,AUTHENTIC_EXCHANGE_VERIFIED
300199.SZ,翰宇药业,CHINEXT,2024-09-06,2011-04-07,,SZSE_OFFICIAL_LISTING_REGISTER,AUTHENTIC_EXCHANGE_VERIFIED
300200.SZ,高盟新材,CHINEXT,2024-09-06,2011-04-07,,SZSE_OFFICIAL_LISTING_REGISTER,AUTHENTIC_EXCHANGE_VERIFIED
300201.SZ,海伦哲,CHINEXT,2024-09-06,2011-04-07,,SZSE_OFFICIAL_LISTING_REGISTER,AUTHENTIC_EXCHANGE_VERIFIED
300203.SZ,聚光科技,CHINEXT,2024-09-06,2011-04-15,,SZSE_OFFICIAL_LISTING_REGISTER,AUTHENTIC_EXCHANGE_VERIFIED
300204.SZ,舒泰神,CHINEXT,2024-09-06,2011-04-15,,SZSE_OFFICIAL_LISTING_REGISTER,AUTHENTIC_EXCHANGE_VERIFIED
300205.SZ,*ST天喻,CHINEXT,2024-09-06,2011-04-21,,SZSE_OFFICIAL_LISTING_REGISTER,AUTHENTIC_EXCHANGE_VERIFIED
300206.SZ,理邦仪器,CHINEXT,2024-09-06,2011-04-21,,SZSE_OFFICIAL_LISTING_REGISTER,AUTHENTIC_EXCHANGE_VERIFIED
300207.SZ,欣旺达,CHINEXT,2024-09-06,2011-04-21,,SZSE_OFFICIAL_LISTING_REGISTER,AUTHENTIC_EXCHANGE_VERIFIED
300209.SZ,行云科技,CHINEXT,2024-09-06,2011-04-26,,SZSE_OFFICIAL_LISTING_REGISTER,AUTHENTIC_EXCHANGE_VERIFIED
300210.SZ,森远股份,CHINEXT,2024-09-06,2011-04-26,,SZSE_OFFICIAL_LISTING_REGISTER,AUTHENTIC_EXCHANGE_VERIFIED
300211.SZ,亿通科技,CHINEXT,2024-09-06,2011-05-05,,SZSE_OFFICIAL_LISTING_REGISTER,AUTHENTIC_EXCHANGE_VERIFIED
300212.SZ,*ST易录,CHINEXT,2024-09-05,2011-05-05,,SZSE_OFFICIAL_LISTING_REGISTER,AUTHENTIC_EXCHANGE_VERIFIED
300213.SZ,佳讯飞鸿,CHINEXT,2024-09-06,2011-05-05,,SZSE_OFFICIAL_LISTING_REGISTER,AUTHENTIC_EXCHANGE_VERIFIED
300214.SZ,日科化学,CHINEXT,2024-09-06,2011-05-11,,SZSE_OFFICIAL_LISTING_REGISTER,AUTHENTIC_EXCHANGE_VERIFIED
300215.SZ,电科院,CHINEXT,2024-09-06,2011-05-11,,SZSE_OFFICIAL_LISTING_REGISTER,AUTHENTIC_EXCHANGE_VERIFIED
300217.SZ,东方电热,CHINEXT,2024-09-06,2011-05-18,,SZSE_OFFICIAL_LISTING_REGISTER,AUTHENTIC_EXCHANGE_VERIFIED
300218.SZ,安利股份,CHINEXT,2024-09-06,2011-05-18,,SZSE_OFFICIAL_LISTING_REGISTER,AUTHENTIC_EXCHANGE_VERIFIED
300219.SZ,鸿利智汇,CHINEXT,2024-09-06,2011-05-18,,SZSE_OFFICIAL_LISTING_REGISTER,AUTHENTIC_EXCHANGE_VERIFIED
300220.SZ,金运激光,CHINEXT,2024-09-06,2011-05-25,,SZSE_OFFICIAL_LISTING_REGISTER,AUTHENTIC_EXCHANGE_VERIFIED
300221.SZ,银禧科技,CHINEXT,2024-09-06,2011-05-25,,SZSE_OFFICIAL_LISTING_REGISTER,AUTHENTIC_EXCHANGE_VERIFIED
300222.SZ,科大智能,CHINEXT,2024-09-06,2011-05-25,,SZSE_OFFICIAL_LISTING_REGISTER,AUTHENTIC_EXCHANGE_VERIFIED
300223.SZ,君正股份,CHINEXT,2024-09-06,2011-05-31,,SZSE_OFFICIAL_LISTING_REGISTER,AUTHENTIC_EXCHANGE_VERIFIED
300224.SZ,正海磁材,CHINEXT,2024-09-06,2011-05-31,,SZSE_OFFICIAL_LISTING_REGISTER,AUTHENTIC_EXCHANGE_VERIFIED
300225.SZ,金力泰,CHINEXT,2024-09-06,2011-05-31,,SZSE_OFFICIAL_LISTING_REGISTER,AUTHENTIC_EXCHANGE_VERIFIED
300226.SZ,上海钢联,CHINEXT,2024-09-06,2011-06-08,,SZSE_OFFICIAL_LISTING_REGISTER,AUTHENTIC_EXCHANGE_VERIFIED
300227.SZ,光韵达,CHINEXT,2024-09-06,2011-06-08,,SZSE_OFFICIAL_LISTING_REGISTER,AUTHENTIC_EXCHANGE_VERIFIED
300228.SZ,富瑞特装,CHINEXT,2024-09-06,2011-06-08,,SZSE_OFFICIAL_LISTING_REGISTER,AUTHENTIC_EXCHANGE_VERIFIED
300229.SZ,拓尔思,CHINEXT,2024-09-06,2011-06-15,,SZSE_OFFICIAL_LISTING_REGISTER,AUTHENTIC_EXCHANGE_VERIFIED
300230.SZ,永利股份,CHINEXT,2024-09-06,2011-06-15,,SZSE_OFFICIAL_LISTING_REGISTER,AUTHENTIC_EXCHANGE_VERIFIED
300231.SZ,银信科技,CHINEXT,2024-09-06,2011-06-15,,SZSE_OFFICIAL_LISTING_REGISTER,AUTHENTIC_EXCHANGE_VERIFIED
300232.SZ,洲明科技,CHINEXT,2024-09-06,2011-06-22,,SZSE_OFFICIAL_LISTING_REGISTER,AUTHENTIC_EXCHANGE_VERIFIED
300233.SZ,金城医药,CHINEXT,2024-09-06,2011-06-22,,SZSE_OFFICIAL_LISTING_REGISTER,AUTHENTIC_EXCHANGE_VERIFIED
300234.SZ,开尔新材,CHINEXT,2024-09-06,2011-06-22,,SZSE_OFFICIAL_LISTING_REGISTER,AUTHENTIC_EXCHANGE_VERIFIED
300235.SZ,方直科技,CHINEXT,2024-09-06,2011-06-29,,SZSE_OFFICIAL_LISTING_REGISTER,AUTHENTIC_EXCHANGE_VERIFIED
300236.SZ,上海新阳,CHINEXT,2024-09-06,2011-06-29,,SZSE_OFFICIAL_LISTING_REGISTER,AUTHENTIC_EXCHANGE_VERIFIED
300237.SZ,ST美晨,CHINEXT,2024-09-06,2011-06-29,,SZSE_OFFICIAL_LISTING_REGISTER,AUTHENTIC_EXCHANGE_VERIFIED
300238.SZ,冠昊生物,CHINEXT,2024-09-06,2011-07-06,,SZSE_OFFICIAL_LISTING_REGISTER,AUTHENTIC_EXCHANGE_VERIFIED
300239.SZ,东宝生物,CHINEXT,2024-09-06,2011-07-06,,SZSE_OFFICIAL_LISTING_REGISTER,AUTHENTIC_EXCHANGE_VERIFIED
300240.SZ,飞力达,CHINEXT,2024-09-06,2011-07-06,,SZSE_OFFICIAL_LISTING_REGISTER,AUTHENTIC_EXCHANGE_VERIFIED
300241.SZ,瑞丰光电,CHINEXT,2024-09-06,2011-07-12,,SZSE_OFFICIAL_LISTING_REGISTER,AUTHENTIC_EXCHANGE_VERIFIED
300242.SZ,佳云科技,CHINEXT,2024-08-30,2011-07-12,,SZSE_OFFICIAL_LISTING_REGISTER,AUTHENTIC_EXCHANGE_VERIFIED
300243.SZ,瑞丰高材,CHINEXT,2024-09-06,2011-07-12,,SZSE_OFFICIAL_LISTING_REGISTER,AUTHENTIC_EXCHANGE_VERIFIED
300244.SZ,迪安诊断,CHINEXT,2024-09-06,2011-07-19,,SZSE_OFFICIAL_LISTING_REGISTER,AUTHENTIC_EXCHANGE_VERIFIED
300245.SZ,ST天玑,CHINEXT,2024-09-06,2011-07-19,,SZSE_OFFICIAL_LISTING_REGISTER,AUTHENTIC_EXCHANGE_VERIFIED
300246.SZ,宝莱特,CHINEXT,2024-09-06,2011-07-19,,SZSE_OFFICIAL_LISTING_REGISTER,AUTHENTIC_EXCHANGE_VERIFIED
300247.SZ,融捷健康,CHINEXT,2024-09-06,2011-07-29,,SZSE_OFFICIAL_LISTING_REGISTER,AUTHENTIC_EXCHANGE_VERIFIED
300248.SZ,新开普,CHINEXT,2024-09-06,2011-07-29,,SZSE_OFFICIAL_LISTING_REGISTER,AUTHENTIC_EXCHANGE_VERIFIED
300249.SZ,依米康,CHINEXT,2024-09-06,2011-08-03,,SZSE_OFFICIAL_LISTING_REGISTER,AUTHENTIC_EXCHANGE_VERIFIED
300250.SZ,初灵信息,CHINEXT,2024-09-06,2011-08-03,,SZSE_OFFICIAL_LISTING_REGISTER,AUTHENTIC_EXCHANGE_VERIFIED
300251.SZ,光线传媒,CHINEXT,2024-09-06,2011-08-03,,SZSE_OFFICIAL_LISTING_REGISTER,AUTHENTIC_EXCHANGE_VERIFIED
300252.SZ,金信诺,CHINEXT,2024-09-06,2011-08-18,,SZSE_OFFICIAL_LISTING_REGISTER,AUTHENTIC_EXCHANGE_VERIFIED
300253.SZ,卫宁健康,CHINEXT,2024-09-06,2011-08-18,,SZSE_OFFICIAL_LISTING_REGISTER,AUTHENTIC_EXCHANGE_VERIFIED
300254.SZ,仟源医药,CHINEXT,2024-09-06,2011-08-19,,SZSE_OFFICIAL_LISTING_REGISTER,AUTHENTIC_EXCHANGE_VERIFIED
300255.SZ,常山药业,CHINEXT,2024-09-06,2011-08-19,,SZSE_OFFICIAL_LISTING_REGISTER,AUTHENTIC_EXCHANGE_VERIFIED
300256.SZ,星星科技,CHINEXT,2024-09-06,2011-08-19,,SZSE_OFFICIAL_LISTING_REGISTER,AUTHENTIC_EXCHANGE_VERIFIED
300257.SZ,开山股份,CHINEXT,2024-09-06,2011-08-19,,SZSE_OFFICIAL_LISTING_REGISTER,AUTHENTIC_EXCHANGE_VERIFIED
300258.SZ,精锻科技,CHINEXT,2024-09-06,2011-08-26,,SZSE_OFFICIAL_LISTING_REGISTER,AUTHENTIC_EXCHANGE_VERIFIED
300259.SZ,新天科技,CHINEXT,2024-09-06,2011-08-31,,SZSE_OFFICIAL_LISTING_REGISTER,AUTHENTIC_EXCHANGE_VERIFIED
300260.SZ,新莱应材,CHINEXT,2024-09-06,2011-09-06,,SZSE_OFFICIAL_LISTING_REGISTER,AUTHENTIC_EXCHANGE_VERIFIED
300261.SZ,雅本化学,CHINEXT,2024-09-06,2011-09-06,,SZSE_OFFICIAL_LISTING_REGISTER,AUTHENTIC_EXCHANGE_VERIFIED
300263.SZ,隆华科技,CHINEXT,2024-09-06,2011-09-16,,SZSE_OFFICIAL_LISTING_REGISTER,AUTHENTIC_EXCHANGE_VERIFIED
300264.SZ,佳创视讯,CHINEXT,2024-09-06,2011-09-16,,SZSE_OFFICIAL_LISTING_REGISTER,AUTHENTIC_EXCHANGE_VERIFIED
300265.SZ,通光线缆,CHINEXT,2024-09-06,2011-09-16,,SZSE_OFFICIAL_LISTING_REGISTER,AUTHENTIC_EXCHANGE_VERIFIED
300266.SZ,兴源环境,CHINEXT,2024-09-06,2011-09-27,,SZSE_OFFICIAL_LISTING_REGISTER,AUTHENTIC_EXCHANGE_VERIFIED
300267.SZ,尔康制药,CHINEXT,2024-09-06,2011-09-27,,SZSE_OFFICIAL_LISTING_REGISTER,AUTHENTIC_EXCHANGE_VERIFIED
300268.SZ,佳沃食品,CHINEXT,2024-09-06,2011-09-27,,SZSE_OFFICIAL_LISTING_REGISTER,AUTHENTIC_EXCHANGE_VERIFIED
300269.SZ,联建光电,CHINEXT,2024-09-06,2011-10-12,,SZSE_OFFICIAL_LISTING_REGISTER,AUTHENTIC_EXCHANGE_VERIFIED
300270.SZ,中威电子,CHINEXT,2024-09-06,2011-10-12,,SZSE_OFFICIAL_LISTING_REGISTER,AUTHENTIC_EXCHANGE_VERIFIED
300271.SZ,华宇软件,CHINEXT,2024-09-06,2011-10-26,,SZSE_OFFICIAL_LISTING_REGISTER,AUTHENTIC_EXCHANGE_VERIFIED
300272.SZ,开能健康,CHINEXT,2024-09-06,2011-11-02,,SZSE_OFFICIAL_LISTING_REGISTER,AUTHENTIC_EXCHANGE_VERIFIED
300274.SZ,阳光电源,CHINEXT,2023-01-13,2011-11-02,,SZSE_OFFICIAL_LISTING_REGISTER,AUTHENTIC_EXCHANGE_VERIFIED
300275.SZ,梅安森,CHINEXT,2024-09-06,2011-11-02,,SZSE_OFFICIAL_LISTING_REGISTER,AUTHENTIC_EXCHANGE_VERIFIED
300276.SZ,三丰智能,CHINEXT,2024-09-06,2011-11-15,,SZSE_OFFICIAL_LISTING_REGISTER,AUTHENTIC_EXCHANGE_VERIFIED
300277.SZ,汽轮科技,CHINEXT,2024-09-06,2011-11-23,,SZSE_OFFICIAL_LISTING_REGISTER,AUTHENTIC_EXCHANGE_VERIFIED
300278.SZ,华昌达,CHINEXT,2024-09-06,2011-12-16,,SZSE_OFFICIAL_LISTING_REGISTER,AUTHENTIC_EXCHANGE_VERIFIED
300279.SZ,和晶科技,CHINEXT,2024-09-06,2011-12-29,,SZSE_OFFICIAL_LISTING_REGISTER,AUTHENTIC_EXCHANGE_VERIFIED
300281.SZ,金明精机,CHINEXT,2024-09-06,2011-12-29,,SZSE_OFFICIAL_LISTING_REGISTER,AUTHENTIC_EXCHANGE_VERIFIED
300283.SZ,温州宏丰,CHINEXT,2024-09-06,2012-01-10,,SZSE_OFFICIAL_LISTING_REGISTER,AUTHENTIC_EXCHANGE_VERIFIED
300284.SZ,苏交科,CHINEXT,2024-09-06,2012-01-10,,SZSE_OFFICIAL_LISTING_REGISTER,AUTHENTIC_EXCHANGE_VERIFIED
300285.SZ,国瓷材料,CHINEXT,2024-09-06,2012-01-13,,SZSE_OFFICIAL_LISTING_REGISTER,AUTHENTIC_EXCHANGE_VERIFIED
300286.SZ,安科瑞,CHINEXT,2024-09-06,2012-01-13,,SZSE_OFFICIAL_LISTING_REGISTER,AUTHENTIC_EXCHANGE_VERIFIED
300287.SZ,飞利信,CHINEXT,2024-09-06,2012-02-01,,SZSE_OFFICIAL_LISTING_REGISTER,AUTHENTIC_EXCHANGE_VERIFIED
300288.SZ,朗玛信息,CHINEXT,2024-09-06,2012-02-16,,SZSE_OFFICIAL_LISTING_REGISTER,AUTHENTIC_EXCHANGE_VERIFIED
300289.SZ,利德曼,CHINEXT,2024-09-06,2012-02-16,,SZSE_OFFICIAL_LISTING_REGISTER,AUTHENTIC_EXCHANGE_VERIFIED
300290.SZ,ST荣科,CHINEXT,2024-09-06,2012-02-16,,SZSE_OFFICIAL_LISTING_REGISTER,AUTHENTIC_EXCHANGE_VERIFIED
300291.SZ,百纳千成,CHINEXT,2024-08-27,2012-02-09,,SZSE_OFFICIAL_LISTING_REGISTER,AUTHENTIC_EXCHANGE_VERIFIED
300292.SZ,吴通控股,CHINEXT,2024-09-06,2012-02-29,,SZSE_OFFICIAL_LISTING_REGISTER,AUTHENTIC_EXCHANGE_VERIFIED
300293.SZ,蓝英装备,CHINEXT,2024-09-06,2012-03-08,,SZSE_OFFICIAL_LISTING_REGISTER,AUTHENTIC_EXCHANGE_VERIFIED
300294.SZ,博雅生物,CHINEXT,2024-09-06,2012-03-08,,SZSE_OFFICIAL_LISTING_REGISTER,AUTHENTIC_EXCHANGE_VERIFIED
300295.SZ,*ST三六,CHINEXT,2024-09-06,2012-03-15,,SZSE_OFFICIAL_LISTING_REGISTER,AUTHENTIC_EXCHANGE_VERIFIED
300296.SZ,利亚德,CHINEXT,2024-09-06,2012-03-15,,SZSE_OFFICIAL_LISTING_REGISTER,AUTHENTIC_EXCHANGE_VERIFIED
300298.SZ,三诺生物,CHINEXT,2024-09-06,2012-03-19,,SZSE_OFFICIAL_LISTING_REGISTER,AUTHENTIC_EXCHANGE_VERIFIED
300299.SZ,富春股份,CHINEXT,2024-09-06,2012-03-19,,SZSE_OFFICIAL_LISTING_REGISTER,AUTHENTIC_EXCHANGE_VERIFIED
300300.SZ,海峡创新,CHINEXT,2024-09-02,2012-03-19,,SZSE_OFFICIAL_LISTING_REGISTER,AUTHENTIC_EXCHANGE_VERIFIED
300301.SZ,ST长方,CHINEXT,2024-09-06,2012-03-21,,SZSE_OFFICIAL_LISTING_REGISTER,AUTHENTIC_EXCHANGE_VERIFIED
300302.SZ,同有科技,CHINEXT,2024-09-06,2012-03-21,,SZSE_OFFICIAL_LISTING_REGISTER,AUTHENTIC_EXCHANGE_VERIFIED
300303.SZ,聚飞光电,CHINEXT,2024-09-06,2012-03-19,,SZSE_OFFICIAL_LISTING_REGISTER,AUTHENTIC_EXCHANGE_VERIFIED
300304.SZ,云意电气,CHINEXT,2024-09-06,2012-03-21,,SZSE_OFFICIAL_LISTING_REGISTER,AUTHENTIC_EXCHANGE_VERIFIED
300305.SZ,裕兴股份,CHINEXT,2024-09-06,2012-03-29,,SZSE_OFFICIAL_LISTING_REGISTER,AUTHENTIC_EXCHANGE_VERIFIED
300306.SZ,远方信息,CHINEXT,2024-09-06,2012-03-29,,SZSE_OFFICIAL_LISTING_REGISTER,AUTHENTIC_EXCHANGE_VERIFIED
300307.SZ,慈星股份,CHINEXT,2024-09-06,2012-03-29,,SZSE_OFFICIAL_LISTING_REGISTER,AUTHENTIC_EXCHANGE_VERIFIED
300308.SZ,中际旭创,CHINEXT,2023-01-13,2012-04-10,,SZSE_OFFICIAL_LISTING_REGISTER,AUTHENTIC_EXCHANGE_VERIFIED
300310.SZ,宜通世纪,CHINEXT,2024-09-06,2012-04-25,,SZSE_OFFICIAL_LISTING_REGISTER,AUTHENTIC_EXCHANGE_VERIFIED
300311.SZ,任子行,CHINEXT,2024-09-04,2012-04-25,,SZSE_OFFICIAL_LISTING_REGISTER,AUTHENTIC_EXCHANGE_VERIFIED
300313.SZ,天山生物,CHINEXT,2024-09-06,2012-04-25,,SZSE_OFFICIAL_LISTING_REGISTER,AUTHENTIC_EXCHANGE_VERIFIED
300314.SZ,戴维医疗,CHINEXT,2024-09-06,2012-05-08,,SZSE_OFFICIAL_LISTING_REGISTER,AUTHENTIC_EXCHANGE_VERIFIED
300315.SZ,掌趣科技,CHINEXT,2024-09-06,2012-05-11,,SZSE_OFFICIAL_LISTING_REGISTER,AUTHENTIC_EXCHANGE_VERIFIED
300316.SZ,晶盛机电,CHINEXT,2024-09-06,2012-05-11,,SZSE_OFFICIAL_LISTING_REGISTER,AUTHENTIC_EXCHANGE_VERIFIED
300317.SZ,珈伟新能,CHINEXT,2024-09-06,2012-05-11,,SZSE_OFFICIAL_LISTING_REGISTER,AUTHENTIC_EXCHANGE_VERIFIED
300318.SZ,博晖创新,CHINEXT,2024-09-06,2012-05-23,,SZSE_OFFICIAL_LISTING_REGISTER,AUTHENTIC_EXCHANGE_VERIFIED
300319.SZ,麦捷科技,CHINEXT,2024-09-06,2012-05-23,,SZSE_OFFICIAL_LISTING_REGISTER,AUTHENTIC_EXCHANGE_VERIFIED
300320.SZ,海达股份,CHINEXT,2024-09-06,2012-06-01,,SZSE_OFFICIAL_LISTING_REGISTER,AUTHENTIC_EXCHANGE_VERIFIED
300321.SZ,同大股份,CHINEXT,2024-09-06,2012-05-23,,SZSE_OFFICIAL_LISTING_REGISTER,AUTHENTIC_EXCHANGE_VERIFIED
300322.SZ,硕贝德,CHINEXT,2024-09-06,2012-06-08,,SZSE_OFFICIAL_LISTING_REGISTER,AUTHENTIC_EXCHANGE_VERIFIED
300323.SZ,华灿光电,CHINEXT,2024-09-06,2012-06-01,,SZSE_OFFICIAL_LISTING_REGISTER,AUTHENTIC_EXCHANGE_VERIFIED
300324.SZ,旋极信息,CHINEXT,2024-09-06,2012-06-08,,SZSE_OFFICIAL_LISTING_REGISTER,AUTHENTIC_EXCHANGE_VERIFIED
300326.SZ,ST凯利,CHINEXT,2024-09-06,2012-06-13,,SZSE_OFFICIAL_LISTING_REGISTER,AUTHENTIC_EXCHANGE_VERIFIED
300327.SZ,中颖电子,CHINEXT,2024-09-06,2012-06-13,,SZSE_OFFICIAL_LISTING_REGISTER,AUTHENTIC_EXCHANGE_VERIFIED
300328.SZ,宜安科技,CHINEXT,2024-09-06,2012-06-19,,SZSE_OFFICIAL_LISTING_REGISTER,AUTHENTIC_EXCHANGE_VERIFIED
300329.SZ,海伦钢琴,CHINEXT,2024-08-30,2012-06-19,,SZSE_OFFICIAL_LISTING_REGISTER,AUTHENTIC_EXCHANGE_VERIFIED
300331.SZ,苏大维格,CHINEXT,2024-09-06,2012-06-28,,SZSE_OFFICIAL_LISTING_REGISTER,AUTHENTIC_EXCHANGE_VERIFIED
300332.SZ,天壕能源,CHINEXT,2024-09-06,2012-06-28,,SZSE_OFFICIAL_LISTING_REGISTER,AUTHENTIC_EXCHANGE_VERIFIED
300333.SZ,兆日科技,CHINEXT,2024-09-06,2012-06-28,,SZSE_OFFICIAL_LISTING_REGISTER,AUTHENTIC_EXCHANGE_VERIFIED
300334.SZ,津膜科技,CHINEXT,2024-09-06,2012-07-05,,SZSE_OFFICIAL_LISTING_REGISTER,AUTHENTIC_EXCHANGE_VERIFIED
300335.SZ,迪森股份,CHINEXT,2024-09-06,2012-07-10,,SZSE_OFFICIAL_LISTING_REGISTER,AUTHENTIC_EXCHANGE_VERIFIED
300337.SZ,银邦股份,CHINEXT,2024-09-06,2012-07-18,,SZSE_OFFICIAL_LISTING_REGISTER,AUTHENTIC_EXCHANGE_VERIFIED
300338.SZ,*ST开元,CHINEXT,2024-09-06,2012-07-26,,SZSE_OFFICIAL_LISTING_REGISTER,AUTHENTIC_EXCHANGE_VERIFIED
300339.SZ,润和软件,CHINEXT,2024-09-06,2012-07-18,,SZSE_OFFICIAL_LISTING_REGISTER,AUTHENTIC_EXCHANGE_VERIFIED
300340.SZ,科恒股份,CHINEXT,2024-09-06,2012-07-26,,SZSE_OFFICIAL_LISTING_REGISTER,AUTHENTIC_EXCHANGE_VERIFIED
300341.SZ,麦克奥迪,CHINEXT,2024-09-06,2012-07-26,,SZSE_OFFICIAL_LISTING_REGISTER,AUTHENTIC_EXCHANGE_VERIFIED
300342.SZ,天银机电,CHINEXT,2024-09-06,2012-07-26,,SZSE_OFFICIAL_LISTING_REGISTER,AUTHENTIC_EXCHANGE_VERIFIED
300343.SZ,联创股份,CHINEXT,2024-09-06,2012-08-01,,SZSE_OFFICIAL_LISTING_REGISTER,AUTHENTIC_EXCHANGE_VERIFIED
300345.SZ,华民股份,CHINEXT,2024-09-06,2012-08-01,,SZSE_OFFICIAL_LISTING_REGISTER,AUTHENTIC_EXCHANGE_VERIFIED
300346.SZ,南大光电,CHINEXT,2024-09-06,2012-08-07,,SZSE_OFFICIAL_LISTING_REGISTER,AUTHENTIC_EXCHANGE_VERIFIED
300347.SZ,泰格医药,CHINEXT,2024-09-06,2012-08-17,,SZSE_OFFICIAL_LISTING_REGISTER,AUTHENTIC_EXCHANGE_VERIFIED
300348.SZ,长亮科技,CHINEXT,2024-09-06,2012-08-17,,SZSE_OFFICIAL_LISTING_REGISTER,AUTHENTIC_EXCHANGE_VERIFIED
300349.SZ,金卡智能,CHINEXT,2024-09-06,2012-08-17,,SZSE_OFFICIAL_LISTING_REGISTER,AUTHENTIC_EXCHANGE_VERIFIED
300350.SZ,华鹏飞,CHINEXT,2024-09-06,2012-08-21,,SZSE_OFFICIAL_LISTING_REGISTER,AUTHENTIC_EXCHANGE_VERIFIED
300351.SZ,永贵电器,CHINEXT,2024-09-06,2012-09-20,,SZSE_OFFICIAL_LISTING_REGISTER,AUTHENTIC_EXCHANGE_VERIFIED
300352.SZ,ST信源,CHINEXT,2024-09-06,2012-09-12,,SZSE_OFFICIAL_LISTING_REGISTER,AUTHENTIC_EXCHANGE_VERIFIED
300353.SZ,东土科技,CHINEXT,2024-09-06,2012-09-27,,SZSE_OFFICIAL_LISTING_REGISTER,AUTHENTIC_EXCHANGE_VERIFIED
300354.SZ,东华测试,CHINEXT,2024-09-06,2012-09-20,,SZSE_OFFICIAL_LISTING_REGISTER,AUTHENTIC_EXCHANGE_VERIFIED
300355.SZ,蒙草生态,CHINEXT,2024-09-06,2012-09-27,,SZSE_OFFICIAL_LISTING_REGISTER,AUTHENTIC_EXCHANGE_VERIFIED
300357.SZ,我武生物,CHINEXT,2024-09-06,2014-01-21,,SZSE_OFFICIAL_LISTING_REGISTER,AUTHENTIC_EXCHANGE_VERIFIED
300358.SZ,楚天科技,CHINEXT,2024-09-06,2014-01-21,,SZSE_OFFICIAL_LISTING_REGISTER,AUTHENTIC_EXCHANGE_VERIFIED
300359.SZ,全通教育,CHINEXT,2024-09-06,2014-01-21,,SZSE_OFFICIAL_LISTING_REGISTER,AUTHENTIC_EXCHANGE_VERIFIED
300360.SZ,炬华科技,CHINEXT,2024-09-06,2014-01-21,,SZSE_OFFICIAL_LISTING_REGISTER,AUTHENTIC_EXCHANGE_VERIFIED
300363.SZ,博腾股份,CHINEXT,2024-09-06,2014-01-29,,SZSE_OFFICIAL_LISTING_REGISTER,AUTHENTIC_EXCHANGE_VERIFIED
300364.SZ,中文在线,CHINEXT,2024-09-06,2015-01-21,,SZSE_OFFICIAL_LISTING_REGISTER,AUTHENTIC_EXCHANGE_VERIFIED
300365.SZ,恒华科技,CHINEXT,2024-09-06,2014-01-23,,SZSE_OFFICIAL_LISTING_REGISTER,AUTHENTIC_EXCHANGE_VERIFIED
300366.SZ,ST创意,CHINEXT,2024-09-06,2014-01-27,,SZSE_OFFICIAL_LISTING_REGISTER,AUTHENTIC_EXCHANGE_VERIFIED
300368.SZ,汇金股份,CHINEXT,2024-09-06,2014-01-23,,SZSE_OFFICIAL_LISTING_REGISTER,AUTHENTIC_EXCHANGE_VERIFIED
300369.SZ,绿盟科技,CHINEXT,2024-09-06,2014-01-29,,SZSE_OFFICIAL_LISTING_REGISTER,AUTHENTIC_EXCHANGE_VERIFIED
300370.SZ,安控科技,CHINEXT,2024-09-06,2014-01-23,,SZSE_OFFICIAL_LISTING_REGISTER,AUTHENTIC_EXCHANGE_VERIFIED
300371.SZ,汇中股份,CHINEXT,2024-09-06,2014-01-23,,SZSE_OFFICIAL_LISTING_REGISTER,AUTHENTIC_EXCHANGE_VERIFIED
300373.SZ,扬杰科技,CHINEXT,2024-09-06,2014-01-23,,SZSE_OFFICIAL_LISTING_REGISTER,AUTHENTIC_EXCHANGE_VERIFIED
300374.SZ,中铁装配,CHINEXT,2024-09-06,2015-03-19,,SZSE_OFFICIAL_LISTING_REGISTER,AUTHENTIC_EXCHANGE_VERIFIED
300375.SZ,鹏翎股份,CHINEXT,2024-09-06,2014-01-27,,SZSE_OFFICIAL_LISTING_REGISTER,AUTHENTIC_EXCHANGE_VERIFIED
300376.SZ,易事特,CHINEXT,2024-09-05,2014-01-27,,SZSE_OFFICIAL_LISTING_REGISTER,AUTHENTIC_EXCHANGE_VERIFIED
300377.SZ,赢时胜,CHINEXT,2024-09-06,2014-01-27,,SZSE_OFFICIAL_LISTING_REGISTER,AUTHENTIC_EXCHANGE_VERIFIED
300378.SZ,鼎捷数智,CHINEXT,2024-09-06,2014-01-27,,SZSE_OFFICIAL_LISTING_REGISTER,AUTHENTIC_EXCHANGE_VERIFIED
300379.SZ,300379.SZ,CHINEXT,2023-11-23,2014-01-28,2026-01-22,SZSE_OFFICIAL_DELISTED_REGISTER,AUTHENTIC_EXCHANGE_VERIFIED
300380.SZ,安硕信息,CHINEXT,2024-09-06,2014-01-28,,SZSE_OFFICIAL_LISTING_REGISTER,AUTHENTIC_EXCHANGE_VERIFIED
300381.SZ,溢多利,CHINEXT,2024-09-06,2014-01-28,,SZSE_OFFICIAL_LISTING_REGISTER,AUTHENTIC_EXCHANGE_VERIFIED
300382.SZ,斯莱克,CHINEXT,2024-09-06,2014-01-29,,SZSE_OFFICIAL_LISTING_REGISTER,AUTHENTIC_EXCHANGE_VERIFIED
300383.SZ,光环新网,CHINEXT,2024-09-06,2014-01-29,,SZSE_OFFICIAL_LISTING_REGISTER,AUTHENTIC_EXCHANGE_VERIFIED
300384.SZ,三联虹普,CHINEXT,2024-09-06,2014-08-01,,SZSE_OFFICIAL_LISTING_REGISTER,AUTHENTIC_EXCHANGE_VERIFIED
300385.SZ,ST雪浪,CHINEXT,2024-09-06,2014-06-26,,SZSE_OFFICIAL_LISTING_REGISTER,AUTHENTIC_EXCHANGE_VERIFIED
300386.SZ,飞天诚信,CHINEXT,2024-09-06,2014-06-26,,SZSE_OFFICIAL_LISTING_REGISTER,AUTHENTIC_EXCHANGE_VERIFIED
300387.SZ,富邦科技,CHINEXT,2024-09-06,2014-07-02,,SZSE_OFFICIAL_LISTING_REGISTER,AUTHENTIC_EXCHANGE_VERIFIED
300388.SZ,节能国祯,CHINEXT,2024-09-06,2014-08-01,,SZSE_OFFICIAL_LISTING_REGISTER,AUTHENTIC_EXCHANGE_VERIFIED
300389.SZ,艾比森,CHINEXT,2024-09-06,2014-08-01,,SZSE_OFFICIAL_LISTING_REGISTER,AUTHENTIC_EXCHANGE_VERIFIED
300390.SZ,天华新能,CHINEXT,2024-09-06,2014-07-31,,SZSE_OFFICIAL_LISTING_REGISTER,AUTHENTIC_EXCHANGE_VERIFIED
300393.SZ,中来股份,CHINEXT,2024-09-06,2014-09-12,,SZSE_OFFICIAL_LISTING_REGISTER,AUTHENTIC_EXCHANGE_VERIFIED
300394.SZ,天孚通信,CHINEXT,2024-09-06,2015-02-17,,SZSE_OFFICIAL_LISTING_REGISTER,AUTHENTIC_EXCHANGE_VERIFIED
300395.SZ,菲利华,CHINEXT,2024-09-06,2014-09-10,,SZSE_OFFICIAL_LISTING_REGISTER,AUTHENTIC_EXCHANGE_VERIFIED
300396.SZ,ST迪瑞,CHINEXT,2024-09-06,2014-09-10,,SZSE_OFFICIAL_LISTING_REGISTER,AUTHENTIC_EXCHANGE_VERIFIED
300397.SZ,天和防务,CHINEXT,2024-09-06,2014-09-10,,SZSE_OFFICIAL_LISTING_REGISTER,AUTHENTIC_EXCHANGE_VERIFIED
300398.SZ,飞凯材料,CHINEXT,2024-09-06,2014-10-09,,SZSE_OFFICIAL_LISTING_REGISTER,AUTHENTIC_EXCHANGE_VERIFIED
300399.SZ,天利科技,CHINEXT,2024-09-06,2014-10-09,,SZSE_OFFICIAL_LISTING_REGISTER,AUTHENTIC_EXCHANGE_VERIFIED
300400.SZ,劲拓股份,CHINEXT,2024-09-06,2014-10-10,,SZSE_OFFICIAL_LISTING_REGISTER,AUTHENTIC_EXCHANGE_VERIFIED
300401.SZ,花园生物,CHINEXT,2024-09-06,2014-10-09,,SZSE_OFFICIAL_LISTING_REGISTER,AUTHENTIC_EXCHANGE_VERIFIED
300402.SZ,宝色股份,CHINEXT,2024-09-06,2014-10-10,,SZSE_OFFICIAL_LISTING_REGISTER,AUTHENTIC_EXCHANGE_VERIFIED
300403.SZ,汉宇集团,CHINEXT,2024-09-06,2014-10-30,,SZSE_OFFICIAL_LISTING_REGISTER,AUTHENTIC_EXCHANGE_VERIFIED
300404.SZ,博济医药,CHINEXT,2024-09-06,2015-04-24,,SZSE_OFFICIAL_LISTING_REGISTER,AUTHENTIC_EXCHANGE_VERIFIED
300405.SZ,科隆股份,CHINEXT,2024-09-06,2014-10-30,,SZSE_OFFICIAL_LISTING_REGISTER,AUTHENTIC_EXCHANGE_VERIFIED
300406.SZ,九强生物,CHINEXT,2024-09-06,2014-10-30,,SZSE_OFFICIAL_LISTING_REGISTER,AUTHENTIC_EXCHANGE_VERIFIED
300407.SZ,凯发电气,CHINEXT,2024-09-06,2014-12-03,,SZSE_OFFICIAL_LISTING_REGISTER,AUTHENTIC_EXCHANGE_VERIFIED
300408.SZ,三环集团,CHINEXT,2024-09-06,2014-12-03,,SZSE_OFFICIAL_LISTING_REGISTER,AUTHENTIC_EXCHANGE_VERIFIED
300409.SZ,道氏技术,CHINEXT,2024-09-06,2014-12-03,,SZSE_OFFICIAL_LISTING_REGISTER,AUTHENTIC_EXCHANGE_VERIFIED
300410.SZ,正业科技,CHINEXT,2024-09-06,2014-12-31,,SZSE_OFFICIAL_LISTING_REGISTER,AUTHENTIC_EXCHANGE_VERIFIED
300411.SZ,金盾股份,CHINEXT,2024-08-30,2014-12-31,,SZSE_OFFICIAL_LISTING_REGISTER,AUTHENTIC_EXCHANGE_VERIFIED
300412.SZ,迦南科技,CHINEXT,2024-09-06,2014-12-31,,SZSE_OFFICIAL_LISTING_REGISTER,AUTHENTIC_EXCHANGE_VERIFIED
300413.SZ,芒果超媒,CHINEXT,2023-01-13,2015-01-21,,SZSE_OFFICIAL_LISTING_REGISTER,AUTHENTIC_EXCHANGE_VERIFIED
300414.SZ,中光防雷,CHINEXT,2024-09-06,2015-05-13,,SZSE_OFFICIAL_LISTING_REGISTER,AUTHENTIC_EXCHANGE_VERIFIED
300415.SZ,伊之密,CHINEXT,2024-09-06,2015-01-23,,SZSE_OFFICIAL_LISTING_REGISTER,AUTHENTIC_EXCHANGE_VERIFIED
300416.SZ,苏试试验,CHINEXT,2024-09-06,2015-01-22,,SZSE_OFFICIAL_LISTING_REGISTER,AUTHENTIC_EXCHANGE_VERIFIED
300417.SZ,南华仪器,CHINEXT,2024-09-06,2015-01-23,,SZSE_OFFICIAL_LISTING_REGISTER,AUTHENTIC_EXCHANGE_VERIFIED
300418.SZ,昆仑万维,CHINEXT,2024-09-06,2015-01-21,,SZSE_OFFICIAL_LISTING_REGISTER,AUTHENTIC_EXCHANGE_VERIFIED
300419.SZ,ST浩丰,CHINEXT,2024-09-06,2015-01-22,,SZSE_OFFICIAL_LISTING_REGISTER,AUTHENTIC_EXCHANGE_VERIFIED
300420.SZ,五洋自控,CHINEXT,2024-09-06,2015-02-17,,SZSE_OFFICIAL_LISTING_REGISTER,AUTHENTIC_EXCHANGE_VERIFIED
300421.SZ,力星股份,CHINEXT,2024-09-06,2015-02-17,,SZSE_OFFICIAL_LISTING_REGISTER,AUTHENTIC_EXCHANGE_VERIFIED
300422.SZ,博世科,CHINEXT,2024-09-06,2015-02-17,,SZSE_OFFICIAL_LISTING_REGISTER,AUTHENTIC_EXCHANGE_VERIFIED
300423.SZ,昇辉科技,CHINEXT,2024-09-06,2015-02-17,,SZSE_OFFICIAL_LISTING_REGISTER,AUTHENTIC_EXCHANGE_VERIFIED
300424.SZ,航新科技,CHINEXT,2024-09-06,2015-04-22,,SZSE_OFFICIAL_LISTING_REGISTER,AUTHENTIC_EXCHANGE_VERIFIED
300425.SZ,中建环能,CHINEXT,2024-09-06,2015-02-16,,SZSE_OFFICIAL_LISTING_REGISTER,AUTHENTIC_EXCHANGE_VERIFIED
300426.SZ,华智数媒,CHINEXT,2024-09-06,2015-02-17,,SZSE_OFFICIAL_LISTING_REGISTER,AUTHENTIC_EXCHANGE_VERIFIED
300427.SZ,红相股份,CHINEXT,2024-09-06,2015-02-17,,SZSE_OFFICIAL_LISTING_REGISTER,AUTHENTIC_EXCHANGE_VERIFIED
300428.SZ,立中集团,CHINEXT,2024-09-06,2015-03-19,,SZSE_OFFICIAL_LISTING_REGISTER,AUTHENTIC_EXCHANGE_VERIFIED
300429.SZ,强力新材,CHINEXT,2024-09-06,2015-03-24,,SZSE_OFFICIAL_LISTING_REGISTER,AUTHENTIC_EXCHANGE_VERIFIED
300430.SZ,*ST益通,CHINEXT,2024-09-06,2015-03-19,,SZSE_OFFICIAL_LISTING_REGISTER,AUTHENTIC_EXCHANGE_VERIFIED
300432.SZ,富临精工,CHINEXT,2024-09-06,2015-03-19,,SZSE_OFFICIAL_LISTING_REGISTER,AUTHENTIC_EXCHANGE_VERIFIED
300433.SZ,蓝思科技,CHINEXT,2024-09-06,2015-03-18,,SZSE_OFFICIAL_LISTING_REGISTER,AUTHENTIC_EXCHANGE_VERIFIED
300434.SZ,金石亚药,CHINEXT,2024-09-06,2015-04-24,,SZSE_OFFICIAL_LISTING_REGISTER,AUTHENTIC_EXCHANGE_VERIFIED
300435.SZ,中泰股份,CHINEXT,2024-09-06,2015-03-26,,SZSE_OFFICIAL_LISTING_REGISTER,AUTHENTIC_EXCHANGE_VERIFIED
300436.SZ,广生堂,CHINEXT,2024-09-06,2015-04-22,,SZSE_OFFICIAL_LISTING_REGISTER,AUTHENTIC_EXCHANGE_VERIFIED
300437.SZ,清水源,CHINEXT,2024-09-06,2015-04-23,,SZSE_OFFICIAL_LISTING_REGISTER,AUTHENTIC_EXCHANGE_VERIFIED
300438.SZ,鹏辉能源,CHINEXT,2024-09-06,2015-04-24,,SZSE_OFFICIAL_LISTING_REGISTER,AUTHENTIC_EXCHANGE_VERIFIED
300439.SZ,美康生物,CHINEXT,2024-09-06,2015-04-22,,SZSE_OFFICIAL_LISTING_REGISTER,AUTHENTIC_EXCHANGE_VERIFIED
300440.SZ,运达科技,CHINEXT,2024-09-06,2015-04-23,,SZSE_OFFICIAL_LISTING_REGISTER,AUTHENTIC_EXCHANGE_VERIFIED
300441.SZ,鲍斯股份,CHINEXT,2024-09-06,2015-04-23,,SZSE_OFFICIAL_LISTING_REGISTER,AUTHENTIC_EXCHANGE_VERIFIED
300442.SZ,润泽科技,CHINEXT,2024-09-06,2015-04-24,,SZSE_OFFICIAL_LISTING_REGISTER,AUTHENTIC_EXCHANGE_VERIFIED
300443.SZ,金雷股份,CHINEXT,2024-09-06,2015-04-22,,SZSE_OFFICIAL_LISTING_REGISTER,AUTHENTIC_EXCHANGE_VERIFIED
300444.SZ,双杰电气,CHINEXT,2024-09-06,2015-04-23,,SZSE_OFFICIAL_LISTING_REGISTER,AUTHENTIC_EXCHANGE_VERIFIED
300445.SZ,康斯特,CHINEXT,2024-09-06,2015-04-24,,SZSE_OFFICIAL_LISTING_REGISTER,AUTHENTIC_EXCHANGE_VERIFIED
300446.SZ,航天智造,CHINEXT,2024-09-06,2015-04-23,,SZSE_OFFICIAL_LISTING_REGISTER,AUTHENTIC_EXCHANGE_VERIFIED
300447.SZ,全信股份,CHINEXT,2024-09-06,2015-04-22,,SZSE_OFFICIAL_LISTING_REGISTER,AUTHENTIC_EXCHANGE_VERIFIED
300448.SZ,浩云科技,CHINEXT,2024-09-06,2015-04-24,,SZSE_OFFICIAL_LISTING_REGISTER,AUTHENTIC_EXCHANGE_VERIFIED
300449.SZ,汉邦高科,CHINEXT,2024-09-06,2015-04-22,,SZSE_OFFICIAL_LISTING_REGISTER,AUTHENTIC_EXCHANGE_VERIFIED
300450.SZ,先导智能,CHINEXT,2024-09-06,2015-05-18,,SZSE_OFFICIAL_LISTING_REGISTER,AUTHENTIC_EXCHANGE_VERIFIED
300451.SZ,创业慧康,CHINEXT,2024-09-06,2015-05-14,,SZSE_OFFICIAL_LISTING_REGISTER,AUTHENTIC_EXCHANGE_VERIFIED
300452.SZ,山河药辅,CHINEXT,2024-09-06,2015-05-15,,SZSE_OFFICIAL_LISTING_REGISTER,AUTHENTIC_EXCHANGE_VERIFIED
300453.SZ,三鑫医疗,CHINEXT,2024-09-06,2015-05-15,,SZSE_OFFICIAL_LISTING_REGISTER,AUTHENTIC_EXCHANGE_VERIFIED
300454.SZ,深信服,CHINEXT,2024-09-06,2018-05-16,,SZSE_OFFICIAL_LISTING_REGISTER,AUTHENTIC_EXCHANGE_VERIFIED
300455.SZ,航天智装,CHINEXT,2024-09-06,2015-05-15,,SZSE_OFFICIAL_LISTING_REGISTER,AUTHENTIC_EXCHANGE_VERIFIED
300456.SZ,赛微电子,CHINEXT,2024-09-06,2015-05-14,,SZSE_OFFICIAL_LISTING_REGISTER,AUTHENTIC_EXCHANGE_VERIFIED
300457.SZ,赢合科技,CHINEXT,2024-09-06,2015-05-14,,SZSE_OFFICIAL_LISTING_REGISTER,AUTHENTIC_EXCHANGE_VERIFIED
300458.SZ,全志科技,CHINEXT,2024-09-06,2015-05-15,,SZSE_OFFICIAL_LISTING_REGISTER,AUTHENTIC_EXCHANGE_VERIFIED
300459.SZ,汤姆猫,CHINEXT,2024-09-06,2015-05-15,,SZSE_OFFICIAL_LISTING_REGISTER,AUTHENTIC_EXCHANGE_VERIFIED
300460.SZ,ST惠伦,CHINEXT,2024-09-06,2015-05-15,,SZSE_OFFICIAL_LISTING_REGISTER,AUTHENTIC_EXCHANGE_VERIFIED
300461.SZ,田中精机,CHINEXT,2024-09-06,2015-05-19,,SZSE_OFFICIAL_LISTING_REGISTER,AUTHENTIC_EXCHANGE_VERIFIED
300462.SZ,ST华铭,CHINEXT,2024-09-06,2015-05-27,,SZSE_OFFICIAL_LISTING_REGISTER,AUTHENTIC_EXCHANGE_VERIFIED
300463.SZ,迈克生物,CHINEXT,2024-09-06,2015-05-28,,SZSE_OFFICIAL_LISTING_REGISTER,AUTHENTIC_EXCHANGE_VERIFIED
300464.SZ,星徽股份,CHINEXT,2024-09-06,2015-06-10,,SZSE_OFFICIAL_LISTING_REGISTER,AUTHENTIC_EXCHANGE_VERIFIED
300465.SZ,高伟达,CHINEXT,2024-09-06,2015-05-28,,SZSE_OFFICIAL_LISTING_REGISTER,AUTHENTIC_EXCHANGE_VERIFIED
300466.SZ,赛摩智能,CHINEXT,2024-09-06,2015-05-28,,SZSE_OFFICIAL_LISTING_REGISTER,AUTHENTIC_EXCHANGE_VERIFIED
300467.SZ,迅游科技,CHINEXT,2024-09-06,2015-05-27,,SZSE_OFFICIAL_LISTING_REGISTER,AUTHENTIC_EXCHANGE_VERIFIED
300468.SZ,四方精创,CHINEXT,2024-09-06,2015-05-27,,SZSE_OFFICIAL_LISTING_REGISTER,AUTHENTIC_EXCHANGE_VERIFIED
300469.SZ,信息发展,CHINEXT,2024-09-06,2015-06-11,,SZSE_OFFICIAL_LISTING_REGISTER,AUTHENTIC_EXCHANGE_VERIFIED
300470.SZ,中密控股,CHINEXT,2024-09-06,2015-06-12,,SZSE_OFFICIAL_LISTING_REGISTER,AUTHENTIC_EXCHANGE_VERIFIED
300471.SZ,厚普股份,CHINEXT,2024-09-06,2015-06-11,,SZSE_OFFICIAL_LISTING_REGISTER,AUTHENTIC_EXCHANGE_VERIFIED
300472.SZ,ST新元,CHINEXT,2024-09-06,2015-06-11,,SZSE_OFFICIAL_LISTING_REGISTER,AUTHENTIC_EXCHANGE_VERIFIED
300473.SZ,德尔股份,CHINEXT,2024-09-06,2015-06-12,,SZSE_OFFICIAL_LISTING_REGISTER,AUTHENTIC_EXCHANGE_VERIFIED
300474.SZ,景嘉微,CHINEXT,2024-09-06,2016-03-31,,SZSE_OFFICIAL_LISTING_REGISTER,AUTHENTIC_EXCHANGE_VERIFIED
300475.SZ,香农芯创,CHINEXT,2024-09-06,2015-06-10,,SZSE_OFFICIAL_LISTING_REGISTER,AUTHENTIC_EXCHANGE_VERIFIED
300476.SZ,胜宏科技,CHINEXT,2024-09-06,2015-06-11,,SZSE_OFFICIAL_LISTING_REGISTER,AUTHENTIC_EXCHANGE_VERIFIED
300477.SZ,ST合纵,CHINEXT,2024-09-06,2015-06-10,,SZSE_OFFICIAL_LISTING_REGISTER,AUTHENTIC_EXCHANGE_VERIFIED
300478.SZ,杭州高新,CHINEXT,2024-09-06,2015-06-10,,SZSE_OFFICIAL_LISTING_REGISTER,AUTHENTIC_EXCHANGE_VERIFIED
300479.SZ,神思电子,CHINEXT,2024-09-06,2015-06-12,,SZSE_OFFICIAL_LISTING_REGISTER,AUTHENTIC_EXCHANGE_VERIFIED
300480.SZ,光力科技,CHINEXT,2024-09-06,2015-07-02,,SZSE_OFFICIAL_LISTING_REGISTER,AUTHENTIC_EXCHANGE_VERIFIED
300481.SZ,濮阳惠成,CHINEXT,2024-09-06,2015-06-30,,SZSE_OFFICIAL_LISTING_REGISTER,AUTHENTIC_EXCHANGE_VERIFIED
300482.SZ,万孚生物,CHINEXT,2024-09-06,2015-06-30,,SZSE_OFFICIAL_LISTING_REGISTER,AUTHENTIC_EXCHANGE_VERIFIED
300483.SZ,首华燃气,CHINEXT,2024-09-06,2015-06-30,,SZSE_OFFICIAL_LISTING_REGISTER,AUTHENTIC_EXCHANGE_VERIFIED
300484.SZ,蓝海华腾,CHINEXT,2024-09-06,2016-03-22,,SZSE_OFFICIAL_LISTING_REGISTER,AUTHENTIC_EXCHANGE_VERIFIED
300485.SZ,赛升药业,CHINEXT,2024-09-06,2015-06-26,,SZSE_OFFICIAL_LISTING_REGISTER,AUTHENTIC_EXCHANGE_VERIFIED
300486.SZ,东杰智能,CHINEXT,2024-09-06,2015-06-30,,SZSE_OFFICIAL_LISTING_REGISTER,AUTHENTIC_EXCHANGE_VERIFIED
300487.SZ,蓝晓科技,CHINEXT,2024-09-06,2015-07-02,,SZSE_OFFICIAL_LISTING_REGISTER,AUTHENTIC_EXCHANGE_VERIFIED
300488.SZ,恒锋工具,CHINEXT,2024-09-06,2015-07-01,,SZSE_OFFICIAL_LISTING_REGISTER,AUTHENTIC_EXCHANGE_VERIFIED
300489.SZ,光智科技,CHINEXT,2024-09-06,2015-07-01,,SZSE_OFFICIAL_LISTING_REGISTER,AUTHENTIC_EXCHANGE_VERIFIED
300490.SZ,华自科技,CHINEXT,2024-09-06,2015-12-31,,SZSE_OFFICIAL_LISTING_REGISTER,AUTHENTIC_EXCHANGE_VERIFIED
300491.SZ,通合科技,CHINEXT,2024-09-06,2015-12-31,,SZSE_OFFICIAL_LISTING_REGISTER,AUTHENTIC_EXCHANGE_VERIFIED
300492.SZ,华图山鼎,CHINEXT,2024-09-06,2015-12-23,,SZSE_OFFICIAL_LISTING_REGISTER,AUTHENTIC_EXCHANGE_VERIFIED
300493.SZ,润欣科技,CHINEXT,2024-09-06,2015-12-10,,SZSE_OFFICIAL_LISTING_REGISTER,AUTHENTIC_EXCHANGE_VERIFIED
300494.SZ,盛天网络,CHINEXT,2024-09-06,2015-12-31,,SZSE_OFFICIAL_LISTING_REGISTER,AUTHENTIC_EXCHANGE_VERIFIED
300496.SZ,中科创达,CHINEXT,2023-01-13,2015-12-10,,SZSE_OFFICIAL_LISTING_REGISTER,AUTHENTIC_EXCHANGE_VERIFIED
300497.SZ,富祥股份,CHINEXT,2024-09-06,2015-12-22,,SZSE_OFFICIAL_LISTING_REGISTER,AUTHENTIC_EXCHANGE_VERIFIED
300498.SZ,温氏股份,CHINEXT,2024-09-06,2015-11-02,,SZSE_OFFICIAL_LISTING_REGISTER,AUTHENTIC_EXCHANGE_VERIFIED
300499.SZ,高澜股份,CHINEXT,2024-09-06,2016-02-02,,SZSE_OFFICIAL_LISTING_REGISTER,AUTHENTIC_EXCHANGE_VERIFIED
300500.SZ,启迪设计,CHINEXT,2024-09-06,2016-02-04,,SZSE_OFFICIAL_LISTING_REGISTER,AUTHENTIC_EXCHANGE_VERIFIED
300501.SZ,海顺新材,CHINEXT,2024-09-06,2016-02-04,,SZSE_OFFICIAL_LISTING_REGISTER,AUTHENTIC_EXCHANGE_VERIFIED
300502.SZ,新易盛,CHINEXT,2023-01-13,2016-03-03,,SZSE_OFFICIAL_LISTING_REGISTER,AUTHENTIC_EXCHANGE_VERIFIED
300503.SZ,昊志机电,CHINEXT,2024-09-06,2016-03-09,,SZSE_OFFICIAL_LISTING_REGISTER,AUTHENTIC_EXCHANGE_VERIFIED
300504.SZ,天邑股份,CHINEXT,2024-09-06,2018-03-30,,SZSE_OFFICIAL_LISTING_REGISTER,AUTHENTIC_EXCHANGE_VERIFIED
300505.SZ,川金诺,CHINEXT,2024-09-06,2016-03-15,,SZSE_OFFICIAL_LISTING_REGISTER,AUTHENTIC_EXCHANGE_VERIFIED
300506.SZ,名家汇,CHINEXT,2024-08-30,2016-03-24,,SZSE_OFFICIAL_LISTING_REGISTER,AUTHENTIC_EXCHANGE_VERIFIED
300507.SZ,苏奥传感,CHINEXT,2024-09-06,2016-04-29,,SZSE_OFFICIAL_LISTING_REGISTER,AUTHENTIC_EXCHANGE_VERIFIED
300508.SZ,维宏股份,CHINEXT,2024-09-06,2016-04-19,,SZSE_OFFICIAL_LISTING_REGISTER,AUTHENTIC_EXCHANGE_VERIFIED
300509.SZ,新美星,CHINEXT,2024-09-06,2016-04-25,,SZSE_OFFICIAL_LISTING_REGISTER,AUTHENTIC_EXCHANGE_VERIFIED
300510.SZ,金冠股份,CHINEXT,2024-09-06,2016-05-06,,SZSE_OFFICIAL_LISTING_REGISTER,AUTHENTIC_EXCHANGE_VERIFIED
300511.SZ,雪榕生物,CHINEXT,2024-09-06,2016-05-04,,SZSE_OFFICIAL_LISTING_REGISTER,AUTHENTIC_EXCHANGE_VERIFIED
300512.SZ,中亚股份,CHINEXT,2024-09-06,2016-05-26,,SZSE_OFFICIAL_LISTING_REGISTER,AUTHENTIC_EXCHANGE_VERIFIED
300513.SZ,恒实科技,CHINEXT,2024-09-06,2016-05-30,,SZSE_OFFICIAL_LISTING_REGISTER,AUTHENTIC_EXCHANGE_VERIFIED
300514.SZ,友讯达,CHINEXT,2024-09-06,2017-04-26,,SZSE_OFFICIAL_LISTING_REGISTER,AUTHENTIC_EXCHANGE_VERIFIED
300515.SZ,三德科技,CHINEXT,2024-09-06,2016-06-08,,SZSE_OFFICIAL_LISTING_REGISTER,AUTHENTIC_EXCHANGE_VERIFIED
300516.SZ,久之洋,CHINEXT,2024-09-06,2016-06-02,,SZSE_OFFICIAL_LISTING_REGISTER,AUTHENTIC_EXCHANGE_VERIFIED
300517.SZ,海波重科,CHINEXT,2024-09-06,2016-07-19,,SZSE_OFFICIAL_LISTING_REGISTER,AUTHENTIC_EXCHANGE_VERIFIED
300518.SZ,新迅达,CHINEXT,2024-09-06,2016-06-24,,SZSE_OFFICIAL_LISTING_REGISTER,AUTHENTIC_EXCHANGE_VERIFIED
300519.SZ,新光药业,CHINEXT,2024-09-06,2016-06-24,,SZSE_OFFICIAL_LISTING_REGISTER,AUTHENTIC_EXCHANGE_VERIFIED
300520.SZ,科大国创,CHINEXT,2024-09-06,2016-07-08,,SZSE_OFFICIAL_LISTING_REGISTER,AUTHENTIC_EXCHANGE_VERIFIED
300521.SZ,爱司凯,CHINEXT,2024-09-06,2016-07-05,,SZSE_OFFICIAL_LISTING_REGISTER,AUTHENTIC_EXCHANGE_VERIFIED
300522.SZ,世名科技,CHINEXT,2024-09-06,2016-07-05,,SZSE_OFFICIAL_LISTING_REGISTER,AUTHENTIC_EXCHANGE_VERIFIED
300523.SZ,辰安科技,CHINEXT,2024-09-06,2016-07-26,,SZSE_OFFICIAL_LISTING_REGISTER,AUTHENTIC_EXCHANGE_VERIFIED
300525.SZ,博思软件,CHINEXT,2024-09-06,2016-07-26,,SZSE_OFFICIAL_LISTING_REGISTER,AUTHENTIC_EXCHANGE_VERIFIED
300527.SZ,中船应急,CHINEXT,2024-09-04,2016-08-05,,SZSE_OFFICIAL_LISTING_REGISTER,AUTHENTIC_EXCHANGE_VERIFIED
300528.SZ,幸福蓝海,CHINEXT,2024-09-06,2016-08-08,,SZSE_OFFICIAL_LISTING_REGISTER,AUTHENTIC_EXCHANGE_VERIFIED
300529.SZ,健帆生物,CHINEXT,2024-09-06,2016-08-02,,SZSE_OFFICIAL_LISTING_REGISTER,AUTHENTIC_EXCHANGE_VERIFIED
300530.SZ,领湃科技,CHINEXT,2024-09-06,2016-08-09,,SZSE_OFFICIAL_LISTING_REGISTER,AUTHENTIC_EXCHANGE_VERIFIED
300531.SZ,优博讯,CHINEXT,2024-09-06,2016-08-09,,SZSE_OFFICIAL_LISTING_REGISTER,AUTHENTIC_EXCHANGE_VERIFIED
300532.SZ,今天国际,CHINEXT,2024-09-06,2016-08-18,,SZSE_OFFICIAL_LISTING_REGISTER,AUTHENTIC_EXCHANGE_VERIFIED
300533.SZ,冰川网络,CHINEXT,2024-09-06,2016-08-18,,SZSE_OFFICIAL_LISTING_REGISTER,AUTHENTIC_EXCHANGE_VERIFIED
300534.SZ,陇神戎发,CHINEXT,2024-09-06,2016-09-13,,SZSE_OFFICIAL_LISTING_REGISTER,AUTHENTIC_EXCHANGE_VERIFIED
300535.SZ,达威股份,CHINEXT,2024-09-06,2016-08-12,,SZSE_OFFICIAL_LISTING_REGISTER,AUTHENTIC_EXCHANGE_VERIFIED
300536.SZ,农尚环境,CHINEXT,2024-09-06,2016-09-20,,SZSE_OFFICIAL_LISTING_REGISTER,AUTHENTIC_EXCHANGE_VERIFIED
300537.SZ,广信材料,CHINEXT,2024-09-06,2016-08-30,,SZSE_OFFICIAL_LISTING_REGISTER,AUTHENTIC_EXCHANGE_VERIFIED
300538.SZ,同益股份,CHINEXT,2024-09-06,2016-08-26,,SZSE_OFFICIAL_LISTING_REGISTER,AUTHENTIC_EXCHANGE_VERIFIED
300539.SZ,横河精密,CHINEXT,2024-09-06,2016-08-30,,SZSE_OFFICIAL_LISTING_REGISTER,AUTHENTIC_EXCHANGE_VERIFIED
300540.SZ,蜀道装备,CHINEXT,2024-09-06,2016-08-23,,SZSE_OFFICIAL_LISTING_REGISTER,AUTHENTIC_EXCHANGE_VERIFIED
300541.SZ,先进数通,CHINEXT,2024-09-06,2016-09-13,,SZSE_OFFICIAL_LISTING_REGISTER,AUTHENTIC_EXCHANGE_VERIFIED
300542.SZ,新晨科技,CHINEXT,2024-09-06,2016-09-20,,SZSE_OFFICIAL_LISTING_REGISTER,AUTHENTIC_EXCHANGE_VERIFIED
300543.SZ,朗科智能,CHINEXT,2024-09-06,2016-09-08,,SZSE_OFFICIAL_LISTING_REGISTER,AUTHENTIC_EXCHANGE_VERIFIED
300545.SZ,联得装备,CHINEXT,2024-09-06,2016-09-28,,SZSE_OFFICIAL_LISTING_REGISTER,AUTHENTIC_EXCHANGE_VERIFIED
300546.SZ,雄帝科技,CHINEXT,2024-09-06,2016-09-28,,SZSE_OFFICIAL_LISTING_REGISTER,AUTHENTIC_EXCHANGE_VERIFIED
300547.SZ,川环科技,CHINEXT,2024-09-06,2016-09-30,,SZSE_OFFICIAL_LISTING_REGISTER,AUTHENTIC_EXCHANGE_VERIFIED
300548.SZ,长芯博创,CHINEXT,2024-09-06,2016-10-12,,SZSE_OFFICIAL_LISTING_REGISTER,AUTHENTIC_EXCHANGE_VERIFIED
300549.SZ,优德精密,CHINEXT,2024-09-06,2016-09-30,,SZSE_OFFICIAL_LISTING_REGISTER,AUTHENTIC_EXCHANGE_VERIFIED
300550.SZ,和仁科技,CHINEXT,2024-09-06,2016-10-18,,SZSE_OFFICIAL_LISTING_REGISTER,AUTHENTIC_EXCHANGE_VERIFIED
300551.SZ,古鳌科技,CHINEXT,2024-09-06,2016-10-18,,SZSE_OFFICIAL_LISTING_REGISTER,AUTHENTIC_EXCHANGE_VERIFIED
300552.SZ,万集科技,CHINEXT,2024-09-06,2016-10-21,,SZSE_OFFICIAL_LISTING_REGISTER,AUTHENTIC_EXCHANGE_VERIFIED
300553.SZ,集智股份,CHINEXT,2024-09-06,2016-10-21,,SZSE_OFFICIAL_LISTING_REGISTER,AUTHENTIC_EXCHANGE_VERIFIED
300554.SZ,三超新材,CHINEXT,2024-09-03,2017-04-21,,SZSE_OFFICIAL_LISTING_REGISTER,AUTHENTIC_EXCHANGE_VERIFIED
300555.SZ,ST路通,CHINEXT,2024-09-06,2016-10-18,,SZSE_OFFICIAL_LISTING_REGISTER,AUTHENTIC_EXCHANGE_VERIFIED
300556.SZ,丝路视觉,CHINEXT,2024-09-06,2016-11-04,,SZSE_OFFICIAL_LISTING_REGISTER,AUTHENTIC_EXCHANGE_VERIFIED
300557.SZ,理工光科,CHINEXT,2024-09-06,2016-11-01,,SZSE_OFFICIAL_LISTING_REGISTER,AUTHENTIC_EXCHANGE_VERIFIED
300558.SZ,贝达药业,CHINEXT,2024-09-06,2016-11-07,,SZSE_OFFICIAL_LISTING_REGISTER,AUTHENTIC_EXCHANGE_VERIFIED
300559.SZ,佳发教育,CHINEXT,2024-09-06,2016-11-01,,SZSE_OFFICIAL_LISTING_REGISTER,AUTHENTIC_EXCHANGE_VERIFIED
300560.SZ,中富通,CHINEXT,2024-09-06,2016-11-01,,SZSE_OFFICIAL_LISTING_REGISTER,AUTHENTIC_EXCHANGE_VERIFIED
300561.SZ,汇金科技,CHINEXT,2024-09-06,2016-11-17,,SZSE_OFFICIAL_LISTING_REGISTER,AUTHENTIC_EXCHANGE_VERIFIED
300562.SZ,乐心股份,CHINEXT,2024-09-06,2016-11-16,,SZSE_OFFICIAL_LISTING_REGISTER,AUTHENTIC_EXCHANGE_VERIFIED
300563.SZ,神宇股份,CHINEXT,2024-09-06,2016-11-14,,SZSE_OFFICIAL_LISTING_REGISTER,AUTHENTIC_EXCHANGE_VERIFIED
300564.SZ,筑博设计,CHINEXT,2024-09-06,2019-11-08,,SZSE_OFFICIAL_LISTING_REGISTER,AUTHENTIC_EXCHANGE_VERIFIED
300565.SZ,科信技术,CHINEXT,2024-09-06,2016-11-22,,SZSE_OFFICIAL_LISTING_REGISTER,AUTHENTIC_EXCHANGE_VERIFIED
300566.SZ,激智科技,CHINEXT,2024-09-06,2016-11-15,,SZSE_OFFICIAL_LISTING_REGISTER,AUTHENTIC_EXCHANGE_VERIFIED
300567.SZ,精测电子,CHINEXT,2024-09-06,2016-11-22,,SZSE_OFFICIAL_LISTING_REGISTER,AUTHENTIC_EXCHANGE_VERIFIED
300568.SZ,星源材质,CHINEXT,2024-09-06,2016-12-01,,SZSE_OFFICIAL_LISTING_REGISTER,AUTHENTIC_EXCHANGE_VERIFIED
300569.SZ,天能重工,CHINEXT,2024-09-06,2016-11-25,,SZSE_OFFICIAL_LISTING_REGISTER,AUTHENTIC_EXCHANGE_VERIFIED
300570.SZ,太辰光,CHINEXT,2024-09-06,2016-12-06,,SZSE_OFFICIAL_LISTING_REGISTER,AUTHENTIC_EXCHANGE_VERIFIED
300571.SZ,平治信息,CHINEXT,2024-09-06,2016-12-13,,SZSE_OFFICIAL_LISTING_REGISTER,AUTHENTIC_EXCHANGE_VERIFIED
300572.SZ,安车检测,CHINEXT,2024-09-06,2016-12-06,,SZSE_OFFICIAL_LISTING_REGISTER,AUTHENTIC_EXCHANGE_VERIFIED
300573.SZ,兴齐眼药,CHINEXT,2024-09-06,2016-12-08,,SZSE_OFFICIAL_LISTING_REGISTER,AUTHENTIC_EXCHANGE_VERIFIED
300575.SZ,中旗股份,CHINEXT,2024-09-06,2016-12-20,,SZSE_OFFICIAL_LISTING_REGISTER,AUTHENTIC_EXCHANGE_VERIFIED
300576.SZ,容大感光,CHINEXT,2024-09-06,2016-12-20,,SZSE_OFFICIAL_LISTING_REGISTER,AUTHENTIC_EXCHANGE_VERIFIED
300577.SZ,开润股份,CHINEXT,2024-09-06,2016-12-21,,SZSE_OFFICIAL_LISTING_REGISTER,AUTHENTIC_EXCHANGE_VERIFIED
300578.SZ,会畅科技,CHINEXT,2024-09-06,2017-01-25,,SZSE_OFFICIAL_LISTING_REGISTER,AUTHENTIC_EXCHANGE_VERIFIED
300579.SZ,数字认证,CHINEXT,2024-09-06,2016-12-23,,SZSE_OFFICIAL_LISTING_REGISTER,AUTHENTIC_EXCHANGE_VERIFIED
300580.SZ,贝斯特,CHINEXT,2024-09-06,2017-01-11,,SZSE_OFFICIAL_LISTING_REGISTER,AUTHENTIC_EXCHANGE_VERIFIED
300581.SZ,晨曦航空,CHINEXT,2024-09-06,2016-12-20,,SZSE_OFFICIAL_LISTING_REGISTER,AUTHENTIC_EXCHANGE_VERIFIED
300582.SZ,英飞特,CHINEXT,2024-09-06,2016-12-28,,SZSE_OFFICIAL_LISTING_REGISTER,AUTHENTIC_EXCHANGE_VERIFIED
300583.SZ,赛托生物,CHINEXT,2024-09-06,2017-01-06,,SZSE_OFFICIAL_LISTING_REGISTER,AUTHENTIC_EXCHANGE_VERIFIED
300584.SZ,海辰药业,CHINEXT,2024-09-06,2017-01-12,,SZSE_OFFICIAL_LISTING_REGISTER,AUTHENTIC_EXCHANGE_VERIFIED
300585.SZ,奥联电子,CHINEXT,2024-09-06,2016-12-29,,SZSE_OFFICIAL_LISTING_REGISTER,AUTHENTIC_EXCHANGE_VERIFIED
300586.SZ,美联新材,CHINEXT,2024-09-06,2017-01-04,,SZSE_OFFICIAL_LISTING_REGISTER,AUTHENTIC_EXCHANGE_VERIFIED
300587.SZ,天铁科技,CHINEXT,2024-09-06,2017-01-05,,SZSE_OFFICIAL_LISTING_REGISTER,AUTHENTIC_EXCHANGE_VERIFIED
300588.SZ,熙菱信息,CHINEXT,2024-09-06,2017-01-05,,SZSE_OFFICIAL_LISTING_REGISTER,AUTHENTIC_EXCHANGE_VERIFIED
300589.SZ,江龙船艇,CHINEXT,2024-09-06,2017-01-13,,SZSE_OFFICIAL_LISTING_REGISTER,AUTHENTIC_EXCHANGE_VERIFIED
300590.SZ,移为通信,CHINEXT,2024-09-06,2017-01-11,,SZSE_OFFICIAL_LISTING_REGISTER,AUTHENTIC_EXCHANGE_VERIFIED
300591.SZ,万里马,CHINEXT,2024-09-06,2017-01-10,,SZSE_OFFICIAL_LISTING_REGISTER,AUTHENTIC_EXCHANGE_VERIFIED
300592.SZ,华凯易佰,CHINEXT,2024-09-06,2017-01-20,,SZSE_OFFICIAL_LISTING_REGISTER,AUTHENTIC_EXCHANGE_VERIFIED
300593.SZ,新雷能,CHINEXT,2024-09-06,2017-01-13,,SZSE_OFFICIAL_LISTING_REGISTER,AUTHENTIC_EXCHANGE_VERIFIED
300594.SZ,ST朗进,CHINEXT,2024-09-06,2019-06-21,,SZSE_OFFICIAL_LISTING_REGISTER,AUTHENTIC_EXCHANGE_VERIFIED
300595.SZ,欧普康视,CHINEXT,2024-09-06,2017-01-17,,SZSE_OFFICIAL_LISTING_REGISTER,AUTHENTIC_EXCHANGE_VERIFIED
300596.SZ,利安隆,CHINEXT,2024-09-06,2017-01-19,,SZSE_OFFICIAL_LISTING_REGISTER,AUTHENTIC_EXCHANGE_VERIFIED
300597.SZ,吉大通信,CHINEXT,2024-09-06,2017-01-23,,SZSE_OFFICIAL_LISTING_REGISTER,AUTHENTIC_EXCHANGE_VERIFIED
300598.SZ,诚迈科技,CHINEXT,2024-09-06,2017-01-20,,SZSE_OFFICIAL_LISTING_REGISTER,AUTHENTIC_EXCHANGE_VERIFIED
300599.SZ,雄塑科技,CHINEXT,2024-09-06,2017-01-23,,SZSE_OFFICIAL_LISTING_REGISTER,AUTHENTIC_EXCHANGE_VERIFIED
300600.SZ,国瑞科技,CHINEXT,2024-09-06,2017-01-25,,SZSE_OFFICIAL_LISTING_REGISTER,AUTHENTIC_EXCHANGE_VERIFIED
300601.SZ,康泰生物,CHINEXT,2024-09-06,2017-02-07,,SZSE_OFFICIAL_LISTING_REGISTER,AUTHENTIC_EXCHANGE_VERIFIED
300602.SZ,飞荣达,CHINEXT,2024-09-06,2017-01-26,,SZSE_OFFICIAL_LISTING_REGISTER,AUTHENTIC_EXCHANGE_VERIFIED
300603.SZ,立昂技术,CHINEXT,2024-09-06,2017-01-26,,SZSE_OFFICIAL_LISTING_REGISTER,AUTHENTIC_EXCHANGE_VERIFIED
300604.SZ,长川科技,CHINEXT,2024-09-06,2017-04-17,,SZSE_OFFICIAL_LISTING_REGISTER,AUTHENTIC_EXCHANGE_VERIFIED
300605.SZ,恒锋信息,CHINEXT,2024-09-06,2017-02-08,,SZSE_OFFICIAL_LISTING_REGISTER,AUTHENTIC_EXCHANGE_VERIFIED
300606.SZ,金太阳,CHINEXT,2024-09-06,2017-02-08,,SZSE_OFFICIAL_LISTING_REGISTER,AUTHENTIC_EXCHANGE_VERIFIED
300607.SZ,拓斯达,CHINEXT,2024-09-06,2017-02-09,,SZSE_OFFICIAL_LISTING_REGISTER,AUTHENTIC_EXCHANGE_VERIFIED
300608.SZ,思特奇,CHINEXT,2024-09-06,2017-02-13,,SZSE_OFFICIAL_LISTING_REGISTER,AUTHENTIC_EXCHANGE_VERIFIED
300609.SZ,汇纳科技,CHINEXT,2024-09-06,2017-02-15,,SZSE_OFFICIAL_LISTING_REGISTER,AUTHENTIC_EXCHANGE_VERIFIED
300610.SZ,晨化股份,CHINEXT,2024-09-06,2017-02-13,,SZSE_OFFICIAL_LISTING_REGISTER,AUTHENTIC_EXCHANGE_VERIFIED
300611.SZ,美力科技,CHINEXT,2024-09-06,2017-02-20,,SZSE_OFFICIAL_LISTING_REGISTER,AUTHENTIC_EXCHANGE_VERIFIED
300612.SZ,宣亚国际,CHINEXT,2024-09-06,2017-02-15,,SZSE_OFFICIAL_LISTING_REGISTER,AUTHENTIC_EXCHANGE_VERIFIED
300613.SZ,富瀚微,CHINEXT,2024-09-06,2017-02-20,,SZSE_OFFICIAL_LISTING_REGISTER,AUTHENTIC_EXCHANGE_VERIFIED
300614.SZ,百川畅银,CHINEXT,2024-09-06,2021-05-25,,SZSE_OFFICIAL_LISTING_REGISTER,AUTHENTIC_EXCHANGE_VERIFIED
300615.SZ,欣天科技,CHINEXT,2024-09-06,2017-02-15,,SZSE_OFFICIAL_LISTING_REGISTER,AUTHENTIC_EXCHANGE_VERIFIED
300616.SZ,尚品宅配,CHINEXT,2024-09-06,2017-03-07,,SZSE_OFFICIAL_LISTING_REGISTER,AUTHENTIC_EXCHANGE_VERIFIED
300617.SZ,安靠智电,CHINEXT,2024-09-06,2017-02-28,,SZSE_OFFICIAL_LISTING_REGISTER,AUTHENTIC_EXCHANGE_VERIFIED
300618.SZ,寒锐钴业,CHINEXT,2024-09-06,2017-03-06,,SZSE_OFFICIAL_LISTING_REGISTER,AUTHENTIC_EXCHANGE_VERIFIED
300619.SZ,金银河,CHINEXT,2024-09-06,2017-03-01,,SZSE_OFFICIAL_LISTING_REGISTER,AUTHENTIC_EXCHANGE_VERIFIED
300620.SZ,光库科技,CHINEXT,2024-09-06,2017-03-10,,SZSE_OFFICIAL_LISTING_REGISTER,AUTHENTIC_EXCHANGE_VERIFIED
300621.SZ,维业股份,CHINEXT,2024-09-06,2017-03-16,,SZSE_OFFICIAL_LISTING_REGISTER,AUTHENTIC_EXCHANGE_VERIFIED
300622.SZ,博士眼镜,CHINEXT,2024-09-06,2017-03-15,,SZSE_OFFICIAL_LISTING_REGISTER,AUTHENTIC_EXCHANGE_VERIFIED
300623.SZ,捷捷微电,CHINEXT,2024-09-06,2017-03-14,,SZSE_OFFICIAL_LISTING_REGISTER,AUTHENTIC_EXCHANGE_VERIFIED
300624.SZ,万兴科技,CHINEXT,2024-09-06,2018-01-18,,SZSE_OFFICIAL_LISTING_REGISTER,AUTHENTIC_EXCHANGE_VERIFIED
300625.SZ,三雄极光,CHINEXT,2024-09-06,2017-03-17,,SZSE_OFFICIAL_LISTING_REGISTER,AUTHENTIC_EXCHANGE_VERIFIED
300626.SZ,华瑞股份,CHINEXT,2024-09-06,2017-03-20,,SZSE_OFFICIAL_LISTING_REGISTER,AUTHENTIC_EXCHANGE_VERIFIED
300627.SZ,华测导航,CHINEXT,2024-09-06,2017-03-21,,SZSE_OFFICIAL_LISTING_REGISTER,AUTHENTIC_EXCHANGE_VERIFIED
300628.SZ,亿联网络,CHINEXT,2024-09-06,2017-03-17,,SZSE_OFFICIAL_LISTING_REGISTER,AUTHENTIC_EXCHANGE_VERIFIED
300629.SZ,新劲刚,CHINEXT,2024-09-06,2017-03-24,,SZSE_OFFICIAL_LISTING_REGISTER,AUTHENTIC_EXCHANGE_VERIFIED
300631.SZ,久吾高科,CHINEXT,2024-09-06,2017-03-23,,SZSE_OFFICIAL_LISTING_REGISTER,AUTHENTIC_EXCHANGE_VERIFIED
300632.SZ,光莆股份,CHINEXT,2024-09-06,2017-04-06,,SZSE_OFFICIAL_LISTING_REGISTER,AUTHENTIC_EXCHANGE_VERIFIED
300633.SZ,开立医疗,CHINEXT,2024-09-06,2017-04-06,,SZSE_OFFICIAL_LISTING_REGISTER,AUTHENTIC_EXCHANGE_VERIFIED
300634.SZ,彩讯股份,CHINEXT,2024-09-06,2018-03-23,,SZSE_OFFICIAL_LISTING_REGISTER,AUTHENTIC_EXCHANGE_VERIFIED
300635.SZ,中达安,CHINEXT,2024-09-06,2017-03-31,,SZSE_OFFICIAL_LISTING_REGISTER,AUTHENTIC_EXCHANGE_VERIFIED
300636.SZ,同和药业,CHINEXT,2024-09-06,2017-03-31,,SZSE_OFFICIAL_LISTING_REGISTER,AUTHENTIC_EXCHANGE_VERIFIED
300637.SZ,扬帆新材,CHINEXT,2024-09-06,2017-04-12,,SZSE_OFFICIAL_LISTING_REGISTER,AUTHENTIC_EXCHANGE_VERIFIED
300638.SZ,广和通,CHINEXT,2024-09-06,2017-04-13,,SZSE_OFFICIAL_LISTING_REGISTER,AUTHENTIC_EXCHANGE_VERIFIED
300639.SZ,凯普生物,CHINEXT,2024-09-06,2017-04-12,,SZSE_OFFICIAL_LISTING_REGISTER,AUTHENTIC_EXCHANGE_VERIFIED
300640.SZ,德艺文创,CHINEXT,2024-09-06,2017-04-17,,SZSE_OFFICIAL_LISTING_REGISTER,AUTHENTIC_EXCHANGE_VERIFIED
300641.SZ,正丹股份,CHINEXT,2024-09-06,2017-04-18,,SZSE_OFFICIAL_LISTING_REGISTER,AUTHENTIC_EXCHANGE_VERIFIED
300642.SZ,透景生命,CHINEXT,2024-09-06,2017-04-21,,SZSE_OFFICIAL_LISTING_REGISTER,AUTHENTIC_EXCHANGE_VERIFIED
300643.SZ,万通智控,CHINEXT,2024-09-06,2017-05-05,,SZSE_OFFICIAL_LISTING_REGISTER,AUTHENTIC_EXCHANGE_VERIFIED
300644.SZ,南京聚隆,CHINEXT,2024-09-06,2018-02-06,,SZSE_OFFICIAL_LISTING_REGISTER,AUTHENTIC_EXCHANGE_VERIFIED
300645.SZ,正元智慧,CHINEXT,2024-09-06,2017-04-21,,SZSE_OFFICIAL_LISTING_REGISTER,AUTHENTIC_EXCHANGE_VERIFIED
300647.SZ,超频三,CHINEXT,2024-09-06,2017-05-03,,SZSE_OFFICIAL_LISTING_REGISTER,AUTHENTIC_EXCHANGE_VERIFIED
300648.SZ,星云股份,CHINEXT,2024-09-06,2017-04-25,,SZSE_OFFICIAL_LISTING_REGISTER,AUTHENTIC_EXCHANGE_VERIFIED
300649.SZ,杭州园林,CHINEXT,2024-09-06,2017-05-05,,SZSE_OFFICIAL_LISTING_REGISTER,AUTHENTIC_EXCHANGE_VERIFIED
300650.SZ,太龙股份,CHINEXT,2024-09-06,2017-05-03,,SZSE_OFFICIAL_LISTING_REGISTER,AUTHENTIC_EXCHANGE_VERIFIED
300651.SZ,金陵体育,CHINEXT,2024-09-06,2017-05-09,,SZSE_OFFICIAL_LISTING_REGISTER,AUTHENTIC_EXCHANGE_VERIFIED
300652.SZ,雷迪克,CHINEXT,2024-09-06,2017-05-16,,SZSE_OFFICIAL_LISTING_REGISTER,AUTHENTIC_EXCHANGE_VERIFIED
300653.SZ,正海生物,CHINEXT,2024-09-06,2017-05-16,,SZSE_OFFICIAL_LISTING_REGISTER,AUTHENTIC_EXCHANGE_VERIFIED
300654.SZ,世纪天鸿,CHINEXT,2024-09-06,2017-09-26,,SZSE_OFFICIAL_LISTING_REGISTER,AUTHENTIC_EXCHANGE_VERIFIED
300655.SZ,晶瑞电材,CHINEXT,2024-09-06,2017-05-23,,SZSE_OFFICIAL_LISTING_REGISTER,AUTHENTIC_EXCHANGE_VERIFIED
300656.SZ,民德电子,CHINEXT,2024-09-06,2017-05-19,,SZSE_OFFICIAL_LISTING_REGISTER,AUTHENTIC_EXCHANGE_VERIFIED
300657.SZ,弘信电子,CHINEXT,2024-09-06,2017-05-23,,SZSE_OFFICIAL_LISTING_REGISTER,AUTHENTIC_EXCHANGE_VERIFIED
300658.SZ,延江股份,CHINEXT,2024-09-06,2017-06-02,,SZSE_OFFICIAL_LISTING_REGISTER,AUTHENTIC_EXCHANGE_VERIFIED
300659.SZ,中孚信息,CHINEXT,2024-09-06,2017-05-26,,SZSE_OFFICIAL_LISTING_REGISTER,AUTHENTIC_EXCHANGE_VERIFIED
300660.SZ,江苏雷利,CHINEXT,2024-09-06,2017-06-02,,SZSE_OFFICIAL_LISTING_REGISTER,AUTHENTIC_EXCHANGE_VERIFIED
300661.SZ,圣邦股份,CHINEXT,2024-09-06,2017-06-06,,SZSE_OFFICIAL_LISTING_REGISTER,AUTHENTIC_EXCHANGE_VERIFIED
300662.SZ,科锐国际,CHINEXT,2024-09-06,2017-06-08,,SZSE_OFFICIAL_LISTING_REGISTER,AUTHENTIC_EXCHANGE_VERIFIED
300663.SZ,科蓝软件,CHINEXT,2024-09-06,2017-06-08,,SZSE_OFFICIAL_LISTING_REGISTER,AUTHENTIC_EXCHANGE_VERIFIED
300664.SZ,鹏鹞环保,CHINEXT,2024-09-06,2018-01-05,,SZSE_OFFICIAL_LISTING_REGISTER,AUTHENTIC_EXCHANGE_VERIFIED
300665.SZ,飞鹿股份,CHINEXT,2024-09-06,2017-06-13,,SZSE_OFFICIAL_LISTING_REGISTER,AUTHENTIC_EXCHANGE_VERIFIED
300666.SZ,江丰电子,CHINEXT,2024-08-30,2017-06-15,,SZSE_OFFICIAL_LISTING_REGISTER,AUTHENTIC_EXCHANGE_VERIFIED
300667.SZ,必创科技,CHINEXT,2024-09-06,2017-06-19,,SZSE_OFFICIAL_LISTING_REGISTER,AUTHENTIC_EXCHANGE_VERIFIED
300668.SZ,杰恩股份,CHINEXT,2024-09-06,2017-06-19,,SZSE_OFFICIAL_LISTING_REGISTER,AUTHENTIC_EXCHANGE_VERIFIED
300669.SZ,沪宁股份,CHINEXT,2024-09-06,2017-06-29,,SZSE_OFFICIAL_LISTING_REGISTER,AUTHENTIC_EXCHANGE_VERIFIED
300670.SZ,大烨智能,CHINEXT,2024-09-06,2017-07-03,,SZSE_OFFICIAL_LISTING_REGISTER,AUTHENTIC_EXCHANGE_VERIFIED
300671.SZ,富满微,CHINEXT,2024-09-06,2017-07-05,,SZSE_OFFICIAL_LISTING_REGISTER,AUTHENTIC_EXCHANGE_VERIFIED
300672.SZ,国科微,CHINEXT,2024-08-23,2017-07-12,,SZSE_OFFICIAL_LISTING_REGISTER,AUTHENTIC_EXCHANGE_VERIFIED
300673.SZ,佩蒂股份,CHINEXT,2024-09-06,2017-07-11,,SZSE_OFFICIAL_LISTING_REGISTER,AUTHENTIC_EXCHANGE_VERIFIED
300674.SZ,宇信科技,CHINEXT,2024-09-06,2018-11-07,,SZSE_OFFICIAL_LISTING_REGISTER,AUTHENTIC_EXCHANGE_VERIFIED
300675.SZ,建科院,CHINEXT,2024-09-06,2017-07-19,,SZSE_OFFICIAL_LISTING_REGISTER,AUTHENTIC_EXCHANGE_VERIFIED
300676.SZ,华大基因,CHINEXT,2024-09-06,2017-07-14,,SZSE_OFFICIAL_LISTING_REGISTER,AUTHENTIC_EXCHANGE_VERIFIED
300677.SZ,英科医疗,CHINEXT,2024-09-06,2017-07-21,,SZSE_OFFICIAL_LISTING_REGISTER,AUTHENTIC_EXCHANGE_VERIFIED
300678.SZ,中科信息,CHINEXT,2024-09-06,2017-07-28,,SZSE_OFFICIAL_LISTING_REGISTER,AUTHENTIC_EXCHANGE_VERIFIED
300679.SZ,电连技术,CHINEXT,2024-09-06,2017-07-31,,SZSE_OFFICIAL_LISTING_REGISTER,AUTHENTIC_EXCHANGE_VERIFIED
300680.SZ,隆盛科技,CHINEXT,2024-09-06,2017-07-25,,SZSE_OFFICIAL_LISTING_REGISTER,AUTHENTIC_EXCHANGE_VERIFIED
300681.SZ,英搏尔,CHINEXT,2024-09-06,2017-07-25,,SZSE_OFFICIAL_LISTING_REGISTER,AUTHENTIC_EXCHANGE_VERIFIED
300682.SZ,朗新科技,CHINEXT,2024-09-06,2017-08-01,,SZSE_OFFICIAL_LISTING_REGISTER,AUTHENTIC_EXCHANGE_VERIFIED
300683.SZ,海特生物,CHINEXT,2024-09-06,2017-08-08,,SZSE_OFFICIAL_LISTING_REGISTER,AUTHENTIC_EXCHANGE_VERIFIED
300684.SZ,中石科技,CHINEXT,2024-09-06,2017-12-27,,SZSE_OFFICIAL_LISTING_REGISTER,AUTHENTIC_EXCHANGE_VERIFIED
300685.SZ,艾德生物,CHINEXT,2024-09-02,2017-08-02,,SZSE_OFFICIAL_LISTING_REGISTER,AUTHENTIC_EXCHANGE_VERIFIED
300686.SZ,智动力,CHINEXT,2024-09-06,2017-08-04,,SZSE_OFFICIAL_LISTING_REGISTER,AUTHENTIC_EXCHANGE_VERIFIED
300687.SZ,赛意信息,CHINEXT,2024-09-06,2017-08-03,,SZSE_OFFICIAL_LISTING_REGISTER,AUTHENTIC_EXCHANGE_VERIFIED
300688.SZ,创业黑马,CHINEXT,2024-09-06,2017-08-10,,SZSE_OFFICIAL_LISTING_REGISTER,AUTHENTIC_EXCHANGE_VERIFIED
300689.SZ,澄天伟业,CHINEXT,2024-09-06,2017-08-09,,SZSE_OFFICIAL_LISTING_REGISTER,AUTHENTIC_EXCHANGE_VERIFIED
300690.SZ,双一科技,CHINEXT,2024-09-06,2017-08-08,,SZSE_OFFICIAL_LISTING_REGISTER,AUTHENTIC_EXCHANGE_VERIFIED
300691.SZ,联合光电,CHINEXT,2024-09-06,2017-08-11,,SZSE_OFFICIAL_LISTING_REGISTER,AUTHENTIC_EXCHANGE_VERIFIED
300692.SZ,中赋科技,CHINEXT,2024-09-06,2017-08-21,,SZSE_OFFICIAL_LISTING_REGISTER,AUTHENTIC_EXCHANGE_VERIFIED
300693.SZ,盛弘股份,CHINEXT,2024-09-06,2017-08-22,,SZSE_OFFICIAL_LISTING_REGISTER,AUTHENTIC_EXCHANGE_VERIFIED
300694.SZ,蠡湖股份,CHINEXT,2024-09-06,2018-10-15,,SZSE_OFFICIAL_LISTING_REGISTER,AUTHENTIC_EXCHANGE_VERIFIED
300695.SZ,兆丰股份,CHINEXT,2024-09-06,2017-09-08,,SZSE_OFFICIAL_LISTING_REGISTER,AUTHENTIC_EXCHANGE_VERIFIED
300696.SZ,爱乐达,CHINEXT,2024-09-06,2017-08-22,,SZSE_OFFICIAL_LISTING_REGISTER,AUTHENTIC_EXCHANGE_VERIFIED
300697.SZ,电工合金,CHINEXT,2024-09-06,2017-09-07,,SZSE_OFFICIAL_LISTING_REGISTER,AUTHENTIC_EXCHANGE_VERIFIED
300698.SZ,万马科技,CHINEXT,2024-09-06,2017-08-31,,SZSE_OFFICIAL_LISTING_REGISTER,AUTHENTIC_EXCHANGE_VERIFIED
300699.SZ,光威复材,CHINEXT,2024-09-06,2017-09-01,,SZSE_OFFICIAL_LISTING_REGISTER,AUTHENTIC_EXCHANGE_VERIFIED
300700.SZ,岱勒新材,CHINEXT,2024-09-06,2017-09-12,,SZSE_OFFICIAL_LISTING_REGISTER,AUTHENTIC_EXCHANGE_VERIFIED
300701.SZ,森霸传感,CHINEXT,2024-09-06,2017-09-15,,SZSE_OFFICIAL_LISTING_REGISTER,AUTHENTIC_EXCHANGE_VERIFIED
300702.SZ,天宇股份,CHINEXT,2024-09-06,2017-09-19,,SZSE_OFFICIAL_LISTING_REGISTER,AUTHENTIC_EXCHANGE_VERIFIED
300703.SZ,创源股份,CHINEXT,2024-09-06,2017-09-19,,SZSE_OFFICIAL_LISTING_REGISTER,AUTHENTIC_EXCHANGE_VERIFIED
300705.SZ,九典制药,CHINEXT,2024-09-06,2017-10-10,,SZSE_OFFICIAL_LISTING_REGISTER,AUTHENTIC_EXCHANGE_VERIFIED
300706.SZ,阿石创,CHINEXT,2024-09-06,2017-09-26,,SZSE_OFFICIAL_LISTING_REGISTER,AUTHENTIC_EXCHANGE_VERIFIED
300707.SZ,威唐工业,CHINEXT,2024-09-06,2017-10-10,,SZSE_OFFICIAL_LISTING_REGISTER,AUTHENTIC_EXCHANGE_VERIFIED
300708.SZ,聚灿光电,CHINEXT,2024-09-06,2017-10-16,,SZSE_OFFICIAL_LISTING_REGISTER,AUTHENTIC_EXCHANGE_VERIFIED
300709.SZ,精研科技,CHINEXT,2024-09-06,2017-10-19,,SZSE_OFFICIAL_LISTING_REGISTER,AUTHENTIC_EXCHANGE_VERIFIED
300710.SZ,万隆光电,CHINEXT,2024-09-06,2017-10-19,,SZSE_OFFICIAL_LISTING_REGISTER,AUTHENTIC_EXCHANGE_VERIFIED
300711.SZ,广哈通信,CHINEXT,2024-09-06,2017-11-01,,SZSE_OFFICIAL_LISTING_REGISTER,AUTHENTIC_EXCHANGE_VERIFIED
300712.SZ,永福股份,CHINEXT,2024-09-06,2017-10-31,,SZSE_OFFICIAL_LISTING_REGISTER,AUTHENTIC_EXCHANGE_VERIFIED
300713.SZ,英可瑞,CHINEXT,2024-09-06,2017-11-01,,SZSE_OFFICIAL_LISTING_REGISTER,AUTHENTIC_EXCHANGE_VERIFIED
300715.SZ,凯伦股份,CHINEXT,2024-09-06,2017-10-26,,SZSE_OFFICIAL_LISTING_REGISTER,AUTHENTIC_EXCHANGE_VERIFIED
300716.SZ,*ST泉为,CHINEXT,2024-09-06,2017-11-09,,SZSE_OFFICIAL_LISTING_REGISTER,AUTHENTIC_EXCHANGE_VERIFIED
300717.SZ,华信新材,CHINEXT,2024-09-06,2017-11-06,,SZSE_OFFICIAL_LISTING_REGISTER,AUTHENTIC_EXCHANGE_VERIFIED
300718.SZ,长盛轴承,CHINEXT,2024-09-06,2017-11-06,,SZSE_OFFICIAL_LISTING_REGISTER,AUTHENTIC_EXCHANGE_VERIFIED
300719.SZ,安达维尔,CHINEXT,2024-09-06,2017-11-09,,SZSE_OFFICIAL_LISTING_REGISTER,AUTHENTIC_EXCHANGE_VERIFIED
300720.SZ,海川智能,CHINEXT,2024-09-06,2017-11-06,,SZSE_OFFICIAL_LISTING_REGISTER,AUTHENTIC_EXCHANGE_VERIFIED
300721.SZ,怡达股份,CHINEXT,2024-09-06,2017-11-15,,SZSE_OFFICIAL_LISTING_REGISTER,AUTHENTIC_EXCHANGE_VERIFIED
300722.SZ,新余国科,CHINEXT,2024-09-06,2017-11-10,,SZSE_OFFICIAL_LISTING_REGISTER,AUTHENTIC_EXCHANGE_VERIFIED
300723.SZ,一品红,CHINEXT,2024-09-06,2017-11-16,,SZSE_OFFICIAL_LISTING_REGISTER,AUTHENTIC_EXCHANGE_VERIFIED
300724.SZ,捷佳伟创,CHINEXT,2024-09-06,2018-08-10,,SZSE_OFFICIAL_LISTING_REGISTER,AUTHENTIC_EXCHANGE_VERIFIED
300725.SZ,药石科技,CHINEXT,2024-09-06,2017-11-10,,SZSE_OFFICIAL_LISTING_REGISTER,AUTHENTIC_EXCHANGE_VERIFIED
300726.SZ,宏达电子,CHINEXT,2024-09-06,2017-11-21,,SZSE_OFFICIAL_LISTING_REGISTER,AUTHENTIC_EXCHANGE_VERIFIED
300727.SZ,润禾材料,CHINEXT,2024-09-06,2017-11-27,,SZSE_OFFICIAL_LISTING_REGISTER,AUTHENTIC_EXCHANGE_VERIFIED
300729.SZ,乐歌股份,CHINEXT,2024-09-06,2017-12-01,,SZSE_OFFICIAL_LISTING_REGISTER,AUTHENTIC_EXCHANGE_VERIFIED
300730.SZ,科创信息,CHINEXT,2024-09-06,2017-12-05,,SZSE_OFFICIAL_LISTING_REGISTER,AUTHENTIC_EXCHANGE_VERIFIED
300731.SZ,科创新源,CHINEXT,2024-09-06,2017-12-08,,SZSE_OFFICIAL_LISTING_REGISTER,AUTHENTIC_EXCHANGE_VERIFIED
300732.SZ,设研院,CHINEXT,2024-09-06,2017-12-12,,SZSE_OFFICIAL_LISTING_REGISTER,AUTHENTIC_EXCHANGE_VERIFIED
300733.SZ,西菱动力,CHINEXT,2024-09-06,2018-01-16,,SZSE_OFFICIAL_LISTING_REGISTER,AUTHENTIC_EXCHANGE_VERIFIED
300735.SZ,光弘科技,CHINEXT,2024-09-06,2017-12-29,,SZSE_OFFICIAL_LISTING_REGISTER,AUTHENTIC_EXCHANGE_VERIFIED
300736.SZ,百邦科技,CHINEXT,2024-09-06,2018-01-09,,SZSE_OFFICIAL_LISTING_REGISTER,AUTHENTIC_EXCHANGE_VERIFIED
300737.SZ,科顺股份,CHINEXT,2024-09-06,2018-01-25,,SZSE_OFFICIAL_LISTING_REGISTER,AUTHENTIC_EXCHANGE_VERIFIED
300738.SZ,奥飞数据,CHINEXT,2024-09-06,2018-01-19,,SZSE_OFFICIAL_LISTING_REGISTER,AUTHENTIC_EXCHANGE_VERIFIED
300739.SZ,明阳电路,CHINEXT,2024-09-06,2018-02-01,,SZSE_OFFICIAL_LISTING_REGISTER,AUTHENTIC_EXCHANGE_VERIFIED
300740.SZ,水羊股份,CHINEXT,2024-09-06,2018-02-08,,SZSE_OFFICIAL_LISTING_REGISTER,AUTHENTIC_EXCHANGE_VERIFIED
300741.SZ,华宝股份,CHINEXT,2024-09-06,2018-03-01,,SZSE_OFFICIAL_LISTING_REGISTER,AUTHENTIC_EXCHANGE_VERIFIED
300743.SZ,天地数码,CHINEXT,2024-09-06,2018-04-27,,SZSE_OFFICIAL_LISTING_REGISTER,AUTHENTIC_EXCHANGE_VERIFIED
300745.SZ,欣锐科技,CHINEXT,2024-09-06,2018-05-23,,SZSE_OFFICIAL_LISTING_REGISTER,AUTHENTIC_EXCHANGE_VERIFIED
300746.SZ,汉嘉数智,CHINEXT,2024-09-06,2018-05-25,,SZSE_OFFICIAL_LISTING_REGISTER,AUTHENTIC_EXCHANGE_VERIFIED
300747.SZ,锐科激光,CHINEXT,2024-09-06,2018-06-25,,SZSE_OFFICIAL_LISTING_REGISTER,AUTHENTIC_EXCHANGE_VERIFIED
300748.SZ,金力永磁,CHINEXT,2024-09-06,2018-09-21,,SZSE_OFFICIAL_LISTING_REGISTER,AUTHENTIC_EXCHANGE_VERIFIED
300749.SZ,顶固集创,CHINEXT,2024-09-06,2018-09-25,,SZSE_OFFICIAL_LISTING_REGISTER,AUTHENTIC_EXCHANGE_VERIFIED
300750.SZ,宁德时代,CHINEXT,2023-01-13,2018-06-11,,SZSE_OFFICIAL_LISTING_REGISTER,AUTHENTIC_EXCHANGE_VERIFIED
300751.SZ,迈为股份,CHINEXT,2024-09-06,2018-11-09,,SZSE_OFFICIAL_LISTING_REGISTER,AUTHENTIC_EXCHANGE_VERIFIED
300752.SZ,隆利科技,CHINEXT,2024-09-06,2018-11-30,,SZSE_OFFICIAL_LISTING_REGISTER,AUTHENTIC_EXCHANGE_VERIFIED
300753.SZ,爱朋医疗,CHINEXT,2024-09-06,2018-12-13,,SZSE_OFFICIAL_LISTING_REGISTER,AUTHENTIC_EXCHANGE_VERIFIED
300755.SZ,华致酒行,CHINEXT,2024-09-06,2019-01-29,,SZSE_OFFICIAL_LISTING_REGISTER,AUTHENTIC_EXCHANGE_VERIFIED
300756.SZ,金马游乐,CHINEXT,2024-09-06,2018-12-28,,SZSE_OFFICIAL_LISTING_REGISTER,AUTHENTIC_EXCHANGE_VERIFIED
300757.SZ,罗博特科,CHINEXT,2024-09-06,2019-01-08,,SZSE_OFFICIAL_LISTING_REGISTER,AUTHENTIC_EXCHANGE_VERIFIED
300758.SZ,七彩化学,CHINEXT,2024-09-06,2019-02-22,,SZSE_OFFICIAL_LISTING_REGISTER,AUTHENTIC_EXCHANGE_VERIFIED
300759.SZ,康龙化成,CHINEXT,2024-09-06,2019-01-28,,SZSE_OFFICIAL_LISTING_REGISTER,AUTHENTIC_EXCHANGE_VERIFIED
300760.SZ,迈瑞医疗,CHINEXT,2023-01-13,2018-10-16,,SZSE_OFFICIAL_LISTING_REGISTER,AUTHENTIC_EXCHANGE_VERIFIED
300761.SZ,立华股份,CHINEXT,2024-09-06,2019-02-18,,SZSE_OFFICIAL_LISTING_REGISTER,AUTHENTIC_EXCHANGE_VERIFIED
300762.SZ,上海瀚讯,CHINEXT,2024-09-06,2019-03-14,,SZSE_OFFICIAL_LISTING_REGISTER,AUTHENTIC_EXCHANGE_VERIFIED
300763.SZ,锦浪科技,CHINEXT,2024-09-06,2019-03-19,,SZSE_OFFICIAL_LISTING_REGISTER,AUTHENTIC_EXCHANGE_VERIFIED
300765.SZ,石药创新,CHINEXT,2024-09-06,2019-03-22,,SZSE_OFFICIAL_LISTING_REGISTER,AUTHENTIC_EXCHANGE_VERIFIED
300766.SZ,每日互动,CHINEXT,2024-09-06,2019-03-25,,SZSE_OFFICIAL_LISTING_REGISTER,AUTHENTIC_EXCHANGE_VERIFIED
300767.SZ,震安科技,CHINEXT,2024-09-06,2019-03-29,,SZSE_OFFICIAL_LISTING_REGISTER,AUTHENTIC_EXCHANGE_VERIFIED
300768.SZ,迪普科技,CHINEXT,2024-09-06,2019-04-12,,SZSE_OFFICIAL_LISTING_REGISTER,AUTHENTIC_EXCHANGE_VERIFIED
300769.SZ,德方纳米,CHINEXT,2024-09-06,2019-04-15,,SZSE_OFFICIAL_LISTING_REGISTER,AUTHENTIC_EXCHANGE_VERIFIED
300770.SZ,新媒股份,CHINEXT,2024-09-06,2019-04-19,,SZSE_OFFICIAL_LISTING_REGISTER,AUTHENTIC_EXCHANGE_VERIFIED
300771.SZ,智莱科技,CHINEXT,2024-09-06,2019-04-22,,SZSE_OFFICIAL_LISTING_REGISTER,AUTHENTIC_EXCHANGE_VERIFIED
300772.SZ,运达股份,CHINEXT,2024-09-06,2019-04-26,,SZSE_OFFICIAL_LISTING_REGISTER,AUTHENTIC_EXCHANGE_VERIFIED
300773.SZ,拉卡拉,CHINEXT,2024-09-06,2019-04-25,,SZSE_OFFICIAL_LISTING_REGISTER,AUTHENTIC_EXCHANGE_VERIFIED
300774.SZ,倍杰特,CHINEXT,2024-09-06,2021-08-04,,SZSE_OFFICIAL_LISTING_REGISTER,AUTHENTIC_EXCHANGE_VERIFIED
300775.SZ,三角防务,CHINEXT,2024-09-06,2019-05-21,,SZSE_OFFICIAL_LISTING_REGISTER,AUTHENTIC_EXCHANGE_VERIFIED
300776.SZ,帝尔激光,CHINEXT,2024-09-06,2019-05-17,,SZSE_OFFICIAL_LISTING_REGISTER,AUTHENTIC_EXCHANGE_VERIFIED
300777.SZ,中简科技,CHINEXT,2024-09-06,2019-05-16,,SZSE_OFFICIAL_LISTING_REGISTER,AUTHENTIC_EXCHANGE_VERIFIED
300778.SZ,新城市,CHINEXT,2024-09-06,2019-05-10,,SZSE_OFFICIAL_LISTING_REGISTER,AUTHENTIC_EXCHANGE_VERIFIED
300779.SZ,惠城环保,CHINEXT,2024-09-06,2019-05-22,,SZSE_OFFICIAL_LISTING_REGISTER,AUTHENTIC_EXCHANGE_VERIFIED
300780.SZ,德恩精工,CHINEXT,2024-09-06,2019-05-31,,SZSE_OFFICIAL_LISTING_REGISTER,AUTHENTIC_EXCHANGE_VERIFIED
300781.SZ,因赛集团,CHINEXT,2024-09-06,2019-06-06,,SZSE_OFFICIAL_LISTING_REGISTER,AUTHENTIC_EXCHANGE_VERIFIED
300782.SZ,卓胜微,CHINEXT,2024-09-06,2019-06-18,,SZSE_OFFICIAL_LISTING_REGISTER,AUTHENTIC_EXCHANGE_VERIFIED
300783.SZ,三只松鼠,CHINEXT,2024-09-06,2019-07-12,,SZSE_OFFICIAL_LISTING_REGISTER,AUTHENTIC_EXCHANGE_VERIFIED
300784.SZ,利安科技,CHINEXT,2024-09-06,2024-06-07,,SZSE_OFFICIAL_LISTING_REGISTER,AUTHENTIC_EXCHANGE_VERIFIED
300785.SZ,值得买,CHINEXT,2024-09-06,2019-07-15,,SZSE_OFFICIAL_LISTING_REGISTER,AUTHENTIC_EXCHANGE_VERIFIED
300786.SZ,国林科技,CHINEXT,2024-09-06,2019-07-23,,SZSE_OFFICIAL_LISTING_REGISTER,AUTHENTIC_EXCHANGE_VERIFIED
300787.SZ,海能实业,CHINEXT,2024-09-06,2019-08-15,,SZSE_OFFICIAL_LISTING_REGISTER,AUTHENTIC_EXCHANGE_VERIFIED
300788.SZ,中信出版,CHINEXT,2024-09-06,2019-07-05,,SZSE_OFFICIAL_LISTING_REGISTER,AUTHENTIC_EXCHANGE_VERIFIED
300789.SZ,唐源电气,CHINEXT,2024-09-06,2019-08-28,,SZSE_OFFICIAL_LISTING_REGISTER,AUTHENTIC_EXCHANGE_VERIFIED
300790.SZ,宇瞳光学,CHINEXT,2024-09-06,2019-09-20,,SZSE_OFFICIAL_LISTING_REGISTER,AUTHENTIC_EXCHANGE_VERIFIED
300791.SZ,仙乐健康,CHINEXT,2024-09-06,2019-09-25,,SZSE_OFFICIAL_LISTING_REGISTER,AUTHENTIC_EXCHANGE_VERIFIED
300792.SZ,壹网壹创,CHINEXT,2024-09-06,2019-09-27,,SZSE_OFFICIAL_LISTING_REGISTER,AUTHENTIC_EXCHANGE_VERIFIED
300793.SZ,佳禾智能,CHINEXT,2024-09-06,2019-10-18,,SZSE_OFFICIAL_LISTING_REGISTER,AUTHENTIC_EXCHANGE_VERIFIED
300795.SZ,米奥会展,CHINEXT,2024-09-06,2019-10-22,,SZSE_OFFICIAL_LISTING_REGISTER,AUTHENTIC_EXCHANGE_VERIFIED
300796.SZ,贝斯美,CHINEXT,2024-09-06,2019-11-15,,SZSE_OFFICIAL_LISTING_REGISTER,AUTHENTIC_EXCHANGE_VERIFIED
300797.SZ,钢研纳克,CHINEXT,2024-09-06,2019-11-01,,SZSE_OFFICIAL_LISTING_REGISTER,AUTHENTIC_EXCHANGE_VERIFIED
300798.SZ,锦鸡股份,CHINEXT,2024-09-06,2019-11-22,,SZSE_OFFICIAL_LISTING_REGISTER,AUTHENTIC_EXCHANGE_VERIFIED
300800.SZ,力合科技,CHINEXT,2024-09-06,2019-11-06,,SZSE_OFFICIAL_LISTING_REGISTER,AUTHENTIC_EXCHANGE_VERIFIED
300801.SZ,泰和科技,CHINEXT,2024-09-06,2019-11-28,,SZSE_OFFICIAL_LISTING_REGISTER,AUTHENTIC_EXCHANGE_VERIFIED
300802.SZ,矩子科技,CHINEXT,2024-09-06,2019-11-14,,SZSE_OFFICIAL_LISTING_REGISTER,AUTHENTIC_EXCHANGE_VERIFIED
300803.SZ,指南针,CHINEXT,2024-09-06,2019-11-18,,SZSE_OFFICIAL_LISTING_REGISTER,AUTHENTIC_EXCHANGE_VERIFIED
300804.SZ,广康生化,CHINEXT,2024-09-06,2023-06-27,,SZSE_OFFICIAL_LISTING_REGISTER,AUTHENTIC_EXCHANGE_VERIFIED
300805.SZ,电声股份,CHINEXT,2024-09-06,2019-11-21,,SZSE_OFFICIAL_LISTING_REGISTER,AUTHENTIC_EXCHANGE_VERIFIED
300806.SZ,斯迪克,CHINEXT,2024-09-06,2019-11-25,,SZSE_OFFICIAL_LISTING_REGISTER,AUTHENTIC_EXCHANGE_VERIFIED
300807.SZ,天迈科技,CHINEXT,2024-09-06,2019-12-19,,SZSE_OFFICIAL_LISTING_REGISTER,AUTHENTIC_EXCHANGE_VERIFIED
300808.SZ,久量股份,CHINEXT,2024-09-06,2019-11-29,,SZSE_OFFICIAL_LISTING_REGISTER,AUTHENTIC_EXCHANGE_VERIFIED
300809.SZ,华辰装备,CHINEXT,2024-09-06,2019-12-04,,SZSE_OFFICIAL_LISTING_REGISTER,AUTHENTIC_EXCHANGE_VERIFIED
300810.SZ,中科海讯,CHINEXT,2024-09-06,2019-12-06,,SZSE_OFFICIAL_LISTING_REGISTER,AUTHENTIC_EXCHANGE_VERIFIED
300811.SZ,铂科新材,CHINEXT,2024-09-06,2019-12-30,,SZSE_OFFICIAL_LISTING_REGISTER,AUTHENTIC_EXCHANGE_VERIFIED
300812.SZ,易天股份,CHINEXT,2024-09-06,2020-01-09,,SZSE_OFFICIAL_LISTING_REGISTER,AUTHENTIC_EXCHANGE_VERIFIED
300813.SZ,泰林生物,CHINEXT,2024-09-06,2020-01-14,,SZSE_OFFICIAL_LISTING_REGISTER,AUTHENTIC_EXCHANGE_VERIFIED
300814.SZ,中富电路,CHINEXT,2024-09-06,2021-08-12,,SZSE_OFFICIAL_LISTING_REGISTER,AUTHENTIC_EXCHANGE_VERIFIED
300815.SZ,玉禾田,CHINEXT,2024-09-06,2020-01-23,,SZSE_OFFICIAL_LISTING_REGISTER,AUTHENTIC_EXCHANGE_VERIFIED
300816.SZ,艾可蓝,CHINEXT,2024-09-06,2020-02-10,,SZSE_OFFICIAL_LISTING_REGISTER,AUTHENTIC_EXCHANGE_VERIFIED
300817.SZ,双飞集团,CHINEXT,2024-09-06,2020-02-18,,SZSE_OFFICIAL_LISTING_REGISTER,AUTHENTIC_EXCHANGE_VERIFIED
300818.SZ,耐普矿机,CHINEXT,2024-09-06,2020-02-12,,SZSE_OFFICIAL_LISTING_REGISTER,AUTHENTIC_EXCHANGE_VERIFIED
300819.SZ,聚杰微纤,CHINEXT,2024-09-06,2020-03-12,,SZSE_OFFICIAL_LISTING_REGISTER,AUTHENTIC_EXCHANGE_VERIFIED
300820.SZ,英杰电气,CHINEXT,2024-09-06,2020-02-13,,SZSE_OFFICIAL_LISTING_REGISTER,AUTHENTIC_EXCHANGE_VERIFIED
300821.SZ,东岳硅材,CHINEXT,2024-09-06,2020-03-12,,SZSE_OFFICIAL_LISTING_REGISTER,AUTHENTIC_EXCHANGE_VERIFIED
300822.SZ,贝仕达克,CHINEXT,2024-09-06,2020-03-13,,SZSE_OFFICIAL_LISTING_REGISTER,AUTHENTIC_EXCHANGE_VERIFIED
300823.SZ,建科智能,CHINEXT,2024-09-06,2020-03-19,,SZSE_OFFICIAL_LISTING_REGISTER,AUTHENTIC_EXCHANGE_VERIFIED
300824.SZ,北鼎股份,CHINEXT,2024-09-06,2020-06-19,,SZSE_OFFICIAL_LISTING_REGISTER,AUTHENTIC_EXCHANGE_VERIFIED
300825.SZ,阿尔特,CHINEXT,2024-09-06,2020-03-27,,SZSE_OFFICIAL_LISTING_REGISTER,AUTHENTIC_EXCHANGE_VERIFIED
300826.SZ,测绘股份,CHINEXT,2024-09-06,2020-04-03,,SZSE_OFFICIAL_LISTING_REGISTER,AUTHENTIC_EXCHANGE_VERIFIED
300827.SZ,上能电气,CHINEXT,2024-09-06,2020-04-10,,SZSE_OFFICIAL_LISTING_REGISTER,AUTHENTIC_EXCHANGE_VERIFIED
300828.SZ,锐新科技,CHINEXT,2024-09-06,2020-04-21,,SZSE_OFFICIAL_LISTING_REGISTER,AUTHENTIC_EXCHANGE_VERIFIED
300829.SZ,金丹科技,CHINEXT,2024-09-06,2020-04-22,,SZSE_OFFICIAL_LISTING_REGISTER,AUTHENTIC_EXCHANGE_VERIFIED
300830.SZ,金现代,CHINEXT,2024-09-06,2020-05-06,,SZSE_OFFICIAL_LISTING_REGISTER,AUTHENTIC_EXCHANGE_VERIFIED
300831.SZ,ST派瑞,CHINEXT,2024-09-06,2020-05-07,,SZSE_OFFICIAL_LISTING_REGISTER,AUTHENTIC_EXCHANGE_VERIFIED
300832.SZ,新产业,CHINEXT,2024-09-06,2020-05-12,,SZSE_OFFICIAL_LISTING_REGISTER,AUTHENTIC_EXCHANGE_VERIFIED
300833.SZ,浩洋股份,CHINEXT,2024-09-06,2020-05-20,,SZSE_OFFICIAL_LISTING_REGISTER,AUTHENTIC_EXCHANGE_VERIFIED
300834.SZ,星辉环材,CHINEXT,2024-09-06,2022-01-13,,SZSE_OFFICIAL_LISTING_REGISTER,AUTHENTIC_EXCHANGE_VERIFIED
300835.SZ,龙磁科技,CHINEXT,2024-09-06,2020-05-25,,SZSE_OFFICIAL_LISTING_REGISTER,AUTHENTIC_EXCHANGE_VERIFIED
300836.SZ,佰奥智能,CHINEXT,2024-09-06,2020-05-28,,SZSE_OFFICIAL_LISTING_REGISTER,AUTHENTIC_EXCHANGE_VERIFIED
300837.SZ,浙矿股份,CHINEXT,2024-09-06,2020-06-05,,SZSE_OFFICIAL_LISTING_REGISTER,AUTHENTIC_EXCHANGE_VERIFIED
300838.SZ,浙江力诺,CHINEXT,2024-09-06,2020-06-08,,SZSE_OFFICIAL_LISTING_REGISTER,AUTHENTIC_EXCHANGE_VERIFIED
300839.SZ,博汇股份,CHINEXT,2024-08-30,2020-06-30,,SZSE_OFFICIAL_LISTING_REGISTER,AUTHENTIC_EXCHANGE_VERIFIED
300840.SZ,酷特智能,CHINEXT,2024-09-06,2020-07-08,,SZSE_OFFICIAL_LISTING_REGISTER,AUTHENTIC_EXCHANGE_VERIFIED
300841.SZ,康华生物,CHINEXT,2024-09-06,2020-06-16,,SZSE_OFFICIAL_LISTING_REGISTER,AUTHENTIC_EXCHANGE_VERIFIED
300842.SZ,帝科股份,CHINEXT,2024-09-06,2020-06-18,,SZSE_OFFICIAL_LISTING_REGISTER,AUTHENTIC_EXCHANGE_VERIFIED
300843.SZ,胜蓝股份,CHINEXT,2024-09-06,2020-07-02,,SZSE_OFFICIAL_LISTING_REGISTER,AUTHENTIC_EXCHANGE_VERIFIED
300844.SZ,山水比德,CHINEXT,2024-09-06,2021-08-13,,SZSE_OFFICIAL_LISTING_REGISTER,AUTHENTIC_EXCHANGE_VERIFIED
300845.SZ,捷安高科,CHINEXT,2024-09-06,2020-07-03,,SZSE_OFFICIAL_LISTING_REGISTER,AUTHENTIC_EXCHANGE_VERIFIED
300846.SZ,首都在线,CHINEXT,2024-09-06,2020-07-01,,SZSE_OFFICIAL_LISTING_REGISTER,AUTHENTIC_EXCHANGE_VERIFIED
300847.SZ,中船汉光,CHINEXT,2024-09-06,2020-07-09,,SZSE_OFFICIAL_LISTING_REGISTER,AUTHENTIC_EXCHANGE_VERIFIED
300848.SZ,美瑞新材,CHINEXT,2024-09-06,2020-07-20,,SZSE_OFFICIAL_LISTING_REGISTER,AUTHENTIC_EXCHANGE_VERIFIED
300849.SZ,锦盛新材,CHINEXT,2024-09-06,2020-07-10,,SZSE_OFFICIAL_LISTING_REGISTER,AUTHENTIC_EXCHANGE_VERIFIED
300850.SZ,新强联,CHINEXT,2024-09-06,2020-07-13,,SZSE_OFFICIAL_LISTING_REGISTER,AUTHENTIC_EXCHANGE_VERIFIED
300851.SZ,交大思诺,CHINEXT,2024-09-06,2020-07-17,,SZSE_OFFICIAL_LISTING_REGISTER,AUTHENTIC_EXCHANGE_VERIFIED
300852.SZ,四会富仕,CHINEXT,2024-09-06,2020-07-13,,SZSE_OFFICIAL_LISTING_REGISTER,AUTHENTIC_EXCHANGE_VERIFIED
300853.SZ,申昊科技,CHINEXT,2024-09-06,2020-07-24,,SZSE_OFFICIAL_LISTING_REGISTER,AUTHENTIC_EXCHANGE_VERIFIED
300854.SZ,中兰环保,CHINEXT,2024-09-06,2021-09-16,,SZSE_OFFICIAL_LISTING_REGISTER,AUTHENTIC_EXCHANGE_VERIFIED
300855.SZ,图南股份,CHINEXT,2024-09-06,2020-07-23,,SZSE_OFFICIAL_LISTING_REGISTER,AUTHENTIC_EXCHANGE_VERIFIED
300856.SZ,科思股份,CHINEXT,2024-09-06,2020-07-22,,SZSE_OFFICIAL_LISTING_REGISTER,AUTHENTIC_EXCHANGE_VERIFIED
300857.SZ,协创数据,CHINEXT,2024-09-06,2020-07-27,,SZSE_OFFICIAL_LISTING_REGISTER,AUTHENTIC_EXCHANGE_VERIFIED
300858.SZ,科拓生物,CHINEXT,2024-09-06,2020-07-27,,SZSE_OFFICIAL_LISTING_REGISTER,AUTHENTIC_EXCHANGE_VERIFIED
300859.SZ,西域旅游,CHINEXT,2024-09-06,2020-08-06,,SZSE_OFFICIAL_LISTING_REGISTER,AUTHENTIC_EXCHANGE_VERIFIED
300860.SZ,锋尚文化,CHINEXT,2024-09-06,2020-08-24,,SZSE_OFFICIAL_LISTING_REGISTER,AUTHENTIC_EXCHANGE_VERIFIED
300861.SZ,美畅股份,CHINEXT,2024-09-06,2020-08-24,,SZSE_OFFICIAL_LISTING_REGISTER,AUTHENTIC_EXCHANGE_VERIFIED
300862.SZ,蓝盾光电,CHINEXT,2024-09-06,2020-08-24,,SZSE_OFFICIAL_LISTING_REGISTER,AUTHENTIC_EXCHANGE_VERIFIED
300863.SZ,卡倍亿,CHINEXT,2024-09-06,2020-08-24,,SZSE_OFFICIAL_LISTING_REGISTER,AUTHENTIC_EXCHANGE_VERIFIED
300864.SZ,南大环境,CHINEXT,2024-09-06,2020-08-24,,SZSE_OFFICIAL_LISTING_REGISTER,AUTHENTIC_EXCHANGE_VERIFIED
300865.SZ,大宏立,CHINEXT,2024-09-06,2020-08-24,,SZSE_OFFICIAL_LISTING_REGISTER,AUTHENTIC_EXCHANGE_VERIFIED
300866.SZ,安克创新,CHINEXT,2024-09-06,2020-08-24,,SZSE_OFFICIAL_LISTING_REGISTER,AUTHENTIC_EXCHANGE_VERIFIED
300867.SZ,圣元环保,CHINEXT,2024-09-06,2020-08-24,,SZSE_OFFICIAL_LISTING_REGISTER,AUTHENTIC_EXCHANGE_VERIFIED
300868.SZ,杰美特,CHINEXT,2024-09-06,2020-08-24,,SZSE_OFFICIAL_LISTING_REGISTER,AUTHENTIC_EXCHANGE_VERIFIED
300869.SZ,康泰医学,CHINEXT,2024-09-06,2020-08-24,,SZSE_OFFICIAL_LISTING_REGISTER,AUTHENTIC_EXCHANGE_VERIFIED
300870.SZ,欧陆通,CHINEXT,2024-09-06,2020-08-24,,SZSE_OFFICIAL_LISTING_REGISTER,AUTHENTIC_EXCHANGE_VERIFIED
300871.SZ,回盛生物,CHINEXT,2024-09-06,2020-08-24,,SZSE_OFFICIAL_LISTING_REGISTER,AUTHENTIC_EXCHANGE_VERIFIED
300872.SZ,天阳科技,CHINEXT,2024-09-06,2020-08-24,,SZSE_OFFICIAL_LISTING_REGISTER,AUTHENTIC_EXCHANGE_VERIFIED
300873.SZ,海晨股份,CHINEXT,2024-09-06,2020-08-24,,SZSE_OFFICIAL_LISTING_REGISTER,AUTHENTIC_EXCHANGE_VERIFIED
300875.SZ,捷强装备,CHINEXT,2024-09-06,2020-08-24,,SZSE_OFFICIAL_LISTING_REGISTER,AUTHENTIC_EXCHANGE_VERIFIED
300876.SZ,蒙泰高新,CHINEXT,2024-09-06,2020-08-24,,SZSE_OFFICIAL_LISTING_REGISTER,AUTHENTIC_EXCHANGE_VERIFIED
300877.SZ,金春股份,CHINEXT,2024-09-06,2020-08-24,,SZSE_OFFICIAL_LISTING_REGISTER,AUTHENTIC_EXCHANGE_VERIFIED
300878.SZ,维康药业,CHINEXT,2024-09-06,2020-08-24,,SZSE_OFFICIAL_LISTING_REGISTER,AUTHENTIC_EXCHANGE_VERIFIED
300879.SZ,大叶股份,CHINEXT,2024-09-06,2020-09-01,,SZSE_OFFICIAL_LISTING_REGISTER,AUTHENTIC_EXCHANGE_VERIFIED
300880.SZ,迦南智能,CHINEXT,2024-09-06,2020-09-01,,SZSE_OFFICIAL_LISTING_REGISTER,AUTHENTIC_EXCHANGE_VERIFIED
300881.SZ,盛德鑫泰,CHINEXT,2024-09-06,2020-09-01,,SZSE_OFFICIAL_LISTING_REGISTER,AUTHENTIC_EXCHANGE_VERIFIED
300882.SZ,万胜智能,CHINEXT,2024-09-06,2020-09-10,,SZSE_OFFICIAL_LISTING_REGISTER,AUTHENTIC_EXCHANGE_VERIFIED
300883.SZ,龙利得,CHINEXT,2024-09-06,2020-09-10,,SZSE_OFFICIAL_LISTING_REGISTER,AUTHENTIC_EXCHANGE_VERIFIED
300884.SZ,狄耐克,CHINEXT,2024-09-06,2020-11-12,,SZSE_OFFICIAL_LISTING_REGISTER,AUTHENTIC_EXCHANGE_VERIFIED
300885.SZ,海昌新材,CHINEXT,2024-09-06,2020-09-10,,SZSE_OFFICIAL_LISTING_REGISTER,AUTHENTIC_EXCHANGE_VERIFIED
300886.SZ,华业香料,CHINEXT,2024-09-06,2020-09-16,,SZSE_OFFICIAL_LISTING_REGISTER,AUTHENTIC_EXCHANGE_VERIFIED
300887.SZ,谱尼测试,CHINEXT,2024-09-06,2020-09-16,,SZSE_OFFICIAL_LISTING_REGISTER,AUTHENTIC_EXCHANGE_VERIFIED
300888.SZ,稳健医疗,CHINEXT,2024-09-06,2020-09-17,,SZSE_OFFICIAL_LISTING_REGISTER,AUTHENTIC_EXCHANGE_VERIFIED
300889.SZ,爱克股份,CHINEXT,2024-09-06,2020-09-16,,SZSE_OFFICIAL_LISTING_REGISTER,AUTHENTIC_EXCHANGE_VERIFIED
300890.SZ,翔丰华,CHINEXT,2024-09-06,2020-09-17,,SZSE_OFFICIAL_LISTING_REGISTER,AUTHENTIC_EXCHANGE_VERIFIED
300891.SZ,惠云钛业,CHINEXT,2024-09-06,2020-09-17,,SZSE_OFFICIAL_LISTING_REGISTER,AUTHENTIC_EXCHANGE_VERIFIED
300892.SZ,品渥食品,CHINEXT,2024-09-06,2020-09-24,,SZSE_OFFICIAL_LISTING_REGISTER,AUTHENTIC_EXCHANGE_VERIFIED
300893.SZ,松原安全,CHINEXT,2024-09-06,2020-09-24,,SZSE_OFFICIAL_LISTING_REGISTER,AUTHENTIC_EXCHANGE_VERIFIED
300894.SZ,火星人,CHINEXT,2024-09-06,2020-12-31,,SZSE_OFFICIAL_LISTING_REGISTER,AUTHENTIC_EXCHANGE_VERIFIED
300895.SZ,铜牛信息,CHINEXT,2024-09-06,2020-09-24,,SZSE_OFFICIAL_LISTING_REGISTER,AUTHENTIC_EXCHANGE_VERIFIED
300896.SZ,爱美客,CHINEXT,2024-09-06,2020-09-28,,SZSE_OFFICIAL_LISTING_REGISTER,AUTHENTIC_EXCHANGE_VERIFIED
300897.SZ,山科智能,CHINEXT,2024-09-06,2020-09-28,,SZSE_OFFICIAL_LISTING_REGISTER,AUTHENTIC_EXCHANGE_VERIFIED
300898.SZ,熊猫乳品,CHINEXT,2024-09-06,2020-10-16,,SZSE_OFFICIAL_LISTING_REGISTER,AUTHENTIC_EXCHANGE_VERIFIED
300899.SZ,上海凯鑫,CHINEXT,2024-09-06,2020-10-16,,SZSE_OFFICIAL_LISTING_REGISTER,AUTHENTIC_EXCHANGE_VERIFIED
300900.SZ,广联航空,CHINEXT,2024-09-06,2020-10-29,,SZSE_OFFICIAL_LISTING_REGISTER,AUTHENTIC_EXCHANGE_VERIFIED
300901.SZ,中胤时尚,CHINEXT,2024-09-06,2020-10-29,,SZSE_OFFICIAL_LISTING_REGISTER,AUTHENTIC_EXCHANGE_VERIFIED
300902.SZ,国安达,CHINEXT,2024-09-06,2020-10-29,,SZSE_OFFICIAL_LISTING_REGISTER,AUTHENTIC_EXCHANGE_VERIFIED
300903.SZ,科翔股份,CHINEXT,2024-09-06,2020-11-05,,SZSE_OFFICIAL_LISTING_REGISTER,AUTHENTIC_EXCHANGE_VERIFIED
300904.SZ,威力传动,CHINEXT,2024-09-06,2023-08-09,,SZSE_OFFICIAL_LISTING_REGISTER,AUTHENTIC_EXCHANGE_VERIFIED
300905.SZ,宝丽迪,CHINEXT,2024-09-06,2020-11-05,,SZSE_OFFICIAL_LISTING_REGISTER,AUTHENTIC_EXCHANGE_VERIFIED
300906.SZ,日月明,CHINEXT,2024-09-06,2020-11-05,,SZSE_OFFICIAL_LISTING_REGISTER,AUTHENTIC_EXCHANGE_VERIFIED
300907.SZ,康平科技,CHINEXT,2024-09-06,2020-11-18,,SZSE_OFFICIAL_LISTING_REGISTER,AUTHENTIC_EXCHANGE_VERIFIED
300908.SZ,仲景食品,CHINEXT,2024-09-06,2020-11-23,,SZSE_OFFICIAL_LISTING_REGISTER,AUTHENTIC_EXCHANGE_VERIFIED
300909.SZ,汇创达,CHINEXT,2024-09-06,2020-11-18,,SZSE_OFFICIAL_LISTING_REGISTER,AUTHENTIC_EXCHANGE_VERIFIED
300910.SZ,瑞丰新材,CHINEXT,2024-09-06,2020-11-27,,SZSE_OFFICIAL_LISTING_REGISTER,AUTHENTIC_EXCHANGE_VERIFIED
300911.SZ,亿田智能,CHINEXT,2024-09-06,2020-12-03,,SZSE_OFFICIAL_LISTING_REGISTER,AUTHENTIC_EXCHANGE_VERIFIED
300912.SZ,凯龙高科,CHINEXT,2024-09-06,2020-12-07,,SZSE_OFFICIAL_LISTING_REGISTER,AUTHENTIC_EXCHANGE_VERIFIED
300913.SZ,兆龙互连,CHINEXT,2024-09-06,2020-12-07,,SZSE_OFFICIAL_LISTING_REGISTER,AUTHENTIC_EXCHANGE_VERIFIED
300915.SZ,海融科技,CHINEXT,2024-09-06,2020-12-02,,SZSE_OFFICIAL_LISTING_REGISTER,AUTHENTIC_EXCHANGE_VERIFIED
300916.SZ,朗特智能,CHINEXT,2024-09-06,2020-12-02,,SZSE_OFFICIAL_LISTING_REGISTER,AUTHENTIC_EXCHANGE_VERIFIED
300917.SZ,特发服务,CHINEXT,2024-09-06,2020-12-21,,SZSE_OFFICIAL_LISTING_REGISTER,AUTHENTIC_EXCHANGE_VERIFIED
300918.SZ,南山智尚,CHINEXT,2024-09-06,2020-12-22,,SZSE_OFFICIAL_LISTING_REGISTER,AUTHENTIC_EXCHANGE_VERIFIED
300919.SZ,中伟新材,CHINEXT,2024-09-06,2020-12-23,,SZSE_OFFICIAL_LISTING_REGISTER,AUTHENTIC_EXCHANGE_VERIFIED
300920.SZ,润阳科技,CHINEXT,2024-09-06,2020-12-25,,SZSE_OFFICIAL_LISTING_REGISTER,AUTHENTIC_EXCHANGE_VERIFIED
300921.SZ,南凌科技,CHINEXT,2024-09-06,2020-12-22,,SZSE_OFFICIAL_LISTING_REGISTER,AUTHENTIC_EXCHANGE_VERIFIED
300922.SZ,天秦装备,CHINEXT,2024-09-06,2020-12-25,,SZSE_OFFICIAL_LISTING_REGISTER,AUTHENTIC_EXCHANGE_VERIFIED
300923.SZ,研奥股份,CHINEXT,2024-09-06,2020-12-24,,SZSE_OFFICIAL_LISTING_REGISTER,AUTHENTIC_EXCHANGE_VERIFIED
300925.SZ,法本信息,CHINEXT,2024-09-06,2020-12-30,,SZSE_OFFICIAL_LISTING_REGISTER,AUTHENTIC_EXCHANGE_VERIFIED
300926.SZ,博俊科技,CHINEXT,2024-09-06,2021-01-07,,SZSE_OFFICIAL_LISTING_REGISTER,AUTHENTIC_EXCHANGE_VERIFIED
300927.SZ,江天化学,CHINEXT,2024-09-06,2021-01-07,,SZSE_OFFICIAL_LISTING_REGISTER,AUTHENTIC_EXCHANGE_VERIFIED
300928.SZ,华安鑫创,CHINEXT,2024-09-06,2021-01-06,,SZSE_OFFICIAL_LISTING_REGISTER,AUTHENTIC_EXCHANGE_VERIFIED
300929.SZ,华骐环保,CHINEXT,2024-09-06,2021-01-20,,SZSE_OFFICIAL_LISTING_REGISTER,AUTHENTIC_EXCHANGE_VERIFIED
300930.SZ,屹通新材,CHINEXT,2024-09-06,2021-01-21,,SZSE_OFFICIAL_LISTING_REGISTER,AUTHENTIC_EXCHANGE_VERIFIED
300931.SZ,通用电梯,CHINEXT,2024-09-06,2021-01-21,,SZSE_OFFICIAL_LISTING_REGISTER,AUTHENTIC_EXCHANGE_VERIFIED
300932.SZ,三友联众,CHINEXT,2024-09-06,2021-01-22,,SZSE_OFFICIAL_LISTING_REGISTER,AUTHENTIC_EXCHANGE_VERIFIED
300933.SZ,中辰股份,CHINEXT,2024-09-06,2021-01-22,,SZSE_OFFICIAL_LISTING_REGISTER,AUTHENTIC_EXCHANGE_VERIFIED
300935.SZ,盈建科,CHINEXT,2024-09-06,2021-01-20,,SZSE_OFFICIAL_LISTING_REGISTER,AUTHENTIC_EXCHANGE_VERIFIED
300936.SZ,中英科技,CHINEXT,2024-09-06,2021-01-26,,SZSE_OFFICIAL_LISTING_REGISTER,AUTHENTIC_EXCHANGE_VERIFIED
300937.SZ,药易购,CHINEXT,2024-09-06,2021-01-27,,SZSE_OFFICIAL_LISTING_REGISTER,AUTHENTIC_EXCHANGE_VERIFIED
300938.SZ,信测标准,CHINEXT,2024-09-06,2021-01-27,,SZSE_OFFICIAL_LISTING_REGISTER,AUTHENTIC_EXCHANGE_VERIFIED
300939.SZ,秋田微,CHINEXT,2024-09-06,2021-01-28,,SZSE_OFFICIAL_LISTING_REGISTER,AUTHENTIC_EXCHANGE_VERIFIED
300940.SZ,南极光,CHINEXT,2024-09-06,2021-02-03,,SZSE_OFFICIAL_LISTING_REGISTER,AUTHENTIC_EXCHANGE_VERIFIED
300941.SZ,创识科技,CHINEXT,2024-09-06,2021-02-09,,SZSE_OFFICIAL_LISTING_REGISTER,AUTHENTIC_EXCHANGE_VERIFIED
300942.SZ,易瑞生物,CHINEXT,2024-09-06,2021-02-09,,SZSE_OFFICIAL_LISTING_REGISTER,AUTHENTIC_EXCHANGE_VERIFIED
300943.SZ,春晖智控,CHINEXT,2024-09-06,2021-02-10,,SZSE_OFFICIAL_LISTING_REGISTER,AUTHENTIC_EXCHANGE_VERIFIED
300945.SZ,曼卡龙,CHINEXT,2024-09-06,2021-02-10,,SZSE_OFFICIAL_LISTING_REGISTER,AUTHENTIC_EXCHANGE_VERIFIED
300946.SZ,恒而达,CHINEXT,2024-09-06,2021-02-08,,SZSE_OFFICIAL_LISTING_REGISTER,AUTHENTIC_EXCHANGE_VERIFIED
300947.SZ,德必集团,CHINEXT,2024-09-06,2021-02-10,,SZSE_OFFICIAL_LISTING_REGISTER,AUTHENTIC_EXCHANGE_VERIFIED
300948.SZ,冠中生态,CHINEXT,2024-09-06,2021-02-25,,SZSE_OFFICIAL_LISTING_REGISTER,AUTHENTIC_EXCHANGE_VERIFIED
300949.SZ,奥雅股份,CHINEXT,2024-09-06,2021-02-26,,SZSE_OFFICIAL_LISTING_REGISTER,AUTHENTIC_EXCHANGE_VERIFIED
300950.SZ,德固特,CHINEXT,2024-09-06,2021-03-03,,SZSE_OFFICIAL_LISTING_REGISTER,AUTHENTIC_EXCHANGE_VERIFIED
300951.SZ,博硕科技,CHINEXT,2024-09-06,2021-02-26,,SZSE_OFFICIAL_LISTING_REGISTER,AUTHENTIC_EXCHANGE_VERIFIED
300952.SZ,恒辉安防,CHINEXT,2024-09-06,2021-03-11,,SZSE_OFFICIAL_LISTING_REGISTER,AUTHENTIC_EXCHANGE_VERIFIED
300953.SZ,震裕科技,CHINEXT,2024-09-06,2021-03-18,,SZSE_OFFICIAL_LISTING_REGISTER,AUTHENTIC_EXCHANGE_VERIFIED
300955.SZ,嘉亨家化,CHINEXT,2024-09-06,2021-03-24,,SZSE_OFFICIAL_LISTING_REGISTER,AUTHENTIC_EXCHANGE_VERIFIED
300956.SZ,英力股份,CHINEXT,2024-09-06,2021-03-26,,SZSE_OFFICIAL_LISTING_REGISTER,AUTHENTIC_EXCHANGE_VERIFIED
300957.SZ,贝泰妮,CHINEXT,2024-09-06,2021-03-25,,SZSE_OFFICIAL_LISTING_REGISTER,AUTHENTIC_EXCHANGE_VERIFIED
300958.SZ,建工修复,CHINEXT,2024-09-06,2021-03-29,,SZSE_OFFICIAL_LISTING_REGISTER,AUTHENTIC_EXCHANGE_VERIFIED
300959.SZ,线上线下,CHINEXT,2024-09-06,2021-03-22,,SZSE_OFFICIAL_LISTING_REGISTER,AUTHENTIC_EXCHANGE_VERIFIED
300960.SZ,通业科技,CHINEXT,2024-09-06,2021-03-29,,SZSE_OFFICIAL_LISTING_REGISTER,AUTHENTIC_EXCHANGE_VERIFIED
300961.SZ,深水海纳,CHINEXT,2024-09-06,2021-03-30,,SZSE_OFFICIAL_LISTING_REGISTER,AUTHENTIC_EXCHANGE_VERIFIED
300962.SZ,中金辐照,CHINEXT,2024-09-06,2021-04-09,,SZSE_OFFICIAL_LISTING_REGISTER,AUTHENTIC_EXCHANGE_VERIFIED
300963.SZ,中洲特材,CHINEXT,2024-09-06,2021-04-09,,SZSE_OFFICIAL_LISTING_REGISTER,AUTHENTIC_EXCHANGE_VERIFIED
300964.SZ,本川智能,CHINEXT,2024-09-06,2021-08-05,,SZSE_OFFICIAL_LISTING_REGISTER,AUTHENTIC_EXCHANGE_VERIFIED
300965.SZ,恒宇信通,CHINEXT,2024-08-23,2021-04-02,,SZSE_OFFICIAL_LISTING_REGISTER,AUTHENTIC_EXCHANGE_VERIFIED
300966.SZ,共同药业,CHINEXT,2024-09-06,2021-04-09,,SZSE_OFFICIAL_LISTING_REGISTER,AUTHENTIC_EXCHANGE_VERIFIED
300967.SZ,晓鸣股份,CHINEXT,2024-09-06,2021-04-13,,SZSE_OFFICIAL_LISTING_REGISTER,AUTHENTIC_EXCHANGE_VERIFIED
300968.SZ,格林精密,CHINEXT,2024-09-06,2021-04-15,,SZSE_OFFICIAL_LISTING_REGISTER,AUTHENTIC_EXCHANGE_VERIFIED
300969.SZ,恒帅股份,CHINEXT,2024-09-06,2021-04-12,,SZSE_OFFICIAL_LISTING_REGISTER,AUTHENTIC_EXCHANGE_VERIFIED
300970.SZ,华绿生物,CHINEXT,2024-09-06,2021-04-12,,SZSE_OFFICIAL_LISTING_REGISTER,AUTHENTIC_EXCHANGE_VERIFIED
300971.SZ,博亚精工,CHINEXT,2024-09-06,2021-04-15,,SZSE_OFFICIAL_LISTING_REGISTER,AUTHENTIC_EXCHANGE_VERIFIED
300972.SZ,万辰集团,CHINEXT,2024-09-06,2021-04-19,,SZSE_OFFICIAL_LISTING_REGISTER,AUTHENTIC_EXCHANGE_VERIFIED
300973.SZ,立高食品,CHINEXT,2024-09-06,2021-04-15,,SZSE_OFFICIAL_LISTING_REGISTER,AUTHENTIC_EXCHANGE_VERIFIED
300975.SZ,商络电子,CHINEXT,2024-09-06,2021-04-21,,SZSE_OFFICIAL_LISTING_REGISTER,AUTHENTIC_EXCHANGE_VERIFIED
300976.SZ,达瑞电子,CHINEXT,2024-09-06,2021-04-19,,SZSE_OFFICIAL_LISTING_REGISTER,AUTHENTIC_EXCHANGE_VERIFIED
300977.SZ,深圳瑞捷,CHINEXT,2024-09-06,2021-04-20,,SZSE_OFFICIAL_LISTING_REGISTER,AUTHENTIC_EXCHANGE_VERIFIED
300978.SZ,东箭科技,CHINEXT,2024-09-06,2021-04-26,,SZSE_OFFICIAL_LISTING_REGISTER,AUTHENTIC_EXCHANGE_VERIFIED
300979.SZ,华利集团,CHINEXT,2024-09-06,2021-04-26,,SZSE_OFFICIAL_LISTING_REGISTER,AUTHENTIC_EXCHANGE_VERIFIED
300980.SZ,祥源新材,CHINEXT,2024-09-06,2021-04-21,,SZSE_OFFICIAL_LISTING_REGISTER,AUTHENTIC_EXCHANGE_VERIFIED
300981.SZ,中红医疗,CHINEXT,2024-09-06,2021-04-27,,SZSE_OFFICIAL_LISTING_REGISTER,AUTHENTIC_EXCHANGE_VERIFIED
300982.SZ,苏文电能,CHINEXT,2024-09-06,2021-04-27,,SZSE_OFFICIAL_LISTING_REGISTER,AUTHENTIC_EXCHANGE_VERIFIED
300983.SZ,尤安设计,CHINEXT,2024-09-06,2021-04-20,,SZSE_OFFICIAL_LISTING_REGISTER,AUTHENTIC_EXCHANGE_VERIFIED
300984.SZ,金沃股份,CHINEXT,2024-09-06,2021-06-18,,SZSE_OFFICIAL_LISTING_REGISTER,AUTHENTIC_EXCHANGE_VERIFIED
300985.SZ,致远新能,CHINEXT,2024-09-06,2021-04-29,,SZSE_OFFICIAL_LISTING_REGISTER,AUTHENTIC_EXCHANGE_VERIFIED
300986.SZ,志特新材,CHINEXT,2024-09-06,2021-04-30,,SZSE_OFFICIAL_LISTING_REGISTER,AUTHENTIC_EXCHANGE_VERIFIED
300987.SZ,川网传媒,CHINEXT,2024-09-06,2021-05-11,,SZSE_OFFICIAL_LISTING_REGISTER,AUTHENTIC_EXCHANGE_VERIFIED
300988.SZ,津荣天宇,CHINEXT,2024-09-06,2021-05-12,,SZSE_OFFICIAL_LISTING_REGISTER,AUTHENTIC_EXCHANGE_VERIFIED
300989.SZ,蕾奥规划,CHINEXT,2024-09-06,2021-05-07,,SZSE_OFFICIAL_LISTING_REGISTER,AUTHENTIC_EXCHANGE_VERIFIED
300990.SZ,同飞股份,CHINEXT,2024-09-06,2021-05-12,,SZSE_OFFICIAL_LISTING_REGISTER,AUTHENTIC_EXCHANGE_VERIFIED
300991.SZ,创益通,CHINEXT,2024-09-06,2021-05-20,,SZSE_OFFICIAL_LISTING_REGISTER,AUTHENTIC_EXCHANGE_VERIFIED
300992.SZ,泰福泵业,CHINEXT,2024-09-06,2021-05-25,,SZSE_OFFICIAL_LISTING_REGISTER,AUTHENTIC_EXCHANGE_VERIFIED
300993.SZ,玉马科技,CHINEXT,2024-09-06,2021-05-24,,SZSE_OFFICIAL_LISTING_REGISTER,AUTHENTIC_EXCHANGE_VERIFIED
300994.SZ,久祺股份,CHINEXT,2024-09-06,2021-08-12,,SZSE_OFFICIAL_LISTING_REGISTER,AUTHENTIC_EXCHANGE_VERIFIED
300995.SZ,奇德新材,CHINEXT,2024-09-06,2021-05-26,,SZSE_OFFICIAL_LISTING_REGISTER,AUTHENTIC_EXCHANGE_VERIFIED
300996.SZ,普联软件,CHINEXT,2024-09-03,2021-06-03,,SZSE_OFFICIAL_LISTING_REGISTER,AUTHENTIC_EXCHANGE_VERIFIED
300997.SZ,欢乐家,CHINEXT,2024-09-06,2021-06-02,,SZSE_OFFICIAL_LISTING_REGISTER,AUTHENTIC_EXCHANGE_VERIFIED
300998.SZ,宁波方正,CHINEXT,2024-09-06,2021-06-02,,SZSE_OFFICIAL_LISTING_REGISTER,AUTHENTIC_EXCHANGE_VERIFIED
300999.SZ,金龙鱼,CHINEXT,2024-09-06,2020-10-15,,SZSE_OFFICIAL_LISTING_REGISTER,AUTHENTIC_EXCHANGE_VERIFIED
301000.SZ,肇民科技,CHINEXT,2024-09-06,2021-05-28,,SZSE_OFFICIAL_LISTING_REGISTER,AUTHENTIC_EXCHANGE_VERIFIED
301001.SZ,凯淳股份,CHINEXT,2024-09-06,2021-05-28,,SZSE_OFFICIAL_LISTING_REGISTER,AUTHENTIC_EXCHANGE_VERIFIED
301002.SZ,崧盛股份,CHINEXT,2024-09-06,2021-06-07,,SZSE_OFFICIAL_LISTING_REGISTER,AUTHENTIC_EXCHANGE_VERIFIED
301003.SZ,江苏博云,CHINEXT,2024-09-06,2021-06-01,,SZSE_OFFICIAL_LISTING_REGISTER,AUTHENTIC_EXCHANGE_VERIFIED
301004.SZ,嘉益股份,CHINEXT,2024-09-06,2021-06-25,,SZSE_OFFICIAL_LISTING_REGISTER,AUTHENTIC_EXCHANGE_VERIFIED
301005.SZ,超捷股份,CHINEXT,2024-09-06,2021-06-01,,SZSE_OFFICIAL_LISTING_REGISTER,AUTHENTIC_EXCHANGE_VERIFIED
301006.SZ,迈拓股份,CHINEXT,2024-09-06,2021-06-07,,SZSE_OFFICIAL_LISTING_REGISTER,AUTHENTIC_EXCHANGE_VERIFIED
301007.SZ,德迈仕,CHINEXT,2024-09-06,2021-06-16,,SZSE_OFFICIAL_LISTING_REGISTER,AUTHENTIC_EXCHANGE_VERIFIED
301008.SZ,宏昌科技,CHINEXT,2024-09-06,2021-06-11,,SZSE_OFFICIAL_LISTING_REGISTER,AUTHENTIC_EXCHANGE_VERIFIED
301009.SZ,可靠股份,CHINEXT,2024-09-06,2021-06-17,,SZSE_OFFICIAL_LISTING_REGISTER,AUTHENTIC_EXCHANGE_VERIFIED
301010.SZ,晶雪节能,CHINEXT,2024-09-06,2021-06-18,,SZSE_OFFICIAL_LISTING_REGISTER,AUTHENTIC_EXCHANGE_VERIFIED
301011.SZ,华立科技,CHINEXT,2024-09-06,2021-06-17,,SZSE_OFFICIAL_LISTING_REGISTER,AUTHENTIC_EXCHANGE_VERIFIED
301012.SZ,扬电科技,CHINEXT,2024-09-06,2021-06-22,,SZSE_OFFICIAL_LISTING_REGISTER,AUTHENTIC_EXCHANGE_VERIFIED
301013.SZ,利和兴,CHINEXT,2024-09-06,2021-06-29,,SZSE_OFFICIAL_LISTING_REGISTER,AUTHENTIC_EXCHANGE_VERIFIED
301015.SZ,百洋医药,CHINEXT,2024-09-06,2021-06-30,,SZSE_OFFICIAL_LISTING_REGISTER,AUTHENTIC_EXCHANGE_VERIFIED
301016.SZ,雷尔伟,CHINEXT,2024-09-06,2021-06-30,,SZSE_OFFICIAL_LISTING_REGISTER,AUTHENTIC_EXCHANGE_VERIFIED
301017.SZ,漱玉平民,CHINEXT,2024-09-06,2021-07-05,,SZSE_OFFICIAL_LISTING_REGISTER,AUTHENTIC_EXCHANGE_VERIFIED
301018.SZ,申菱环境,CHINEXT,2024-09-06,2021-07-07,,SZSE_OFFICIAL_LISTING_REGISTER,AUTHENTIC_EXCHANGE_VERIFIED
301019.SZ,宁波色母,CHINEXT,2024-09-06,2021-06-28,,SZSE_OFFICIAL_LISTING_REGISTER,AUTHENTIC_EXCHANGE_VERIFIED
301020.SZ,密封科技,CHINEXT,2024-09-06,2021-07-06,,SZSE_OFFICIAL_LISTING_REGISTER,AUTHENTIC_EXCHANGE_VERIFIED
301021.SZ,英诺激光,CHINEXT,2024-09-06,2021-07-06,,SZSE_OFFICIAL_LISTING_REGISTER,AUTHENTIC_EXCHANGE_VERIFIED
301022.SZ,海泰科,CHINEXT,2024-09-06,2021-07-02,,SZSE_OFFICIAL_LISTING_REGISTER,AUTHENTIC_EXCHANGE_VERIFIED
301023.SZ,奕帆传动,CHINEXT,2024-09-06,2021-07-07,,SZSE_OFFICIAL_LISTING_REGISTER,AUTHENTIC_EXCHANGE_VERIFIED
301024.SZ,霍普股份,CHINEXT,2024-09-06,2021-07-28,,SZSE_OFFICIAL_LISTING_REGISTER,AUTHENTIC_EXCHANGE_VERIFIED
301025.SZ,读客文化,CHINEXT,2024-09-06,2021-07-19,,SZSE_OFFICIAL_LISTING_REGISTER,AUTHENTIC_EXCHANGE_VERIFIED
301026.SZ,浩通科技,CHINEXT,2024-09-06,2021-07-16,,SZSE_OFFICIAL_LISTING_REGISTER,AUTHENTIC_EXCHANGE_VERIFIED
301027.SZ,华蓝集团,CHINEXT,2024-09-06,2021-07-15,,SZSE_OFFICIAL_LISTING_REGISTER,AUTHENTIC_EXCHANGE_VERIFIED
301028.SZ,鼎熔岩,CHINEXT,2024-09-06,2021-07-20,,SZSE_OFFICIAL_LISTING_REGISTER,AUTHENTIC_EXCHANGE_VERIFIED
301029.SZ,怡合达,CHINEXT,2024-09-06,2021-07-23,,SZSE_OFFICIAL_LISTING_REGISTER,AUTHENTIC_EXCHANGE_VERIFIED
301030.SZ,*ST仕净,CHINEXT,2024-09-06,2021-07-22,,SZSE_OFFICIAL_LISTING_REGISTER,AUTHENTIC_EXCHANGE_VERIFIED
301031.SZ,中熔电气,CHINEXT,2024-09-06,2021-07-15,,SZSE_OFFICIAL_LISTING_REGISTER,AUTHENTIC_EXCHANGE_VERIFIED
301032.SZ,新柴股份,CHINEXT,2024-09-06,2021-07-22,,SZSE_OFFICIAL_LISTING_REGISTER,AUTHENTIC_EXCHANGE_VERIFIED
301033.SZ,迈普医学,CHINEXT,2024-09-06,2021-07-26,,SZSE_OFFICIAL_LISTING_REGISTER,AUTHENTIC_EXCHANGE_VERIFIED
301035.SZ,润丰股份,CHINEXT,2024-09-06,2021-07-28,,SZSE_OFFICIAL_LISTING_REGISTER,AUTHENTIC_EXCHANGE_VERIFIED
301036.SZ,双乐股份,CHINEXT,2024-09-06,2021-07-29,,SZSE_OFFICIAL_LISTING_REGISTER,AUTHENTIC_EXCHANGE_VERIFIED
301037.SZ,保立佳,CHINEXT,2024-09-06,2021-07-30,,SZSE_OFFICIAL_LISTING_REGISTER,AUTHENTIC_EXCHANGE_VERIFIED
301038.SZ,深水规院,CHINEXT,2024-09-06,2021-08-04,,SZSE_OFFICIAL_LISTING_REGISTER,AUTHENTIC_EXCHANGE_VERIFIED
301039.SZ,中集车辆,CHINEXT,2024-09-06,2021-07-08,,SZSE_OFFICIAL_LISTING_REGISTER,AUTHENTIC_EXCHANGE_VERIFIED
301040.SZ,中环海陆,CHINEXT,2024-08-30,2021-08-03,,SZSE_OFFICIAL_LISTING_REGISTER,AUTHENTIC_EXCHANGE_VERIFIED
301041.SZ,金百泽,CHINEXT,2024-09-06,2021-08-11,,SZSE_OFFICIAL_LISTING_REGISTER,AUTHENTIC_EXCHANGE_VERIFIED
301042.SZ,安联锐视,CHINEXT,2024-09-06,2021-08-05,,SZSE_OFFICIAL_LISTING_REGISTER,AUTHENTIC_EXCHANGE_VERIFIED
301043.SZ,绿岛风,CHINEXT,2024-09-06,2021-08-11,,SZSE_OFFICIAL_LISTING_REGISTER,AUTHENTIC_EXCHANGE_VERIFIED
301045.SZ,天禄科技,CHINEXT,2024-09-06,2021-08-13,,SZSE_OFFICIAL_LISTING_REGISTER,AUTHENTIC_EXCHANGE_VERIFIED
301046.SZ,能辉科技,CHINEXT,2024-09-06,2021-08-17,,SZSE_OFFICIAL_LISTING_REGISTER,AUTHENTIC_EXCHANGE_VERIFIED
301047.SZ,义翘神州,CHINEXT,2024-09-06,2021-08-16,,SZSE_OFFICIAL_LISTING_REGISTER,AUTHENTIC_EXCHANGE_VERIFIED
301048.SZ,金鹰重工,CHINEXT,2024-09-06,2021-08-18,,SZSE_OFFICIAL_LISTING_REGISTER,AUTHENTIC_EXCHANGE_VERIFIED
301049.SZ,超越科技,CHINEXT,2024-09-06,2021-08-24,,SZSE_OFFICIAL_LISTING_REGISTER,AUTHENTIC_EXCHANGE_VERIFIED
301050.SZ,雷电微力,CHINEXT,2024-09-06,2021-08-24,,SZSE_OFFICIAL_LISTING_REGISTER,AUTHENTIC_EXCHANGE_VERIFIED
301051.SZ,信濠光电,CHINEXT,2024-09-06,2021-08-27,,SZSE_OFFICIAL_LISTING_REGISTER,AUTHENTIC_EXCHANGE_VERIFIED
301052.SZ,果麦文化,CHINEXT,2024-09-06,2021-08-30,,SZSE_OFFICIAL_LISTING_REGISTER,AUTHENTIC_EXCHANGE_VERIFIED
301053.SZ,远信工业,CHINEXT,2024-09-06,2021-09-01,,SZSE_OFFICIAL_LISTING_REGISTER,AUTHENTIC_EXCHANGE_VERIFIED
301055.SZ,张小泉,CHINEXT,2024-09-06,2021-09-06,,SZSE_OFFICIAL_LISTING_REGISTER,AUTHENTIC_EXCHANGE_VERIFIED
301056.SZ,森赫股份,CHINEXT,2024-09-06,2021-09-07,,SZSE_OFFICIAL_LISTING_REGISTER,AUTHENTIC_EXCHANGE_VERIFIED
301057.SZ,汇隆新材,CHINEXT,2024-09-06,2021-09-09,,SZSE_OFFICIAL_LISTING_REGISTER,AUTHENTIC_EXCHANGE_VERIFIED
301058.SZ,中粮科工,CHINEXT,2024-09-06,2021-09-09,,SZSE_OFFICIAL_LISTING_REGISTER,AUTHENTIC_EXCHANGE_VERIFIED
301059.SZ,金三江,CHINEXT,2024-09-06,2021-09-13,,SZSE_OFFICIAL_LISTING_REGISTER,AUTHENTIC_EXCHANGE_VERIFIED
301060.SZ,兰卫医学,CHINEXT,2024-09-06,2021-09-13,,SZSE_OFFICIAL_LISTING_REGISTER,AUTHENTIC_EXCHANGE_VERIFIED
301061.SZ,匠心家居,CHINEXT,2024-09-06,2021-09-13,,SZSE_OFFICIAL_LISTING_REGISTER,AUTHENTIC_EXCHANGE_VERIFIED
301062.SZ,上海艾录,CHINEXT,2024-09-06,2021-09-14,,SZSE_OFFICIAL_LISTING_REGISTER,AUTHENTIC_EXCHANGE_VERIFIED
301063.SZ,海锅股份,CHINEXT,2024-09-06,2021-09-24,,SZSE_OFFICIAL_LISTING_REGISTER,AUTHENTIC_EXCHANGE_VERIFIED
301065.SZ,本立科技,CHINEXT,2024-09-06,2021-09-14,,SZSE_OFFICIAL_LISTING_REGISTER,AUTHENTIC_EXCHANGE_VERIFIED
301066.SZ,万事利,CHINEXT,2024-09-06,2021-09-22,,SZSE_OFFICIAL_LISTING_REGISTER,AUTHENTIC_EXCHANGE_VERIFIED
301067.SZ,显盈科技,CHINEXT,2024-09-06,2021-09-22,,SZSE_OFFICIAL_LISTING_REGISTER,AUTHENTIC_EXCHANGE_VERIFIED
301068.SZ,大地海洋,CHINEXT,2024-09-06,2021-09-28,,SZSE_OFFICIAL_LISTING_REGISTER,AUTHENTIC_EXCHANGE_VERIFIED
301069.SZ,凯盛新材,CHINEXT,2024-09-06,2021-09-27,,SZSE_OFFICIAL_LISTING_REGISTER,AUTHENTIC_EXCHANGE_VERIFIED
301070.SZ,开勒股份,CHINEXT,2024-09-06,2021-09-23,,SZSE_OFFICIAL_LISTING_REGISTER,AUTHENTIC_EXCHANGE_VERIFIED
301071.SZ,力量钻石,CHINEXT,2024-09-06,2021-09-24,,SZSE_OFFICIAL_LISTING_REGISTER,AUTHENTIC_EXCHANGE_VERIFIED
301072.SZ,中捷精工,CHINEXT,2024-09-06,2021-09-29,,SZSE_OFFICIAL_LISTING_REGISTER,AUTHENTIC_EXCHANGE_VERIFIED
301073.SZ,君亭酒店,CHINEXT,2024-09-06,2021-09-30,,SZSE_OFFICIAL_LISTING_REGISTER,AUTHENTIC_EXCHANGE_VERIFIED
301075.SZ,多瑞医药,CHINEXT,2024-09-06,2021-09-29,,SZSE_OFFICIAL_LISTING_REGISTER,AUTHENTIC_EXCHANGE_VERIFIED
301076.SZ,新瀚新材,CHINEXT,2024-09-06,2021-10-11,,SZSE_OFFICIAL_LISTING_REGISTER,AUTHENTIC_EXCHANGE_VERIFIED
301077.SZ,星华新材,CHINEXT,2024-09-06,2021-09-30,,SZSE_OFFICIAL_LISTING_REGISTER,AUTHENTIC_EXCHANGE_VERIFIED
301078.SZ,孩子王,CHINEXT,2024-09-06,2021-10-14,,SZSE_OFFICIAL_LISTING_REGISTER,AUTHENTIC_EXCHANGE_VERIFIED
301079.SZ,邵阳液压,CHINEXT,2024-08-23,2021-10-19,,SZSE_OFFICIAL_LISTING_REGISTER,AUTHENTIC_EXCHANGE_VERIFIED
301080.SZ,百普赛斯,CHINEXT,2024-09-06,2021-10-18,,SZSE_OFFICIAL_LISTING_REGISTER,AUTHENTIC_EXCHANGE_VERIFIED
301081.SZ,严牌股份,CHINEXT,2024-09-06,2021-10-20,,SZSE_OFFICIAL_LISTING_REGISTER,AUTHENTIC_EXCHANGE_VERIFIED
301082.SZ,久盛电气,CHINEXT,2024-09-06,2021-10-27,,SZSE_OFFICIAL_LISTING_REGISTER,AUTHENTIC_EXCHANGE_VERIFIED
301083.SZ,百胜智能,CHINEXT,2024-09-06,2021-10-21,,SZSE_OFFICIAL_LISTING_REGISTER,AUTHENTIC_EXCHANGE_VERIFIED
301085.SZ,亚康股份,CHINEXT,2024-09-06,2021-10-18,,SZSE_OFFICIAL_LISTING_REGISTER,AUTHENTIC_EXCHANGE_VERIFIED
301086.SZ,鸿富瀚,CHINEXT,2024-09-06,2021-10-20,,SZSE_OFFICIAL_LISTING_REGISTER,AUTHENTIC_EXCHANGE_VERIFIED
301087.SZ,可孚医疗,CHINEXT,2024-09-06,2021-10-25,,SZSE_OFFICIAL_LISTING_REGISTER,AUTHENTIC_EXCHANGE_VERIFIED
301088.SZ,戎美股份,CHINEXT,2024-09-06,2021-10-28,,SZSE_OFFICIAL_LISTING_REGISTER,AUTHENTIC_EXCHANGE_VERIFIED
301089.SZ,拓新药业,CHINEXT,2024-09-06,2021-10-27,,SZSE_OFFICIAL_LISTING_REGISTER,AUTHENTIC_EXCHANGE_VERIFIED
301090.SZ,华润材料,CHINEXT,2024-09-06,2021-10-26,,SZSE_OFFICIAL_LISTING_REGISTER,AUTHENTIC_EXCHANGE_VERIFIED
301091.SZ,深城交,CHINEXT,2024-09-06,2021-10-29,,SZSE_OFFICIAL_LISTING_REGISTER,AUTHENTIC_EXCHANGE_VERIFIED
301092.SZ,争光股份,CHINEXT,2024-09-06,2021-11-02,,SZSE_OFFICIAL_LISTING_REGISTER,AUTHENTIC_EXCHANGE_VERIFIED
301093.SZ,华兰股份,CHINEXT,2024-09-06,2021-11-01,,SZSE_OFFICIAL_LISTING_REGISTER,AUTHENTIC_EXCHANGE_VERIFIED
301095.SZ,广立微,CHINEXT,2024-09-06,2022-08-05,,SZSE_OFFICIAL_LISTING_REGISTER,AUTHENTIC_EXCHANGE_VERIFIED
301096.SZ,百诚医药,CHINEXT,2024-08-30,2021-12-20,,SZSE_OFFICIAL_LISTING_REGISTER,AUTHENTIC_EXCHANGE_VERIFIED
301097.SZ,天益医疗,CHINEXT,2024-09-06,2022-04-07,,SZSE_OFFICIAL_LISTING_REGISTER,AUTHENTIC_EXCHANGE_VERIFIED
301098.SZ,金埔园林,CHINEXT,2024-09-06,2021-11-12,,SZSE_OFFICIAL_LISTING_REGISTER,AUTHENTIC_EXCHANGE_VERIFIED
301099.SZ,雅创电子,CHINEXT,2024-09-06,2021-11-22,,SZSE_OFFICIAL_LISTING_REGISTER,AUTHENTIC_EXCHANGE_VERIFIED
301100.SZ,风光股份,CHINEXT,2024-09-06,2021-12-17,,SZSE_OFFICIAL_LISTING_REGISTER,AUTHENTIC_EXCHANGE_VERIFIED
301101.SZ,明月镜片,CHINEXT,2024-09-06,2021-12-16,,SZSE_OFFICIAL_LISTING_REGISTER,AUTHENTIC_EXCHANGE_VERIFIED
301102.SZ,兆讯传媒,CHINEXT,2024-09-06,2022-03-28,,SZSE_OFFICIAL_LISTING_REGISTER,AUTHENTIC_EXCHANGE_VERIFIED
301103.SZ,何氏眼科,CHINEXT,2024-09-06,2022-03-22,,SZSE_OFFICIAL_LISTING_REGISTER,AUTHENTIC_EXCHANGE_VERIFIED
301105.SZ,鸿铭股份,CHINEXT,2024-09-06,2022-12-30,,SZSE_OFFICIAL_LISTING_REGISTER,AUTHENTIC_EXCHANGE_VERIFIED
301106.SZ,骏成科技,CHINEXT,2024-09-06,2022-01-28,,SZSE_OFFICIAL_LISTING_REGISTER,AUTHENTIC_EXCHANGE_VERIFIED
301107.SZ,瑜欣电子,CHINEXT,2024-09-06,2022-05-24,,SZSE_OFFICIAL_LISTING_REGISTER,AUTHENTIC_EXCHANGE_VERIFIED
301108.SZ,洁雅股份,CHINEXT,2024-09-06,2021-12-03,,SZSE_OFFICIAL_LISTING_REGISTER,AUTHENTIC_EXCHANGE_VERIFIED
301109.SZ,军信股份,CHINEXT,2024-09-06,2022-04-13,,SZSE_OFFICIAL_LISTING_REGISTER,AUTHENTIC_EXCHANGE_VERIFIED
301110.SZ,青木科技,CHINEXT,2024-09-06,2022-03-11,,SZSE_OFFICIAL_LISTING_REGISTER,AUTHENTIC_EXCHANGE_VERIFIED
301111.SZ,粤万年青,CHINEXT,2024-09-06,2021-12-07,,SZSE_OFFICIAL_LISTING_REGISTER,AUTHENTIC_EXCHANGE_VERIFIED
301112.SZ,信邦智能,CHINEXT,2024-08-23,2022-06-29,,SZSE_OFFICIAL_LISTING_REGISTER,AUTHENTIC_EXCHANGE_VERIFIED
301113.SZ,雅艺科技,CHINEXT,2024-09-06,2021-12-22,,SZSE_OFFICIAL_LISTING_REGISTER,AUTHENTIC_EXCHANGE_VERIFIED
301115.SZ,联检科技,CHINEXT,2024-09-06,2022-08-31,,SZSE_OFFICIAL_LISTING_REGISTER,AUTHENTIC_EXCHANGE_VERIFIED
301116.SZ,益客食品,CHINEXT,2024-09-06,2022-01-18,,SZSE_OFFICIAL_LISTING_REGISTER,AUTHENTIC_EXCHANGE_VERIFIED
301117.SZ,ST佳缘,CHINEXT,2024-09-06,2022-01-17,,SZSE_OFFICIAL_LISTING_REGISTER,AUTHENTIC_EXCHANGE_VERIFIED
301118.SZ,恒光股份,CHINEXT,2024-09-06,2021-11-18,,SZSE_OFFICIAL_LISTING_REGISTER,AUTHENTIC_EXCHANGE_VERIFIED
301119.SZ,正强股份,CHINEXT,2024-09-06,2021-11-22,,SZSE_OFFICIAL_LISTING_REGISTER,AUTHENTIC_EXCHANGE_VERIFIED
301120.SZ,新特电气,CHINEXT,2024-09-06,2022-04-19,,SZSE_OFFICIAL_LISTING_REGISTER,AUTHENTIC_EXCHANGE_VERIFIED
301121.SZ,紫建电子,CHINEXT,2024-09-06,2022-08-08,,SZSE_OFFICIAL_LISTING_REGISTER,AUTHENTIC_EXCHANGE_VERIFIED
301122.SZ,采纳股份,CHINEXT,2024-09-06,2022-01-26,,SZSE_OFFICIAL_LISTING_REGISTER,AUTHENTIC_EXCHANGE_VERIFIED
301123.SZ,奕东电子,CHINEXT,2024-09-06,2022-01-25,,SZSE_OFFICIAL_LISTING_REGISTER,AUTHENTIC_EXCHANGE_VERIFIED
301125.SZ,腾亚精工,CHINEXT,2024-09-06,2022-06-08,,SZSE_OFFICIAL_LISTING_REGISTER,AUTHENTIC_EXCHANGE_VERIFIED
301126.SZ,达嘉维康,CHINEXT,2024-09-06,2021-12-07,,SZSE_OFFICIAL_LISTING_REGISTER,AUTHENTIC_EXCHANGE_VERIFIED
301127.SZ,武汉天源,CHINEXT,2024-09-06,2021-12-30,,SZSE_OFFICIAL_LISTING_REGISTER,AUTHENTIC_EXCHANGE_VERIFIED
301128.SZ,强瑞技术,CHINEXT,2024-09-06,2021-11-10,,SZSE_OFFICIAL_LISTING_REGISTER,AUTHENTIC_EXCHANGE_VERIFIED
301129.SZ,瑞纳智能,CHINEXT,2024-09-06,2021-11-02,,SZSE_OFFICIAL_LISTING_REGISTER,AUTHENTIC_EXCHANGE_VERIFIED
301130.SZ,西点药业,CHINEXT,2024-09-06,2022-02-23,,SZSE_OFFICIAL_LISTING_REGISTER,AUTHENTIC_EXCHANGE_VERIFIED
301131.SZ,聚赛龙,CHINEXT,2024-09-06,2022-03-14,,SZSE_OFFICIAL_LISTING_REGISTER,AUTHENTIC_EXCHANGE_VERIFIED
301132.SZ,满坤科技,CHINEXT,2024-09-06,2022-08-10,,SZSE_OFFICIAL_LISTING_REGISTER,AUTHENTIC_EXCHANGE_VERIFIED
301133.SZ,金钟股份,CHINEXT,2024-09-06,2021-11-26,,SZSE_OFFICIAL_LISTING_REGISTER,AUTHENTIC_EXCHANGE_VERIFIED
301135.SZ,瑞德智能,CHINEXT,2024-09-06,2022-04-12,,SZSE_OFFICIAL_LISTING_REGISTER,AUTHENTIC_EXCHANGE_VERIFIED
301136.SZ,招标股份,CHINEXT,2024-09-06,2022-01-11,,SZSE_OFFICIAL_LISTING_REGISTER,AUTHENTIC_EXCHANGE_VERIFIED
301137.SZ,哈焊华通,CHINEXT,2024-09-06,2022-03-22,,SZSE_OFFICIAL_LISTING_REGISTER,AUTHENTIC_EXCHANGE_VERIFIED
301138.SZ,华研精机,CHINEXT,2024-09-06,2021-12-15,,SZSE_OFFICIAL_LISTING_REGISTER,AUTHENTIC_EXCHANGE_VERIFIED
301139.SZ,元道退,CHINEXT,2024-09-06,2022-07-08,,SZSE_OFFICIAL_LISTING_REGISTER,AUTHENTIC_EXCHANGE_VERIFIED
301141.SZ,中科磁业,CHINEXT,2024-09-06,2023-04-03,,SZSE_OFFICIAL_LISTING_REGISTER,AUTHENTIC_EXCHANGE_VERIFIED
301148.SZ,嘉戎技术,CHINEXT,2024-09-06,2022-04-21,,SZSE_OFFICIAL_LISTING_REGISTER,AUTHENTIC_EXCHANGE_VERIFIED
301149.SZ,隆华新材,CHINEXT,2024-09-06,2021-11-10,,SZSE_OFFICIAL_LISTING_REGISTER,AUTHENTIC_EXCHANGE_VERIFIED
301150.SZ,中一科技,CHINEXT,2024-09-06,2022-04-21,,SZSE_OFFICIAL_LISTING_REGISTER,AUTHENTIC_EXCHANGE_VERIFIED
301151.SZ,冠龙节能,CHINEXT,2024-09-06,2022-04-11,,SZSE_OFFICIAL_LISTING_REGISTER,AUTHENTIC_EXCHANGE_VERIFIED
301152.SZ,天力锂能,CHINEXT,2024-09-06,2022-08-29,,SZSE_OFFICIAL_LISTING_REGISTER,AUTHENTIC_EXCHANGE_VERIFIED
301153.SZ,中科江南,CHINEXT,2024-09-06,2022-05-18,,SZSE_OFFICIAL_LISTING_REGISTER,AUTHENTIC_EXCHANGE_VERIFIED
301155.SZ,海力风电,CHINEXT,2024-09-06,2021-11-24,,SZSE_OFFICIAL_LISTING_REGISTER,AUTHENTIC_EXCHANGE_VERIFIED
301156.SZ,美农生物,CHINEXT,2024-09-06,2022-06-17,,SZSE_OFFICIAL_LISTING_REGISTER,AUTHENTIC_EXCHANGE_VERIFIED
301157.SZ,华塑科技,CHINEXT,2024-09-06,2023-03-09,,SZSE_OFFICIAL_LISTING_REGISTER,AUTHENTIC_EXCHANGE_VERIFIED
301158.SZ,德石股份,CHINEXT,2024-09-06,2022-01-17,,SZSE_OFFICIAL_LISTING_REGISTER,AUTHENTIC_EXCHANGE_VERIFIED
301159.SZ,三维天地,CHINEXT,2024-09-06,2022-01-07,,SZSE_OFFICIAL_LISTING_REGISTER,AUTHENTIC_EXCHANGE_VERIFIED
301160.SZ,翔楼新材,CHINEXT,2024-09-06,2022-06-06,,SZSE_OFFICIAL_LISTING_REGISTER,AUTHENTIC_EXCHANGE_VERIFIED
301161.SZ,唯万密封,CHINEXT,2024-09-06,2022-09-14,,SZSE_OFFICIAL_LISTING_REGISTER,AUTHENTIC_EXCHANGE_VERIFIED
301162.SZ,国能日新,CHINEXT,2024-09-06,2022-04-29,,SZSE_OFFICIAL_LISTING_REGISTER,AUTHENTIC_EXCHANGE_VERIFIED
301163.SZ,宏德股份,CHINEXT,2024-09-06,2022-04-19,,SZSE_OFFICIAL_LISTING_REGISTER,AUTHENTIC_EXCHANGE_VERIFIED
301165.SZ,锐捷网络,CHINEXT,2024-09-06,2022-11-21,,SZSE_OFFICIAL_LISTING_REGISTER,AUTHENTIC_EXCHANGE_VERIFIED
301166.SZ,优宁维,CHINEXT,2024-09-06,2021-12-28,,SZSE_OFFICIAL_LISTING_REGISTER,AUTHENTIC_EXCHANGE_VERIFIED
301167.SZ,建研设计,CHINEXT,2024-09-06,2021-12-06,,SZSE_OFFICIAL_LISTING_REGISTER,AUTHENTIC_EXCHANGE_VERIFIED
301168.SZ,通灵股份,CHINEXT,2024-09-06,2021-12-10,,SZSE_OFFICIAL_LISTING_REGISTER,AUTHENTIC_EXCHANGE_VERIFIED
301169.SZ,零点有数,CHINEXT,2024-09-06,2021-11-03,,SZSE_OFFICIAL_LISTING_REGISTER,AUTHENTIC_EXCHANGE_VERIFIED
301170.SZ,锡南科技,CHINEXT,2024-09-06,2023-06-27,,SZSE_OFFICIAL_LISTING_REGISTER,AUTHENTIC_EXCHANGE_VERIFIED
301171.SZ,易点天下,CHINEXT,2024-09-03,2022-08-19,,SZSE_OFFICIAL_LISTING_REGISTER,AUTHENTIC_EXCHANGE_VERIFIED
301172.SZ,君逸数码,CHINEXT,2024-09-06,2023-07-26,,SZSE_OFFICIAL_LISTING_REGISTER,AUTHENTIC_EXCHANGE_VERIFIED
301173.SZ,毓恬冠佳,CHINEXT,2024-09-06,2025-03-03,,SZSE_OFFICIAL_LISTING_REGISTER,AUTHENTIC_EXCHANGE_VERIFIED
301175.SZ,中科环保,CHINEXT,2024-09-06,2022-07-08,,SZSE_OFFICIAL_LISTING_REGISTER,AUTHENTIC_EXCHANGE_VERIFIED
301176.SZ,逸豪新材,CHINEXT,2024-09-06,2022-09-28,,SZSE_OFFICIAL_LISTING_REGISTER,AUTHENTIC_EXCHANGE_VERIFIED
301177.SZ,迪阿股份,CHINEXT,2024-09-06,2021-12-15,,SZSE_OFFICIAL_LISTING_REGISTER,AUTHENTIC_EXCHANGE_VERIFIED
301178.SZ,天亿马,CHINEXT,2024-09-06,2021-11-12,,SZSE_OFFICIAL_LISTING_REGISTER,AUTHENTIC_EXCHANGE_VERIFIED
301179.SZ,泽宇智能,CHINEXT,2024-09-06,2021-12-08,,SZSE_OFFICIAL_LISTING_REGISTER,AUTHENTIC_EXCHANGE_VERIFIED
301180.SZ,万祥科技,CHINEXT,2024-09-06,2021-11-16,,SZSE_OFFICIAL_LISTING_REGISTER,AUTHENTIC_EXCHANGE_VERIFIED
301181.SZ,标榜股份,CHINEXT,2024-09-06,2022-02-21,,SZSE_OFFICIAL_LISTING_REGISTER,AUTHENTIC_EXCHANGE_VERIFIED
301182.SZ,凯旺科技,CHINEXT,2024-09-06,2021-12-23,,SZSE_OFFICIAL_LISTING_REGISTER,AUTHENTIC_EXCHANGE_VERIFIED
301183.SZ,东田微,CHINEXT,2024-09-06,2022-05-24,,SZSE_OFFICIAL_LISTING_REGISTER,AUTHENTIC_EXCHANGE_VERIFIED
301185.SZ,鸥玛软件,CHINEXT,2024-09-06,2021-11-19,,SZSE_OFFICIAL_LISTING_REGISTER,AUTHENTIC_EXCHANGE_VERIFIED
301186.SZ,超达装备,CHINEXT,2024-09-06,2021-12-23,,SZSE_OFFICIAL_LISTING_REGISTER,AUTHENTIC_EXCHANGE_VERIFIED
301187.SZ,欧圣电气,CHINEXT,2024-09-06,2022-04-22,,SZSE_OFFICIAL_LISTING_REGISTER,AUTHENTIC_EXCHANGE_VERIFIED
301188.SZ,力诺药包,CHINEXT,2024-09-06,2021-11-11,,SZSE_OFFICIAL_LISTING_REGISTER,AUTHENTIC_EXCHANGE_VERIFIED
301189.SZ,奥尼电子,CHINEXT,2024-09-06,2021-12-28,,SZSE_OFFICIAL_LISTING_REGISTER,AUTHENTIC_EXCHANGE_VERIFIED
301190.SZ,善水科技,CHINEXT,2024-09-06,2021-12-24,,SZSE_OFFICIAL_LISTING_REGISTER,AUTHENTIC_EXCHANGE_VERIFIED
301191.SZ,菲菱科思,CHINEXT,2024-09-06,2022-05-26,,SZSE_OFFICIAL_LISTING_REGISTER,AUTHENTIC_EXCHANGE_VERIFIED
301192.SZ,泰祥股份,CHINEXT,2024-09-06,2022-08-11,,SZSE_OFFICIAL_LISTING_REGISTER,AUTHENTIC_EXCHANGE_VERIFIED
301193.SZ,家联科技,CHINEXT,2024-09-06,2021-12-09,,SZSE_OFFICIAL_LISTING_REGISTER,AUTHENTIC_EXCHANGE_VERIFIED
301195.SZ,北路智控,CHINEXT,2024-09-06,2022-08-01,,SZSE_OFFICIAL_LISTING_REGISTER,AUTHENTIC_EXCHANGE_VERIFIED
301196.SZ,唯科科技,CHINEXT,2024-09-06,2022-01-11,,SZSE_OFFICIAL_LISTING_REGISTER,AUTHENTIC_EXCHANGE_VERIFIED
301197.SZ,工大科雅,CHINEXT,2024-09-06,2022-08-08,,SZSE_OFFICIAL_LISTING_REGISTER,AUTHENTIC_EXCHANGE_VERIFIED
301198.SZ,喜悦智行,CHINEXT,2024-09-06,2021-12-02,,SZSE_OFFICIAL_LISTING_REGISTER,AUTHENTIC_EXCHANGE_VERIFIED
301199.SZ,迈赫股份,CHINEXT,2024-09-06,2021-12-07,,SZSE_OFFICIAL_LISTING_REGISTER,AUTHENTIC_EXCHANGE_VERIFIED
301200.SZ,大族数控,CHINEXT,2024-09-06,2022-02-28,,SZSE_OFFICIAL_LISTING_REGISTER,AUTHENTIC_EXCHANGE_VERIFIED
301201.SZ,诚达药业,CHINEXT,2024-09-06,2022-01-20,,SZSE_OFFICIAL_LISTING_REGISTER,AUTHENTIC_EXCHANGE_VERIFIED
301202.SZ,朗威股份,CHINEXT,2024-09-06,2023-07-05,,SZSE_OFFICIAL_LISTING_REGISTER,AUTHENTIC_EXCHANGE_VERIFIED
301203.SZ,国泰环保,CHINEXT,2024-09-06,2023-04-04,,SZSE_OFFICIAL_LISTING_REGISTER,AUTHENTIC_EXCHANGE_VERIFIED
301205.SZ,联特科技,CHINEXT,2024-09-06,2022-09-13,,SZSE_OFFICIAL_LISTING_REGISTER,AUTHENTIC_EXCHANGE_VERIFIED
301206.SZ,三元生物,CHINEXT,2024-09-06,2022-02-10,,SZSE_OFFICIAL_LISTING_REGISTER,AUTHENTIC_EXCHANGE_VERIFIED
301207.SZ,华兰疫苗,CHINEXT,2024-09-06,2022-02-18,,SZSE_OFFICIAL_LISTING_REGISTER,AUTHENTIC_EXCHANGE_VERIFIED
301208.SZ,中亦科技,CHINEXT,2024-09-06,2022-07-07,,SZSE_OFFICIAL_LISTING_REGISTER,AUTHENTIC_EXCHANGE_VERIFIED
301209.SZ,联合化学,CHINEXT,2024-09-06,2022-08-25,,SZSE_OFFICIAL_LISTING_REGISTER,AUTHENTIC_EXCHANGE_VERIFIED
301210.SZ,金杨精密,CHINEXT,2024-09-06,2023-06-30,,SZSE_OFFICIAL_LISTING_REGISTER,AUTHENTIC_EXCHANGE_VERIFIED
301211.SZ,亨迪药业,CHINEXT,2024-09-06,2021-12-22,,SZSE_OFFICIAL_LISTING_REGISTER,AUTHENTIC_EXCHANGE_VERIFIED
301212.SZ,联盛化学,CHINEXT,2024-09-06,2022-04-19,,SZSE_OFFICIAL_LISTING_REGISTER,AUTHENTIC_EXCHANGE_VERIFIED
301213.SZ,观想科技,CHINEXT,2024-09-06,2021-12-06,,SZSE_OFFICIAL_LISTING_REGISTER,AUTHENTIC_EXCHANGE_VERIFIED
301215.SZ,中汽股份,CHINEXT,2024-09-06,2022-03-08,,SZSE_OFFICIAL_LISTING_REGISTER,AUTHENTIC_EXCHANGE_VERIFIED
301216.SZ,万凯新材,CHINEXT,2024-09-06,2022-03-29,,SZSE_OFFICIAL_LISTING_REGISTER,AUTHENTIC_EXCHANGE_VERIFIED
301217.SZ,铜冠铜箔,CHINEXT,2024-09-06,2022-01-27,,SZSE_OFFICIAL_LISTING_REGISTER,AUTHENTIC_EXCHANGE_VERIFIED
301218.SZ,华是科技,CHINEXT,2024-09-06,2022-03-07,,SZSE_OFFICIAL_LISTING_REGISTER,AUTHENTIC_EXCHANGE_VERIFIED
301219.SZ,腾远钴业,CHINEXT,2024-09-06,2022-03-17,,SZSE_OFFICIAL_LISTING_REGISTER,AUTHENTIC_EXCHANGE_VERIFIED
301220.SZ,亚香股份,CHINEXT,2024-09-06,2022-06-22,,SZSE_OFFICIAL_LISTING_REGISTER,AUTHENTIC_EXCHANGE_VERIFIED
301221.SZ,光庭信息,CHINEXT,2024-09-06,2021-12-22,,SZSE_OFFICIAL_LISTING_REGISTER,AUTHENTIC_EXCHANGE_VERIFIED
301222.SZ,浙江恒威,CHINEXT,2024-09-06,2022-03-09,,SZSE_OFFICIAL_LISTING_REGISTER,AUTHENTIC_EXCHANGE_VERIFIED
301223.SZ,中荣股份,CHINEXT,2024-09-06,2022-10-26,,SZSE_OFFICIAL_LISTING_REGISTER,AUTHENTIC_EXCHANGE_VERIFIED
301225.SZ,恒勃股份,CHINEXT,2024-09-06,2023-06-16,,SZSE_OFFICIAL_LISTING_REGISTER,AUTHENTIC_EXCHANGE_VERIFIED
301226.SZ,祥明智能,CHINEXT,2024-09-06,2022-03-25,,SZSE_OFFICIAL_LISTING_REGISTER,AUTHENTIC_EXCHANGE_VERIFIED
301227.SZ,森鹰窗业,CHINEXT,2024-09-06,2022-09-26,,SZSE_OFFICIAL_LISTING_REGISTER,AUTHENTIC_EXCHANGE_VERIFIED
301228.SZ,实朴检测,CHINEXT,2024-09-06,2022-01-28,,SZSE_OFFICIAL_LISTING_REGISTER,AUTHENTIC_EXCHANGE_VERIFIED
301229.SZ,纽泰格,CHINEXT,2024-09-06,2022-02-22,,SZSE_OFFICIAL_LISTING_REGISTER,AUTHENTIC_EXCHANGE_VERIFIED
301230.SZ,泓博医药,CHINEXT,2024-09-06,2022-11-01,,SZSE_OFFICIAL_LISTING_REGISTER,AUTHENTIC_EXCHANGE_VERIFIED
301231.SZ,荣信文化,CHINEXT,2024-09-06,2022-09-08,,SZSE_OFFICIAL_LISTING_REGISTER,AUTHENTIC_EXCHANGE_VERIFIED
301232.SZ,飞沃科技,CHINEXT,2024-09-06,2023-06-15,,SZSE_OFFICIAL_LISTING_REGISTER,AUTHENTIC_EXCHANGE_VERIFIED
301233.SZ,盛帮股份,CHINEXT,2024-09-06,2022-07-06,,SZSE_OFFICIAL_LISTING_REGISTER,AUTHENTIC_EXCHANGE_VERIFIED
301234.SZ,五洲医疗,CHINEXT,2024-09-06,2022-07-05,,SZSE_OFFICIAL_LISTING_REGISTER,AUTHENTIC_EXCHANGE_VERIFIED
301235.SZ,华康洁净,CHINEXT,2024-09-06,2022-01-28,,SZSE_OFFICIAL_LISTING_REGISTER,AUTHENTIC_EXCHANGE_VERIFIED
301236.SZ,软通动力,CHINEXT,2024-09-06,2022-03-15,,SZSE_OFFICIAL_LISTING_REGISTER,AUTHENTIC_EXCHANGE_VERIFIED
301237.SZ,和顺科技,CHINEXT,2024-09-06,2022-03-23,,SZSE_OFFICIAL_LISTING_REGISTER,AUTHENTIC_EXCHANGE_VERIFIED
301238.SZ,瑞泰新材,CHINEXT,2024-09-06,2022-06-17,,SZSE_OFFICIAL_LISTING_REGISTER,AUTHENTIC_EXCHANGE_VERIFIED
301239.SZ,普瑞眼科,CHINEXT,2024-09-06,2022-07-05,,SZSE_OFFICIAL_LISTING_REGISTER,AUTHENTIC_EXCHANGE_VERIFIED
301246.SZ,宏源药业,CHINEXT,2024-09-06,2023-03-20,,SZSE_OFFICIAL_LISTING_REGISTER,AUTHENTIC_EXCHANGE_VERIFIED
301248.SZ,杰创智能,CHINEXT,2024-09-06,2022-04-20,,SZSE_OFFICIAL_LISTING_REGISTER,AUTHENTIC_EXCHANGE_VERIFIED
301251.SZ,威尔高,CHINEXT,2024-09-06,2023-09-06,,SZSE_OFFICIAL_LISTING_REGISTER,AUTHENTIC_EXCHANGE_VERIFIED
301252.SZ,同星科技,CHINEXT,2024-09-06,2023-05-25,,SZSE_OFFICIAL_LISTING_REGISTER,AUTHENTIC_EXCHANGE_VERIFIED
301255.SZ,通力科技,CHINEXT,2024-09-06,2022-12-27,,SZSE_OFFICIAL_LISTING_REGISTER,AUTHENTIC_EXCHANGE_VERIFIED
301256.SZ,华融化学,CHINEXT,2024-09-06,2022-03-22,,SZSE_OFFICIAL_LISTING_REGISTER,AUTHENTIC_EXCHANGE_VERIFIED
301257.SZ,普蕊斯,CHINEXT,2024-09-06,2022-05-17,,SZSE_OFFICIAL_LISTING_REGISTER,AUTHENTIC_EXCHANGE_VERIFIED
301258.SZ,富士莱,CHINEXT,2024-09-06,2022-03-29,,SZSE_OFFICIAL_LISTING_REGISTER,AUTHENTIC_EXCHANGE_VERIFIED
301259.SZ,艾布鲁,CHINEXT,2024-09-06,2022-04-26,,SZSE_OFFICIAL_LISTING_REGISTER,AUTHENTIC_EXCHANGE_VERIFIED
301260.SZ,格力博,CHINEXT,2024-09-06,2023-02-08,,SZSE_OFFICIAL_LISTING_REGISTER,AUTHENTIC_EXCHANGE_VERIFIED
301261.SZ,恒工精密,CHINEXT,2024-09-06,2023-07-10,,SZSE_OFFICIAL_LISTING_REGISTER,AUTHENTIC_EXCHANGE_VERIFIED
301262.SZ,海看股份,CHINEXT,2024-09-06,2023-06-20,,SZSE_OFFICIAL_LISTING_REGISTER,AUTHENTIC_EXCHANGE_VERIFIED
301263.SZ,泰恩康,CHINEXT,2024-09-06,2022-03-29,,SZSE_OFFICIAL_LISTING_REGISTER,AUTHENTIC_EXCHANGE_VERIFIED
301265.SZ,华新科技,CHINEXT,2024-09-06,2022-12-16,,SZSE_OFFICIAL_LISTING_REGISTER,AUTHENTIC_EXCHANGE_VERIFIED
301266.SZ,宇邦新材,CHINEXT,2024-09-06,2022-06-08,,SZSE_OFFICIAL_LISTING_REGISTER,AUTHENTIC_EXCHANGE_VERIFIED
301267.SZ,华厦眼科,CHINEXT,2024-09-06,2022-11-07,,SZSE_OFFICIAL_LISTING_REGISTER,AUTHENTIC_EXCHANGE_VERIFIED
301268.SZ,铭利达,CHINEXT,2024-09-06,2022-04-07,,SZSE_OFFICIAL_LISTING_REGISTER,AUTHENTIC_EXCHANGE_VERIFIED
301269.SZ,华大九天,CHINEXT,2024-08-23,2022-07-29,,SZSE_OFFICIAL_LISTING_REGISTER,AUTHENTIC_EXCHANGE_VERIFIED
301270.SZ,汉仪股份,CHINEXT,2024-09-06,2022-08-31,,SZSE_OFFICIAL_LISTING_REGISTER,AUTHENTIC_EXCHANGE_VERIFIED
301272.SZ,英华特,CHINEXT,2024-09-06,2023-07-13,,SZSE_OFFICIAL_LISTING_REGISTER,AUTHENTIC_EXCHANGE_VERIFIED
301273.SZ,瑞晨环保,CHINEXT,2024-09-06,2022-10-25,,SZSE_OFFICIAL_LISTING_REGISTER,AUTHENTIC_EXCHANGE_VERIFIED
301275.SZ,汉朔科技,CHINEXT,2024-09-06,2025-03-11,,SZSE_OFFICIAL_LISTING_REGISTER,AUTHENTIC_EXCHANGE_VERIFIED
301276.SZ,嘉曼服饰,CHINEXT,2024-09-06,2022-09-09,,SZSE_OFFICIAL_LISTING_REGISTER,AUTHENTIC_EXCHANGE_VERIFIED
301277.SZ,新天地,CHINEXT,2024-09-06,2022-11-16,,SZSE_OFFICIAL_LISTING_REGISTER,AUTHENTIC_EXCHANGE_VERIFIED
301278.SZ,快可电子,CHINEXT,2024-09-06,2022-08-04,,SZSE_OFFICIAL_LISTING_REGISTER,AUTHENTIC_EXCHANGE_VERIFIED
301279.SZ,金道科技,CHINEXT,2024-09-06,2022-04-13,,SZSE_OFFICIAL_LISTING_REGISTER,AUTHENTIC_EXCHANGE_VERIFIED
301280.SZ,珠城科技,CHINEXT,2024-09-06,2022-12-26,,SZSE_OFFICIAL_LISTING_REGISTER,AUTHENTIC_EXCHANGE_VERIFIED
301281.SZ,科源制药,CHINEXT,2024-09-06,2023-04-04,,SZSE_OFFICIAL_LISTING_REGISTER,AUTHENTIC_EXCHANGE_VERIFIED
301282.SZ,金禄电子,CHINEXT,2024-09-06,2022-08-26,,SZSE_OFFICIAL_LISTING_REGISTER,AUTHENTIC_EXCHANGE_VERIFIED
301283.SZ,聚胶股份,CHINEXT,2024-09-06,2022-09-02,,SZSE_OFFICIAL_LISTING_REGISTER,AUTHENTIC_EXCHANGE_VERIFIED
301285.SZ,鸿日达,CHINEXT,2024-09-06,2022-09-28,,SZSE_OFFICIAL_LISTING_REGISTER,AUTHENTIC_EXCHANGE_VERIFIED
301286.SZ,侨源股份,CHINEXT,2024-09-06,2022-06-14,,SZSE_OFFICIAL_LISTING_REGISTER,AUTHENTIC_EXCHANGE_VERIFIED
301287.SZ,康力源,CHINEXT,2024-09-06,2023-06-14,,SZSE_OFFICIAL_LISTING_REGISTER,AUTHENTIC_EXCHANGE_VERIFIED
301288.SZ,清研环境,CHINEXT,2024-09-06,2022-04-22,,SZSE_OFFICIAL_LISTING_REGISTER,AUTHENTIC_EXCHANGE_VERIFIED
301289.SZ,国缆检测,CHINEXT,2024-09-06,2022-06-22,,SZSE_OFFICIAL_LISTING_REGISTER,AUTHENTIC_EXCHANGE_VERIFIED
301290.SZ,东星医疗,CHINEXT,2024-09-06,2022-11-30,,SZSE_OFFICIAL_LISTING_REGISTER,AUTHENTIC_EXCHANGE_VERIFIED
301291.SZ,明阳电气,CHINEXT,2024-09-06,2023-06-30,,SZSE_OFFICIAL_LISTING_REGISTER,AUTHENTIC_EXCHANGE_VERIFIED
301292.SZ,海科新源,CHINEXT,2024-09-06,2023-07-07,,SZSE_OFFICIAL_LISTING_REGISTER,AUTHENTIC_EXCHANGE_VERIFIED
301293.SZ,三博脑科,CHINEXT,2024-09-06,2023-05-05,,SZSE_OFFICIAL_LISTING_REGISTER,AUTHENTIC_EXCHANGE_VERIFIED
301295.SZ,美硕科技,CHINEXT,2024-09-06,2023-06-28,,SZSE_OFFICIAL_LISTING_REGISTER,AUTHENTIC_EXCHANGE_VERIFIED
301296.SZ,新巨丰,CHINEXT,2024-09-06,2022-09-02,,SZSE_OFFICIAL_LISTING_REGISTER,AUTHENTIC_EXCHANGE_VERIFIED
301297.SZ,富乐德,CHINEXT,2024-09-06,2022-12-30,,SZSE_OFFICIAL_LISTING_REGISTER,AUTHENTIC_EXCHANGE_VERIFIED
301298.SZ,东利机械,CHINEXT,2024-09-06,2022-06-06,,SZSE_OFFICIAL_LISTING_REGISTER,AUTHENTIC_EXCHANGE_VERIFIED
301299.SZ,卓创资讯,CHINEXT,2024-09-06,2022-10-19,,SZSE_OFFICIAL_LISTING_REGISTER,AUTHENTIC_EXCHANGE_VERIFIED
301300.SZ,远翔新材,CHINEXT,2024-09-06,2022-08-19,,SZSE_OFFICIAL_LISTING_REGISTER,AUTHENTIC_EXCHANGE_VERIFIED
301301.SZ,川宁生物,CHINEXT,2024-09-06,2022-12-27,,SZSE_OFFICIAL_LISTING_REGISTER,AUTHENTIC_EXCHANGE_VERIFIED
301302.SZ,华如科技,CHINEXT,2024-09-06,2022-06-23,,SZSE_OFFICIAL_LISTING_REGISTER,AUTHENTIC_EXCHANGE_VERIFIED
301303.SZ,真兰仪表,CHINEXT,2024-09-06,2023-02-20,,SZSE_OFFICIAL_LISTING_REGISTER,AUTHENTIC_EXCHANGE_VERIFIED
301305.SZ,朗坤科技,CHINEXT,2024-09-06,2023-05-23,,SZSE_OFFICIAL_LISTING_REGISTER,AUTHENTIC_EXCHANGE_VERIFIED
301306.SZ,西测测试,CHINEXT,2024-09-06,2022-07-26,,SZSE_OFFICIAL_LISTING_REGISTER,AUTHENTIC_EXCHANGE_VERIFIED
301307.SZ,美利信,CHINEXT,2024-09-06,2023-04-24,,SZSE_OFFICIAL_LISTING_REGISTER,AUTHENTIC_EXCHANGE_VERIFIED
301308.SZ,江波龙,CHINEXT,2024-09-06,2022-08-05,,SZSE_OFFICIAL_LISTING_REGISTER,AUTHENTIC_EXCHANGE_VERIFIED
301309.SZ,万得凯,CHINEXT,2024-08-23,2022-09-19,,SZSE_OFFICIAL_LISTING_REGISTER,AUTHENTIC_EXCHANGE_VERIFIED
301310.SZ,鑫宏业,CHINEXT,2024-09-06,2023-06-02,,SZSE_OFFICIAL_LISTING_REGISTER,AUTHENTIC_EXCHANGE_VERIFIED
301311.SZ,昆船智能,CHINEXT,2024-09-06,2022-11-30,,SZSE_OFFICIAL_LISTING_REGISTER,AUTHENTIC_EXCHANGE_VERIFIED
301312.SZ,智立方,CHINEXT,2024-09-06,2022-07-11,,SZSE_OFFICIAL_LISTING_REGISTER,AUTHENTIC_EXCHANGE_VERIFIED
301313.SZ,凡拓数创,CHINEXT,2024-09-06,2022-09-30,,SZSE_OFFICIAL_LISTING_REGISTER,AUTHENTIC_EXCHANGE_VERIFIED
301314.SZ,科瑞思,CHINEXT,2024-09-06,2023-03-28,,SZSE_OFFICIAL_LISTING_REGISTER,AUTHENTIC_EXCHANGE_VERIFIED
301315.SZ,威士顿,CHINEXT,2024-09-06,2023-06-21,,SZSE_OFFICIAL_LISTING_REGISTER,AUTHENTIC_EXCHANGE_VERIFIED
301316.SZ,慧博云通,CHINEXT,2024-09-06,2022-10-13,,SZSE_OFFICIAL_LISTING_REGISTER,AUTHENTIC_EXCHANGE_VERIFIED
301317.SZ,鑫磊股份,CHINEXT,2024-09-06,2023-01-19,,SZSE_OFFICIAL_LISTING_REGISTER,AUTHENTIC_EXCHANGE_VERIFIED
301318.SZ,维海德,CHINEXT,2024-09-06,2022-08-10,,SZSE_OFFICIAL_LISTING_REGISTER,AUTHENTIC_EXCHANGE_VERIFIED
301319.SZ,唯特偶,CHINEXT,2024-09-06,2022-09-29,,SZSE_OFFICIAL_LISTING_REGISTER,AUTHENTIC_EXCHANGE_VERIFIED
301320.SZ,豪江智能,CHINEXT,2024-09-06,2023-06-09,,SZSE_OFFICIAL_LISTING_REGISTER,AUTHENTIC_EXCHANGE_VERIFIED
301321.SZ,翰博高新,CHINEXT,2024-09-06,2022-08-18,,SZSE_OFFICIAL_LISTING_REGISTER,AUTHENTIC_EXCHANGE_VERIFIED
301322.SZ,绿通科技,CHINEXT,2024-09-06,2023-03-06,,SZSE_OFFICIAL_LISTING_REGISTER,AUTHENTIC_EXCHANGE_VERIFIED
301323.SZ,新莱福,CHINEXT,2024-09-06,2023-06-06,,SZSE_OFFICIAL_LISTING_REGISTER,AUTHENTIC_EXCHANGE_VERIFIED
301325.SZ,曼恩斯特,CHINEXT,2024-09-06,2023-05-12,,SZSE_OFFICIAL_LISTING_REGISTER,AUTHENTIC_EXCHANGE_VERIFIED
301326.SZ,捷邦科技,CHINEXT,2024-09-06,2022-09-21,,SZSE_OFFICIAL_LISTING_REGISTER,AUTHENTIC_EXCHANGE_VERIFIED
301327.SZ,华宝新能,CHINEXT,2024-09-06,2022-09-19,,SZSE_OFFICIAL_LISTING_REGISTER,AUTHENTIC_EXCHANGE_VERIFIED
301328.SZ,维峰电子,CHINEXT,2024-09-06,2022-09-08,,SZSE_OFFICIAL_LISTING_REGISTER,AUTHENTIC_EXCHANGE_VERIFIED
301329.SZ,信音电子,CHINEXT,2024-09-06,2023-07-17,,SZSE_OFFICIAL_LISTING_REGISTER,AUTHENTIC_EXCHANGE_VERIFIED
301330.SZ,熵基科技,CHINEXT,2024-09-06,2022-08-17,,SZSE_OFFICIAL_LISTING_REGISTER,AUTHENTIC_EXCHANGE_VERIFIED
301331.SZ,恩威医药,CHINEXT,2024-09-06,2022-09-21,,SZSE_OFFICIAL_LISTING_REGISTER,AUTHENTIC_EXCHANGE_VERIFIED
301332.SZ,德尔玛,CHINEXT,2024-09-06,2023-05-18,,SZSE_OFFICIAL_LISTING_REGISTER,AUTHENTIC_EXCHANGE_VERIFIED
301333.SZ,诺思格,CHINEXT,2024-09-06,2022-08-02,,SZSE_OFFICIAL_LISTING_REGISTER,AUTHENTIC_EXCHANGE_VERIFIED
301335.SZ,天元宠物,CHINEXT,2024-08-23,2022-11-18,,SZSE_OFFICIAL_LISTING_REGISTER,AUTHENTIC_EXCHANGE_VERIFIED
301336.SZ,趣睡科技,CHINEXT,2024-09-06,2022-08-12,,SZSE_OFFICIAL_LISTING_REGISTER,AUTHENTIC_EXCHANGE_VERIFIED
301337.SZ,亚华电子,CHINEXT,2024-09-06,2023-05-26,,SZSE_OFFICIAL_LISTING_REGISTER,AUTHENTIC_EXCHANGE_VERIFIED
301338.SZ,凯格精机,CHINEXT,2024-09-06,2022-08-16,,SZSE_OFFICIAL_LISTING_REGISTER,AUTHENTIC_EXCHANGE_VERIFIED
301339.SZ,苏交数智,CHINEXT,2024-09-06,2022-09-09,,SZSE_OFFICIAL_LISTING_REGISTER,AUTHENTIC_EXCHANGE_VERIFIED
301345.SZ,涛涛车业,CHINEXT,2024-09-06,2023-03-21,,SZSE_OFFICIAL_LISTING_REGISTER,AUTHENTIC_EXCHANGE_VERIFIED
301348.SZ,蓝箭电子,CHINEXT,2024-09-06,2023-08-10,,SZSE_OFFICIAL_LISTING_REGISTER,AUTHENTIC_EXCHANGE_VERIFIED
301349.SZ,信德新材,CHINEXT,2024-09-06,2022-09-09,,SZSE_OFFICIAL_LISTING_REGISTER,AUTHENTIC_EXCHANGE_VERIFIED
301353.SZ,普莱得,CHINEXT,2024-09-06,2023-05-30,,SZSE_OFFICIAL_LISTING_REGISTER,AUTHENTIC_EXCHANGE_VERIFIED
301355.SZ,南王科技,CHINEXT,2024-09-06,2023-06-12,,SZSE_OFFICIAL_LISTING_REGISTER,AUTHENTIC_EXCHANGE_VERIFIED
301356.SZ,天振股份,CHINEXT,2024-09-06,2022-11-14,,SZSE_OFFICIAL_LISTING_REGISTER,AUTHENTIC_EXCHANGE_VERIFIED
301357.SZ,北方长龙,CHINEXT,2024-09-06,2023-04-18,,SZSE_OFFICIAL_LISTING_REGISTER,AUTHENTIC_EXCHANGE_VERIFIED
301358.SZ,湖南裕能,CHINEXT,2024-09-06,2023-02-09,,SZSE_OFFICIAL_LISTING_REGISTER,AUTHENTIC_EXCHANGE_VERIFIED
301359.SZ,东南电子,CHINEXT,2024-09-06,2022-11-09,,SZSE_OFFICIAL_LISTING_REGISTER,AUTHENTIC_EXCHANGE_VERIFIED
301360.SZ,荣旗科技,CHINEXT,2024-09-06,2023-04-25,,SZSE_OFFICIAL_LISTING_REGISTER,AUTHENTIC_EXCHANGE_VERIFIED
301361.SZ,众智科技,CHINEXT,2024-09-06,2022-11-16,,SZSE_OFFICIAL_LISTING_REGISTER,AUTHENTIC_EXCHANGE_VERIFIED
301362.SZ,民爆光电,CHINEXT,2024-09-06,2023-08-04,,SZSE_OFFICIAL_LISTING_REGISTER,AUTHENTIC_EXCHANGE_VERIFIED
301363.SZ,美好医疗,CHINEXT,2024-09-06,2022-10-12,,SZSE_OFFICIAL_LISTING_REGISTER,AUTHENTIC_EXCHANGE_VERIFIED
301365.SZ,矩阵股份,CHINEXT,2024-09-06,2022-11-22,,SZSE_OFFICIAL_LISTING_REGISTER,AUTHENTIC_EXCHANGE_VERIFIED
301366.SZ,一博科技,CHINEXT,2024-09-06,2022-09-26,,SZSE_OFFICIAL_LISTING_REGISTER,AUTHENTIC_EXCHANGE_VERIFIED
301367.SZ,瑞迈特,CHINEXT,2024-09-06,2022-11-01,,SZSE_OFFICIAL_LISTING_REGISTER,AUTHENTIC_EXCHANGE_VERIFIED
301368.SZ,丰立智能,CHINEXT,2024-09-06,2022-12-15,,SZSE_OFFICIAL_LISTING_REGISTER,AUTHENTIC_EXCHANGE_VERIFIED
301369.SZ,联动科技,CHINEXT,2024-09-06,2022-09-22,,SZSE_OFFICIAL_LISTING_REGISTER,AUTHENTIC_EXCHANGE_VERIFIED
301370.SZ,国科恒泰,CHINEXT,2024-09-06,2023-07-12,,SZSE_OFFICIAL_LISTING_REGISTER,AUTHENTIC_EXCHANGE_VERIFIED
301371.SZ,敷尔佳,CHINEXT,2024-09-06,2023-08-01,,SZSE_OFFICIAL_LISTING_REGISTER,AUTHENTIC_EXCHANGE_VERIFIED
301372.SZ,科净源,CHINEXT,2024-09-06,2023-08-11,,SZSE_OFFICIAL_LISTING_REGISTER,AUTHENTIC_EXCHANGE_VERIFIED
301373.SZ,凌玮科技,CHINEXT,2024-09-06,2023-02-08,,SZSE_OFFICIAL_LISTING_REGISTER,AUTHENTIC_EXCHANGE_VERIFIED
301376.SZ,致欧科技,CHINEXT,2024-09-06,2023-06-21,,SZSE_OFFICIAL_LISTING_REGISTER,AUTHENTIC_EXCHANGE_VERIFIED
301377.SZ,鼎泰高科,CHINEXT,2024-09-06,2022-11-22,,SZSE_OFFICIAL_LISTING_REGISTER,AUTHENTIC_EXCHANGE_VERIFIED
301378.SZ,通达海,CHINEXT,2024-09-06,2023-03-20,,SZSE_OFFICIAL_LISTING_REGISTER,AUTHENTIC_EXCHANGE_VERIFIED
301379.SZ,天山电子,CHINEXT,2024-09-06,2022-11-01,,SZSE_OFFICIAL_LISTING_REGISTER,AUTHENTIC_EXCHANGE_VERIFIED
301380.SZ,挖金客,CHINEXT,2024-09-06,2022-10-25,,SZSE_OFFICIAL_LISTING_REGISTER,AUTHENTIC_EXCHANGE_VERIFIED
301381.SZ,赛维时代,CHINEXT,2024-09-06,2023-07-12,,SZSE_OFFICIAL_LISTING_REGISTER,AUTHENTIC_EXCHANGE_VERIFIED
301382.SZ,蜂助手,CHINEXT,2024-09-06,2023-05-17,,SZSE_OFFICIAL_LISTING_REGISTER,AUTHENTIC_EXCHANGE_VERIFIED
301383.SZ,天键股份,CHINEXT,2024-09-06,2023-06-09,,SZSE_OFFICIAL_LISTING_REGISTER,AUTHENTIC_EXCHANGE_VERIFIED
301386.SZ,未来电器,CHINEXT,2024-09-06,2023-03-29,,SZSE_OFFICIAL_LISTING_REGISTER,AUTHENTIC_EXCHANGE_VERIFIED
301387.SZ,光大同创,CHINEXT,2024-09-06,2023-04-18,,SZSE_OFFICIAL_LISTING_REGISTER,AUTHENTIC_EXCHANGE_VERIFIED
301388.SZ,欣灵电气,CHINEXT,2024-09-06,2022-11-09,,SZSE_OFFICIAL_LISTING_REGISTER,AUTHENTIC_EXCHANGE_VERIFIED
301389.SZ,隆扬电子,CHINEXT,2024-09-06,2022-10-31,,SZSE_OFFICIAL_LISTING_REGISTER,AUTHENTIC_EXCHANGE_VERIFIED
301390.SZ,经纬股份,CHINEXT,2024-08-30,2023-05-08,,SZSE_OFFICIAL_LISTING_REGISTER,AUTHENTIC_EXCHANGE_VERIFIED
301391.SZ,卡莱特,CHINEXT,2024-09-06,2022-12-01,,SZSE_OFFICIAL_LISTING_REGISTER,AUTHENTIC_EXCHANGE_VERIFIED
301392.SZ,汇成真空,CHINEXT,2024-09-06,2024-06-05,,SZSE_OFFICIAL_LISTING_REGISTER,AUTHENTIC_EXCHANGE_VERIFIED
301393.SZ,昊帆生物,CHINEXT,2024-09-06,2023-07-12,,SZSE_OFFICIAL_LISTING_REGISTER,AUTHENTIC_EXCHANGE_VERIFIED
301395.SZ,仁信新材,CHINEXT,2024-09-06,2023-07-03,,SZSE_OFFICIAL_LISTING_REGISTER,AUTHENTIC_EXCHANGE_VERIFIED
301396.SZ,宏景科技,CHINEXT,2024-09-06,2022-11-11,,SZSE_OFFICIAL_LISTING_REGISTER,AUTHENTIC_EXCHANGE_VERIFIED
301397.SZ,溯联股份,CHINEXT,2024-09-06,2023-06-28,,SZSE_OFFICIAL_LISTING_REGISTER,AUTHENTIC_EXCHANGE_VERIFIED
301398.SZ,星源卓镁,CHINEXT,2024-09-06,2022-12-15,,SZSE_OFFICIAL_LISTING_REGISTER,AUTHENTIC_EXCHANGE_VERIFIED
301399.SZ,英特科技,CHINEXT,2024-09-06,2023-05-23,,SZSE_OFFICIAL_LISTING_REGISTER,AUTHENTIC_EXCHANGE_VERIFIED
301408.SZ,华人健康,CHINEXT,2024-09-06,2023-03-01,,SZSE_OFFICIAL_LISTING_REGISTER,AUTHENTIC_EXCHANGE_VERIFIED
301413.SZ,安培龙,CHINEXT,2024-09-06,2023-12-18,,SZSE_OFFICIAL_LISTING_REGISTER,AUTHENTIC_EXCHANGE_VERIFIED
301418.SZ,协昌科技,CHINEXT,2024-09-06,2023-08-21,,SZSE_OFFICIAL_LISTING_REGISTER,AUTHENTIC_EXCHANGE_VERIFIED
301419.SZ,阿莱德,CHINEXT,2024-09-06,2023-02-09,,SZSE_OFFICIAL_LISTING_REGISTER,AUTHENTIC_EXCHANGE_VERIFIED
301421.SZ,波长光电,CHINEXT,2024-09-06,2023-08-23,,SZSE_OFFICIAL_LISTING_REGISTER,AUTHENTIC_EXCHANGE_VERIFIED
301428.SZ,世纪恒通,CHINEXT,2024-09-06,2023-05-19,,SZSE_OFFICIAL_LISTING_REGISTER,AUTHENTIC_EXCHANGE_VERIFIED
301429.SZ,森泰股份,CHINEXT,2024-09-06,2023-04-17,,SZSE_OFFICIAL_LISTING_REGISTER,AUTHENTIC_EXCHANGE_VERIFIED
301439.SZ,泓淋电力,CHINEXT,2024-09-06,2023-03-17,,SZSE_OFFICIAL_LISTING_REGISTER,AUTHENTIC_EXCHANGE_VERIFIED
301446.SZ,福事特,CHINEXT,2024-09-06,2023-07-25,,SZSE_OFFICIAL_LISTING_REGISTER,AUTHENTIC_EXCHANGE_VERIFIED
301448.SZ,开创电气,CHINEXT,2024-09-06,2023-06-19,,SZSE_OFFICIAL_LISTING_REGISTER,AUTHENTIC_EXCHANGE_VERIFIED
301449.SZ,天溯计量,CHINEXT,2024-09-06,2025-12-23,,SZSE_OFFICIAL_LISTING_REGISTER,AUTHENTIC_EXCHANGE_VERIFIED
301456.SZ,盘古智能,CHINEXT,2024-09-06,2023-07-14,,SZSE_OFFICIAL_LISTING_REGISTER,AUTHENTIC_EXCHANGE_VERIFIED
301458.SZ,钧崴电子,CHINEXT,2024-09-06,2025-01-10,,SZSE_OFFICIAL_LISTING_REGISTER,AUTHENTIC_EXCHANGE_VERIFIED
301459.SZ,丰茂股份,CHINEXT,2024-09-06,2023-12-13,,SZSE_OFFICIAL_LISTING_REGISTER,AUTHENTIC_EXCHANGE_VERIFIED
301468.SZ,博盈特焊,CHINEXT,2024-09-06,2023-07-24,,SZSE_OFFICIAL_LISTING_REGISTER,AUTHENTIC_EXCHANGE_VERIFIED
301469.SZ,恒达新材,CHINEXT,2024-09-06,2023-08-22,,SZSE_OFFICIAL_LISTING_REGISTER,AUTHENTIC_EXCHANGE_VERIFIED
301479.SZ,弘景光电,CHINEXT,2024-09-06,2025-03-18,,SZSE_OFFICIAL_LISTING_REGISTER,AUTHENTIC_EXCHANGE_VERIFIED
301486.SZ,致尚科技,CHINEXT,2024-09-06,2023-07-07,,SZSE_OFFICIAL_LISTING_REGISTER,AUTHENTIC_EXCHANGE_VERIFIED
301487.SZ,盟固利,CHINEXT,2024-09-06,2023-08-09,,SZSE_OFFICIAL_LISTING_REGISTER,AUTHENTIC_EXCHANGE_VERIFIED
301488.SZ,豪恩汽电,CHINEXT,2024-09-06,2023-07-04,,SZSE_OFFICIAL_LISTING_REGISTER,AUTHENTIC_EXCHANGE_VERIFIED
301489.SZ,思泉新材,CHINEXT,2024-09-06,2023-10-24,,SZSE_OFFICIAL_LISTING_REGISTER,AUTHENTIC_EXCHANGE_VERIFIED
301491.SZ,汉桑科技,CHINEXT,2024-09-06,2025-08-06,,SZSE_OFFICIAL_LISTING_REGISTER,AUTHENTIC_EXCHANGE_VERIFIED
301498.SZ,乖宝宠物,CHINEXT,2024-09-06,2023-08-16,,SZSE_OFFICIAL_LISTING_REGISTER,AUTHENTIC_EXCHANGE_VERIFIED
301499.SZ,维科精密,CHINEXT,2024-09-06,2023-07-21,,SZSE_OFFICIAL_LISTING_REGISTER,AUTHENTIC_EXCHANGE_VERIFIED
301500.SZ,飞南资源,CHINEXT,2024-09-06,2023-09-21,,SZSE_OFFICIAL_LISTING_REGISTER,AUTHENTIC_EXCHANGE_VERIFIED
301501.SZ,恒鑫生活,CHINEXT,2025-03-19,2025-03-19,,SZSE_OFFICIAL_LISTING_REGISTER,AUTHENTIC_EXCHANGE_VERIFIED
301502.SZ,华阳智能,CHINEXT,2024-09-06,2024-02-02,,SZSE_OFFICIAL_LISTING_REGISTER,AUTHENTIC_EXCHANGE_VERIFIED
301503.SZ,智迪科技,CHINEXT,2024-09-06,2023-07-17,,SZSE_OFFICIAL_LISTING_REGISTER,AUTHENTIC_EXCHANGE_VERIFIED
301505.SZ,苏州规划,CHINEXT,2024-09-06,2023-07-19,,SZSE_OFFICIAL_LISTING_REGISTER,AUTHENTIC_EXCHANGE_VERIFIED
301507.SZ,民生健康,CHINEXT,2024-09-06,2023-09-05,,SZSE_OFFICIAL_LISTING_REGISTER,AUTHENTIC_EXCHANGE_VERIFIED
301508.SZ,中机认检,CHINEXT,2024-09-06,2023-12-01,,SZSE_OFFICIAL_LISTING_REGISTER,AUTHENTIC_EXCHANGE_VERIFIED
301509.SZ,金凯生科,CHINEXT,2024-09-06,2023-08-03,,SZSE_OFFICIAL_LISTING_REGISTER,AUTHENTIC_EXCHANGE_VERIFIED
301510.SZ,固高科技,CHINEXT,2024-09-06,2023-08-15,,SZSE_OFFICIAL_LISTING_REGISTER,AUTHENTIC_EXCHANGE_VERIFIED
301511.SZ,德福科技,CHINEXT,2024-09-06,2023-08-17,,SZSE_OFFICIAL_LISTING_REGISTER,AUTHENTIC_EXCHANGE_VERIFIED
301512.SZ,智信精密,CHINEXT,2024-09-06,2023-07-20,,SZSE_OFFICIAL_LISTING_REGISTER,AUTHENTIC_EXCHANGE_VERIFIED
301513.SZ,尚水智能,CHINEXT,2024-09-06,2026-04-17,,SZSE_OFFICIAL_LISTING_REGISTER,AUTHENTIC_EXCHANGE_VERIFIED
301515.SZ,港通医疗,CHINEXT,2024-09-06,2023-07-25,,SZSE_OFFICIAL_LISTING_REGISTER,AUTHENTIC_EXCHANGE_VERIFIED
301516.SZ,中远通,CHINEXT,2024-09-06,2023-12-08,,SZSE_OFFICIAL_LISTING_REGISTER,AUTHENTIC_EXCHANGE_VERIFIED
301517.SZ,陕西华达,CHINEXT,2024-09-06,2023-10-17,,SZSE_OFFICIAL_LISTING_REGISTER,AUTHENTIC_EXCHANGE_VERIFIED
301518.SZ,长华化学,CHINEXT,2024-09-06,2023-08-03,,SZSE_OFFICIAL_LISTING_REGISTER,AUTHENTIC_EXCHANGE_VERIFIED
301519.SZ,舜禹股份,CHINEXT,2024-09-06,2023-07-27,,SZSE_OFFICIAL_LISTING_REGISTER,AUTHENTIC_EXCHANGE_VERIFIED
301520.SZ,万邦医药,CHINEXT,2024-09-06,2023-09-25,,SZSE_OFFICIAL_LISTING_REGISTER,AUTHENTIC_EXCHANGE_VERIFIED
301522.SZ,上大股份,CHINEXT,2024-10-16,2024-10-16,,SZSE_OFFICIAL_LISTING_REGISTER,AUTHENTIC_EXCHANGE_VERIFIED
301525.SZ,儒竞科技,CHINEXT,2024-09-06,2023-08-30,,SZSE_OFFICIAL_LISTING_REGISTER,AUTHENTIC_EXCHANGE_VERIFIED
301526.SZ,国际复材,CHINEXT,2024-09-06,2023-12-26,,SZSE_OFFICIAL_LISTING_REGISTER,AUTHENTIC_EXCHANGE_VERIFIED
301528.SZ,多浦乐,CHINEXT,2024-09-06,2023-08-28,,SZSE_OFFICIAL_LISTING_REGISTER,AUTHENTIC_EXCHANGE_VERIFIED
301529.SZ,福赛科技,CHINEXT,2024-09-06,2023-09-11,,SZSE_OFFICIAL_LISTING_REGISTER,AUTHENTIC_EXCHANGE_VERIFIED
301531.SZ,春光集团,CHINEXT,2024-09-06,2026-05-11,,SZSE_OFFICIAL_LISTING_REGISTER,AUTHENTIC_EXCHANGE_VERIFIED
301533.SZ,威马农机,CHINEXT,2024-09-06,2023-08-18,,SZSE_OFFICIAL_LISTING_REGISTER,AUTHENTIC_EXCHANGE_VERIFIED
301535.SZ,浙江华远,CHINEXT,2024-09-06,2025-03-27,,SZSE_OFFICIAL_LISTING_REGISTER,AUTHENTIC_EXCHANGE_VERIFIED
301536.SZ,星宸科技,CHINEXT,2024-09-06,2024-03-28,,SZSE_OFFICIAL_LISTING_REGISTER,AUTHENTIC_EXCHANGE_VERIFIED
301538.SZ,骏鼎达,CHINEXT,2024-09-06,2024-03-20,,SZSE_OFFICIAL_LISTING_REGISTER,AUTHENTIC_EXCHANGE_VERIFIED
301539.SZ,宏鑫科技,CHINEXT,2024-09-06,2024-04-15,,SZSE_OFFICIAL_LISTING_REGISTER,AUTHENTIC_EXCHANGE_VERIFIED
301548.SZ,崇德科技,CHINEXT,2024-09-06,2023-09-20,,SZSE_OFFICIAL_LISTING_REGISTER,AUTHENTIC_EXCHANGE_VERIFIED
301550.SZ,斯菱智驱,CHINEXT,2024-09-06,2023-09-15,,SZSE_OFFICIAL_LISTING_REGISTER,AUTHENTIC_EXCHANGE_VERIFIED
301551.SZ,无线传媒,CHINEXT,2024-09-26,2024-09-26,,SZSE_OFFICIAL_LISTING_REGISTER,AUTHENTIC_EXCHANGE_VERIFIED
301552.SZ,科力装备,CHINEXT,2024-09-06,2024-07-22,,SZSE_OFFICIAL_LISTING_REGISTER,AUTHENTIC_EXCHANGE_VERIFIED
301555.SZ,惠柏新材,CHINEXT,2024-09-06,2023-10-31,,SZSE_OFFICIAL_LISTING_REGISTER,AUTHENTIC_EXCHANGE_VERIFIED
301556.SZ,托普云农,CHINEXT,2024-09-06,2024-10-17,,SZSE_OFFICIAL_LISTING_REGISTER,AUTHENTIC_EXCHANGE_VERIFIED
301557.SZ,常友科技,CHINEXT,2024-09-06,2025-03-04,,SZSE_OFFICIAL_LISTING_REGISTER,AUTHENTIC_EXCHANGE_VERIFIED
301558.SZ,三态股份,CHINEXT,2024-09-06,2023-09-28,,SZSE_OFFICIAL_LISTING_REGISTER,AUTHENTIC_EXCHANGE_VERIFIED
301559.SZ,中集环科,CHINEXT,2024-09-06,2023-10-11,,SZSE_OFFICIAL_LISTING_REGISTER,AUTHENTIC_EXCHANGE_VERIFIED
301560.SZ,众捷股份,CHINEXT,2024-09-06,2025-04-25,,SZSE_OFFICIAL_LISTING_REGISTER,AUTHENTIC_EXCHANGE_VERIFIED
301563.SZ,云汉芯城,CHINEXT,2024-09-06,2025-09-30,,SZSE_OFFICIAL_LISTING_REGISTER,AUTHENTIC_EXCHANGE_VERIFIED
301565.SZ,中仑新材,CHINEXT,2024-09-06,2024-06-20,,SZSE_OFFICIAL_LISTING_REGISTER,AUTHENTIC_EXCHANGE_VERIFIED
301566.SZ,达利凯普,CHINEXT,2024-09-06,2023-12-29,,SZSE_OFFICIAL_LISTING_REGISTER,AUTHENTIC_EXCHANGE_VERIFIED
301567.SZ,贝隆精密,CHINEXT,2024-09-06,2024-01-16,,SZSE_OFFICIAL_LISTING_REGISTER,AUTHENTIC_EXCHANGE_VERIFIED
301568.SZ,思泰克,CHINEXT,2024-09-06,2023-11-28,,SZSE_OFFICIAL_LISTING_REGISTER,AUTHENTIC_EXCHANGE_VERIFIED
301571.SZ,国科天成,CHINEXT,2024-09-06,2024-08-21,,SZSE_OFFICIAL_LISTING_REGISTER,AUTHENTIC_EXCHANGE_VERIFIED
301575.SZ,艾芬达,CHINEXT,2025-09-10,2025-09-10,,SZSE_OFFICIAL_LISTING_REGISTER,AUTHENTIC_EXCHANGE_VERIFIED
301577.SZ,美信科技,CHINEXT,2024-09-06,2024-01-24,,SZSE_OFFICIAL_LISTING_REGISTER,AUTHENTIC_EXCHANGE_VERIFIED
301578.SZ,辰奕智能,CHINEXT,2024-09-06,2023-12-28,,SZSE_OFFICIAL_LISTING_REGISTER,AUTHENTIC_EXCHANGE_VERIFIED
301580.SZ,爱迪特,CHINEXT,2024-09-06,2024-06-26,,SZSE_OFFICIAL_LISTING_REGISTER,AUTHENTIC_EXCHANGE_VERIFIED
301581.SZ,黄山谷捷,CHINEXT,2024-09-06,2025-01-03,,SZSE_OFFICIAL_LISTING_REGISTER,AUTHENTIC_EXCHANGE_VERIFIED
301583.SZ,托伦斯,CHINEXT,2024-09-06,2026-07-10,,SZSE_OFFICIAL_LISTING_REGISTER,AUTHENTIC_EXCHANGE_VERIFIED
301584.SZ,建发致新,CHINEXT,2024-09-06,2025-09-25,,SZSE_OFFICIAL_LISTING_REGISTER,AUTHENTIC_EXCHANGE_VERIFIED
301585.SZ,蓝宇股份,CHINEXT,2024-09-06,2024-12-20,,SZSE_OFFICIAL_LISTING_REGISTER,AUTHENTIC_EXCHANGE_VERIFIED
301586.SZ,佳力奇,CHINEXT,2024-09-06,2024-08-28,,SZSE_OFFICIAL_LISTING_REGISTER,AUTHENTIC_EXCHANGE_VERIFIED
301587.SZ,中瑞股份,CHINEXT,2024-09-06,2024-04-08,,SZSE_OFFICIAL_LISTING_REGISTER,AUTHENTIC_EXCHANGE_VERIFIED
301588.SZ,美新科技,CHINEXT,2024-09-06,2024-03-13,,SZSE_OFFICIAL_LISTING_REGISTER,AUTHENTIC_EXCHANGE_VERIFIED
301589.SZ,诺瓦星云,CHINEXT,2024-09-06,2024-02-08,,SZSE_OFFICIAL_LISTING_REGISTER,AUTHENTIC_EXCHANGE_VERIFIED
301590.SZ,优优绿能,CHINEXT,2024-09-06,2025-06-05,,SZSE_OFFICIAL_LISTING_REGISTER,AUTHENTIC_EXCHANGE_VERIFIED
301591.SZ,肯特股份,CHINEXT,2024-09-06,2024-02-28,,SZSE_OFFICIAL_LISTING_REGISTER,AUTHENTIC_EXCHANGE_VERIFIED
301592.SZ,六九一二,CHINEXT,2024-09-06,2024-10-24,,SZSE_OFFICIAL_LISTING_REGISTER,AUTHENTIC_EXCHANGE_VERIFIED
301595.SZ,太力科技,CHINEXT,2024-09-06,2025-05-19,,SZSE_OFFICIAL_LISTING_REGISTER,AUTHENTIC_EXCHANGE_VERIFIED
301596.SZ,瑞迪智驱,CHINEXT,2024-09-06,2024-05-13,,SZSE_OFFICIAL_LISTING_REGISTER,AUTHENTIC_EXCHANGE_VERIFIED
301598.SZ,博科测试,CHINEXT,2024-12-20,2024-12-20,,SZSE_OFFICIAL_LISTING_REGISTER,AUTHENTIC_EXCHANGE_VERIFIED
301599.SZ,理奇智能,CHINEXT,2024-09-06,2026-04-30,,SZSE_OFFICIAL_LISTING_REGISTER,AUTHENTIC_EXCHANGE_VERIFIED
301600.SZ,慧翰股份,CHINEXT,2024-09-06,2024-09-11,,SZSE_OFFICIAL_LISTING_REGISTER,AUTHENTIC_EXCHANGE_VERIFIED
301601.SZ,惠通科技,CHINEXT,2024-09-06,2025-01-15,,SZSE_OFFICIAL_LISTING_REGISTER,AUTHENTIC_EXCHANGE_VERIFIED
301602.SZ,超研股份,CHINEXT,2024-09-06,2025-01-22,,SZSE_OFFICIAL_LISTING_REGISTER,AUTHENTIC_EXCHANGE_VERIFIED
301603.SZ,乔锋智能,CHINEXT,2024-09-06,2024-07-10,,SZSE_OFFICIAL_LISTING_REGISTER,AUTHENTIC_EXCHANGE_VERIFIED
301606.SZ,绿联科技,CHINEXT,2024-09-06,2024-07-26,,SZSE_OFFICIAL_LISTING_REGISTER,AUTHENTIC_EXCHANGE_VERIFIED
301607.SZ,富特科技,CHINEXT,2024-09-06,2024-09-04,,SZSE_OFFICIAL_LISTING_REGISTER,AUTHENTIC_EXCHANGE_VERIFIED
301608.SZ,博实结,CHINEXT,2024-09-06,2024-08-01,,SZSE_OFFICIAL_LISTING_REGISTER,AUTHENTIC_EXCHANGE_VERIFIED
301609.SZ,山大电力,CHINEXT,2024-09-06,2025-07-23,,SZSE_OFFICIAL_LISTING_REGISTER,AUTHENTIC_EXCHANGE_VERIFIED
301611.SZ,珂玛科技,CHINEXT,2024-09-06,2024-08-16,,SZSE_OFFICIAL_LISTING_REGISTER,AUTHENTIC_EXCHANGE_VERIFIED
301613.SZ,新铝时代,CHINEXT,2024-09-06,2024-10-25,,SZSE_OFFICIAL_LISTING_REGISTER,AUTHENTIC_EXCHANGE_VERIFIED
301616.SZ,浙江华业,CHINEXT,2024-09-06,2025-03-27,,SZSE_OFFICIAL_LISTING_REGISTER,AUTHENTIC_EXCHANGE_VERIFIED
301617.SZ,博苑新材,CHINEXT,2024-09-06,2024-12-11,,SZSE_OFFICIAL_LISTING_REGISTER,AUTHENTIC_EXCHANGE_VERIFIED
301618.SZ,长联科技,CHINEXT,2024-09-06,2024-09-30,,SZSE_OFFICIAL_LISTING_REGISTER,AUTHENTIC_EXCHANGE_VERIFIED
301622.SZ,英思特,CHINEXT,2024-12-04,2024-12-04,,SZSE_OFFICIAL_LISTING_REGISTER,AUTHENTIC_EXCHANGE_VERIFIED
301626.SZ,苏州天脉,CHINEXT,2024-09-06,2024-10-24,,SZSE_OFFICIAL_LISTING_REGISTER,AUTHENTIC_EXCHANGE_VERIFIED
301628.SZ,强达电路,CHINEXT,2024-09-06,2024-10-31,,SZSE_OFFICIAL_LISTING_REGISTER,AUTHENTIC_EXCHANGE_VERIFIED
301629.SZ,矽电股份,CHINEXT,2024-09-06,2025-03-24,,SZSE_OFFICIAL_LISTING_REGISTER,AUTHENTIC_EXCHANGE_VERIFIED
301630.SZ,同宇新材,CHINEXT,2024-09-06,2025-07-10,,SZSE_OFFICIAL_LISTING_REGISTER,AUTHENTIC_EXCHANGE_VERIFIED
301631.SZ,壹连科技,CHINEXT,2024-09-06,2024-11-22,,SZSE_OFFICIAL_LISTING_REGISTER,AUTHENTIC_EXCHANGE_VERIFIED
301632.SZ,广东建科,CHINEXT,2024-09-06,2025-08-12,,SZSE_OFFICIAL_LISTING_REGISTER,AUTHENTIC_EXCHANGE_VERIFIED
301633.SZ,港迪技术,CHINEXT,2024-09-06,2024-11-07,,SZSE_OFFICIAL_LISTING_REGISTER,AUTHENTIC_EXCHANGE_VERIFIED
301636.SZ,泽润新能,CHINEXT,2024-09-06,2025-05-16,,SZSE_OFFICIAL_LISTING_REGISTER,AUTHENTIC_EXCHANGE_VERIFIED
301638.SZ,南网数字,CHINEXT,2024-09-06,2025-11-18,,SZSE_OFFICIAL_LISTING_REGISTER,AUTHENTIC_EXCHANGE_VERIFIED
301655.SZ,绿控传动,CHINEXT,2024-09-06,2026-08-20,,SZSE_OFFICIAL_LISTING_REGISTER,AUTHENTIC_EXCHANGE_VERIFIED
301656.SZ,联合动力,CHINEXT,2025-09-25,2025-09-25,,SZSE_OFFICIAL_LISTING_REGISTER,AUTHENTIC_EXCHANGE_VERIFIED
301658.SZ,首航新能,CHINEXT,2024-09-06,2025-04-02,,SZSE_OFFICIAL_LISTING_REGISTER,AUTHENTIC_EXCHANGE_VERIFIED
301662.SZ,宏工科技,CHINEXT,2024-09-06,2025-04-17,,SZSE_OFFICIAL_LISTING_REGISTER,AUTHENTIC_EXCHANGE_VERIFIED
301665.SZ,泰禾股份,CHINEXT,2024-09-06,2025-04-11,,SZSE_OFFICIAL_LISTING_REGISTER,AUTHENTIC_EXCHANGE_VERIFIED
301666.SZ,大普微,CHINEXT,2024-09-06,2026-04-16,,SZSE_OFFICIAL_LISTING_REGISTER,AUTHENTIC_EXCHANGE_VERIFIED
301667.SZ,纳百川,CHINEXT,2025-12-23,2025-12-23,,SZSE_OFFICIAL_LISTING_REGISTER,AUTHENTIC_EXCHANGE_VERIFIED
301668.SZ,昊创瑞通,CHINEXT,2024-09-06,2025-09-26,,SZSE_OFFICIAL_LISTING_REGISTER,AUTHENTIC_EXCHANGE_VERIFIED
301669.SZ,高特电子,CHINEXT,2024-09-06,2026-06-09,,SZSE_OFFICIAL_LISTING_REGISTER,AUTHENTIC_EXCHANGE_VERIFIED
301677.SZ,欣兴工具,CHINEXT,2026-07-30,2026-07-30,,SZSE_OFFICIAL_LISTING_REGISTER,AUTHENTIC_EXCHANGE_VERIFIED
301678.SZ,新恒汇,CHINEXT,2024-09-06,2025-06-20,,SZSE_OFFICIAL_LISTING_REGISTER,AUTHENTIC_EXCHANGE_VERIFIED
301680.SZ,固德电材,CHINEXT,2024-09-06,2026-03-06,,SZSE_OFFICIAL_LISTING_REGISTER,AUTHENTIC_EXCHANGE_VERIFIED
301682.SZ,宏明电子,CHINEXT,2024-09-06,2026-03-25,,SZSE_OFFICIAL_LISTING_REGISTER,AUTHENTIC_EXCHANGE_VERIFIED
301683.SZ,慧谷新材,CHINEXT,2024-09-06,2026-04-01,,SZSE_OFFICIAL_LISTING_REGISTER,AUTHENTIC_EXCHANGE_VERIFIED
301686.SZ,中塑股份,CHINEXT,2024-09-06,2026-09-22,,SZSE_OFFICIAL_LISTING_REGISTER,AUTHENTIC_EXCHANGE_VERIFIED
301687.SZ,新广益,CHINEXT,2024-09-06,2025-12-31,,SZSE_OFFICIAL_LISTING_REGISTER,AUTHENTIC_EXCHANGE_VERIFIED
301688.SZ,格林生物,CHINEXT,2024-09-06,2026-09-02,,SZSE_OFFICIAL_LISTING_REGISTER,AUTHENTIC_EXCHANGE_VERIFIED
301689.SZ,电科思仪,CHINEXT,2024-09-06,2026-09-10,,SZSE_OFFICIAL_LISTING_REGISTER,AUTHENTIC_EXCHANGE_VERIFIED
301696.SZ,三瑞智能,CHINEXT,2024-09-06,2026-04-10,,SZSE_OFFICIAL_LISTING_REGISTER,AUTHENTIC_EXCHANGE_VERIFIED
301697.SZ,贝特利,CHINEXT,2026-09-01,2026-09-01,,SZSE_OFFICIAL_LISTING_REGISTER,AUTHENTIC_EXCHANGE_VERIFIED
301699.SZ,洛轴股份,CHINEXT,2024-09-06,2026-09-09,,SZSE_OFFICIAL_LISTING_REGISTER,AUTHENTIC_EXCHANGE_VERIFIED
301707.SZ,展芯股份,CHINEXT,2024-09-06,2026-08-07,,SZSE_OFFICIAL_LISTING_REGISTER,AUTHENTIC_EXCHANGE_VERIFIED
301716.SZ,C鸿富诚,CHINEXT,2024-09-06,2026-09-29,,SZSE_OFFICIAL_LISTING_REGISTER,AUTHENTIC_EXCHANGE_VERIFIED
301717.SZ,超纯应材,CHINEXT,2024-09-06,2026-08-11,,SZSE_OFFICIAL_LISTING_REGISTER,AUTHENTIC_EXCHANGE_VERIFIED
600000.SH,浦发银行,SSE_MAIN,2023-01-13,1999-11-10,,SSE_OFFICIAL_LISTING_REGISTER,AUTHENTIC_EXCHANGE_VERIFIED
600004.SH,白云机场,SSE_MAIN,2024-09-06,2003-04-28,,SSE_OFFICIAL_LISTING_REGISTER,AUTHENTIC_EXCHANGE_VERIFIED
600006.SH,东风股份,SSE_MAIN,2024-09-06,1999-07-27,,SSE_OFFICIAL_LISTING_REGISTER,AUTHENTIC_EXCHANGE_VERIFIED
600007.SH,中国国贸,SSE_MAIN,2024-09-06,1999-03-12,,SSE_OFFICIAL_LISTING_REGISTER,AUTHENTIC_EXCHANGE_VERIFIED
600008.SH,首创环保,SSE_MAIN,2024-09-06,2000-04-27,,SSE_OFFICIAL_LISTING_REGISTER,AUTHENTIC_EXCHANGE_VERIFIED
600009.SH,上海机场,SSE_MAIN,2024-09-06,1998-02-18,,SSE_OFFICIAL_LISTING_REGISTER,AUTHENTIC_EXCHANGE_VERIFIED
600010.SH,包钢股份,SSE_MAIN,2024-09-06,2001-03-09,,SSE_OFFICIAL_LISTING_REGISTER,AUTHENTIC_EXCHANGE_VERIFIED
600011.SH,华能国际,SSE_MAIN,2024-09-06,2001-12-06,,SSE_OFFICIAL_LISTING_REGISTER,AUTHENTIC_EXCHANGE_VERIFIED
600012.SH,皖通高速,SSE_MAIN,2024-09-06,2003-01-07,,SSE_OFFICIAL_LISTING_REGISTER,AUTHENTIC_EXCHANGE_VERIFIED
600015.SH,华夏银行,SSE_MAIN,2024-09-06,2003-09-12,,SSE_OFFICIAL_LISTING_REGISTER,AUTHENTIC_EXCHANGE_VERIFIED
600016.SH,民生银行,SSE_MAIN,2024-09-06,2000-12-19,,SSE_OFFICIAL_LISTING_REGISTER,AUTHENTIC_EXCHANGE_VERIFIED
600017.SH,日照港,SSE_MAIN,2024-09-06,2006-10-17,,SSE_OFFICIAL_LISTING_REGISTER,AUTHENTIC_EXCHANGE_VERIFIED
600018.SH,上港集团,SSE_MAIN,2024-09-06,2000-07-19,,SSE_OFFICIAL_LISTING_REGISTER,AUTHENTIC_EXCHANGE_VERIFIED
600019.SH,宝钢股份,SSE_MAIN,2024-09-06,2000-12-12,,SSE_OFFICIAL_LISTING_REGISTER,AUTHENTIC_EXCHANGE_VERIFIED
600020.SH,中原高速,SSE_MAIN,2024-09-06,2003-08-08,,SSE_OFFICIAL_LISTING_REGISTER,AUTHENTIC_EXCHANGE_VERIFIED
600021.SH,上海电力,SSE_MAIN,2024-09-06,2003-10-29,,SSE_OFFICIAL_LISTING_REGISTER,AUTHENTIC_EXCHANGE_VERIFIED
600022.SH,山东钢铁,SSE_MAIN,2024-09-06,2004-06-29,,SSE_OFFICIAL_LISTING_REGISTER,AUTHENTIC_EXCHANGE_VERIFIED
600023.SH,浙能电力,SSE_MAIN,2024-09-06,2013-12-19,,SSE_OFFICIAL_LISTING_REGISTER,AUTHENTIC_EXCHANGE_VERIFIED
600025.SH,华能水电,SSE_MAIN,2024-09-06,2017-12-15,,SSE_OFFICIAL_LISTING_REGISTER,AUTHENTIC_EXCHANGE_VERIFIED
600026.SH,中远海能,SSE_MAIN,2024-09-06,2002-05-23,,SSE_OFFICIAL_LISTING_REGISTER,AUTHENTIC_EXCHANGE_VERIFIED
600027.SH,华电国际,SSE_MAIN,2024-09-06,2005-02-03,,SSE_OFFICIAL_LISTING_REGISTER,AUTHENTIC_EXCHANGE_VERIFIED
600028.SH,XD中国石,SSE_MAIN,2023-01-13,2001-08-08,,SSE_OFFICIAL_LISTING_REGISTER,AUTHENTIC_EXCHANGE_VERIFIED
600029.SH,南方航空,SSE_MAIN,2024-09-06,2003-07-25,,SSE_OFFICIAL_LISTING_REGISTER,AUTHENTIC_EXCHANGE_VERIFIED
600030.SH,中信证券,SSE_MAIN,2023-01-13,2003-01-06,,SSE_OFFICIAL_LISTING_REGISTER,AUTHENTIC_EXCHANGE_VERIFIED
600031.SH,三一重工,SSE_MAIN,2023-01-13,2003-07-03,,SSE_OFFICIAL_LISTING_REGISTER,AUTHENTIC_EXCHANGE_VERIFIED
600032.SH,浙江新能,SSE_MAIN,2024-09-06,2021-05-25,,SSE_OFFICIAL_LISTING_REGISTER,AUTHENTIC_EXCHANGE_VERIFIED
600033.SH,福建高速,SSE_MAIN,2024-09-06,2001-02-09,,SSE_OFFICIAL_LISTING_REGISTER,AUTHENTIC_EXCHANGE_VERIFIED
600035.SH,楚天高速,SSE_MAIN,2024-09-06,2004-03-10,,SSE_OFFICIAL_LISTING_REGISTER,AUTHENTIC_EXCHANGE_VERIFIED
600036.SH,招商银行,SSE_MAIN,2023-01-13,2002-04-09,,SSE_OFFICIAL_LISTING_REGISTER,AUTHENTIC_EXCHANGE_VERIFIED
600037.SH,歌华有线,SSE_MAIN,2024-09-06,2001-02-08,,SSE_OFFICIAL_LISTING_REGISTER,AUTHENTIC_EXCHANGE_VERIFIED
600038.SH,中直股份,SSE_MAIN,2024-09-06,2000-12-18,,SSE_OFFICIAL_LISTING_REGISTER,AUTHENTIC_EXCHANGE_VERIFIED
600039.SH,四川路桥,SSE_MAIN,2024-09-06,2003-03-25,,SSE_OFFICIAL_LISTING_REGISTER,AUTHENTIC_EXCHANGE_VERIFIED
600048.SH,保利发展,SSE_MAIN,2024-09-06,2006-07-31,,SSE_OFFICIAL_LISTING_REGISTER,AUTHENTIC_EXCHANGE_VERIFIED
600050.SH,中国联通,SSE_MAIN,2024-09-06,2002-10-09,,SSE_OFFICIAL_LISTING_REGISTER,AUTHENTIC_EXCHANGE_VERIFIED
600051.SH,宁波联合,SSE_MAIN,2024-09-06,1997-04-10,,SSE_OFFICIAL_LISTING_REGISTER,AUTHENTIC_EXCHANGE_VERIFIED
600052.SH,东望时代,SSE_MAIN,2024-09-06,1997-04-15,,SSE_OFFICIAL_LISTING_REGISTER,AUTHENTIC_EXCHANGE_VERIFIED
600053.SH,*ST九鼎,SSE_MAIN,2024-09-05,1997-04-18,,SSE_OFFICIAL_LISTING_REGISTER,AUTHENTIC_EXCHANGE_VERIFIED
600054.SH,黄山旅游,SSE_MAIN,2024-09-06,1997-05-06,,SSE_OFFICIAL_LISTING_REGISTER,AUTHENTIC_EXCHANGE_VERIFIED
600055.SH,万东医疗,SSE_MAIN,2024-09-06,1997-05-19,,SSE_OFFICIAL_LISTING_REGISTER,AUTHENTIC_EXCHANGE_VERIFIED
600056.SH,中国医药,SSE_MAIN,2024-09-06,1997-05-15,,SSE_OFFICIAL_LISTING_REGISTER,AUTHENTIC_EXCHANGE_VERIFIED
600057.SH,厦门象屿,SSE_MAIN,2024-09-06,1997-06-04,,SSE_OFFICIAL_LISTING_REGISTER,AUTHENTIC_EXCHANGE_VERIFIED
600058.SH,五矿发展,SSE_MAIN,2024-08-23,1997-05-28,,SSE_OFFICIAL_LISTING_REGISTER,AUTHENTIC_EXCHANGE_VERIFIED
600059.SH,古越龙山,SSE_MAIN,2024-09-06,1997-05-16,,SSE_OFFICIAL_LISTING_REGISTER,AUTHENTIC_EXCHANGE_VERIFIED
600060.SH,海信视像,SSE_MAIN,2024-09-06,1997-04-22,,SSE_OFFICIAL_LISTING_REGISTER,AUTHENTIC_EXCHANGE_VERIFIED
600061.SH,国投资本,SSE_MAIN,2024-09-06,1997-05-19,,SSE_OFFICIAL_LISTING_REGISTER,AUTHENTIC_EXCHANGE_VERIFIED
600062.SH,华润双鹤,SSE_MAIN,2024-09-06,1997-05-22,,SSE_OFFICIAL_LISTING_REGISTER,AUTHENTIC_EXCHANGE_VERIFIED
600063.SH,皖维高新,SSE_MAIN,2024-09-06,1997-05-28,,SSE_OFFICIAL_LISTING_REGISTER,AUTHENTIC_EXCHANGE_VERIFIED
600064.SH,南京高科,SSE_MAIN,2024-09-06,1997-05-06,,SSE_OFFICIAL_LISTING_REGISTER,AUTHENTIC_EXCHANGE_VERIFIED
600066.SH,宇通客车,SSE_MAIN,2024-09-06,1997-05-08,,SSE_OFFICIAL_LISTING_REGISTER,AUTHENTIC_EXCHANGE_VERIFIED
600067.SH,冠城新材,SSE_MAIN,2024-09-06,1997-05-08,,SSE_OFFICIAL_LISTING_REGISTER,AUTHENTIC_EXCHANGE_VERIFIED
600068.SH,600068.SH,SSE_MAIN,2019-07-30,1997-05-26,2021-09-13,SSE_OFFICIAL_DELISTED_REGISTER,AUTHENTIC_EXCHANGE_VERIFIED
600069.SH,600069.SH,SSE_MAIN,2018-07-03,1997-04-30,2020-08-28,SSE_OFFICIAL_DELISTED_REGISTER,AUTHENTIC_EXCHANGE_VERIFIED
600070.SH,600070.SH,SSE_MAIN,2023-03-10,1997-06-04,2025-04-30,SSE_OFFICIAL_DELISTED_REGISTER,AUTHENTIC_EXCHANGE_VERIFIED
600071.SH,凤凰光学,SSE_MAIN,2024-09-06,1997-05-28,,SSE_OFFICIAL_LISTING_REGISTER,AUTHENTIC_EXCHANGE_VERIFIED
600072.SH,中船科技,SSE_MAIN,2024-09-06,1997-06-03,,SSE_OFFICIAL_LISTING_REGISTER,AUTHENTIC_EXCHANGE_VERIFIED
600073.SH,光明肉业,SSE_MAIN,2024-09-06,1997-07-04,,SSE_OFFICIAL_LISTING_REGISTER,AUTHENTIC_EXCHANGE_VERIFIED
600075.SH,新疆天业,SSE_MAIN,2024-09-06,1997-06-17,,SSE_OFFICIAL_LISTING_REGISTER,AUTHENTIC_EXCHANGE_VERIFIED
600076.SH,康欣新材,SSE_MAIN,2024-09-06,1997-05-26,,SSE_OFFICIAL_LISTING_REGISTER,AUTHENTIC_EXCHANGE_VERIFIED
600077.SH,600077.SH,SSE_MAIN,2021-05-24,1997-05-20,2023-07-25,SSE_OFFICIAL_DELISTED_REGISTER,AUTHENTIC_EXCHANGE_VERIFIED
600078.SH,澄星股份,SSE_MAIN,2024-09-06,1997-06-27,,SSE_OFFICIAL_LISTING_REGISTER,AUTHENTIC_EXCHANGE_VERIFIED
600079.SH,ST人福,SSE_MAIN,2024-09-05,1997-06-06,,SSE_OFFICIAL_LISTING_REGISTER,AUTHENTIC_EXCHANGE_VERIFIED
600080.SH,ST金花,SSE_MAIN,2024-09-05,1997-06-12,,SSE_OFFICIAL_LISTING_REGISTER,AUTHENTIC_EXCHANGE_VERIFIED
600081.SH,东风科技,SSE_MAIN,2024-09-06,1997-07-03,,SSE_OFFICIAL_LISTING_REGISTER,AUTHENTIC_EXCHANGE_VERIFIED
600082.SH,ST海泰,SSE_MAIN,2024-09-05,1997-06-20,,SSE_OFFICIAL_LISTING_REGISTER,AUTHENTIC_EXCHANGE_VERIFIED
600083.SH,600083.SH,SSE_MAIN,2022-12-23,1997-06-06,2025-03-05,SSE_OFFICIAL_DELISTED_REGISTER,AUTHENTIC_EXCHANGE_VERIFIED
600084.SH,*ST尼雅,SSE_MAIN,2024-09-05,1997-07-11,,SSE_OFFICIAL_LISTING_REGISTER,AUTHENTIC_EXCHANGE_VERIFIED
600085.SH,同仁堂,SSE_MAIN,2024-09-06,1997-06-25,,SSE_OFFICIAL_LISTING_REGISTER,AUTHENTIC_EXCHANGE_VERIFIED
600086.SH,600086.SH,SSE_MAIN,2019-01-14,1997-06-06,2021-03-18,SSE_OFFICIAL_DELISTED_REGISTER,AUTHENTIC_EXCHANGE_VERIFIED
600088.SH,中视传媒,SSE_MAIN,2024-09-06,1997-06-16,,SSE_OFFICIAL_LISTING_REGISTER,AUTHENTIC_EXCHANGE_VERIFIED
600089.SH,特变电工,SSE_MAIN,2024-09-06,1997-06-18,,SSE_OFFICIAL_LISTING_REGISTER,AUTHENTIC_EXCHANGE_VERIFIED
600090.SH,600090.SH,SSE_MAIN,2020-04-09,1997-06-16,2022-07-07,SSE_OFFICIAL_DELISTED_REGISTER,AUTHENTIC_EXCHANGE_VERIFIED
600091.SH,600091.SH,SSE_MAIN,2020-04-27,1997-07-04,2022-06-21,SSE_OFFICIAL_DELISTED_REGISTER,AUTHENTIC_EXCHANGE_VERIFIED
600093.SH,600093.SH,SSE_MAIN,2020-02-25,1997-06-26,2022-06-23,SSE_OFFICIAL_DELISTED_REGISTER,AUTHENTIC_EXCHANGE_VERIFIED
600094.SH,大名城,SSE_MAIN,2024-09-06,1997-07-03,,SSE_OFFICIAL_LISTING_REGISTER,AUTHENTIC_EXCHANGE_VERIFIED
600095.SH,湘财股份,SSE_MAIN,2024-08-27,1997-07-08,,SSE_OFFICIAL_LISTING_REGISTER,AUTHENTIC_EXCHANGE_VERIFIED
600096.SH,云天化,SSE_MAIN,2024-09-06,1997-07-09,,SSE_OFFICIAL_LISTING_REGISTER,AUTHENTIC_EXCHANGE_VERIFIED
600097.SH,开创国际,SSE_MAIN,2024-09-06,1997-06-19,,SSE_OFFICIAL_LISTING_REGISTER,AUTHENTIC_EXCHANGE_VERIFIED
600098.SH,广州发展,SSE_MAIN,2024-09-06,1997-07-18,,SSE_OFFICIAL_LISTING_REGISTER,AUTHENTIC_EXCHANGE_VERIFIED
600099.SH,林海股份,SSE_MAIN,2024-09-06,1997-07-04,,SSE_OFFICIAL_LISTING_REGISTER,AUTHENTIC_EXCHANGE_VERIFIED
600100.SH,同方股份,SSE_MAIN,2024-09-06,1997-06-27,,SSE_OFFICIAL_LISTING_REGISTER,AUTHENTIC_EXCHANGE_VERIFIED
600101.SH,明星电力,SSE_MAIN,2024-09-06,1997-06-27,,SSE_OFFICIAL_LISTING_REGISTER,AUTHENTIC_EXCHANGE_VERIFIED
600103.SH,青山纸业,SSE_MAIN,2024-09-06,1997-07-03,,SSE_OFFICIAL_LISTING_REGISTER,AUTHENTIC_EXCHANGE_VERIFIED
600104.SH,上汽集团,SSE_MAIN,2023-01-13,1997-11-25,,SSE_OFFICIAL_LISTING_REGISTER,AUTHENTIC_EXCHANGE_VERIFIED
600105.SH,永鼎股份,SSE_MAIN,2024-09-06,1997-09-29,,SSE_OFFICIAL_LISTING_REGISTER,AUTHENTIC_EXCHANGE_VERIFIED
600106.SH,重庆路桥,SSE_MAIN,2024-09-06,1997-06-18,,SSE_OFFICIAL_LISTING_REGISTER,AUTHENTIC_EXCHANGE_VERIFIED
600107.SH,*ST尔雅,SSE_MAIN,2024-09-04,1997-11-06,,SSE_OFFICIAL_LISTING_REGISTER,AUTHENTIC_EXCHANGE_VERIFIED
600108.SH,亚盛集团,SSE_MAIN,2024-09-06,1997-08-18,,SSE_OFFICIAL_LISTING_REGISTER,AUTHENTIC_EXCHANGE_VERIFIED
600109.SH,国金证券,SSE_MAIN,2024-09-06,1997-08-07,,SSE_OFFICIAL_LISTING_REGISTER,AUTHENTIC_EXCHANGE_VERIFIED
600110.SH,诺德股份,SSE_MAIN,2024-09-06,1997-10-07,,SSE_OFFICIAL_LISTING_REGISTER,AUTHENTIC_EXCHANGE_VERIFIED
600111.SH,北方稀土,SSE_MAIN,2024-09-06,1997-09-24,,SSE_OFFICIAL_LISTING_REGISTER,AUTHENTIC_EXCHANGE_VERIFIED
600113.SH,浙江东日,SSE_MAIN,2024-09-06,1997-10-21,,SSE_OFFICIAL_LISTING_REGISTER,AUTHENTIC_EXCHANGE_VERIFIED
600114.SH,东睦股份,SSE_MAIN,2024-08-23,2004-05-11,,SSE_OFFICIAL_LISTING_REGISTER,AUTHENTIC_EXCHANGE_VERIFIED
600115.SH,中国东航,SSE_MAIN,2024-09-06,1997-11-05,,SSE_OFFICIAL_LISTING_REGISTER,AUTHENTIC_EXCHANGE_VERIFIED
600116.SH,三峡水利,SSE_MAIN,2024-09-06,1997-08-04,,SSE_OFFICIAL_LISTING_REGISTER,AUTHENTIC_EXCHANGE_VERIFIED
600117.SH,西宁特钢,SSE_MAIN,2024-09-06,1997-10-15,,SSE_OFFICIAL_LISTING_REGISTER,AUTHENTIC_EXCHANGE_VERIFIED
600118.SH,中国卫星,SSE_MAIN,2024-09-06,1997-09-08,,SSE_OFFICIAL_LISTING_REGISTER,AUTHENTIC_EXCHANGE_VERIFIED
600119.SH,*ST长投,SSE_MAIN,2024-09-06,1998-01-15,,SSE_OFFICIAL_LISTING_REGISTER,AUTHENTIC_EXCHANGE_VERIFIED
600120.SH,浙江东方,SSE_MAIN,2024-09-06,1997-12-01,,SSE_OFFICIAL_LISTING_REGISTER,AUTHENTIC_EXCHANGE_VERIFIED
600121.SH,郑州煤电,SSE_MAIN,2024-09-06,1998-01-07,,SSE_OFFICIAL_LISTING_REGISTER,AUTHENTIC_EXCHANGE_VERIFIED
600123.SH,兰花科创,SSE_MAIN,2024-09-06,1998-12-17,,SSE_OFFICIAL_LISTING_REGISTER,AUTHENTIC_EXCHANGE_VERIFIED
600125.SH,铁龙物流,SSE_MAIN,2024-09-06,1998-05-11,,SSE_OFFICIAL_LISTING_REGISTER,AUTHENTIC_EXCHANGE_VERIFIED
600126.SH,杭钢股份,SSE_MAIN,2024-09-06,1998-03-11,,SSE_OFFICIAL_LISTING_REGISTER,AUTHENTIC_EXCHANGE_VERIFIED
600127.SH,金健米业,SSE_MAIN,2024-09-06,1998-05-06,,SSE_OFFICIAL_LISTING_REGISTER,AUTHENTIC_EXCHANGE_VERIFIED
600128.SH,苏豪弘业,SSE_MAIN,2024-09-06,1997-09-01,,SSE_OFFICIAL_LISTING_REGISTER,AUTHENTIC_EXCHANGE_VERIFIED
600129.SH,太极集团,SSE_MAIN,2024-09-06,1997-11-18,,SSE_OFFICIAL_LISTING_REGISTER,AUTHENTIC_EXCHANGE_VERIFIED
600130.SH,波导股份,SSE_MAIN,2024-09-04,2000-07-06,,SSE_OFFICIAL_LISTING_REGISTER,AUTHENTIC_EXCHANGE_VERIFIED
600131.SH,国网信通,SSE_MAIN,2024-09-06,1998-04-02,,SSE_OFFICIAL_LISTING_REGISTER,AUTHENTIC_EXCHANGE_VERIFIED
600132.SH,重庆啤酒,SSE_MAIN,2024-09-06,1997-10-30,,SSE_OFFICIAL_LISTING_REGISTER,AUTHENTIC_EXCHANGE_VERIFIED
600133.SH,东湖高新,SSE_MAIN,2024-09-06,1998-02-12,,SSE_OFFICIAL_LISTING_REGISTER,AUTHENTIC_EXCHANGE_VERIFIED
600135.SH,乐凯胶片,SSE_MAIN,2024-09-06,1998-01-22,,SSE_OFFICIAL_LISTING_REGISTER,AUTHENTIC_EXCHANGE_VERIFIED
600136.SH,ST明诚,SSE_MAIN,2024-09-06,1998-03-03,,SSE_OFFICIAL_LISTING_REGISTER,AUTHENTIC_EXCHANGE_VERIFIED
600137.SH,浪莎股份,SSE_MAIN,2024-09-06,1998-04-16,,SSE_OFFICIAL_LISTING_REGISTER,AUTHENTIC_EXCHANGE_VERIFIED
600138.SH,中青旅,SSE_MAIN,2024-09-06,1997-12-03,,SSE_OFFICIAL_LISTING_REGISTER,AUTHENTIC_EXCHANGE_VERIFIED
600141.SH,兴发集团,SSE_MAIN,2024-09-06,1999-06-16,,SSE_OFFICIAL_LISTING_REGISTER,AUTHENTIC_EXCHANGE_VERIFIED
600143.SH,金发科技,SSE_MAIN,2024-09-06,2004-06-23,,SSE_OFFICIAL_LISTING_REGISTER,AUTHENTIC_EXCHANGE_VERIFIED
600148.SH,长春一东,SSE_MAIN,2024-09-06,1998-05-20,,SSE_OFFICIAL_LISTING_REGISTER,AUTHENTIC_EXCHANGE_VERIFIED
600149.SH,廊坊发展,SSE_MAIN,2024-09-06,1999-10-14,,SSE_OFFICIAL_LISTING_REGISTER,AUTHENTIC_EXCHANGE_VERIFIED
600150.SH,中国船舶,SSE_MAIN,2024-08-19,1998-05-20,,SSE_OFFICIAL_LISTING_REGISTER,AUTHENTIC_EXCHANGE_VERIFIED
600151.SH,航天机电,SSE_MAIN,2024-09-06,1998-06-05,,SSE_OFFICIAL_LISTING_REGISTER,AUTHENTIC_EXCHANGE_VERIFIED
600152.SH,维科技术,SSE_MAIN,2024-09-06,1998-06-09,,SSE_OFFICIAL_LISTING_REGISTER,AUTHENTIC_EXCHANGE_VERIFIED
600153.SH,建发股份,SSE_MAIN,2024-09-06,1998-06-16,,SSE_OFFICIAL_LISTING_REGISTER,AUTHENTIC_EXCHANGE_VERIFIED
600155.SH,华创云信,SSE_MAIN,2024-09-06,1998-09-18,,SSE_OFFICIAL_LISTING_REGISTER,AUTHENTIC_EXCHANGE_VERIFIED
600156.SH,华升股份,SSE_MAIN,2024-08-23,1998-05-27,,SSE_OFFICIAL_LISTING_REGISTER,AUTHENTIC_EXCHANGE_VERIFIED
600157.SH,永泰能源,SSE_MAIN,2024-09-06,1998-05-13,,SSE_OFFICIAL_LISTING_REGISTER,AUTHENTIC_EXCHANGE_VERIFIED
600158.SH,中体产业,SSE_MAIN,2024-09-06,1998-03-27,,SSE_OFFICIAL_LISTING_REGISTER,AUTHENTIC_EXCHANGE_VERIFIED
600159.SH,大龙地产,SSE_MAIN,2024-09-06,1998-05-26,,SSE_OFFICIAL_LISTING_REGISTER,AUTHENTIC_EXCHANGE_VERIFIED
600160.SH,巨化股份,SSE_MAIN,2024-09-06,1998-06-26,,SSE_OFFICIAL_LISTING_REGISTER,AUTHENTIC_EXCHANGE_VERIFIED
600161.SH,天坛生物,SSE_MAIN,2024-09-06,1998-06-16,,SSE_OFFICIAL_LISTING_REGISTER,AUTHENTIC_EXCHANGE_VERIFIED
600162.SH,香江控股,SSE_MAIN,2024-09-06,1998-06-09,,SSE_OFFICIAL_LISTING_REGISTER,AUTHENTIC_EXCHANGE_VERIFIED
600163.SH,中闽能源,SSE_MAIN,2024-09-06,1998-06-02,,SSE_OFFICIAL_LISTING_REGISTER,AUTHENTIC_EXCHANGE_VERIFIED
600165.SH,宁科生物,SSE_MAIN,2024-09-06,1998-05-29,,SSE_OFFICIAL_LISTING_REGISTER,AUTHENTIC_EXCHANGE_VERIFIED
600166.SH,福田汽车,SSE_MAIN,2024-09-06,1998-06-02,,SSE_OFFICIAL_LISTING_REGISTER,AUTHENTIC_EXCHANGE_VERIFIED
600167.SH,联美控股,SSE_MAIN,2024-09-06,1999-01-28,,SSE_OFFICIAL_LISTING_REGISTER,AUTHENTIC_EXCHANGE_VERIFIED
600168.SH,武汉控股,SSE_MAIN,2024-08-23,1998-04-27,,SSE_OFFICIAL_LISTING_REGISTER,AUTHENTIC_EXCHANGE_VERIFIED
600169.SH,ST太重,SSE_MAIN,2024-09-06,1998-09-04,,SSE_OFFICIAL_LISTING_REGISTER,AUTHENTIC_EXCHANGE_VERIFIED
600170.SH,上海建工,SSE_MAIN,2024-09-06,1998-06-23,,SSE_OFFICIAL_LISTING_REGISTER,AUTHENTIC_EXCHANGE_VERIFIED
600171.SH,上海贝岭,SSE_MAIN,2024-09-06,1998-09-24,,SSE_OFFICIAL_LISTING_REGISTER,AUTHENTIC_EXCHANGE_VERIFIED
600172.SH,黄河旋风,SSE_MAIN,2024-09-06,1998-11-26,,SSE_OFFICIAL_LISTING_REGISTER,AUTHENTIC_EXCHANGE_VERIFIED
600173.SH,卧龙新能,SSE_MAIN,2024-09-06,1999-04-15,,SSE_OFFICIAL_LISTING_REGISTER,AUTHENTIC_EXCHANGE_VERIFIED
600176.SH,中国巨石,SSE_MAIN,2024-09-06,1999-04-22,,SSE_OFFICIAL_LISTING_REGISTER,AUTHENTIC_EXCHANGE_VERIFIED
600177.SH,雅戈尔,SSE_MAIN,2024-09-06,1998-11-19,,SSE_OFFICIAL_LISTING_REGISTER,AUTHENTIC_EXCHANGE_VERIFIED
600178.SH,东安动力,SSE_MAIN,2024-09-06,1998-10-14,,SSE_OFFICIAL_LISTING_REGISTER,AUTHENTIC_EXCHANGE_VERIFIED
600179.SH,安通控股,SSE_MAIN,2024-09-06,1998-11-04,,SSE_OFFICIAL_LISTING_REGISTER,AUTHENTIC_EXCHANGE_VERIFIED
600180.SH,*ST瑞茂,SSE_MAIN,2024-09-05,1998-07-03,,SSE_OFFICIAL_LISTING_REGISTER,AUTHENTIC_EXCHANGE_VERIFIED
600182.SH,S佳通,SSE_MAIN,2024-09-06,1999-05-07,,SSE_OFFICIAL_LISTING_REGISTER,AUTHENTIC_EXCHANGE_VERIFIED
600183.SH,生益科技,SSE_MAIN,2024-09-06,1998-10-28,,SSE_OFFICIAL_LISTING_REGISTER,AUTHENTIC_EXCHANGE_VERIFIED
600184.SH,光电股份,SSE_MAIN,2024-09-06,2003-11-06,,SSE_OFFICIAL_LISTING_REGISTER,AUTHENTIC_EXCHANGE_VERIFIED
600185.SH,珠免集团,SSE_MAIN,2024-09-06,1999-06-11,,SSE_OFFICIAL_LISTING_REGISTER,AUTHENTIC_EXCHANGE_VERIFIED
600186.SH,莲花控股,SSE_MAIN,2024-09-06,1998-08-25,,SSE_OFFICIAL_LISTING_REGISTER,AUTHENTIC_EXCHANGE_VERIFIED
600187.SH,*ST国中,SSE_MAIN,2024-09-06,1998-11-11,,SSE_OFFICIAL_LISTING_REGISTER,AUTHENTIC_EXCHANGE_VERIFIED
600188.SH,兖矿能源,SSE_MAIN,2024-09-06,1998-07-01,,SSE_OFFICIAL_LISTING_REGISTER,AUTHENTIC_EXCHANGE_VERIFIED
600189.SH,泉阳泉,SSE_MAIN,2024-09-06,1998-10-07,,SSE_OFFICIAL_LISTING_REGISTER,AUTHENTIC_EXCHANGE_VERIFIED
600190.SH,600190.SH,SSE_MAIN,2023-03-29,1998-05-19,2025-07-28,SSE_OFFICIAL_DELISTED_REGISTER,AUTHENTIC_EXCHANGE_VERIFIED
600191.SH,华资实业,SSE_MAIN,2024-09-06,1998-12-10,,SSE_OFFICIAL_LISTING_REGISTER,AUTHENTIC_EXCHANGE_VERIFIED
600192.SH,长城电工,SSE_MAIN,2024-09-06,1998-12-24,,SSE_OFFICIAL_LISTING_REGISTER,AUTHENTIC_EXCHANGE_VERIFIED
600195.SH,中牧股份,SSE_MAIN,2024-09-06,1999-01-07,,SSE_OFFICIAL_LISTING_REGISTER,AUTHENTIC_EXCHANGE_VERIFIED
600196.SH,复星医药,SSE_MAIN,2024-09-06,1998-08-07,,SSE_OFFICIAL_LISTING_REGISTER,AUTHENTIC_EXCHANGE_VERIFIED
600197.SH,伊力特,SSE_MAIN,2024-09-06,1999-09-16,,SSE_OFFICIAL_LISTING_REGISTER,AUTHENTIC_EXCHANGE_VERIFIED
600198.SH,大唐电信,SSE_MAIN,2024-09-06,1998-10-21,,SSE_OFFICIAL_LISTING_REGISTER,AUTHENTIC_EXCHANGE_VERIFIED
600199.SH,金种子酒,SSE_MAIN,2024-09-06,1998-08-12,,SSE_OFFICIAL_LISTING_REGISTER,AUTHENTIC_EXCHANGE_VERIFIED
600200.SH,600200.SH,SSE_MAIN,2023-11-23,1999-04-01,2025-12-31,SSE_OFFICIAL_DELISTED_REGISTER,AUTHENTIC_EXCHANGE_VERIFIED
600201.SH,生物股份,SSE_MAIN,2024-09-06,1999-01-15,,SSE_OFFICIAL_LISTING_REGISTER,AUTHENTIC_EXCHANGE_VERIFIED
600202.SH,哈空调,SSE_MAIN,2024-09-06,1999-06-03,,SSE_OFFICIAL_LISTING_REGISTER,AUTHENTIC_EXCHANGE_VERIFIED
600203.SH,福日电子,SSE_MAIN,2024-09-06,1999-05-14,,SSE_OFFICIAL_LISTING_REGISTER,AUTHENTIC_EXCHANGE_VERIFIED
600206.SH,有研新材,SSE_MAIN,2024-09-06,1999-03-19,,SSE_OFFICIAL_LISTING_REGISTER,AUTHENTIC_EXCHANGE_VERIFIED
600207.SH,安彩高科,SSE_MAIN,2024-09-06,1999-07-14,,SSE_OFFICIAL_LISTING_REGISTER,AUTHENTIC_EXCHANGE_VERIFIED
600208.SH,衢州发展,SSE_MAIN,2024-08-23,1999-06-23,,SSE_OFFICIAL_LISTING_REGISTER,AUTHENTIC_EXCHANGE_VERIFIED
600210.SH,紫江企业,SSE_MAIN,2024-09-06,1999-08-24,,SSE_OFFICIAL_LISTING_REGISTER,AUTHENTIC_EXCHANGE_VERIFIED
600211.SH,西藏药业,SSE_MAIN,2024-09-06,1999-07-21,,SSE_OFFICIAL_LISTING_REGISTER,AUTHENTIC_EXCHANGE_VERIFIED
600212.SH,绿能慧充,SSE_MAIN,2024-09-06,1999-08-17,,SSE_OFFICIAL_LISTING_REGISTER,AUTHENTIC_EXCHANGE_VERIFIED
600215.SH,派斯林,SSE_MAIN,2024-09-06,1999-09-09,,SSE_OFFICIAL_LISTING_REGISTER,AUTHENTIC_EXCHANGE_VERIFIED
600216.SH,浙江医药,SSE_MAIN,2024-09-06,1999-10-21,,SSE_OFFICIAL_LISTING_REGISTER,AUTHENTIC_EXCHANGE_VERIFIED
600217.SH,中再资环,SSE_MAIN,2024-09-06,1999-12-16,,SSE_OFFICIAL_LISTING_REGISTER,AUTHENTIC_EXCHANGE_VERIFIED
600218.SH,全柴动力,SSE_MAIN,2024-09-06,1998-12-03,,SSE_OFFICIAL_LISTING_REGISTER,AUTHENTIC_EXCHANGE_VERIFIED
600219.SH,南山铝业,SSE_MAIN,2024-09-06,1999-12-23,,SSE_OFFICIAL_LISTING_REGISTER,AUTHENTIC_EXCHANGE_VERIFIED
600220.SH,600220.SH,SSE_MAIN,2022-05-23,1999-09-27,2024-07-10,SSE_OFFICIAL_DELISTED_REGISTER,AUTHENTIC_EXCHANGE_VERIFIED
600221.SH,海航控股,SSE_MAIN,2024-09-06,1999-11-25,,SSE_OFFICIAL_LISTING_REGISTER,AUTHENTIC_EXCHANGE_VERIFIED
600222.SH,太龙药业,SSE_MAIN,2024-08-30,1999-11-05,,SSE_OFFICIAL_LISTING_REGISTER,AUTHENTIC_EXCHANGE_VERIFIED
600223.SH,福瑞达,SSE_MAIN,2024-09-06,2000-01-13,,SSE_OFFICIAL_LISTING_REGISTER,AUTHENTIC_EXCHANGE_VERIFIED
600226.SH,亨通股份,SSE_MAIN,2024-09-06,1999-11-16,,SSE_OFFICIAL_LISTING_REGISTER,AUTHENTIC_EXCHANGE_VERIFIED
600227.SH,赤天化,SSE_MAIN,2024-09-06,2000-02-21,,SSE_OFFICIAL_LISTING_REGISTER,AUTHENTIC_EXCHANGE_VERIFIED
600228.SH,返利科技,SSE_MAIN,2024-09-06,1999-01-19,,SSE_OFFICIAL_LISTING_REGISTER,AUTHENTIC_EXCHANGE_VERIFIED
600229.SH,城市传媒,SSE_MAIN,2024-09-06,2000-03-09,,SSE_OFFICIAL_LISTING_REGISTER,AUTHENTIC_EXCHANGE_VERIFIED
600230.SH,沧州大化,SSE_MAIN,2024-09-06,2000-04-06,,SSE_OFFICIAL_LISTING_REGISTER,AUTHENTIC_EXCHANGE_VERIFIED
600231.SH,凌钢股份,SSE_MAIN,2024-09-06,2000-05-11,,SSE_OFFICIAL_LISTING_REGISTER,AUTHENTIC_EXCHANGE_VERIFIED
600232.SH,金鹰股份,SSE_MAIN,2024-09-06,2000-06-02,,SSE_OFFICIAL_LISTING_REGISTER,AUTHENTIC_EXCHANGE_VERIFIED
600233.SH,圆通速递,SSE_MAIN,2024-09-06,2000-06-08,,SSE_OFFICIAL_LISTING_REGISTER,AUTHENTIC_EXCHANGE_VERIFIED
600234.SH,科新发展,SSE_MAIN,2024-09-05,2000-06-15,,SSE_OFFICIAL_LISTING_REGISTER,AUTHENTIC_EXCHANGE_VERIFIED
600235.SH,民丰特纸,SSE_MAIN,2024-09-06,2000-06-15,,SSE_OFFICIAL_LISTING_REGISTER,AUTHENTIC_EXCHANGE_VERIFIED
600236.SH,桂冠电力,SSE_MAIN,2024-09-06,2000-03-23,,SSE_OFFICIAL_LISTING_REGISTER,AUTHENTIC_EXCHANGE_VERIFIED
600237.SH,铜峰电子,SSE_MAIN,2024-09-06,2000-06-09,,SSE_OFFICIAL_LISTING_REGISTER,AUTHENTIC_EXCHANGE_VERIFIED
600238.SH,ST椰岛,SSE_MAIN,2024-09-06,2000-01-20,,SSE_OFFICIAL_LISTING_REGISTER,AUTHENTIC_EXCHANGE_VERIFIED
600239.SH,ST云城,SSE_MAIN,2024-09-05,1999-12-02,,SSE_OFFICIAL_LISTING_REGISTER,AUTHENTIC_EXCHANGE_VERIFIED
600240.SH,600240.SH,SSE_MAIN,2017-12-05,2000-06-28,2020-02-06,SSE_OFFICIAL_DELISTED_REGISTER,AUTHENTIC_EXCHANGE_VERIFIED
600241.SH,时代万恒,SSE_MAIN,2024-09-06,2000-11-28,,SSE_OFFICIAL_LISTING_REGISTER,AUTHENTIC_EXCHANGE_VERIFIED
600243.SH,*ST海华,SSE_MAIN,2024-09-06,2000-11-20,,SSE_OFFICIAL_LISTING_REGISTER,AUTHENTIC_EXCHANGE_VERIFIED
600246.SH,万通发展,SSE_MAIN,2024-09-06,2000-09-22,,SSE_OFFICIAL_LISTING_REGISTER,AUTHENTIC_EXCHANGE_VERIFIED
600248.SH,陕建股份,SSE_MAIN,2024-09-06,2000-06-22,,SSE_OFFICIAL_LISTING_REGISTER,AUTHENTIC_EXCHANGE_VERIFIED
600249.SH,两面针,SSE_MAIN,2024-09-04,2004-01-30,,SSE_OFFICIAL_LISTING_REGISTER,AUTHENTIC_EXCHANGE_VERIFIED
600250.SH,南京商旅,SSE_MAIN,2024-08-30,2001-03-06,,SSE_OFFICIAL_LISTING_REGISTER,AUTHENTIC_EXCHANGE_VERIFIED
600251.SH,冠农股份,SSE_MAIN,2024-09-06,2003-06-09,,SSE_OFFICIAL_LISTING_REGISTER,AUTHENTIC_EXCHANGE_VERIFIED
600252.SH,中恒集团,SSE_MAIN,2024-09-06,2000-11-30,,SSE_OFFICIAL_LISTING_REGISTER,AUTHENTIC_EXCHANGE_VERIFIED
600255.SH,鑫科材料,SSE_MAIN,2024-09-06,2000-11-22,,SSE_OFFICIAL_LISTING_REGISTER,AUTHENTIC_EXCHANGE_VERIFIED
600256.SH,广汇能源,SSE_MAIN,2024-09-06,2000-05-26,,SSE_OFFICIAL_LISTING_REGISTER,AUTHENTIC_EXCHANGE_VERIFIED
600257.SH,大湖股份,SSE_MAIN,2024-09-06,2000-06-12,,SSE_OFFICIAL_LISTING_REGISTER,AUTHENTIC_EXCHANGE_VERIFIED
600258.SH,首旅酒店,SSE_MAIN,2024-09-06,2000-06-01,,SSE_OFFICIAL_LISTING_REGISTER,AUTHENTIC_EXCHANGE_VERIFIED
600259.SH,中稀有色,SSE_MAIN,2024-09-06,2000-05-25,,SSE_OFFICIAL_LISTING_REGISTER,AUTHENTIC_EXCHANGE_VERIFIED
600260.SH,600260.SH,SSE_MAIN,2021-01-05,2000-07-06,2023-02-15,SSE_OFFICIAL_DELISTED_REGISTER,AUTHENTIC_EXCHANGE_VERIFIED
600261.SH,阳光照明,SSE_MAIN,2024-09-06,2000-07-20,,SSE_OFFICIAL_LISTING_REGISTER,AUTHENTIC_EXCHANGE_VERIFIED
600262.SH,北方股份,SSE_MAIN,2024-09-06,2000-06-30,,SSE_OFFICIAL_LISTING_REGISTER,AUTHENTIC_EXCHANGE_VERIFIED
600265.SH,*ST景谷,SSE_MAIN,2024-09-06,2000-08-25,,SSE_OFFICIAL_LISTING_REGISTER,AUTHENTIC_EXCHANGE_VERIFIED
600266.SH,城建发展,SSE_MAIN,2024-09-06,1999-02-03,,SSE_OFFICIAL_LISTING_REGISTER,AUTHENTIC_EXCHANGE_VERIFIED
600267.SH,海正药业,SSE_MAIN,2024-09-06,2000-07-25,,SSE_OFFICIAL_LISTING_REGISTER,AUTHENTIC_EXCHANGE_VERIFIED
600268.SH,国电南自,SSE_MAIN,2024-09-06,1999-11-18,,SSE_OFFICIAL_LISTING_REGISTER,AUTHENTIC_EXCHANGE_VERIFIED
600269.SH,赣粤高速,SSE_MAIN,2024-09-06,2000-05-18,,SSE_OFFICIAL_LISTING_REGISTER,AUTHENTIC_EXCHANGE_VERIFIED
600270.SH,600270.SH,SSE_MAIN,2016-08-30,2000-12-28,2018-12-28,SSE_OFFICIAL_DELISTED_REGISTER,AUTHENTIC_EXCHANGE_VERIFIED
600271.SH,航天信息,SSE_MAIN,2024-09-06,2003-07-11,,SSE_OFFICIAL_LISTING_REGISTER,AUTHENTIC_EXCHANGE_VERIFIED
600272.SH,开开实业,SSE_MAIN,2024-09-06,2001-02-28,,SSE_OFFICIAL_LISTING_REGISTER,AUTHENTIC_EXCHANGE_VERIFIED
600273.SH,嘉化能源,SSE_MAIN,2024-09-06,2003-06-27,,SSE_OFFICIAL_LISTING_REGISTER,AUTHENTIC_EXCHANGE_VERIFIED
600276.SH,恒瑞医药,SSE_MAIN,2023-01-13,2000-10-18,,SSE_OFFICIAL_LISTING_REGISTER,AUTHENTIC_EXCHANGE_VERIFIED
600278.SH,东方创业,SSE_MAIN,2024-09-06,2000-07-12,,SSE_OFFICIAL_LISTING_REGISTER,AUTHENTIC_EXCHANGE_VERIFIED
600279.SH,重庆港,SSE_MAIN,2024-09-06,2000-07-31,,SSE_OFFICIAL_LISTING_REGISTER,AUTHENTIC_EXCHANGE_VERIFIED
600280.SH,中央商场,SSE_MAIN,2024-09-06,2000-09-26,,SSE_OFFICIAL_LISTING_REGISTER,AUTHENTIC_EXCHANGE_VERIFIED
600281.SH,华阳新材,SSE_MAIN,2024-09-06,2000-11-09,,SSE_OFFICIAL_LISTING_REGISTER,AUTHENTIC_EXCHANGE_VERIFIED
600282.SH,南钢股份,SSE_MAIN,2024-09-06,2000-09-19,,SSE_OFFICIAL_LISTING_REGISTER,AUTHENTIC_EXCHANGE_VERIFIED
600283.SH,钱江水利,SSE_MAIN,2024-09-06,2000-10-18,,SSE_OFFICIAL_LISTING_REGISTER,AUTHENTIC_EXCHANGE_VERIFIED
600284.SH,浦东建设,SSE_MAIN,2024-09-06,2004-03-16,,SSE_OFFICIAL_LISTING_REGISTER,AUTHENTIC_EXCHANGE_VERIFIED
600285.SH,羚锐制药,SSE_MAIN,2024-09-06,2000-10-18,,SSE_OFFICIAL_LISTING_REGISTER,AUTHENTIC_EXCHANGE_VERIFIED
600287.SH,苏豪时尚,SSE_MAIN,2024-09-06,2000-09-01,,SSE_OFFICIAL_LISTING_REGISTER,AUTHENTIC_EXCHANGE_VERIFIED
600288.SH,大恒科技,SSE_MAIN,2024-09-06,2000-11-29,,SSE_OFFICIAL_LISTING_REGISTER,AUTHENTIC_EXCHANGE_VERIFIED
600289.SH,ST信通,SSE_MAIN,2024-09-06,2000-07-20,,SSE_OFFICIAL_LISTING_REGISTER,AUTHENTIC_EXCHANGE_VERIFIED
600290.SH,600290.SH,SSE_MAIN,2021-11-30,2000-11-06,2024-01-16,SSE_OFFICIAL_DELISTED_REGISTER,AUTHENTIC_EXCHANGE_VERIFIED
600292.SH,电投水电,SSE_MAIN,2024-08-23,2000-11-01,,SSE_OFFICIAL_LISTING_REGISTER,AUTHENTIC_EXCHANGE_VERIFIED
600293.SH,三峡新材,SSE_MAIN,2024-09-04,2000-09-19,2026-09-28,SSE_OFFICIAL_LISTING_REGISTER,AUTHENTIC_EXCHANGE_VERIFIED
600295.SH,鄂尔多斯,SSE_MAIN,2024-09-06,2001-04-26,,SSE_OFFICIAL_LISTING_REGISTER,AUTHENTIC_EXCHANGE_VERIFIED
600298.SH,安琪酵母,SSE_MAIN,2024-09-06,2000-08-18,,SSE_OFFICIAL_LISTING_REGISTER,AUTHENTIC_EXCHANGE_VERIFIED
600299.SH,安迪苏,SSE_MAIN,2024-09-06,2000-04-20,,SSE_OFFICIAL_LISTING_REGISTER,AUTHENTIC_EXCHANGE_VERIFIED
600300.SH,维维股份,SSE_MAIN,2024-09-06,2000-06-30,,SSE_OFFICIAL_LISTING_REGISTER,AUTHENTIC_EXCHANGE_VERIFIED
600301.SH,华锡有色,SSE_MAIN,2024-09-06,2000-07-12,,SSE_OFFICIAL_LISTING_REGISTER,AUTHENTIC_EXCHANGE_VERIFIED
600302.SH,ST标准,SSE_MAIN,2024-09-06,2000-12-13,,SSE_OFFICIAL_LISTING_REGISTER,AUTHENTIC_EXCHANGE_VERIFIED
600303.SH,曙光股份,SSE_MAIN,2024-09-05,2000-12-26,,SSE_OFFICIAL_LISTING_REGISTER,AUTHENTIC_EXCHANGE_VERIFIED
600305.SH,恒顺醋业,SSE_MAIN,2024-09-06,2001-02-06,,SSE_OFFICIAL_LISTING_REGISTER,AUTHENTIC_EXCHANGE_VERIFIED
600306.SH,600306.SH,SSE_MAIN,2022-04-27,2000-12-26,2024-06-26,SSE_OFFICIAL_DELISTED_REGISTER,AUTHENTIC_EXCHANGE_VERIFIED
600307.SH,酒钢宏兴,SSE_MAIN,2024-09-06,2000-12-20,,SSE_OFFICIAL_LISTING_REGISTER,AUTHENTIC_EXCHANGE_VERIFIED
600308.SH,华泰股份,SSE_MAIN,2024-09-06,2000-09-28,,SSE_OFFICIAL_LISTING_REGISTER,AUTHENTIC_EXCHANGE_VERIFIED
600309.SH,万华化学,SSE_MAIN,2024-09-06,2001-01-05,,SSE_OFFICIAL_LISTING_REGISTER,AUTHENTIC_EXCHANGE_VERIFIED
600310.SH,广西能源,SSE_MAIN,2024-09-06,2001-02-28,,SSE_OFFICIAL_LISTING_REGISTER,AUTHENTIC_EXCHANGE_VERIFIED
600312.SH,平高电气,SSE_MAIN,2024-09-06,2001-02-21,,SSE_OFFICIAL_LISTING_REGISTER,AUTHENTIC_EXCHANGE_VERIFIED
600313.SH,农发种业,SSE_MAIN,2024-09-06,2001-01-19,,SSE_OFFICIAL_LISTING_REGISTER,AUTHENTIC_EXCHANGE_VERIFIED
600315.SH,上海家化,SSE_MAIN,2024-09-06,2001-03-15,,SSE_OFFICIAL_LISTING_REGISTER,AUTHENTIC_EXCHANGE_VERIFIED
600316.SH,洪都航空,SSE_MAIN,2024-09-06,2000-12-15,,SSE_OFFICIAL_LISTING_REGISTER,AUTHENTIC_EXCHANGE_VERIFIED
600318.SH,新力金融,SSE_MAIN,2024-09-06,2000-12-08,,SSE_OFFICIAL_LISTING_REGISTER,AUTHENTIC_EXCHANGE_VERIFIED
600319.SH,亚星化学,SSE_MAIN,2024-08-23,2001-03-26,,SSE_OFFICIAL_LISTING_REGISTER,AUTHENTIC_EXCHANGE_VERIFIED
600320.SH,振华重工,SSE_MAIN,2024-09-06,2000-12-21,,SSE_OFFICIAL_LISTING_REGISTER,AUTHENTIC_EXCHANGE_VERIFIED
600322.SH,津投城开,SSE_MAIN,2024-08-23,2001-09-10,,SSE_OFFICIAL_LISTING_REGISTER,AUTHENTIC_EXCHANGE_VERIFIED
600323.SH,瀚蓝环境,SSE_MAIN,2024-09-04,2000-12-25,,SSE_OFFICIAL_LISTING_REGISTER,AUTHENTIC_EXCHANGE_VERIFIED
600325.SH,华发股份,SSE_MAIN,2024-09-06,2004-02-25,,SSE_OFFICIAL_LISTING_REGISTER,AUTHENTIC_EXCHANGE_VERIFIED
600326.SH,西藏天路,SSE_MAIN,2024-09-06,2001-01-16,,SSE_OFFICIAL_LISTING_REGISTER,AUTHENTIC_EXCHANGE_VERIFIED
600327.SH,大东方,SSE_MAIN,2024-09-06,2002-06-25,,SSE_OFFICIAL_LISTING_REGISTER,AUTHENTIC_EXCHANGE_VERIFIED
600328.SH,中盐化工,SSE_MAIN,2024-09-06,2000-12-22,,SSE_OFFICIAL_LISTING_REGISTER,AUTHENTIC_EXCHANGE_VERIFIED
600329.SH,达仁堂,SSE_MAIN,2024-09-06,2001-06-06,,SSE_OFFICIAL_LISTING_REGISTER,AUTHENTIC_EXCHANGE_VERIFIED
600330.SH,天通股份,SSE_MAIN,2024-09-06,2001-01-18,,SSE_OFFICIAL_LISTING_REGISTER,AUTHENTIC_EXCHANGE_VERIFIED
600331.SH,宏达股份,SSE_MAIN,2024-09-05,2001-12-20,,SSE_OFFICIAL_LISTING_REGISTER,AUTHENTIC_EXCHANGE_VERIFIED
600332.SH,白云山,SSE_MAIN,2024-09-06,2001-02-06,,SSE_OFFICIAL_LISTING_REGISTER,AUTHENTIC_EXCHANGE_VERIFIED
600333.SH,长春燃气,SSE_MAIN,2024-09-06,2000-12-11,,SSE_OFFICIAL_LISTING_REGISTER,AUTHENTIC_EXCHANGE_VERIFIED
600335.SH,国机汽车,SSE_MAIN,2024-09-06,2001-03-05,,SSE_OFFICIAL_LISTING_REGISTER,AUTHENTIC_EXCHANGE_VERIFIED
600336.SH,澳柯玛,SSE_MAIN,2024-09-06,2000-12-29,,SSE_OFFICIAL_LISTING_REGISTER,AUTHENTIC_EXCHANGE_VERIFIED
600337.SH,ST美克,SSE_MAIN,2024-08-22,2000-11-27,,SSE_OFFICIAL_LISTING_REGISTER,AUTHENTIC_EXCHANGE_VERIFIED
600338.SH,西藏珠峰,SSE_MAIN,2024-09-06,2000-12-27,,SSE_OFFICIAL_LISTING_REGISTER,AUTHENTIC_EXCHANGE_VERIFIED
600339.SH,中油工程,SSE_MAIN,2024-09-06,2000-12-25,,SSE_OFFICIAL_LISTING_REGISTER,AUTHENTIC_EXCHANGE_VERIFIED
600340.SH,*ST华幸,SSE_MAIN,2024-09-05,2003-12-30,,SSE_OFFICIAL_LISTING_REGISTER,AUTHENTIC_EXCHANGE_VERIFIED
600343.SH,航天动力,SSE_MAIN,2024-09-06,2003-04-08,,SSE_OFFICIAL_LISTING_REGISTER,AUTHENTIC_EXCHANGE_VERIFIED
600345.SH,长江通信,SSE_MAIN,2024-09-06,2000-12-22,,SSE_OFFICIAL_LISTING_REGISTER,AUTHENTIC_EXCHANGE_VERIFIED
600346.SH,恒力石化,SSE_MAIN,2024-09-06,2001-08-20,,SSE_OFFICIAL_LISTING_REGISTER,AUTHENTIC_EXCHANGE_VERIFIED
600348.SH,华阳股份,SSE_MAIN,2024-09-06,2003-08-21,,SSE_OFFICIAL_LISTING_REGISTER,AUTHENTIC_EXCHANGE_VERIFIED
600350.SH,山东高速,SSE_MAIN,2024-09-06,2002-03-18,,SSE_OFFICIAL_LISTING_REGISTER,AUTHENTIC_EXCHANGE_VERIFIED
600351.SH,亚宝药业,SSE_MAIN,2024-09-06,2002-09-26,,SSE_OFFICIAL_LISTING_REGISTER,AUTHENTIC_EXCHANGE_VERIFIED
600352.SH,浙江龙盛,SSE_MAIN,2024-09-06,2003-08-01,,SSE_OFFICIAL_LISTING_REGISTER,AUTHENTIC_EXCHANGE_VERIFIED
600353.SH,旭光电子,SSE_MAIN,2024-09-06,2002-11-20,,SSE_OFFICIAL_LISTING_REGISTER,AUTHENTIC_EXCHANGE_VERIFIED
600354.SH,敦煌种业,SSE_MAIN,2024-09-06,2004-01-15,,SSE_OFFICIAL_LISTING_REGISTER,AUTHENTIC_EXCHANGE_VERIFIED
600356.SH,恒丰纸业,SSE_MAIN,2024-09-06,2001-04-19,,SSE_OFFICIAL_LISTING_REGISTER,AUTHENTIC_EXCHANGE_VERIFIED
600358.SH,国旅联合,SSE_MAIN,2024-09-06,2000-09-22,,SSE_OFFICIAL_LISTING_REGISTER,AUTHENTIC_EXCHANGE_VERIFIED
600359.SH,新农开发,SSE_MAIN,2024-09-06,1999-04-29,,SSE_OFFICIAL_LISTING_REGISTER,AUTHENTIC_EXCHANGE_VERIFIED
600360.SH,华微电子,SSE_MAIN,2024-08-22,2001-03-16,,SSE_OFFICIAL_LISTING_REGISTER,AUTHENTIC_EXCHANGE_VERIFIED
600361.SH,创新新材,SSE_MAIN,2024-09-06,2001-11-29,,SSE_OFFICIAL_LISTING_REGISTER,AUTHENTIC_EXCHANGE_VERIFIED
600362.SH,江西铜业,SSE_MAIN,2024-09-06,2002-01-11,,SSE_OFFICIAL_LISTING_REGISTER,AUTHENTIC_EXCHANGE_VERIFIED
600363.SH,ST联光,SSE_MAIN,2024-09-06,2001-03-29,,SSE_OFFICIAL_LISTING_REGISTER,AUTHENTIC_EXCHANGE_VERIFIED
600365.SH,ST通葡,SSE_MAIN,2024-09-06,2001-01-15,,SSE_OFFICIAL_LISTING_REGISTER,AUTHENTIC_EXCHANGE_VERIFIED
600366.SH,宁波韵升,SSE_MAIN,2024-09-06,2000-10-30,,SSE_OFFICIAL_LISTING_REGISTER,AUTHENTIC_EXCHANGE_VERIFIED
600367.SH,红星发展,SSE_MAIN,2024-09-06,2001-03-20,,SSE_OFFICIAL_LISTING_REGISTER,AUTHENTIC_EXCHANGE_VERIFIED
600368.SH,五洲交通,SSE_MAIN,2024-09-06,2000-12-21,,SSE_OFFICIAL_LISTING_REGISTER,AUTHENTIC_EXCHANGE_VERIFIED
600369.SH,西南证券,SSE_MAIN,2024-09-06,2001-01-09,,SSE_OFFICIAL_LISTING_REGISTER,AUTHENTIC_EXCHANGE_VERIFIED
600370.SH,*ST三房,SSE_MAIN,2024-09-05,2003-03-06,,SSE_OFFICIAL_LISTING_REGISTER,AUTHENTIC_EXCHANGE_VERIFIED
600371.SH,万向德农,SSE_MAIN,2024-09-06,2002-09-16,,SSE_OFFICIAL_LISTING_REGISTER,AUTHENTIC_EXCHANGE_VERIFIED
600372.SH,中航机载,SSE_MAIN,2024-09-06,2001-07-06,,SSE_OFFICIAL_LISTING_REGISTER,AUTHENTIC_EXCHANGE_VERIFIED
600373.SH,中文传媒,SSE_MAIN,2024-09-06,2002-03-04,,SSE_OFFICIAL_LISTING_REGISTER,AUTHENTIC_EXCHANGE_VERIFIED
600375.SH,汉马科技,SSE_MAIN,2024-09-06,2003-04-01,,SSE_OFFICIAL_LISTING_REGISTER,AUTHENTIC_EXCHANGE_VERIFIED
600376.SH,首开股份,SSE_MAIN,2024-09-06,2001-03-12,,SSE_OFFICIAL_LISTING_REGISTER,AUTHENTIC_EXCHANGE_VERIFIED
600377.SH,宁沪高速,SSE_MAIN,2024-09-06,2001-01-16,,SSE_OFFICIAL_LISTING_REGISTER,AUTHENTIC_EXCHANGE_VERIFIED
600378.SH,昊华科技,SSE_MAIN,2024-09-06,2001-01-11,,SSE_OFFICIAL_LISTING_REGISTER,AUTHENTIC_EXCHANGE_VERIFIED
600379.SH,宝光股份,SSE_MAIN,2024-09-06,2002-01-16,,SSE_OFFICIAL_LISTING_REGISTER,AUTHENTIC_EXCHANGE_VERIFIED
600380.SH,健康元,SSE_MAIN,2024-09-06,2001-06-08,,SSE_OFFICIAL_LISTING_REGISTER,AUTHENTIC_EXCHANGE_VERIFIED
600381.SH,*ST春天,SSE_MAIN,2024-09-06,2001-05-08,,SSE_OFFICIAL_LISTING_REGISTER,AUTHENTIC_EXCHANGE_VERIFIED
600382.SH,广东明珠,SSE_MAIN,2024-09-06,2001-01-18,,SSE_OFFICIAL_LISTING_REGISTER,AUTHENTIC_EXCHANGE_VERIFIED
600383.SH,金地集团,SSE_MAIN,2024-09-06,2001-04-12,,SSE_OFFICIAL_LISTING_REGISTER,AUTHENTIC_EXCHANGE_VERIFIED
600386.SH,北巴传媒,SSE_MAIN,2024-09-06,2001-02-16,,SSE_OFFICIAL_LISTING_REGISTER,AUTHENTIC_EXCHANGE_VERIFIED
600387.SH,600387.SH,SSE_MAIN,2023-04-25,2004-02-18,2025-07-11,SSE_OFFICIAL_DELISTED_REGISTER,AUTHENTIC_EXCHANGE_VERIFIED
600388.SH,紫金龙净,SSE_MAIN,2024-09-06,2000-12-29,,SSE_OFFICIAL_LISTING_REGISTER,AUTHENTIC_EXCHANGE_VERIFIED
600389.SH,江山股份,SSE_MAIN,2024-09-06,2001-01-10,,SSE_OFFICIAL_LISTING_REGISTER,AUTHENTIC_EXCHANGE_VERIFIED
600390.SH,五矿资本,SSE_MAIN,2024-09-06,2001-01-15,,SSE_OFFICIAL_LISTING_REGISTER,AUTHENTIC_EXCHANGE_VERIFIED
600391.SH,航发科技,SSE_MAIN,2024-09-06,2001-12-12,,SSE_OFFICIAL_LISTING_REGISTER,AUTHENTIC_EXCHANGE_VERIFIED
600392.SH,盛和资源,SSE_MAIN,2024-09-06,2003-05-29,,SSE_OFFICIAL_LISTING_REGISTER,AUTHENTIC_EXCHANGE_VERIFIED
600395.SH,盘江股份,SSE_MAIN,2024-09-06,2001-05-31,,SSE_OFFICIAL_LISTING_REGISTER,AUTHENTIC_EXCHANGE_VERIFIED
600396.SH,华电辽能,SSE_MAIN,2024-09-06,2001-03-28,,SSE_OFFICIAL_LISTING_REGISTER,AUTHENTIC_EXCHANGE_VERIFIED
600397.SH,江钨装备,SSE_MAIN,2024-09-06,2002-07-02,,SSE_OFFICIAL_LISTING_REGISTER,AUTHENTIC_EXCHANGE_VERIFIED
600398.SH,海澜之家,SSE_MAIN,2024-09-06,2000-12-28,,SSE_OFFICIAL_LISTING_REGISTER,AUTHENTIC_EXCHANGE_VERIFIED
600399.SH,抚顺特钢,SSE_MAIN,2024-09-05,2000-12-29,,SSE_OFFICIAL_LISTING_REGISTER,AUTHENTIC_EXCHANGE_VERIFIED
600400.SH,红豆股份,SSE_MAIN,2024-09-06,2001-01-08,,SSE_OFFICIAL_LISTING_REGISTER,AUTHENTIC_EXCHANGE_VERIFIED
600403.SH,大有能源,SSE_MAIN,2024-09-06,2003-10-09,,SSE_OFFICIAL_LISTING_REGISTER,AUTHENTIC_EXCHANGE_VERIFIED
600405.SH,动力源,SSE_MAIN,2024-09-06,2004-04-01,,SSE_OFFICIAL_LISTING_REGISTER,AUTHENTIC_EXCHANGE_VERIFIED
600406.SH,国电南瑞,SSE_MAIN,2024-09-06,2003-10-16,,SSE_OFFICIAL_LISTING_REGISTER,AUTHENTIC_EXCHANGE_VERIFIED
600408.SH,安泰集团,SSE_MAIN,2024-09-06,2003-02-12,,SSE_OFFICIAL_LISTING_REGISTER,AUTHENTIC_EXCHANGE_VERIFIED
600409.SH,三友化工,SSE_MAIN,2024-09-06,2003-06-18,,SSE_OFFICIAL_LISTING_REGISTER,AUTHENTIC_EXCHANGE_VERIFIED
600410.SH,华胜天成,SSE_MAIN,2024-09-06,2004-04-27,,SSE_OFFICIAL_LISTING_REGISTER,AUTHENTIC_EXCHANGE_VERIFIED
600415.SH,小商品城,SSE_MAIN,2024-09-06,2002-05-09,,SSE_OFFICIAL_LISTING_REGISTER,AUTHENTIC_EXCHANGE_VERIFIED
600416.SH,湘电股份,SSE_MAIN,2024-09-06,2002-07-18,,SSE_OFFICIAL_LISTING_REGISTER,AUTHENTIC_EXCHANGE_VERIFIED
600418.SH,江淮汽车,SSE_MAIN,2024-09-06,2001-08-24,,SSE_OFFICIAL_LISTING_REGISTER,AUTHENTIC_EXCHANGE_VERIFIED
600419.SH,天润乳业,SSE_MAIN,2024-09-06,2001-06-28,,SSE_OFFICIAL_LISTING_REGISTER,AUTHENTIC_EXCHANGE_VERIFIED
600420.SH,国药现代,SSE_MAIN,2024-09-06,2004-06-16,,SSE_OFFICIAL_LISTING_REGISTER,AUTHENTIC_EXCHANGE_VERIFIED
600422.SH,昆药集团,SSE_MAIN,2024-09-06,2000-12-06,,SSE_OFFICIAL_LISTING_REGISTER,AUTHENTIC_EXCHANGE_VERIFIED
600423.SH,*ST柳化,SSE_MAIN,2024-09-06,2003-07-17,,SSE_OFFICIAL_LISTING_REGISTER,AUTHENTIC_EXCHANGE_VERIFIED
600425.SH,青松建化,SSE_MAIN,2024-09-06,2003-07-24,,SSE_OFFICIAL_LISTING_REGISTER,AUTHENTIC_EXCHANGE_VERIFIED
600426.SH,华鲁恒升,SSE_MAIN,2024-09-06,2002-06-20,,SSE_OFFICIAL_LISTING_REGISTER,AUTHENTIC_EXCHANGE_VERIFIED
600428.SH,中远海特,SSE_MAIN,2024-09-06,2002-04-18,,SSE_OFFICIAL_LISTING_REGISTER,AUTHENTIC_EXCHANGE_VERIFIED
600429.SH,三元股份,SSE_MAIN,2024-09-06,2003-09-15,,SSE_OFFICIAL_LISTING_REGISTER,AUTHENTIC_EXCHANGE_VERIFIED
600433.SH,冠豪高新,SSE_MAIN,2024-09-06,2003-06-19,,SSE_OFFICIAL_LISTING_REGISTER,AUTHENTIC_EXCHANGE_VERIFIED
600435.SH,北方导航,SSE_MAIN,2024-09-06,2003-07-04,,SSE_OFFICIAL_LISTING_REGISTER,AUTHENTIC_EXCHANGE_VERIFIED
600436.SH,片仔癀,SSE_MAIN,2024-09-06,2003-06-16,,SSE_OFFICIAL_LISTING_REGISTER,AUTHENTIC_EXCHANGE_VERIFIED
600438.SH,通威股份,SSE_MAIN,2022-12-29,2004-03-02,,SSE_OFFICIAL_LISTING_REGISTER,AUTHENTIC_EXCHANGE_VERIFIED
600439.SH,ST瑞贝卡,SSE_MAIN,2024-09-06,2003-07-10,,SSE_OFFICIAL_LISTING_REGISTER,AUTHENTIC_EXCHANGE_VERIFIED
600444.SH,国机通用,SSE_MAIN,2024-09-06,2004-02-19,,SSE_OFFICIAL_LISTING_REGISTER,AUTHENTIC_EXCHANGE_VERIFIED
600446.SH,金证股份,SSE_MAIN,2024-08-30,2003-12-24,,SSE_OFFICIAL_LISTING_REGISTER,AUTHENTIC_EXCHANGE_VERIFIED
600448.SH,华纺股份,SSE_MAIN,2024-09-06,2001-09-03,,SSE_OFFICIAL_LISTING_REGISTER,AUTHENTIC_EXCHANGE_VERIFIED
600449.SH,宁夏建材,SSE_MAIN,2024-09-06,2003-08-29,,SSE_OFFICIAL_LISTING_REGISTER,AUTHENTIC_EXCHANGE_VERIFIED
600452.SH,涪陵电力,SSE_MAIN,2024-09-06,2004-03-03,,SSE_OFFICIAL_LISTING_REGISTER,AUTHENTIC_EXCHANGE_VERIFIED
600455.SH,博通股份,SSE_MAIN,2024-09-06,2004-03-29,,SSE_OFFICIAL_LISTING_REGISTER,AUTHENTIC_EXCHANGE_VERIFIED
600456.SH,宝钛股份,SSE_MAIN,2024-09-06,2002-04-12,,SSE_OFFICIAL_LISTING_REGISTER,AUTHENTIC_EXCHANGE_VERIFIED
600458.SH,时代新材,SSE_MAIN,2024-09-06,2002-12-19,,SSE_OFFICIAL_LISTING_REGISTER,AUTHENTIC_EXCHANGE_VERIFIED
600459.SH,贵研铂业,SSE_MAIN,2024-09-06,2003-05-16,,SSE_OFFICIAL_LISTING_REGISTER,AUTHENTIC_EXCHANGE_VERIFIED
600460.SH,士兰微,SSE_MAIN,2024-09-06,2003-03-11,,SSE_OFFICIAL_LISTING_REGISTER,AUTHENTIC_EXCHANGE_VERIFIED
600461.SH,洪城环境,SSE_MAIN,2024-09-06,2004-06-01,,SSE_OFFICIAL_LISTING_REGISTER,AUTHENTIC_EXCHANGE_VERIFIED
600463.SH,空港股份,SSE_MAIN,2024-09-06,2004-03-18,,SSE_OFFICIAL_LISTING_REGISTER,AUTHENTIC_EXCHANGE_VERIFIED
600466.SH,600466.SH,SSE_MAIN,2021-04-14,2001-02-12,2023-06-06,SSE_OFFICIAL_DELISTED_REGISTER,AUTHENTIC_EXCHANGE_VERIFIED
600467.SH,好当家,SSE_MAIN,2024-09-06,2004-04-05,,SSE_OFFICIAL_LISTING_REGISTER,AUTHENTIC_EXCHANGE_VERIFIED
600468.SH,百利电气,SSE_MAIN,2024-09-06,2001-06-15,,SSE_OFFICIAL_LISTING_REGISTER,AUTHENTIC_EXCHANGE_VERIFIED
600469.SH,风神股份,SSE_MAIN,2024-09-06,2003-10-21,,SSE_OFFICIAL_LISTING_REGISTER,AUTHENTIC_EXCHANGE_VERIFIED
600470.SH,六国化工,SSE_MAIN,2024-09-06,2004-03-05,,SSE_OFFICIAL_LISTING_REGISTER,AUTHENTIC_EXCHANGE_VERIFIED
600475.SH,华光环能,SSE_MAIN,2024-09-06,2003-07-21,,SSE_OFFICIAL_LISTING_REGISTER,AUTHENTIC_EXCHANGE_VERIFIED
600476.SH,*ST湘邮,SSE_MAIN,2024-09-06,2003-12-10,,SSE_OFFICIAL_LISTING_REGISTER,AUTHENTIC_EXCHANGE_VERIFIED
600477.SH,杭萧钢构,SSE_MAIN,2024-09-06,2003-11-10,,SSE_OFFICIAL_LISTING_REGISTER,AUTHENTIC_EXCHANGE_VERIFIED
600478.SH,科力远,SSE_MAIN,2024-09-06,2003-09-18,,SSE_OFFICIAL_LISTING_REGISTER,AUTHENTIC_EXCHANGE_VERIFIED
600479.SH,千金药业,SSE_MAIN,2024-09-06,2004-03-12,,SSE_OFFICIAL_LISTING_REGISTER,AUTHENTIC_EXCHANGE_VERIFIED
600480.SH,凌云股份,SSE_MAIN,2024-09-06,2003-08-15,,SSE_OFFICIAL_LISTING_REGISTER,AUTHENTIC_EXCHANGE_VERIFIED
600481.SH,双良节能,SSE_MAIN,2024-09-06,2003-04-22,,SSE_OFFICIAL_LISTING_REGISTER,AUTHENTIC_EXCHANGE_VERIFIED
600482.SH,中国动力,SSE_MAIN,2024-09-06,2004-07-14,,SSE_OFFICIAL_LISTING_REGISTER,AUTHENTIC_EXCHANGE_VERIFIED
600483.SH,福能股份,SSE_MAIN,2024-09-06,2004-05-31,,SSE_OFFICIAL_LISTING_REGISTER,AUTHENTIC_EXCHANGE_VERIFIED
600486.SH,XD扬农化,SSE_MAIN,2024-09-06,2002-04-25,,SSE_OFFICIAL_LISTING_REGISTER,AUTHENTIC_EXCHANGE_VERIFIED
600487.SH,亨通光电,SSE_MAIN,2024-09-06,2003-08-22,,SSE_OFFICIAL_LISTING_REGISTER,AUTHENTIC_EXCHANGE_VERIFIED
600488.SH,津药药业,SSE_MAIN,2024-09-06,2001-06-18,,SSE_OFFICIAL_LISTING_REGISTER,AUTHENTIC_EXCHANGE_VERIFIED
600489.SH,中金黄金,SSE_MAIN,2024-09-06,2003-08-14,,SSE_OFFICIAL_LISTING_REGISTER,AUTHENTIC_EXCHANGE_VERIFIED
600490.SH,鹏欣资源,SSE_MAIN,2024-09-06,2003-06-26,,SSE_OFFICIAL_LISTING_REGISTER,AUTHENTIC_EXCHANGE_VERIFIED
600491.SH,ST龙元,SSE_MAIN,2024-08-28,2004-05-24,,SSE_OFFICIAL_LISTING_REGISTER,AUTHENTIC_EXCHANGE_VERIFIED
600493.SH,凤竹纺织,SSE_MAIN,2024-09-06,2004-04-21,,SSE_OFFICIAL_LISTING_REGISTER,AUTHENTIC_EXCHANGE_VERIFIED
600495.SH,晋西车轴,SSE_MAIN,2024-09-06,2004-05-26,,SSE_OFFICIAL_LISTING_REGISTER,AUTHENTIC_EXCHANGE_VERIFIED
600496.SH,精工钢构,SSE_MAIN,2024-09-06,2002-06-05,,SSE_OFFICIAL_LISTING_REGISTER,AUTHENTIC_EXCHANGE_VERIFIED
600497.SH,驰宏锌锗,SSE_MAIN,2024-09-06,2004-04-20,,SSE_OFFICIAL_LISTING_REGISTER,AUTHENTIC_EXCHANGE_VERIFIED
600498.SH,烽火通信,SSE_MAIN,2024-09-06,2001-08-23,,SSE_OFFICIAL_LISTING_REGISTER,AUTHENTIC_EXCHANGE_VERIFIED
600499.SH,科达制造,SSE_MAIN,2024-08-23,2002-10-10,,SSE_OFFICIAL_LISTING_REGISTER,AUTHENTIC_EXCHANGE_VERIFIED
600500.SH,中化国际,SSE_MAIN,2024-08-26,2000-03-01,,SSE_OFFICIAL_LISTING_REGISTER,AUTHENTIC_EXCHANGE_VERIFIED
600501.SH,航天晨光,SSE_MAIN,2024-09-06,2001-06-15,,SSE_OFFICIAL_LISTING_REGISTER,AUTHENTIC_EXCHANGE_VERIFIED
600502.SH,安徽建工,SSE_MAIN,2024-09-06,2003-04-15,,SSE_OFFICIAL_LISTING_REGISTER,AUTHENTIC_EXCHANGE_VERIFIED
600503.SH,华丽家族,SSE_MAIN,2024-09-06,2002-07-09,,SSE_OFFICIAL_LISTING_REGISTER,AUTHENTIC_EXCHANGE_VERIFIED
600505.SH,西昌电力,SSE_MAIN,2024-09-06,2002-05-30,,SSE_OFFICIAL_LISTING_REGISTER,AUTHENTIC_EXCHANGE_VERIFIED
600506.SH,统一股份,SSE_MAIN,2024-09-06,2001-12-26,,SSE_OFFICIAL_LISTING_REGISTER,AUTHENTIC_EXCHANGE_VERIFIED
600507.SH,方大特钢,SSE_MAIN,2024-09-06,2003-09-30,,SSE_OFFICIAL_LISTING_REGISTER,AUTHENTIC_EXCHANGE_VERIFIED
600508.SH,上海能源,SSE_MAIN,2024-09-06,2001-08-29,,SSE_OFFICIAL_LISTING_REGISTER,AUTHENTIC_EXCHANGE_VERIFIED
600509.SH,天富能源,SSE_MAIN,2024-09-06,2002-02-28,,SSE_OFFICIAL_LISTING_REGISTER,AUTHENTIC_EXCHANGE_VERIFIED
600510.SH,黑牡丹,SSE_MAIN,2024-09-06,2002-06-18,,SSE_OFFICIAL_LISTING_REGISTER,AUTHENTIC_EXCHANGE_VERIFIED
600511.SH,国药股份,SSE_MAIN,2024-09-06,2002-11-27,,SSE_OFFICIAL_LISTING_REGISTER,AUTHENTIC_EXCHANGE_VERIFIED
600512.SH,腾达建设,SSE_MAIN,2024-09-06,2002-12-26,,SSE_OFFICIAL_LISTING_REGISTER,AUTHENTIC_EXCHANGE_VERIFIED
600513.SH,联环药业,SSE_MAIN,2024-09-06,2003-03-19,,SSE_OFFICIAL_LISTING_REGISTER,AUTHENTIC_EXCHANGE_VERIFIED
600515.SH,海南机场,SSE_MAIN,2024-09-06,2002-08-06,,SSE_OFFICIAL_LISTING_REGISTER,AUTHENTIC_EXCHANGE_VERIFIED
600516.SH,方大炭素,SSE_MAIN,2024-09-06,2002-08-30,,SSE_OFFICIAL_LISTING_REGISTER,AUTHENTIC_EXCHANGE_VERIFIED
600517.SH,国网英大,SSE_MAIN,2024-09-06,2003-10-10,,SSE_OFFICIAL_LISTING_REGISTER,AUTHENTIC_EXCHANGE_VERIFIED
600518.SH,康美药业,SSE_MAIN,2024-09-06,2001-03-19,,SSE_OFFICIAL_LISTING_REGISTER,AUTHENTIC_EXCHANGE_VERIFIED
600519.SH,贵州茅台,SSE_MAIN,2023-01-13,2001-08-27,,SSE_OFFICIAL_LISTING_REGISTER,AUTHENTIC_EXCHANGE_VERIFIED
600520.SH,三佳科技,SSE_MAIN,2024-08-30,2002-01-08,,SSE_OFFICIAL_LISTING_REGISTER,AUTHENTIC_EXCHANGE_VERIFIED
600521.SH,华海药业,SSE_MAIN,2024-09-06,2003-03-04,,SSE_OFFICIAL_LISTING_REGISTER,AUTHENTIC_EXCHANGE_VERIFIED
600522.SH,中天科技,SSE_MAIN,2024-09-06,2002-10-24,,SSE_OFFICIAL_LISTING_REGISTER,AUTHENTIC_EXCHANGE_VERIFIED
600523.SH,贵航股份,SSE_MAIN,2024-09-06,2001-12-27,,SSE_OFFICIAL_LISTING_REGISTER,AUTHENTIC_EXCHANGE_VERIFIED
600525.SH,长园集团,SSE_MAIN,2024-09-06,2002-12-02,,SSE_OFFICIAL_LISTING_REGISTER,AUTHENTIC_EXCHANGE_VERIFIED
600526.SH,菲达环保,SSE_MAIN,2024-09-06,2002-07-22,,SSE_OFFICIAL_LISTING_REGISTER,AUTHENTIC_EXCHANGE_VERIFIED
600527.SH,江南高纤,SSE_MAIN,2024-09-06,2003-11-27,,SSE_OFFICIAL_LISTING_REGISTER,AUTHENTIC_EXCHANGE_VERIFIED
600528.SH,中铁工业,SSE_MAIN,2024-09-06,2001-05-28,,SSE_OFFICIAL_LISTING_REGISTER,AUTHENTIC_EXCHANGE_VERIFIED
600529.SH,山东药玻,SSE_MAIN,2024-09-06,2002-06-03,,SSE_OFFICIAL_LISTING_REGISTER,AUTHENTIC_EXCHANGE_VERIFIED
600530.SH,ST交昂,SSE_MAIN,2024-09-04,2001-07-02,,SSE_OFFICIAL_LISTING_REGISTER,AUTHENTIC_EXCHANGE_VERIFIED
600531.SH,豫光金铅,SSE_MAIN,2024-09-06,2002-07-30,,SSE_OFFICIAL_LISTING_REGISTER,AUTHENTIC_EXCHANGE_VERIFIED
600533.SH,栖霞建设,SSE_MAIN,2024-09-06,2002-03-28,,SSE_OFFICIAL_LISTING_REGISTER,AUTHENTIC_EXCHANGE_VERIFIED
600535.SH,天士力,SSE_MAIN,2024-09-06,2002-08-23,,SSE_OFFICIAL_LISTING_REGISTER,AUTHENTIC_EXCHANGE_VERIFIED
600536.SH,中国软件,SSE_MAIN,2024-09-06,2002-05-17,,SSE_OFFICIAL_LISTING_REGISTER,AUTHENTIC_EXCHANGE_VERIFIED
600537.SH,*ST亿晶,SSE_MAIN,2024-09-06,2003-01-23,,SSE_OFFICIAL_LISTING_REGISTER,AUTHENTIC_EXCHANGE_VERIFIED
600538.SH,国发股份,SSE_MAIN,2024-09-06,2003-01-14,,SSE_OFFICIAL_LISTING_REGISTER,AUTHENTIC_EXCHANGE_VERIFIED
600539.SH,狮头股份,SSE_MAIN,2024-09-06,2001-08-24,,SSE_OFFICIAL_LISTING_REGISTER,AUTHENTIC_EXCHANGE_VERIFIED
600540.SH,新赛股份,SSE_MAIN,2024-09-06,2004-01-07,,SSE_OFFICIAL_LISTING_REGISTER,AUTHENTIC_EXCHANGE_VERIFIED
600543.SH,*ST莫高,SSE_MAIN,2024-09-06,2004-03-24,,SSE_OFFICIAL_LISTING_REGISTER,AUTHENTIC_EXCHANGE_VERIFIED
600545.SH,卓郎智能,SSE_MAIN,2024-09-06,2003-12-03,,SSE_OFFICIAL_LISTING_REGISTER,AUTHENTIC_EXCHANGE_VERIFIED
600546.SH,山煤国际,SSE_MAIN,2024-09-06,2003-07-31,,SSE_OFFICIAL_LISTING_REGISTER,AUTHENTIC_EXCHANGE_VERIFIED
600547.SH,山东黄金,SSE_MAIN,2023-01-13,2003-08-28,,SSE_OFFICIAL_LISTING_REGISTER,AUTHENTIC_EXCHANGE_VERIFIED
600548.SH,深高速,SSE_MAIN,2024-09-06,2001-12-25,,SSE_OFFICIAL_LISTING_REGISTER,AUTHENTIC_EXCHANGE_VERIFIED
600549.SH,厦门钨业,SSE_MAIN,2024-09-06,2002-11-07,,SSE_OFFICIAL_LISTING_REGISTER,AUTHENTIC_EXCHANGE_VERIFIED
600550.SH,保变电气,SSE_MAIN,2024-09-06,2001-02-28,,SSE_OFFICIAL_LISTING_REGISTER,AUTHENTIC_EXCHANGE_VERIFIED
600551.SH,时代出版,SSE_MAIN,2024-09-06,2002-09-05,,SSE_OFFICIAL_LISTING_REGISTER,AUTHENTIC_EXCHANGE_VERIFIED
600552.SH,凯盛科技,SSE_MAIN,2024-09-06,2002-11-08,,SSE_OFFICIAL_LISTING_REGISTER,AUTHENTIC_EXCHANGE_VERIFIED
600556.SH,天下秀,SSE_MAIN,2024-09-06,2001-08-07,,SSE_OFFICIAL_LISTING_REGISTER,AUTHENTIC_EXCHANGE_VERIFIED
600557.SH,康缘药业,SSE_MAIN,2024-09-06,2002-09-18,,SSE_OFFICIAL_LISTING_REGISTER,AUTHENTIC_EXCHANGE_VERIFIED
600558.SH,大西洋,SSE_MAIN,2024-09-06,2001-02-27,,SSE_OFFICIAL_LISTING_REGISTER,AUTHENTIC_EXCHANGE_VERIFIED
600559.SH,老白干酒,SSE_MAIN,2024-09-06,2002-10-29,,SSE_OFFICIAL_LISTING_REGISTER,AUTHENTIC_EXCHANGE_VERIFIED
600560.SH,金自天正,SSE_MAIN,2024-09-06,2002-09-19,,SSE_OFFICIAL_LISTING_REGISTER,AUTHENTIC_EXCHANGE_VERIFIED
600561.SH,江西长运,SSE_MAIN,2024-09-06,2002-07-16,,SSE_OFFICIAL_LISTING_REGISTER,AUTHENTIC_EXCHANGE_VERIFIED
600562.SH,国睿科技,SSE_MAIN,2024-09-06,2003-01-28,,SSE_OFFICIAL_LISTING_REGISTER,AUTHENTIC_EXCHANGE_VERIFIED
600563.SH,法拉电子,SSE_MAIN,2024-09-06,2002-12-10,,SSE_OFFICIAL_LISTING_REGISTER,AUTHENTIC_EXCHANGE_VERIFIED
600566.SH,济川药业,SSE_MAIN,2024-09-06,2001-08-22,,SSE_OFFICIAL_LISTING_REGISTER,AUTHENTIC_EXCHANGE_VERIFIED
600567.SH,山鹰国际,SSE_MAIN,2024-09-06,2001-12-18,,SSE_OFFICIAL_LISTING_REGISTER,AUTHENTIC_EXCHANGE_VERIFIED
600568.SH,ST中珠,SSE_MAIN,2024-09-06,2001-05-18,,SSE_OFFICIAL_LISTING_REGISTER,AUTHENTIC_EXCHANGE_VERIFIED
600569.SH,安阳钢铁,SSE_MAIN,2024-09-06,2001-08-20,,SSE_OFFICIAL_LISTING_REGISTER,AUTHENTIC_EXCHANGE_VERIFIED
600570.SH,恒生电子,SSE_MAIN,2024-09-06,2003-12-16,,SSE_OFFICIAL_LISTING_REGISTER,AUTHENTIC_EXCHANGE_VERIFIED
600571.SH,信雅达,SSE_MAIN,2024-09-06,2002-11-01,,SSE_OFFICIAL_LISTING_REGISTER,AUTHENTIC_EXCHANGE_VERIFIED
600572.SH,康恩贝,SSE_MAIN,2024-09-06,2004-04-12,,SSE_OFFICIAL_LISTING_REGISTER,AUTHENTIC_EXCHANGE_VERIFIED
600573.SH,惠泉啤酒,SSE_MAIN,2024-09-06,2003-02-26,,SSE_OFFICIAL_LISTING_REGISTER,AUTHENTIC_EXCHANGE_VERIFIED
600575.SH,淮河能源,SSE_MAIN,2024-09-06,2003-03-28,,SSE_OFFICIAL_LISTING_REGISTER,AUTHENTIC_EXCHANGE_VERIFIED
600576.SH,祥源文旅,SSE_MAIN,2024-09-06,2003-02-20,,SSE_OFFICIAL_LISTING_REGISTER,AUTHENTIC_EXCHANGE_VERIFIED
600577.SH,精达股份,SSE_MAIN,2024-09-06,2002-09-11,,SSE_OFFICIAL_LISTING_REGISTER,AUTHENTIC_EXCHANGE_VERIFIED
600578.SH,京能电力,SSE_MAIN,2024-09-06,2002-05-10,,SSE_OFFICIAL_LISTING_REGISTER,AUTHENTIC_EXCHANGE_VERIFIED
600579.SH,中化装备,SSE_MAIN,2024-09-06,2002-08-09,,SSE_OFFICIAL_LISTING_REGISTER,AUTHENTIC_EXCHANGE_VERIFIED
600580.SH,卧龙电驱,SSE_MAIN,2024-09-06,2002-06-06,,SSE_OFFICIAL_LISTING_REGISTER,AUTHENTIC_EXCHANGE_VERIFIED
600581.SH,*ST八钢,SSE_MAIN,2024-09-05,2002-08-16,,SSE_OFFICIAL_LISTING_REGISTER,AUTHENTIC_EXCHANGE_VERIFIED
600582.SH,天地科技,SSE_MAIN,2024-09-06,2002-05-15,,SSE_OFFICIAL_LISTING_REGISTER,AUTHENTIC_EXCHANGE_VERIFIED
600583.SH,海油工程,SSE_MAIN,2024-09-06,2002-02-05,,SSE_OFFICIAL_LISTING_REGISTER,AUTHENTIC_EXCHANGE_VERIFIED
600584.SH,长电科技,SSE_MAIN,2024-09-06,2003-06-03,,SSE_OFFICIAL_LISTING_REGISTER,AUTHENTIC_EXCHANGE_VERIFIED
600585.SH,XD海螺水,SSE_MAIN,2023-01-13,2002-02-07,,SSE_OFFICIAL_LISTING_REGISTER,AUTHENTIC_EXCHANGE_VERIFIED
600586.SH,金晶科技,SSE_MAIN,2024-09-06,2002-08-15,,SSE_OFFICIAL_LISTING_REGISTER,AUTHENTIC_EXCHANGE_VERIFIED
600587.SH,新华医疗,SSE_MAIN,2024-09-06,2002-09-27,,SSE_OFFICIAL_LISTING_REGISTER,AUTHENTIC_EXCHANGE_VERIFIED
600588.SH,用友网络,SSE_MAIN,2024-09-06,2001-05-18,,SSE_OFFICIAL_LISTING_REGISTER,AUTHENTIC_EXCHANGE_VERIFIED
600589.SH,大位科技,SSE_MAIN,2024-09-06,2001-06-12,,SSE_OFFICIAL_LISTING_REGISTER,AUTHENTIC_EXCHANGE_VERIFIED
600590.SH,泰豪科技,SSE_MAIN,2024-08-23,2002-07-03,,SSE_OFFICIAL_LISTING_REGISTER,AUTHENTIC_EXCHANGE_VERIFIED
600592.SH,龙溪股份,SSE_MAIN,2024-09-06,2002-08-05,,SSE_OFFICIAL_LISTING_REGISTER,AUTHENTIC_EXCHANGE_VERIFIED
600593.SH,大连圣亚,SSE_MAIN,2024-09-06,2002-07-11,,SSE_OFFICIAL_LISTING_REGISTER,AUTHENTIC_EXCHANGE_VERIFIED
600594.SH,益佰制药,SSE_MAIN,2024-09-06,2004-03-23,,SSE_OFFICIAL_LISTING_REGISTER,AUTHENTIC_EXCHANGE_VERIFIED
600595.SH,中孚实业,SSE_MAIN,2024-09-06,2002-06-26,,SSE_OFFICIAL_LISTING_REGISTER,AUTHENTIC_EXCHANGE_VERIFIED
600596.SH,新安股份,SSE_MAIN,2024-09-06,2001-09-06,,SSE_OFFICIAL_LISTING_REGISTER,AUTHENTIC_EXCHANGE_VERIFIED
600597.SH,光明乳业,SSE_MAIN,2024-09-06,2002-08-28,,SSE_OFFICIAL_LISTING_REGISTER,AUTHENTIC_EXCHANGE_VERIFIED
600598.SH,北大荒,SSE_MAIN,2024-09-06,2002-03-29,,SSE_OFFICIAL_LISTING_REGISTER,AUTHENTIC_EXCHANGE_VERIFIED
600600.SH,青岛啤酒,SSE_MAIN,2024-09-06,1993-08-27,,SSE_OFFICIAL_LISTING_REGISTER,AUTHENTIC_EXCHANGE_VERIFIED
600601.SH,方正科技,SSE_MAIN,2024-09-06,1990-12-19,,SSE_OFFICIAL_LISTING_REGISTER,AUTHENTIC_EXCHANGE_VERIFIED
600602.SH,云赛智联,SSE_MAIN,2024-09-06,1990-12-19,,SSE_OFFICIAL_LISTING_REGISTER,AUTHENTIC_EXCHANGE_VERIFIED
600603.SH,广汇物流,SSE_MAIN,2024-09-06,1992-01-13,,SSE_OFFICIAL_LISTING_REGISTER,AUTHENTIC_EXCHANGE_VERIFIED
600604.SH,市北高新,SSE_MAIN,2024-09-06,1992-03-27,,SSE_OFFICIAL_LISTING_REGISTER,AUTHENTIC_EXCHANGE_VERIFIED
600605.SH,汇通能源,SSE_MAIN,2024-09-06,1992-03-27,,SSE_OFFICIAL_LISTING_REGISTER,AUTHENTIC_EXCHANGE_VERIFIED
600606.SH,绿地控股,SSE_MAIN,2024-09-06,1992-03-27,,SSE_OFFICIAL_LISTING_REGISTER,AUTHENTIC_EXCHANGE_VERIFIED
600609.SH,金杯汽车,SSE_MAIN,2024-09-06,1992-07-24,,SSE_OFFICIAL_LISTING_REGISTER,AUTHENTIC_EXCHANGE_VERIFIED
600610.SH,中毅达,SSE_MAIN,2024-09-06,1992-08-05,,SSE_OFFICIAL_LISTING_REGISTER,AUTHENTIC_EXCHANGE_VERIFIED
600611.SH,大众交通,SSE_MAIN,2024-09-06,1992-08-07,,SSE_OFFICIAL_LISTING_REGISTER,AUTHENTIC_EXCHANGE_VERIFIED
600612.SH,老凤祥,SSE_MAIN,2024-09-06,1992-08-14,,SSE_OFFICIAL_LISTING_REGISTER,AUTHENTIC_EXCHANGE_VERIFIED
600613.SH,神奇制药,SSE_MAIN,2024-09-06,1992-08-20,,SSE_OFFICIAL_LISTING_REGISTER,AUTHENTIC_EXCHANGE_VERIFIED
600615.SH,鑫源智造,SSE_MAIN,2024-09-06,1992-09-10,,SSE_OFFICIAL_LISTING_REGISTER,AUTHENTIC_EXCHANGE_VERIFIED
600616.SH,金枫酒业,SSE_MAIN,2024-09-06,1992-09-29,,SSE_OFFICIAL_LISTING_REGISTER,AUTHENTIC_EXCHANGE_VERIFIED
600617.SH,国新能源,SSE_MAIN,2024-09-06,1992-10-13,,SSE_OFFICIAL_LISTING_REGISTER,AUTHENTIC_EXCHANGE_VERIFIED
600618.SH,氯碱化工,SSE_MAIN,2024-09-06,1992-11-13,,SSE_OFFICIAL_LISTING_REGISTER,AUTHENTIC_EXCHANGE_VERIFIED
600619.SH,海立股份,SSE_MAIN,2024-09-06,1992-11-16,,SSE_OFFICIAL_LISTING_REGISTER,AUTHENTIC_EXCHANGE_VERIFIED
600620.SH,天宸股份,SSE_MAIN,2024-09-06,1992-11-17,,SSE_OFFICIAL_LISTING_REGISTER,AUTHENTIC_EXCHANGE_VERIFIED
600621.SH,华鑫股份,SSE_MAIN,2024-09-06,1992-12-02,,SSE_OFFICIAL_LISTING_REGISTER,AUTHENTIC_EXCHANGE_VERIFIED
600622.SH,光大嘉宝,SSE_MAIN,2024-09-06,1992-12-03,,SSE_OFFICIAL_LISTING_REGISTER,AUTHENTIC_EXCHANGE_VERIFIED
600623.SH,华谊集团,SSE_MAIN,2024-09-06,1992-12-04,,SSE_OFFICIAL_LISTING_REGISTER,AUTHENTIC_EXCHANGE_VERIFIED
600624.SH,ST复华,SSE_MAIN,2024-09-05,1993-01-05,,SSE_OFFICIAL_LISTING_REGISTER,AUTHENTIC_EXCHANGE_VERIFIED
600626.SH,申达股份,SSE_MAIN,2024-09-06,1993-01-07,,SSE_OFFICIAL_LISTING_REGISTER,AUTHENTIC_EXCHANGE_VERIFIED
600628.SH,新世界,SSE_MAIN,2024-09-06,1993-01-19,,SSE_OFFICIAL_LISTING_REGISTER,AUTHENTIC_EXCHANGE_VERIFIED
600629.SH,华建集团,SSE_MAIN,2024-09-06,1993-02-09,,SSE_OFFICIAL_LISTING_REGISTER,AUTHENTIC_EXCHANGE_VERIFIED
600630.SH,龙头股份,SSE_MAIN,2024-09-06,1993-02-09,,SSE_OFFICIAL_LISTING_REGISTER,AUTHENTIC_EXCHANGE_VERIFIED
600633.SH,浙数文化,SSE_MAIN,2024-09-06,1993-03-04,,SSE_OFFICIAL_LISTING_REGISTER,AUTHENTIC_EXCHANGE_VERIFIED
600635.SH,大众公用,SSE_MAIN,2024-09-06,1993-03-04,,SSE_OFFICIAL_LISTING_REGISTER,AUTHENTIC_EXCHANGE_VERIFIED
600637.SH,东方明珠,SSE_MAIN,2024-09-06,1993-03-16,,SSE_OFFICIAL_LISTING_REGISTER,AUTHENTIC_EXCHANGE_VERIFIED
600638.SH,新黄浦,SSE_MAIN,2024-09-06,1993-03-26,,SSE_OFFICIAL_LISTING_REGISTER,AUTHENTIC_EXCHANGE_VERIFIED
600639.SH,浦东金桥,SSE_MAIN,2024-09-06,1993-03-26,,SSE_OFFICIAL_LISTING_REGISTER,AUTHENTIC_EXCHANGE_VERIFIED
600640.SH,国脉文化,SSE_MAIN,2024-09-06,1993-04-07,,SSE_OFFICIAL_LISTING_REGISTER,AUTHENTIC_EXCHANGE_VERIFIED
600641.SH,先导基电,SSE_MAIN,2024-09-06,1993-04-07,,SSE_OFFICIAL_LISTING_REGISTER,AUTHENTIC_EXCHANGE_VERIFIED
600642.SH,申能股份,SSE_MAIN,2024-09-06,1993-04-16,,SSE_OFFICIAL_LISTING_REGISTER,AUTHENTIC_EXCHANGE_VERIFIED
600643.SH,爱建集团,SSE_MAIN,2024-09-06,1993-04-26,,SSE_OFFICIAL_LISTING_REGISTER,AUTHENTIC_EXCHANGE_VERIFIED
600644.SH,乐山电力,SSE_MAIN,2024-09-06,1993-04-26,,SSE_OFFICIAL_LISTING_REGISTER,AUTHENTIC_EXCHANGE_VERIFIED
600645.SH,中源协和,SSE_MAIN,2024-09-06,1993-05-04,,SSE_OFFICIAL_LISTING_REGISTER,AUTHENTIC_EXCHANGE_VERIFIED
600648.SH,外高桥,SSE_MAIN,2024-09-06,1993-05-04,,SSE_OFFICIAL_LISTING_REGISTER,AUTHENTIC_EXCHANGE_VERIFIED
600649.SH,城投控股,SSE_MAIN,2024-09-06,1993-05-18,,SSE_OFFICIAL_LISTING_REGISTER,AUTHENTIC_EXCHANGE_VERIFIED
600650.SH,锦江在线,SSE_MAIN,2024-09-06,1993-06-07,,SSE_OFFICIAL_LISTING_REGISTER,AUTHENTIC_EXCHANGE_VERIFIED
600651.SH,飞乐音响,SSE_MAIN,2024-09-06,1990-12-19,,SSE_OFFICIAL_LISTING_REGISTER,AUTHENTIC_EXCHANGE_VERIFIED
600653.SH,申华控股,SSE_MAIN,2024-09-06,1990-12-19,,SSE_OFFICIAL_LISTING_REGISTER,AUTHENTIC_EXCHANGE_VERIFIED
600654.SH,中安科,SSE_MAIN,2024-09-06,1990-12-19,,SSE_OFFICIAL_LISTING_REGISTER,AUTHENTIC_EXCHANGE_VERIFIED
600655.SH,豫园股份,SSE_MAIN,2024-09-06,1992-09-02,,SSE_OFFICIAL_LISTING_REGISTER,AUTHENTIC_EXCHANGE_VERIFIED
600657.SH,信达地产,SSE_MAIN,2024-09-06,1993-05-24,,SSE_OFFICIAL_LISTING_REGISTER,AUTHENTIC_EXCHANGE_VERIFIED
600658.SH,电子城,SSE_MAIN,2024-09-06,1993-05-24,,SSE_OFFICIAL_LISTING_REGISTER,AUTHENTIC_EXCHANGE_VERIFIED
600660.SH,福耀玻璃,SSE_MAIN,2024-09-06,1993-06-10,,SSE_OFFICIAL_LISTING_REGISTER,AUTHENTIC_EXCHANGE_VERIFIED
600661.SH,昂立教育,SSE_MAIN,2024-09-06,1993-06-14,,SSE_OFFICIAL_LISTING_REGISTER,AUTHENTIC_EXCHANGE_VERIFIED
600662.SH,外服控股,SSE_MAIN,2024-09-06,1993-06-14,,SSE_OFFICIAL_LISTING_REGISTER,AUTHENTIC_EXCHANGE_VERIFIED
600663.SH,陆家嘴,SSE_MAIN,2024-09-06,1993-06-28,,SSE_OFFICIAL_LISTING_REGISTER,AUTHENTIC_EXCHANGE_VERIFIED
600664.SH,哈药股份,SSE_MAIN,2024-09-06,1993-06-29,,SSE_OFFICIAL_LISTING_REGISTER,AUTHENTIC_EXCHANGE_VERIFIED
600665.SH,天地源,SSE_MAIN,2024-09-06,1993-07-09,,SSE_OFFICIAL_LISTING_REGISTER,AUTHENTIC_EXCHANGE_VERIFIED
600666.SH,奥瑞德,SSE_MAIN,2024-09-06,1993-07-12,,SSE_OFFICIAL_LISTING_REGISTER,AUTHENTIC_EXCHANGE_VERIFIED
600667.SH,太极实业,SSE_MAIN,2024-09-06,1993-07-28,,SSE_OFFICIAL_LISTING_REGISTER,AUTHENTIC_EXCHANGE_VERIFIED
600668.SH,尖峰集团,SSE_MAIN,2024-09-06,1993-07-28,,SSE_OFFICIAL_LISTING_REGISTER,AUTHENTIC_EXCHANGE_VERIFIED
600670.SH,600670.SH,SSE_MAIN,2002-03-22,1993-08-09,2004-09-24,SSE_OFFICIAL_DELISTED_REGISTER,AUTHENTIC_EXCHANGE_VERIFIED
600671.SH,天目药业,SSE_MAIN,2024-09-06,1993-08-23,,SSE_OFFICIAL_LISTING_REGISTER,AUTHENTIC_EXCHANGE_VERIFIED
600673.SH,东阳光,SSE_MAIN,2024-08-26,1993-09-17,,SSE_OFFICIAL_LISTING_REGISTER,AUTHENTIC_EXCHANGE_VERIFIED
600674.SH,川投能源,SSE_MAIN,2024-09-06,1993-09-24,,SSE_OFFICIAL_LISTING_REGISTER,AUTHENTIC_EXCHANGE_VERIFIED
600675.SH,中华企业,SSE_MAIN,2024-09-06,1993-09-24,,SSE_OFFICIAL_LISTING_REGISTER,AUTHENTIC_EXCHANGE_VERIFIED
600676.SH,久事动娱,SSE_MAIN,2024-09-06,1993-09-28,,SSE_OFFICIAL_LISTING_REGISTER,AUTHENTIC_EXCHANGE_VERIFIED
600678.SH,ST金顶,SSE_MAIN,2024-09-05,1993-10-08,,SSE_OFFICIAL_LISTING_REGISTER,AUTHENTIC_EXCHANGE_VERIFIED
600679.SH,上海凤凰,SSE_MAIN,2024-09-06,1993-10-08,,SSE_OFFICIAL_LISTING_REGISTER,AUTHENTIC_EXCHANGE_VERIFIED
600680.SH,600680.SH,SSE_MAIN,2016-04-06,1993-10-18,2019-05-24,SSE_OFFICIAL_DELISTED_REGISTER,AUTHENTIC_EXCHANGE_VERIFIED
600681.SH,百川能源,SSE_MAIN,2024-09-06,1993-10-18,,SSE_OFFICIAL_LISTING_REGISTER,AUTHENTIC_EXCHANGE_VERIFIED
600682.SH,南京新百,SSE_MAIN,2024-09-06,1993-10-18,,SSE_OFFICIAL_LISTING_REGISTER,AUTHENTIC_EXCHANGE_VERIFIED
600683.SH,京投发展,SSE_MAIN,2024-09-06,1993-10-25,,SSE_OFFICIAL_LISTING_REGISTER,AUTHENTIC_EXCHANGE_VERIFIED
600684.SH,珠江股份,SSE_MAIN,2024-09-06,1993-10-28,,SSE_OFFICIAL_LISTING_REGISTER,AUTHENTIC_EXCHANGE_VERIFIED
600685.SH,中船防务,SSE_MAIN,2024-09-06,1993-10-28,,SSE_OFFICIAL_LISTING_REGISTER,AUTHENTIC_EXCHANGE_VERIFIED
600686.SH,金龙汽车,SSE_MAIN,2024-09-06,1993-11-08,,SSE_OFFICIAL_LISTING_REGISTER,AUTHENTIC_EXCHANGE_VERIFIED
600687.SH,600687.SH,SSE_MAIN,2019-01-10,1993-11-08,2021-03-04,SSE_OFFICIAL_DELISTED_REGISTER,AUTHENTIC_EXCHANGE_VERIFIED
600688.SH,上海石化,SSE_MAIN,2024-09-06,1993-11-08,,SSE_OFFICIAL_LISTING_REGISTER,AUTHENTIC_EXCHANGE_VERIFIED
600689.SH,上海三毛,SSE_MAIN,2024-09-06,1993-11-08,,SSE_OFFICIAL_LISTING_REGISTER,AUTHENTIC_EXCHANGE_VERIFIED
600690.SH,海尔智家,SSE_MAIN,2023-01-13,1993-11-19,,SSE_OFFICIAL_LISTING_REGISTER,AUTHENTIC_EXCHANGE_VERIFIED
600691.SH,潞化科技,SSE_MAIN,2024-09-06,1993-11-19,,SSE_OFFICIAL_LISTING_REGISTER,AUTHENTIC_EXCHANGE_VERIFIED
600692.SH,亚通股份,SSE_MAIN,2024-09-06,1993-11-19,,SSE_OFFICIAL_LISTING_REGISTER,AUTHENTIC_EXCHANGE_VERIFIED
600693.SH,东百集团,SSE_MAIN,2024-09-06,1993-11-22,,SSE_OFFICIAL_LISTING_REGISTER,AUTHENTIC_EXCHANGE_VERIFIED
600694.SH,大商股份,SSE_MAIN,2024-09-06,1993-11-22,,SSE_OFFICIAL_LISTING_REGISTER,AUTHENTIC_EXCHANGE_VERIFIED
600697.SH,欧亚集团,SSE_MAIN,2024-09-06,1993-12-06,,SSE_OFFICIAL_LISTING_REGISTER,AUTHENTIC_EXCHANGE_VERIFIED
600698.SH,湖南天雁,SSE_MAIN,2024-09-06,1993-12-06,,SSE_OFFICIAL_LISTING_REGISTER,AUTHENTIC_EXCHANGE_VERIFIED
600699.SH,均胜电子,SSE_MAIN,2024-09-06,1993-12-06,,SSE_OFFICIAL_LISTING_REGISTER,AUTHENTIC_EXCHANGE_VERIFIED
600700.SH,600700.SH,SSE_MAIN,2003-03-20,1996-04-30,2005-09-20,SSE_OFFICIAL_DELISTED_REGISTER,AUTHENTIC_EXCHANGE_VERIFIED
600702.SH,舍得酒业,SSE_MAIN,2024-09-06,1996-05-24,,SSE_OFFICIAL_LISTING_REGISTER,AUTHENTIC_EXCHANGE_VERIFIED
600703.SH,三安光电,SSE_MAIN,2024-09-06,1996-05-28,,SSE_OFFICIAL_LISTING_REGISTER,AUTHENTIC_EXCHANGE_VERIFIED
600704.SH,物产中大,SSE_MAIN,2024-09-06,1996-06-06,,SSE_OFFICIAL_LISTING_REGISTER,AUTHENTIC_EXCHANGE_VERIFIED
600706.SH,曲江文旅,SSE_MAIN,2024-09-06,1996-05-16,,SSE_OFFICIAL_LISTING_REGISTER,AUTHENTIC_EXCHANGE_VERIFIED
600707.SH,彩虹股份,SSE_MAIN,2024-09-06,1996-05-20,,SSE_OFFICIAL_LISTING_REGISTER,AUTHENTIC_EXCHANGE_VERIFIED
600708.SH,光明地产,SSE_MAIN,2024-09-06,1996-06-06,,SSE_OFFICIAL_LISTING_REGISTER,AUTHENTIC_EXCHANGE_VERIFIED
600710.SH,苏美达,SSE_MAIN,2024-09-06,1996-07-01,,SSE_OFFICIAL_LISTING_REGISTER,AUTHENTIC_EXCHANGE_VERIFIED
600711.SH,盛屯矿业,SSE_MAIN,2024-09-05,1996-05-31,,SSE_OFFICIAL_LISTING_REGISTER,AUTHENTIC_EXCHANGE_VERIFIED
600712.SH,南宁百货,SSE_MAIN,2024-09-06,1996-06-26,,SSE_OFFICIAL_LISTING_REGISTER,AUTHENTIC_EXCHANGE_VERIFIED
600713.SH,南京医药,SSE_MAIN,2024-09-06,1996-07-01,,SSE_OFFICIAL_LISTING_REGISTER,AUTHENTIC_EXCHANGE_VERIFIED
600714.SH,金瑞矿业,SSE_MAIN,2024-09-06,1996-06-06,,SSE_OFFICIAL_LISTING_REGISTER,AUTHENTIC_EXCHANGE_VERIFIED
600715.SH,文投控股,SSE_MAIN,2024-09-04,1996-07-01,,SSE_OFFICIAL_LISTING_REGISTER,AUTHENTIC_EXCHANGE_VERIFIED
600716.SH,凤凰股份,SSE_MAIN,2024-09-06,1996-07-02,,SSE_OFFICIAL_LISTING_REGISTER,AUTHENTIC_EXCHANGE_VERIFIED
600717.SH,天津港,SSE_MAIN,2024-08-28,1996-06-14,,SSE_OFFICIAL_LISTING_REGISTER,AUTHENTIC_EXCHANGE_VERIFIED
600718.SH,东软集团,SSE_MAIN,2024-09-06,1996-06-18,,SSE_OFFICIAL_LISTING_REGISTER,AUTHENTIC_EXCHANGE_VERIFIED
600719.SH,大连热电,SSE_MAIN,2024-09-06,1996-07-16,,SSE_OFFICIAL_LISTING_REGISTER,AUTHENTIC_EXCHANGE_VERIFIED
600720.SH,中交设计,SSE_MAIN,2024-09-06,1996-07-16,,SSE_OFFICIAL_LISTING_REGISTER,AUTHENTIC_EXCHANGE_VERIFIED
600721.SH,百花医药,SSE_MAIN,2024-09-06,1996-06-26,,SSE_OFFICIAL_LISTING_REGISTER,AUTHENTIC_EXCHANGE_VERIFIED
600722.SH,金牛化工,SSE_MAIN,2024-09-06,1996-06-26,,SSE_OFFICIAL_LISTING_REGISTER,AUTHENTIC_EXCHANGE_VERIFIED
600724.SH,宁波富达,SSE_MAIN,2024-09-06,1996-07-16,,SSE_OFFICIAL_LISTING_REGISTER,AUTHENTIC_EXCHANGE_VERIFIED
600725.SH,云维股份,SSE_MAIN,2024-08-23,1996-07-02,,SSE_OFFICIAL_LISTING_REGISTER,AUTHENTIC_EXCHANGE_VERIFIED
600726.SH,华电能源,SSE_MAIN,2024-09-06,1996-07-01,,SSE_OFFICIAL_LISTING_REGISTER,AUTHENTIC_EXCHANGE_VERIFIED
600727.SH,鲁北化工,SSE_MAIN,2024-09-06,1996-07-02,,SSE_OFFICIAL_LISTING_REGISTER,AUTHENTIC_EXCHANGE_VERIFIED
600728.SH,佳都科技,SSE_MAIN,2024-09-06,1996-07-16,,SSE_OFFICIAL_LISTING_REGISTER,AUTHENTIC_EXCHANGE_VERIFIED
600729.SH,重百集团,SSE_MAIN,2024-09-06,1996-07-02,,SSE_OFFICIAL_LISTING_REGISTER,AUTHENTIC_EXCHANGE_VERIFIED
600730.SH,*ST高科,SSE_MAIN,2024-08-29,1996-07-26,,SSE_OFFICIAL_LISTING_REGISTER,AUTHENTIC_EXCHANGE_VERIFIED
600731.SH,湖南海利,SSE_MAIN,2024-09-06,1996-08-02,,SSE_OFFICIAL_LISTING_REGISTER,AUTHENTIC_EXCHANGE_VERIFIED
600732.SH,爱旭股份,SSE_MAIN,2024-09-06,1996-08-16,,SSE_OFFICIAL_LISTING_REGISTER,AUTHENTIC_EXCHANGE_VERIFIED
600733.SH,北汽蓝谷,SSE_MAIN,2024-09-06,1996-08-16,,SSE_OFFICIAL_LISTING_REGISTER,AUTHENTIC_EXCHANGE_VERIFIED
600734.SH,*ST实达,SSE_MAIN,2024-09-05,1996-08-08,,SSE_OFFICIAL_LISTING_REGISTER,AUTHENTIC_EXCHANGE_VERIFIED
600735.SH,ST新华锦,SSE_MAIN,2024-09-06,1996-07-26,,SSE_OFFICIAL_LISTING_REGISTER,AUTHENTIC_EXCHANGE_VERIFIED
600736.SH,苏州高新,SSE_MAIN,2024-09-06,1996-08-15,,SSE_OFFICIAL_LISTING_REGISTER,AUTHENTIC_EXCHANGE_VERIFIED
600737.SH,中粮糖业,SSE_MAIN,2024-09-06,1996-07-31,,SSE_OFFICIAL_LISTING_REGISTER,AUTHENTIC_EXCHANGE_VERIFIED
600738.SH,丽尚国潮,SSE_MAIN,2024-09-06,1996-08-02,,SSE_OFFICIAL_LISTING_REGISTER,AUTHENTIC_EXCHANGE_VERIFIED
600739.SH,辽宁成大,SSE_MAIN,2024-09-06,1996-08-19,,SSE_OFFICIAL_LISTING_REGISTER,AUTHENTIC_EXCHANGE_VERIFIED
600740.SH,山西焦化,SSE_MAIN,2024-09-06,1996-08-08,,SSE_OFFICIAL_LISTING_REGISTER,AUTHENTIC_EXCHANGE_VERIFIED
600741.SH,华域汽车,SSE_MAIN,2024-09-06,1996-08-26,,SSE_OFFICIAL_LISTING_REGISTER,AUTHENTIC_EXCHANGE_VERIFIED
600742.SH,XD富维股,SSE_MAIN,2024-09-06,1996-08-26,,SSE_OFFICIAL_LISTING_REGISTER,AUTHENTIC_EXCHANGE_VERIFIED
600743.SH,华远控股,SSE_MAIN,2024-09-06,1996-09-09,,SSE_OFFICIAL_LISTING_REGISTER,AUTHENTIC_EXCHANGE_VERIFIED
600744.SH,华银电力,SSE_MAIN,2024-09-06,1996-09-05,,SSE_OFFICIAL_LISTING_REGISTER,AUTHENTIC_EXCHANGE_VERIFIED
600745.SH,*ST闻泰,SSE_MAIN,2024-09-03,1996-08-28,,SSE_OFFICIAL_LISTING_REGISTER,AUTHENTIC_EXCHANGE_VERIFIED
600746.SH,江苏索普,SSE_MAIN,2024-09-06,1996-09-18,,SSE_OFFICIAL_LISTING_REGISTER,AUTHENTIC_EXCHANGE_VERIFIED
600748.SH,上实发展,SSE_MAIN,2024-09-06,1996-09-25,,SSE_OFFICIAL_LISTING_REGISTER,AUTHENTIC_EXCHANGE_VERIFIED
600749.SH,西藏旅游,SSE_MAIN,2024-09-06,1996-10-15,,SSE_OFFICIAL_LISTING_REGISTER,AUTHENTIC_EXCHANGE_VERIFIED
600750.SH,华润江中,SSE_MAIN,2024-09-06,1996-09-23,,SSE_OFFICIAL_LISTING_REGISTER,AUTHENTIC_EXCHANGE_VERIFIED
600751.SH,海航科技,SSE_MAIN,2024-09-06,1996-09-09,,SSE_OFFICIAL_LISTING_REGISTER,AUTHENTIC_EXCHANGE_VERIFIED
600753.SH,ST海钦,SSE_MAIN,2024-09-04,1996-09-27,,SSE_OFFICIAL_LISTING_REGISTER,AUTHENTIC_EXCHANGE_VERIFIED
600754.SH,锦江酒店,SSE_MAIN,2024-09-06,1996-10-11,,SSE_OFFICIAL_LISTING_REGISTER,AUTHENTIC_EXCHANGE_VERIFIED
600755.SH,厦门国贸,SSE_MAIN,2024-09-06,1996-10-03,,SSE_OFFICIAL_LISTING_REGISTER,AUTHENTIC_EXCHANGE_VERIFIED
600756.SH,浪潮软件,SSE_MAIN,2024-09-06,1996-09-23,,SSE_OFFICIAL_LISTING_REGISTER,AUTHENTIC_EXCHANGE_VERIFIED
600757.SH,长江传媒,SSE_MAIN,2024-09-06,1996-10-03,,SSE_OFFICIAL_LISTING_REGISTER,AUTHENTIC_EXCHANGE_VERIFIED
600758.SH,辽宁能源,SSE_MAIN,2024-09-06,1996-10-29,,SSE_OFFICIAL_LISTING_REGISTER,AUTHENTIC_EXCHANGE_VERIFIED
600759.SH,ST洲际,SSE_MAIN,2024-09-05,1996-10-08,,SSE_OFFICIAL_LISTING_REGISTER,AUTHENTIC_EXCHANGE_VERIFIED
600760.SH,中航沈飞,SSE_MAIN,2024-09-06,1996-10-11,,SSE_OFFICIAL_LISTING_REGISTER,AUTHENTIC_EXCHANGE_VERIFIED
600761.SH,安徽合力,SSE_MAIN,2024-09-06,1996-10-09,,SSE_OFFICIAL_LISTING_REGISTER,AUTHENTIC_EXCHANGE_VERIFIED
600763.SH,通策医疗,SSE_MAIN,2024-09-06,1996-10-30,,SSE_OFFICIAL_LISTING_REGISTER,AUTHENTIC_EXCHANGE_VERIFIED
600764.SH,中国海防,SSE_MAIN,2024-09-06,1996-11-04,,SSE_OFFICIAL_LISTING_REGISTER,AUTHENTIC_EXCHANGE_VERIFIED
600765.SH,中航重机,SSE_MAIN,2024-09-06,1996-11-06,,SSE_OFFICIAL_LISTING_REGISTER,AUTHENTIC_EXCHANGE_VERIFIED
600768.SH,富邦新材,SSE_MAIN,2024-09-06,1996-11-11,,SSE_OFFICIAL_LISTING_REGISTER,AUTHENTIC_EXCHANGE_VERIFIED
600769.SH,祥龙电业,SSE_MAIN,2024-09-06,1996-11-01,,SSE_OFFICIAL_LISTING_REGISTER,AUTHENTIC_EXCHANGE_VERIFIED
600770.SH,综艺股份,SSE_MAIN,2024-09-06,1996-11-20,,SSE_OFFICIAL_LISTING_REGISTER,AUTHENTIC_EXCHANGE_VERIFIED
600771.SH,广誉远,SSE_MAIN,2024-09-06,1996-11-05,,SSE_OFFICIAL_LISTING_REGISTER,AUTHENTIC_EXCHANGE_VERIFIED
600773.SH,西藏城投,SSE_MAIN,2024-09-06,1996-11-08,,SSE_OFFICIAL_LISTING_REGISTER,AUTHENTIC_EXCHANGE_VERIFIED
600774.SH,汉商集团,SSE_MAIN,2024-09-06,1996-11-08,,SSE_OFFICIAL_LISTING_REGISTER,AUTHENTIC_EXCHANGE_VERIFIED
600775.SH,南京熊猫,SSE_MAIN,2024-09-06,1996-11-18,,SSE_OFFICIAL_LISTING_REGISTER,AUTHENTIC_EXCHANGE_VERIFIED
600776.SH,东方通信,SSE_MAIN,2024-09-06,1996-11-26,,SSE_OFFICIAL_LISTING_REGISTER,AUTHENTIC_EXCHANGE_VERIFIED
600777.SH,XD新潮能,SSE_MAIN,2024-07-02,1996-11-21,,SSE_OFFICIAL_LISTING_REGISTER,AUTHENTIC_EXCHANGE_VERIFIED
600778.SH,友好集团,SSE_MAIN,2024-09-06,1996-12-03,,SSE_OFFICIAL_LISTING_REGISTER,AUTHENTIC_EXCHANGE_VERIFIED
600779.SH,水井坊,SSE_MAIN,2024-09-06,1996-12-06,,SSE_OFFICIAL_LISTING_REGISTER,AUTHENTIC_EXCHANGE_VERIFIED
600780.SH,通宝能源,SSE_MAIN,2024-09-06,1996-12-05,,SSE_OFFICIAL_LISTING_REGISTER,AUTHENTIC_EXCHANGE_VERIFIED
600782.SH,新钢股份,SSE_MAIN,2024-09-06,1996-12-25,,SSE_OFFICIAL_LISTING_REGISTER,AUTHENTIC_EXCHANGE_VERIFIED
600783.SH,鲁信创投,SSE_MAIN,2024-09-06,1996-12-25,,SSE_OFFICIAL_LISTING_REGISTER,AUTHENTIC_EXCHANGE_VERIFIED
600784.SH,鲁银投资,SSE_MAIN,2024-09-06,1996-12-25,,SSE_OFFICIAL_LISTING_REGISTER,AUTHENTIC_EXCHANGE_VERIFIED
600785.SH,新华百货,SSE_MAIN,2024-09-06,1997-01-08,,SSE_OFFICIAL_LISTING_REGISTER,AUTHENTIC_EXCHANGE_VERIFIED
600787.SH,中储股份,SSE_MAIN,2024-09-06,1997-01-21,,SSE_OFFICIAL_LISTING_REGISTER,AUTHENTIC_EXCHANGE_VERIFIED
600789.SH,鲁抗医药,SSE_MAIN,2024-09-06,1997-02-26,,SSE_OFFICIAL_LISTING_REGISTER,AUTHENTIC_EXCHANGE_VERIFIED
600790.SH,轻纺城,SSE_MAIN,2024-09-06,1997-02-28,,SSE_OFFICIAL_LISTING_REGISTER,AUTHENTIC_EXCHANGE_VERIFIED
600791.SH,京能置业,SSE_MAIN,2024-09-06,1997-01-30,,SSE_OFFICIAL_LISTING_REGISTER,AUTHENTIC_EXCHANGE_VERIFIED
600792.SH,云煤能源,SSE_MAIN,2024-09-06,1997-01-23,,SSE_OFFICIAL_LISTING_REGISTER,AUTHENTIC_EXCHANGE_VERIFIED
600793.SH,宜宾纸业,SSE_MAIN,2024-09-06,1997-02-20,,SSE_OFFICIAL_LISTING_REGISTER,AUTHENTIC_EXCHANGE_VERIFIED
600794.SH,保税科技,SSE_MAIN,2024-09-06,1997-03-06,,SSE_OFFICIAL_LISTING_REGISTER,AUTHENTIC_EXCHANGE_VERIFIED
600795.SH,国电电力,SSE_MAIN,2024-09-06,1997-03-18,,SSE_OFFICIAL_LISTING_REGISTER,AUTHENTIC_EXCHANGE_VERIFIED
600796.SH,钱江生化,SSE_MAIN,2024-09-06,1997-04-08,,SSE_OFFICIAL_LISTING_REGISTER,AUTHENTIC_EXCHANGE_VERIFIED
600797.SH,浙大网新,SSE_MAIN,2024-09-06,1997-04-18,,SSE_OFFICIAL_LISTING_REGISTER,AUTHENTIC_EXCHANGE_VERIFIED
600798.SH,宁波海运,SSE_MAIN,2024-09-06,1997-04-23,,SSE_OFFICIAL_LISTING_REGISTER,AUTHENTIC_EXCHANGE_VERIFIED
600800.SH,渤海化学,SSE_MAIN,2024-08-23,1993-12-06,,SSE_OFFICIAL_LISTING_REGISTER,AUTHENTIC_EXCHANGE_VERIFIED
600801.SH,华新建材,SSE_MAIN,2024-09-06,1994-01-03,,SSE_OFFICIAL_LISTING_REGISTER,AUTHENTIC_EXCHANGE_VERIFIED
600802.SH,福建水泥,SSE_MAIN,2024-09-06,1994-01-03,,SSE_OFFICIAL_LISTING_REGISTER,AUTHENTIC_EXCHANGE_VERIFIED
600803.SH,新奥股份,SSE_MAIN,2024-09-06,1994-01-03,,SSE_OFFICIAL_LISTING_REGISTER,AUTHENTIC_EXCHANGE_VERIFIED
600805.SH,悦达投资,SSE_MAIN,2024-09-06,1994-01-03,,SSE_OFFICIAL_LISTING_REGISTER,AUTHENTIC_EXCHANGE_VERIFIED
600807.SH,济高发展,SSE_MAIN,2024-09-06,1994-01-03,,SSE_OFFICIAL_LISTING_REGISTER,AUTHENTIC_EXCHANGE_VERIFIED
600808.SH,马钢股份,SSE_MAIN,2024-09-06,1994-01-06,,SSE_OFFICIAL_LISTING_REGISTER,AUTHENTIC_EXCHANGE_VERIFIED
600809.SH,山西汾酒,SSE_MAIN,2023-01-13,1994-01-06,,SSE_OFFICIAL_LISTING_REGISTER,AUTHENTIC_EXCHANGE_VERIFIED
600810.SH,神马股份,SSE_MAIN,2024-09-06,1994-01-06,,SSE_OFFICIAL_LISTING_REGISTER,AUTHENTIC_EXCHANGE_VERIFIED
600811.SH,600811.SH,SSE_MAIN,2023-03-21,1994-01-06,2025-04-30,SSE_OFFICIAL_DELISTED_REGISTER,AUTHENTIC_EXCHANGE_VERIFIED
600812.SH,华北制药,SSE_MAIN,2024-09-06,1994-01-14,,SSE_OFFICIAL_LISTING_REGISTER,AUTHENTIC_EXCHANGE_VERIFIED
600814.SH,杭州解百,SSE_MAIN,2024-09-06,1994-01-14,,SSE_OFFICIAL_LISTING_REGISTER,AUTHENTIC_EXCHANGE_VERIFIED
600815.SH,厦工股份,SSE_MAIN,2024-09-06,1994-01-28,,SSE_OFFICIAL_LISTING_REGISTER,AUTHENTIC_EXCHANGE_VERIFIED
600816.SH,建元信托,SSE_MAIN,2024-09-06,1994-01-28,,SSE_OFFICIAL_LISTING_REGISTER,AUTHENTIC_EXCHANGE_VERIFIED
600817.SH,宇通重工,SSE_MAIN,2024-09-06,1994-01-28,,SSE_OFFICIAL_LISTING_REGISTER,AUTHENTIC_EXCHANGE_VERIFIED
600818.SH,ST中路,SSE_MAIN,2024-09-05,1994-01-28,,SSE_OFFICIAL_LISTING_REGISTER,AUTHENTIC_EXCHANGE_VERIFIED
600819.SH,耀皮玻璃,SSE_MAIN,2024-09-06,1994-01-28,,SSE_OFFICIAL_LISTING_REGISTER,AUTHENTIC_EXCHANGE_VERIFIED
600820.SH,隧道股份,SSE_MAIN,2024-09-06,1994-01-28,,SSE_OFFICIAL_LISTING_REGISTER,AUTHENTIC_EXCHANGE_VERIFIED
600821.SH,金开新能,SSE_MAIN,2024-09-06,1994-01-28,,SSE_OFFICIAL_LISTING_REGISTER,AUTHENTIC_EXCHANGE_VERIFIED
600822.SH,上海物贸,SSE_MAIN,2024-09-06,1994-02-04,,SSE_OFFICIAL_LISTING_REGISTER,AUTHENTIC_EXCHANGE_VERIFIED
600824.SH,益民集团,SSE_MAIN,2024-09-06,1994-02-04,,SSE_OFFICIAL_LISTING_REGISTER,AUTHENTIC_EXCHANGE_VERIFIED
600825.SH,新华传媒,SSE_MAIN,2024-08-23,1994-02-04,,SSE_OFFICIAL_LISTING_REGISTER,AUTHENTIC_EXCHANGE_VERIFIED
600826.SH,兰生股份,SSE_MAIN,2024-09-06,1994-02-04,,SSE_OFFICIAL_LISTING_REGISTER,AUTHENTIC_EXCHANGE_VERIFIED
600827.SH,百联股份,SSE_MAIN,2024-09-06,1994-02-04,,SSE_OFFICIAL_LISTING_REGISTER,AUTHENTIC_EXCHANGE_VERIFIED
600828.SH,茂业商业,SSE_MAIN,2024-09-06,1994-02-24,,SSE_OFFICIAL_LISTING_REGISTER,AUTHENTIC_EXCHANGE_VERIFIED
600829.SH,人民同泰,SSE_MAIN,2024-09-06,1994-02-24,,SSE_OFFICIAL_LISTING_REGISTER,AUTHENTIC_EXCHANGE_VERIFIED
600830.SH,香溢融通,SSE_MAIN,2024-09-06,1994-02-24,,SSE_OFFICIAL_LISTING_REGISTER,AUTHENTIC_EXCHANGE_VERIFIED
600831.SH,广电网络,SSE_MAIN,2024-09-06,1994-02-24,,SSE_OFFICIAL_LISTING_REGISTER,AUTHENTIC_EXCHANGE_VERIFIED
600833.SH,第一医药,SSE_MAIN,2024-09-06,1994-02-24,,SSE_OFFICIAL_LISTING_REGISTER,AUTHENTIC_EXCHANGE_VERIFIED
600834.SH,XD申通地,SSE_MAIN,2024-09-06,1994-02-24,,SSE_OFFICIAL_LISTING_REGISTER,AUTHENTIC_EXCHANGE_VERIFIED
600835.SH,上海机电,SSE_MAIN,2024-09-06,1994-02-24,,SSE_OFFICIAL_LISTING_REGISTER,AUTHENTIC_EXCHANGE_VERIFIED
600836.SH,600836.SH,SSE_MAIN,2022-05-25,1994-02-24,2024-07-11,SSE_OFFICIAL_DELISTED_REGISTER,AUTHENTIC_EXCHANGE_VERIFIED
600837.SH,600837.SH,SSE_MAIN,2022-12-13,1994-02-24,2025-03-04,SSE_OFFICIAL_DELISTED_REGISTER,AUTHENTIC_EXCHANGE_VERIFIED
600838.SH,上海九百,SSE_MAIN,2024-09-06,1994-02-24,,SSE_OFFICIAL_LISTING_REGISTER,AUTHENTIC_EXCHANGE_VERIFIED
600839.SH,四川长虹,SSE_MAIN,2024-09-06,1994-03-11,,SSE_OFFICIAL_LISTING_REGISTER,AUTHENTIC_EXCHANGE_VERIFIED
600840.SH,600840.SH,SSE_MAIN,2007-01-22,1994-03-11,2009-08-27,SSE_OFFICIAL_DELISTED_REGISTER,AUTHENTIC_EXCHANGE_VERIFIED
600841.SH,动力新科,SSE_MAIN,2024-09-06,1994-03-11,,SSE_OFFICIAL_LISTING_REGISTER,AUTHENTIC_EXCHANGE_VERIFIED
600843.SH,上工申贝,SSE_MAIN,2024-09-06,1994-03-11,,SSE_OFFICIAL_LISTING_REGISTER,AUTHENTIC_EXCHANGE_VERIFIED
600844.SH,金煤科技,SSE_MAIN,2024-09-06,1994-03-11,,SSE_OFFICIAL_LISTING_REGISTER,AUTHENTIC_EXCHANGE_VERIFIED
600845.SH,宝信软件,SSE_MAIN,2024-09-06,1994-03-11,,SSE_OFFICIAL_LISTING_REGISTER,AUTHENTIC_EXCHANGE_VERIFIED
600846.SH,同济科技,SSE_MAIN,2024-09-06,1994-03-11,,SSE_OFFICIAL_LISTING_REGISTER,AUTHENTIC_EXCHANGE_VERIFIED
600847.SH,万里股份,SSE_MAIN,2024-09-06,1994-03-24,,SSE_OFFICIAL_LISTING_REGISTER,AUTHENTIC_EXCHANGE_VERIFIED
600848.SH,上海临港,SSE_MAIN,2024-09-06,1994-03-24,,SSE_OFFICIAL_LISTING_REGISTER,AUTHENTIC_EXCHANGE_VERIFIED
600850.SH,电科数字,SSE_MAIN,2024-09-06,1994-03-24,,SSE_OFFICIAL_LISTING_REGISTER,AUTHENTIC_EXCHANGE_VERIFIED
600851.SH,海欣股份,SSE_MAIN,2024-09-06,1994-04-04,,SSE_OFFICIAL_LISTING_REGISTER,AUTHENTIC_EXCHANGE_VERIFIED
600853.SH,龙建股份,SSE_MAIN,2024-09-06,1994-04-04,,SSE_OFFICIAL_LISTING_REGISTER,AUTHENTIC_EXCHANGE_VERIFIED
600854.SH,春兰股份,SSE_MAIN,2024-09-06,1994-04-25,,SSE_OFFICIAL_LISTING_REGISTER,AUTHENTIC_EXCHANGE_VERIFIED
600855.SH,航天长峰,SSE_MAIN,2024-09-06,1994-04-25,,SSE_OFFICIAL_LISTING_REGISTER,AUTHENTIC_EXCHANGE_VERIFIED
600857.SH,宁波中百,SSE_MAIN,2024-09-06,1994-04-25,,SSE_OFFICIAL_LISTING_REGISTER,AUTHENTIC_EXCHANGE_VERIFIED
600858.SH,银座股份,SSE_MAIN,2024-09-06,1994-05-06,,SSE_OFFICIAL_LISTING_REGISTER,AUTHENTIC_EXCHANGE_VERIFIED
600859.SH,王府井,SSE_MAIN,2024-09-06,1994-05-06,,SSE_OFFICIAL_LISTING_REGISTER,AUTHENTIC_EXCHANGE_VERIFIED
600860.SH,京城股份,SSE_MAIN,2024-09-06,1994-05-06,,SSE_OFFICIAL_LISTING_REGISTER,AUTHENTIC_EXCHANGE_VERIFIED
600861.SH,北京人力,SSE_MAIN,2024-09-06,1994-05-20,,SSE_OFFICIAL_LISTING_REGISTER,AUTHENTIC_EXCHANGE_VERIFIED
600862.SH,中航高科,SSE_MAIN,2024-09-06,1994-05-20,,SSE_OFFICIAL_LISTING_REGISTER,AUTHENTIC_EXCHANGE_VERIFIED
600863.SH,华能蒙电,SSE_MAIN,2024-09-06,1994-05-20,,SSE_OFFICIAL_LISTING_REGISTER,AUTHENTIC_EXCHANGE_VERIFIED
600864.SH,哈投股份,SSE_MAIN,2024-09-06,1994-08-09,,SSE_OFFICIAL_LISTING_REGISTER,AUTHENTIC_EXCHANGE_VERIFIED
600865.SH,百大集团,SSE_MAIN,2024-09-06,1994-08-09,,SSE_OFFICIAL_LISTING_REGISTER,AUTHENTIC_EXCHANGE_VERIFIED
600866.SH,星湖科技,SSE_MAIN,2024-09-06,1994-08-18,,SSE_OFFICIAL_LISTING_REGISTER,AUTHENTIC_EXCHANGE_VERIFIED
600867.SH,通化东宝,SSE_MAIN,2024-09-06,1994-08-24,,SSE_OFFICIAL_LISTING_REGISTER,AUTHENTIC_EXCHANGE_VERIFIED
600868.SH,梅雁吉祥,SSE_MAIN,2024-09-06,1994-09-12,,SSE_OFFICIAL_LISTING_REGISTER,AUTHENTIC_EXCHANGE_VERIFIED
600869.SH,远东股份,SSE_MAIN,2024-09-06,1995-02-06,,SSE_OFFICIAL_LISTING_REGISTER,AUTHENTIC_EXCHANGE_VERIFIED
600870.SH,600870.SH,SSE_MAIN,2020-04-29,1995-02-28,2022-06-30,SSE_OFFICIAL_DELISTED_REGISTER,AUTHENTIC_EXCHANGE_VERIFIED
600871.SH,石化油服,SSE_MAIN,2024-09-06,1995-04-11,,SSE_OFFICIAL_LISTING_REGISTER,AUTHENTIC_EXCHANGE_VERIFIED
600872.SH,中炬高新,SSE_MAIN,2024-09-06,1995-01-24,,SSE_OFFICIAL_LISTING_REGISTER,AUTHENTIC_EXCHANGE_VERIFIED
600873.SH,梅花生物,SSE_MAIN,2024-09-06,1995-02-17,,SSE_OFFICIAL_LISTING_REGISTER,AUTHENTIC_EXCHANGE_VERIFIED
600874.SH,创业环保,SSE_MAIN,2024-09-06,1995-06-30,,SSE_OFFICIAL_LISTING_REGISTER,AUTHENTIC_EXCHANGE_VERIFIED
600875.SH,东方电气,SSE_MAIN,2024-09-06,1995-10-10,,SSE_OFFICIAL_LISTING_REGISTER,AUTHENTIC_EXCHANGE_VERIFIED
600876.SH,凯盛新能,SSE_MAIN,2024-09-06,1995-10-31,,SSE_OFFICIAL_LISTING_REGISTER,AUTHENTIC_EXCHANGE_VERIFIED
600877.SH,电科芯片,SSE_MAIN,2024-09-06,1995-10-13,,SSE_OFFICIAL_LISTING_REGISTER,AUTHENTIC_EXCHANGE_VERIFIED
600879.SH,航天电子,SSE_MAIN,2024-09-06,1995-11-15,,SSE_OFFICIAL_LISTING_REGISTER,AUTHENTIC_EXCHANGE_VERIFIED
600880.SH,博瑞传播,SSE_MAIN,2024-09-06,1995-11-15,,SSE_OFFICIAL_LISTING_REGISTER,AUTHENTIC_EXCHANGE_VERIFIED
600881.SH,亚泰集团,SSE_MAIN,2024-09-06,1995-11-15,,SSE_OFFICIAL_LISTING_REGISTER,AUTHENTIC_EXCHANGE_VERIFIED
600882.SH,妙可蓝多,SSE_MAIN,2024-09-06,1995-12-06,,SSE_OFFICIAL_LISTING_REGISTER,AUTHENTIC_EXCHANGE_VERIFIED
600883.SH,博闻科技,SSE_MAIN,2024-09-06,1995-12-08,,SSE_OFFICIAL_LISTING_REGISTER,AUTHENTIC_EXCHANGE_VERIFIED
600884.SH,杉杉股份,SSE_MAIN,2024-09-06,1996-01-30,,SSE_OFFICIAL_LISTING_REGISTER,AUTHENTIC_EXCHANGE_VERIFIED
600885.SH,宏发股份,SSE_MAIN,2024-09-06,1996-02-05,,SSE_OFFICIAL_LISTING_REGISTER,AUTHENTIC_EXCHANGE_VERIFIED
600886.SH,国投电力,SSE_MAIN,2024-09-06,1996-01-18,,SSE_OFFICIAL_LISTING_REGISTER,AUTHENTIC_EXCHANGE_VERIFIED
600887.SH,伊利股份,SSE_MAIN,2023-01-13,1996-03-12,,SSE_OFFICIAL_LISTING_REGISTER,AUTHENTIC_EXCHANGE_VERIFIED
600888.SH,新疆众和,SSE_MAIN,2024-09-06,1996-02-15,,SSE_OFFICIAL_LISTING_REGISTER,AUTHENTIC_EXCHANGE_VERIFIED
600889.SH,*ST京化,SSE_MAIN,2024-09-06,1996-03-08,,SSE_OFFICIAL_LISTING_REGISTER,AUTHENTIC_EXCHANGE_VERIFIED
600890.SH,600890.SH,SSE_MAIN,2020-04-28,1996-03-18,2022-06-21,SSE_OFFICIAL_DELISTED_REGISTER,AUTHENTIC_EXCHANGE_VERIFIED
600892.SH,大晟文化,SSE_MAIN,2024-09-06,1996-03-15,,SSE_OFFICIAL_LISTING_REGISTER,AUTHENTIC_EXCHANGE_VERIFIED
600893.SH,航发动力,SSE_MAIN,2024-09-06,1996-04-08,,SSE_OFFICIAL_LISTING_REGISTER,AUTHENTIC_EXCHANGE_VERIFIED
600894.SH,广日股份,SSE_MAIN,2024-09-06,1996-03-28,,SSE_OFFICIAL_LISTING_REGISTER,AUTHENTIC_EXCHANGE_VERIFIED
600895.SH,张江高科,SSE_MAIN,2024-09-06,1996-04-22,,SSE_OFFICIAL_LISTING_REGISTER,AUTHENTIC_EXCHANGE_VERIFIED
600897.SH,厦门空港,SSE_MAIN,2024-09-06,1996-05-31,,SSE_OFFICIAL_LISTING_REGISTER,AUTHENTIC_EXCHANGE_VERIFIED
600900.SH,长江电力,SSE_MAIN,2023-01-13,2003-11-18,,SSE_OFFICIAL_LISTING_REGISTER,AUTHENTIC_EXCHANGE_VERIFIED
600901.SH,江苏金租,SSE_MAIN,2024-09-06,2018-03-01,,SSE_OFFICIAL_LISTING_REGISTER,AUTHENTIC_EXCHANGE_VERIFIED
600903.SH,贵州燃气,SSE_MAIN,2024-09-06,2017-11-07,,SSE_OFFICIAL_LISTING_REGISTER,AUTHENTIC_EXCHANGE_VERIFIED
600905.SH,三峡能源,SSE_MAIN,2024-09-06,2021-06-10,,SSE_OFFICIAL_LISTING_REGISTER,AUTHENTIC_EXCHANGE_VERIFIED
600906.SH,财达证券,SSE_MAIN,2024-09-06,2021-05-07,,SSE_OFFICIAL_LISTING_REGISTER,AUTHENTIC_EXCHANGE_VERIFIED
600908.SH,无锡银行,SSE_MAIN,2024-09-06,2016-09-23,,SSE_OFFICIAL_LISTING_REGISTER,AUTHENTIC_EXCHANGE_VERIFIED
600909.SH,华安证券,SSE_MAIN,2024-09-06,2016-12-06,,SSE_OFFICIAL_LISTING_REGISTER,AUTHENTIC_EXCHANGE_VERIFIED
600916.SH,中国黄金,SSE_MAIN,2024-09-06,2021-02-05,,SSE_OFFICIAL_LISTING_REGISTER,AUTHENTIC_EXCHANGE_VERIFIED
600917.SH,重庆燃气,SSE_MAIN,2024-09-06,2014-09-30,,SSE_OFFICIAL_LISTING_REGISTER,AUTHENTIC_EXCHANGE_VERIFIED
600918.SH,中泰证券,SSE_MAIN,2024-09-06,2020-06-03,,SSE_OFFICIAL_LISTING_REGISTER,AUTHENTIC_EXCHANGE_VERIFIED
600919.SH,江苏银行,SSE_MAIN,2024-09-06,2016-08-02,,SSE_OFFICIAL_LISTING_REGISTER,AUTHENTIC_EXCHANGE_VERIFIED
600925.SH,苏能股份,SSE_MAIN,2024-09-06,2023-03-29,,SSE_OFFICIAL_LISTING_REGISTER,AUTHENTIC_EXCHANGE_VERIFIED
600926.SH,杭州银行,SSE_MAIN,2024-09-06,2016-10-27,,SSE_OFFICIAL_LISTING_REGISTER,AUTHENTIC_EXCHANGE_VERIFIED
600927.SH,永安期货,SSE_MAIN,2024-09-06,2021-12-23,,SSE_OFFICIAL_LISTING_REGISTER,AUTHENTIC_EXCHANGE_VERIFIED
600928.SH,西安银行,SSE_MAIN,2024-09-06,2019-03-01,,SSE_OFFICIAL_LISTING_REGISTER,AUTHENTIC_EXCHANGE_VERIFIED
600929.SH,雪天盐业,SSE_MAIN,2024-09-06,2018-03-26,,SSE_OFFICIAL_LISTING_REGISTER,AUTHENTIC_EXCHANGE_VERIFIED
600930.SH,华电新能,SSE_MAIN,2025-07-16,2025-07-16,,SSE_OFFICIAL_LISTING_REGISTER,AUTHENTIC_EXCHANGE_VERIFIED
600933.SH,爱柯迪,SSE_MAIN,2024-08-27,2017-11-17,,SSE_OFFICIAL_LISTING_REGISTER,AUTHENTIC_EXCHANGE_VERIFIED
600935.SH,华塑股份,SSE_MAIN,2024-09-06,2021-11-26,,SSE_OFFICIAL_LISTING_REGISTER,AUTHENTIC_EXCHANGE_VERIFIED
600936.SH,北投科技,SSE_MAIN,2024-09-06,2016-08-15,,SSE_OFFICIAL_LISTING_REGISTER,AUTHENTIC_EXCHANGE_VERIFIED
600938.SH,中国海油,SSE_MAIN,2024-09-06,2022-04-21,,SSE_OFFICIAL_LISTING_REGISTER,AUTHENTIC_EXCHANGE_VERIFIED
600939.SH,重庆建工,SSE_MAIN,2024-09-06,2017-02-21,,SSE_OFFICIAL_LISTING_REGISTER,AUTHENTIC_EXCHANGE_VERIFIED
600941.SH,XD中国移,SSE_MAIN,2023-01-13,2022-01-05,,SSE_OFFICIAL_LISTING_REGISTER,AUTHENTIC_EXCHANGE_VERIFIED
600955.SH,维远股份,SSE_MAIN,2024-09-06,2021-09-15,,SSE_OFFICIAL_LISTING_REGISTER,AUTHENTIC_EXCHANGE_VERIFIED
600956.SH,新天绿能,SSE_MAIN,2024-09-06,2020-06-29,,SSE_OFFICIAL_LISTING_REGISTER,AUTHENTIC_EXCHANGE_VERIFIED
600958.SH,东方证券,SSE_MAIN,2024-08-23,2015-03-23,,SSE_OFFICIAL_LISTING_REGISTER,AUTHENTIC_EXCHANGE_VERIFIED
600959.SH,江苏有线,SSE_MAIN,2024-09-06,2015-04-28,,SSE_OFFICIAL_LISTING_REGISTER,AUTHENTIC_EXCHANGE_VERIFIED
600960.SH,渤海汽车,SSE_MAIN,2024-08-23,2004-04-07,,SSE_OFFICIAL_LISTING_REGISTER,AUTHENTIC_EXCHANGE_VERIFIED
600961.SH,株冶集团,SSE_MAIN,2024-09-06,2004-08-30,,SSE_OFFICIAL_LISTING_REGISTER,AUTHENTIC_EXCHANGE_VERIFIED
600962.SH,国投中鲁,SSE_MAIN,2024-09-06,2004-06-22,,SSE_OFFICIAL_LISTING_REGISTER,AUTHENTIC_EXCHANGE_VERIFIED
600963.SH,岳阳林纸,SSE_MAIN,2024-09-06,2004-05-25,,SSE_OFFICIAL_LISTING_REGISTER,AUTHENTIC_EXCHANGE_VERIFIED
600965.SH,*ST福成,SSE_MAIN,2024-09-06,2004-07-13,,SSE_OFFICIAL_LISTING_REGISTER,AUTHENTIC_EXCHANGE_VERIFIED
600966.SH,博汇纸业,SSE_MAIN,2024-09-06,2004-06-08,,SSE_OFFICIAL_LISTING_REGISTER,AUTHENTIC_EXCHANGE_VERIFIED
600967.SH,内蒙一机,SSE_MAIN,2024-09-06,2004-05-18,,SSE_OFFICIAL_LISTING_REGISTER,AUTHENTIC_EXCHANGE_VERIFIED
600968.SH,海油发展,SSE_MAIN,2024-09-06,2019-06-26,,SSE_OFFICIAL_LISTING_REGISTER,AUTHENTIC_EXCHANGE_VERIFIED
600969.SH,郴电国际,SSE_MAIN,2024-09-06,2004-04-08,,SSE_OFFICIAL_LISTING_REGISTER,AUTHENTIC_EXCHANGE_VERIFIED
600970.SH,中材国际,SSE_MAIN,2024-09-06,2005-04-12,,SSE_OFFICIAL_LISTING_REGISTER,AUTHENTIC_EXCHANGE_VERIFIED
600971.SH,恒源煤电,SSE_MAIN,2024-09-06,2004-08-17,,SSE_OFFICIAL_LISTING_REGISTER,AUTHENTIC_EXCHANGE_VERIFIED
600973.SH,宝胜股份,SSE_MAIN,2024-09-06,2004-08-02,,SSE_OFFICIAL_LISTING_REGISTER,AUTHENTIC_EXCHANGE_VERIFIED
600975.SH,新五丰,SSE_MAIN,2024-09-06,2004-06-09,,SSE_OFFICIAL_LISTING_REGISTER,AUTHENTIC_EXCHANGE_VERIFIED
600976.SH,健民集团,SSE_MAIN,2024-09-06,2004-04-19,,SSE_OFFICIAL_LISTING_REGISTER,AUTHENTIC_EXCHANGE_VERIFIED
600977.SH,中国电影,SSE_MAIN,2024-09-06,2016-08-09,,SSE_OFFICIAL_LISTING_REGISTER,AUTHENTIC_EXCHANGE_VERIFIED
600979.SH,广安爱众,SSE_MAIN,2024-09-06,2004-09-06,,SSE_OFFICIAL_LISTING_REGISTER,AUTHENTIC_EXCHANGE_VERIFIED
600980.SH,北矿科技,SSE_MAIN,2024-09-06,2004-05-12,,SSE_OFFICIAL_LISTING_REGISTER,AUTHENTIC_EXCHANGE_VERIFIED
600981.SH,苏豪汇鸿,SSE_MAIN,2024-09-06,2004-06-30,,SSE_OFFICIAL_LISTING_REGISTER,AUTHENTIC_EXCHANGE_VERIFIED
600982.SH,宁波能源,SSE_MAIN,2024-09-06,2004-07-06,,SSE_OFFICIAL_LISTING_REGISTER,AUTHENTIC_EXCHANGE_VERIFIED
600983.SH,惠而浦,SSE_MAIN,2024-09-06,2004-07-27,,SSE_OFFICIAL_LISTING_REGISTER,AUTHENTIC_EXCHANGE_VERIFIED
600984.SH,建设机械,SSE_MAIN,2024-09-06,2004-07-07,,SSE_OFFICIAL_LISTING_REGISTER,AUTHENTIC_EXCHANGE_VERIFIED
600985.SH,淮北矿业,SSE_MAIN,2024-09-06,2004-04-28,,SSE_OFFICIAL_LISTING_REGISTER,AUTHENTIC_EXCHANGE_VERIFIED
600986.SH,浙文互联,SSE_MAIN,2024-09-06,2004-04-26,,SSE_OFFICIAL_LISTING_REGISTER,AUTHENTIC_EXCHANGE_VERIFIED
600987.SH,航民股份,SSE_MAIN,2024-09-06,2004-08-09,,SSE_OFFICIAL_LISTING_REGISTER,AUTHENTIC_EXCHANGE_VERIFIED
600988.SH,赤峰黄金,SSE_MAIN,2024-09-06,2004-04-14,,SSE_OFFICIAL_LISTING_REGISTER,AUTHENTIC_EXCHANGE_VERIFIED
600989.SH,宝丰能源,SSE_MAIN,2024-09-06,2019-05-16,,SSE_OFFICIAL_LISTING_REGISTER,AUTHENTIC_EXCHANGE_VERIFIED
600990.SH,四创电子,SSE_MAIN,2024-09-06,2004-05-10,,SSE_OFFICIAL_LISTING_REGISTER,AUTHENTIC_EXCHANGE_VERIFIED
600992.SH,贵绳股份,SSE_MAIN,2024-09-06,2004-05-14,,SSE_OFFICIAL_LISTING_REGISTER,AUTHENTIC_EXCHANGE_VERIFIED
600993.SH,马应龙,SSE_MAIN,2024-09-06,2004-05-17,,SSE_OFFICIAL_LISTING_REGISTER,AUTHENTIC_EXCHANGE_VERIFIED
600995.SH,南网储能,SSE_MAIN,2024-09-06,2004-06-15,,SSE_OFFICIAL_LISTING_REGISTER,AUTHENTIC_EXCHANGE_VERIFIED
600996.SH,贵广网络,SSE_MAIN,2024-09-06,2016-12-26,,SSE_OFFICIAL_LISTING_REGISTER,AUTHENTIC_EXCHANGE_VERIFIED
600997.SH,开滦股份,SSE_MAIN,2024-09-06,2004-06-02,,SSE_OFFICIAL_LISTING_REGISTER,AUTHENTIC_EXCHANGE_VERIFIED
600998.SH,九州通,SSE_MAIN,2024-09-06,2010-11-02,,SSE_OFFICIAL_LISTING_REGISTER,AUTHENTIC_EXCHANGE_VERIFIED
600999.SH,招商证券,SSE_MAIN,2024-09-06,2009-11-17,,SSE_OFFICIAL_LISTING_REGISTER,AUTHENTIC_EXCHANGE_VERIFIED
601000.SH,唐山港,SSE_MAIN,2024-09-06,2010-07-05,,SSE_OFFICIAL_LISTING_REGISTER,AUTHENTIC_EXCHANGE_VERIFIED
601001.SH,晋控煤业,SSE_MAIN,2024-09-06,2006-06-23,,SSE_OFFICIAL_LISTING_REGISTER,AUTHENTIC_EXCHANGE_VERIFIED
601002.SH,晋亿实业,SSE_MAIN,2024-09-06,2007-01-26,,SSE_OFFICIAL_LISTING_REGISTER,AUTHENTIC_EXCHANGE_VERIFIED
601003.SH,柳钢股份,SSE_MAIN,2024-08-27,2007-02-27,,SSE_OFFICIAL_LISTING_REGISTER,AUTHENTIC_EXCHANGE_VERIFIED
601005.SH,重庆钢铁,SSE_MAIN,2024-09-06,2007-02-28,,SSE_OFFICIAL_LISTING_REGISTER,AUTHENTIC_EXCHANGE_VERIFIED
601006.SH,大秦铁路,SSE_MAIN,2024-09-06,2006-08-01,,SSE_OFFICIAL_LISTING_REGISTER,AUTHENTIC_EXCHANGE_VERIFIED
601007.SH,金陵饭店,SSE_MAIN,2024-09-06,2007-04-06,,SSE_OFFICIAL_LISTING_REGISTER,AUTHENTIC_EXCHANGE_VERIFIED
601008.SH,连云港,SSE_MAIN,2024-09-06,2007-04-26,,SSE_OFFICIAL_LISTING_REGISTER,AUTHENTIC_EXCHANGE_VERIFIED
601009.SH,南京银行,SSE_MAIN,2024-09-06,2007-07-19,,SSE_OFFICIAL_LISTING_REGISTER,AUTHENTIC_EXCHANGE_VERIFIED
601010.SH,ST文峰,SSE_MAIN,2024-09-03,2011-06-03,,SSE_OFFICIAL_LISTING_REGISTER,AUTHENTIC_EXCHANGE_VERIFIED
601011.SH,宝泰隆,SSE_MAIN,2024-09-06,2011-03-09,,SSE_OFFICIAL_LISTING_REGISTER,AUTHENTIC_EXCHANGE_VERIFIED
601012.SH,隆基绿能,SSE_MAIN,2023-01-13,2012-04-11,,SSE_OFFICIAL_LISTING_REGISTER,AUTHENTIC_EXCHANGE_VERIFIED
601015.SH,陕西黑猫,SSE_MAIN,2024-09-06,2014-11-05,,SSE_OFFICIAL_LISTING_REGISTER,AUTHENTIC_EXCHANGE_VERIFIED
601016.SH,节能风电,SSE_MAIN,2024-09-06,2014-09-29,,SSE_OFFICIAL_LISTING_REGISTER,AUTHENTIC_EXCHANGE_VERIFIED
601018.SH,宁波港,SSE_MAIN,2024-09-06,2010-09-28,,SSE_OFFICIAL_LISTING_REGISTER,AUTHENTIC_EXCHANGE_VERIFIED
601019.SH,山东出版,SSE_MAIN,2024-09-06,2017-11-22,,SSE_OFFICIAL_LISTING_REGISTER,AUTHENTIC_EXCHANGE_VERIFIED
601020.SH,华钰矿业,SSE_MAIN,2024-08-30,2016-03-16,,SSE_OFFICIAL_LISTING_REGISTER,AUTHENTIC_EXCHANGE_VERIFIED
601021.SH,春秋航空,SSE_MAIN,2024-09-06,2015-01-21,,SSE_OFFICIAL_LISTING_REGISTER,AUTHENTIC_EXCHANGE_VERIFIED
601022.SH,宁波远洋,SSE_MAIN,2024-09-06,2022-12-08,,SSE_OFFICIAL_LISTING_REGISTER,AUTHENTIC_EXCHANGE_VERIFIED
601026.SH,道生天合,SSE_MAIN,2024-09-06,2025-10-17,,SSE_OFFICIAL_LISTING_REGISTER,AUTHENTIC_EXCHANGE_VERIFIED
601033.SH,永兴股份,SSE_MAIN,2024-09-06,2024-01-18,,SSE_OFFICIAL_LISTING_REGISTER,AUTHENTIC_EXCHANGE_VERIFIED
601038.SH,一拖股份,SSE_MAIN,2024-09-06,2012-08-08,,SSE_OFFICIAL_LISTING_REGISTER,AUTHENTIC_EXCHANGE_VERIFIED
601058.SH,赛轮轮胎,SSE_MAIN,2024-09-06,2011-06-30,,SSE_OFFICIAL_LISTING_REGISTER,AUTHENTIC_EXCHANGE_VERIFIED
601059.SH,信达证券,SSE_MAIN,2024-09-06,2023-02-01,,SSE_OFFICIAL_LISTING_REGISTER,AUTHENTIC_EXCHANGE_VERIFIED
601061.SH,中信金属,SSE_MAIN,2024-09-06,2023-04-10,,SSE_OFFICIAL_LISTING_REGISTER,AUTHENTIC_EXCHANGE_VERIFIED
601065.SH,江盐集团,SSE_MAIN,2024-09-06,2023-04-10,,SSE_OFFICIAL_LISTING_REGISTER,AUTHENTIC_EXCHANGE_VERIFIED
601066.SH,中信建投,SSE_MAIN,2024-09-06,2018-06-20,,SSE_OFFICIAL_LISTING_REGISTER,AUTHENTIC_EXCHANGE_VERIFIED
601068.SH,中铝国际,SSE_MAIN,2024-09-06,2018-08-31,,SSE_OFFICIAL_LISTING_REGISTER,AUTHENTIC_EXCHANGE_VERIFIED
601069.SH,XD西部黄,SSE_MAIN,2024-09-06,2015-01-22,,SSE_OFFICIAL_LISTING_REGISTER,AUTHENTIC_EXCHANGE_VERIFIED
601077.SH,渝农商行,SSE_MAIN,2024-09-06,2019-10-29,,SSE_OFFICIAL_LISTING_REGISTER,AUTHENTIC_EXCHANGE_VERIFIED
601083.SH,锦江航运,SSE_MAIN,2024-09-06,2023-12-05,,SSE_OFFICIAL_LISTING_REGISTER,AUTHENTIC_EXCHANGE_VERIFIED
601086.SH,国芳集团,SSE_MAIN,2024-09-06,2017-09-29,,SSE_OFFICIAL_LISTING_REGISTER,AUTHENTIC_EXCHANGE_VERIFIED
601088.SH,中国神华,SSE_MAIN,2024-08-23,2007-10-09,,SSE_OFFICIAL_LISTING_REGISTER,AUTHENTIC_EXCHANGE_VERIFIED
601089.SH,福元医药,SSE_MAIN,2024-09-06,2022-06-30,,SSE_OFFICIAL_LISTING_REGISTER,AUTHENTIC_EXCHANGE_VERIFIED
601091.SH,沈鼓集团,SSE_MAIN,2024-09-06,2026-09-17,,SSE_OFFICIAL_LISTING_REGISTER,AUTHENTIC_EXCHANGE_VERIFIED
601096.SH,宏盛华源,SSE_MAIN,2024-09-06,2023-12-22,,SSE_OFFICIAL_LISTING_REGISTER,AUTHENTIC_EXCHANGE_VERIFIED
601098.SH,中南传媒,SSE_MAIN,2024-09-06,2010-10-28,,SSE_OFFICIAL_LISTING_REGISTER,AUTHENTIC_EXCHANGE_VERIFIED
601099.SH,太平洋,SSE_MAIN,2024-09-06,2007-12-28,,SSE_OFFICIAL_LISTING_REGISTER,AUTHENTIC_EXCHANGE_VERIFIED
601100.SH,恒立液压,SSE_MAIN,2024-09-06,2011-10-28,,SSE_OFFICIAL_LISTING_REGISTER,AUTHENTIC_EXCHANGE_VERIFIED
601101.SH,昊华能源,SSE_MAIN,2024-09-06,2010-03-31,,SSE_OFFICIAL_LISTING_REGISTER,AUTHENTIC_EXCHANGE_VERIFIED
601106.SH,中国一重,SSE_MAIN,2024-09-06,2010-02-09,,SSE_OFFICIAL_LISTING_REGISTER,AUTHENTIC_EXCHANGE_VERIFIED
601107.SH,四川成渝,SSE_MAIN,2024-09-06,2009-07-27,,SSE_OFFICIAL_LISTING_REGISTER,AUTHENTIC_EXCHANGE_VERIFIED
601108.SH,财通证券,SSE_MAIN,2024-09-06,2017-10-24,,SSE_OFFICIAL_LISTING_REGISTER,AUTHENTIC_EXCHANGE_VERIFIED
601111.SH,中国国航,SSE_MAIN,2024-09-06,2006-08-18,,SSE_OFFICIAL_LISTING_REGISTER,AUTHENTIC_EXCHANGE_VERIFIED
601112.SH,振石股份,SSE_MAIN,2026-01-29,2026-01-29,,SSE_OFFICIAL_LISTING_REGISTER,AUTHENTIC_EXCHANGE_VERIFIED
601113.SH,华鼎股份,SSE_MAIN,2024-09-06,2011-05-09,,SSE_OFFICIAL_LISTING_REGISTER,AUTHENTIC_EXCHANGE_VERIFIED
601116.SH,三江购物,SSE_MAIN,2024-09-06,2011-03-02,,SSE_OFFICIAL_LISTING_REGISTER,AUTHENTIC_EXCHANGE_VERIFIED
601117.SH,中国化学,SSE_MAIN,2024-09-06,2010-01-07,,SSE_OFFICIAL_LISTING_REGISTER,AUTHENTIC_EXCHANGE_VERIFIED
601118.SH,海南橡胶,SSE_MAIN,2024-09-06,2011-01-07,,SSE_OFFICIAL_LISTING_REGISTER,AUTHENTIC_EXCHANGE_VERIFIED
601121.SH,宝地矿业,SSE_MAIN,2024-09-02,2023-03-10,,SSE_OFFICIAL_LISTING_REGISTER,AUTHENTIC_EXCHANGE_VERIFIED
601123.SH,马矿股份,SSE_MAIN,2026-09-01,2026-09-01,,SSE_OFFICIAL_LISTING_REGISTER,AUTHENTIC_EXCHANGE_VERIFIED
601126.SH,四方股份,SSE_MAIN,2024-09-06,2010-12-31,,SSE_OFFICIAL_LISTING_REGISTER,AUTHENTIC_EXCHANGE_VERIFIED
601127.SH,赛力斯,SSE_MAIN,2024-09-06,2016-06-15,,SSE_OFFICIAL_LISTING_REGISTER,AUTHENTIC_EXCHANGE_VERIFIED
601128.SH,常熟银行,SSE_MAIN,2024-09-06,2016-09-30,,SSE_OFFICIAL_LISTING_REGISTER,AUTHENTIC_EXCHANGE_VERIFIED
601133.SH,柏诚股份,SSE_MAIN,2024-09-06,2023-04-10,,SSE_OFFICIAL_LISTING_REGISTER,AUTHENTIC_EXCHANGE_VERIFIED
601136.SH,首创证券,SSE_MAIN,2024-09-06,2022-12-22,,SSE_OFFICIAL_LISTING_REGISTER,AUTHENTIC_EXCHANGE_VERIFIED
601137.SH,博威合金,SSE_MAIN,2024-09-06,2011-01-27,,SSE_OFFICIAL_LISTING_REGISTER,AUTHENTIC_EXCHANGE_VERIFIED
601138.SH,工业富联,SSE_MAIN,2024-09-06,2018-06-08,,SSE_OFFICIAL_LISTING_REGISTER,AUTHENTIC_EXCHANGE_VERIFIED
601139.SH,深圳燃气,SSE_MAIN,2024-09-06,2009-12-25,,SSE_OFFICIAL_LISTING_REGISTER,AUTHENTIC_EXCHANGE_VERIFIED
601155.SH,新城控股,SSE_MAIN,2024-09-06,2015-12-04,,SSE_OFFICIAL_LISTING_REGISTER,AUTHENTIC_EXCHANGE_VERIFIED
601156.SH,东航物流,SSE_MAIN,2024-09-06,2021-06-09,,SSE_OFFICIAL_LISTING_REGISTER,AUTHENTIC_EXCHANGE_VERIFIED
601158.SH,重庆水务,SSE_MAIN,2024-09-06,2010-03-29,,SSE_OFFICIAL_LISTING_REGISTER,AUTHENTIC_EXCHANGE_VERIFIED
601162.SH,天风证券,SSE_MAIN,2024-09-06,2018-10-19,,SSE_OFFICIAL_LISTING_REGISTER,AUTHENTIC_EXCHANGE_VERIFIED
601163.SH,三角轮胎,SSE_MAIN,2024-09-06,2016-09-09,,SSE_OFFICIAL_LISTING_REGISTER,AUTHENTIC_EXCHANGE_VERIFIED
601166.SH,兴业银行,SSE_MAIN,2023-01-13,2007-02-05,,SSE_OFFICIAL_LISTING_REGISTER,AUTHENTIC_EXCHANGE_VERIFIED
601168.SH,西部矿业,SSE_MAIN,2024-09-06,2007-07-12,,SSE_OFFICIAL_LISTING_REGISTER,AUTHENTIC_EXCHANGE_VERIFIED
601169.SH,北京银行,SSE_MAIN,2024-09-06,2007-09-19,,SSE_OFFICIAL_LISTING_REGISTER,AUTHENTIC_EXCHANGE_VERIFIED
601177.SH,杭齿前进,SSE_MAIN,2024-09-06,2010-10-11,,SSE_OFFICIAL_LISTING_REGISTER,AUTHENTIC_EXCHANGE_VERIFIED
601179.SH,中国西电,SSE_MAIN,2024-09-06,2010-01-28,,SSE_OFFICIAL_LISTING_REGISTER,AUTHENTIC_EXCHANGE_VERIFIED
601186.SH,中国铁建,SSE_MAIN,2024-09-06,2008-03-10,,SSE_OFFICIAL_LISTING_REGISTER,AUTHENTIC_EXCHANGE_VERIFIED
601187.SH,厦门银行,SSE_MAIN,2024-09-06,2020-10-27,,SSE_OFFICIAL_LISTING_REGISTER,AUTHENTIC_EXCHANGE_VERIFIED
601188.SH,龙江交通,SSE_MAIN,2024-09-06,2010-03-19,,SSE_OFFICIAL_LISTING_REGISTER,AUTHENTIC_EXCHANGE_VERIFIED
601198.SH,东兴证券,SSE_MAIN,2024-07-25,2015-02-26,2026-09-14,SSE_OFFICIAL_LISTING_REGISTER,AUTHENTIC_EXCHANGE_VERIFIED
601199.SH,江南水务,SSE_MAIN,2024-09-06,2011-03-17,,SSE_OFFICIAL_LISTING_REGISTER,AUTHENTIC_EXCHANGE_VERIFIED
601200.SH,上海环境,SSE_MAIN,2024-09-06,2017-03-31,,SSE_OFFICIAL_LISTING_REGISTER,AUTHENTIC_EXCHANGE_VERIFIED
601208.SH,东材科技,SSE_MAIN,2024-09-06,2011-05-20,,SSE_OFFICIAL_LISTING_REGISTER,AUTHENTIC_EXCHANGE_VERIFIED
601211.SH,国泰海通,SSE_MAIN,2024-08-12,2015-06-26,,SSE_OFFICIAL_LISTING_REGISTER,AUTHENTIC_EXCHANGE_VERIFIED
601212.SH,白银有色,SSE_MAIN,2024-09-06,2017-02-15,,SSE_OFFICIAL_LISTING_REGISTER,AUTHENTIC_EXCHANGE_VERIFIED
601216.SH,君正集团,SSE_MAIN,2024-09-06,2011-02-22,,SSE_OFFICIAL_LISTING_REGISTER,AUTHENTIC_EXCHANGE_VERIFIED
601218.SH,吉鑫科技,SSE_MAIN,2024-09-06,2011-05-06,,SSE_OFFICIAL_LISTING_REGISTER,AUTHENTIC_EXCHANGE_VERIFIED
601222.SH,林洋能源,SSE_MAIN,2024-09-06,2011-08-08,,SSE_OFFICIAL_LISTING_REGISTER,AUTHENTIC_EXCHANGE_VERIFIED
601225.SH,陕西煤业,SSE_MAIN,2024-09-06,2014-01-28,,SSE_OFFICIAL_LISTING_REGISTER,AUTHENTIC_EXCHANGE_VERIFIED
601226.SH,华电科工,SSE_MAIN,2024-09-06,2014-12-11,,SSE_OFFICIAL_LISTING_REGISTER,AUTHENTIC_EXCHANGE_VERIFIED
601228.SH,广州港,SSE_MAIN,2024-09-06,2017-03-29,,SSE_OFFICIAL_LISTING_REGISTER,AUTHENTIC_EXCHANGE_VERIFIED
601229.SH,上海银行,SSE_MAIN,2024-09-06,2016-11-16,,SSE_OFFICIAL_LISTING_REGISTER,AUTHENTIC_EXCHANGE_VERIFIED
601231.SH,环旭电子,SSE_MAIN,2024-09-06,2012-02-20,,SSE_OFFICIAL_LISTING_REGISTER,AUTHENTIC_EXCHANGE_VERIFIED
601233.SH,桐昆股份,SSE_MAIN,2024-09-06,2011-05-18,,SSE_OFFICIAL_LISTING_REGISTER,AUTHENTIC_EXCHANGE_VERIFIED
601236.SH,红塔证券,SSE_MAIN,2024-09-06,2019-07-05,,SSE_OFFICIAL_LISTING_REGISTER,AUTHENTIC_EXCHANGE_VERIFIED
601238.SH,广汽集团,SSE_MAIN,2024-08-23,2012-03-29,,SSE_OFFICIAL_LISTING_REGISTER,AUTHENTIC_EXCHANGE_VERIFIED
601279.SH,英利汽车,SSE_MAIN,2024-09-06,2021-04-15,,SSE_OFFICIAL_LISTING_REGISTER,AUTHENTIC_EXCHANGE_VERIFIED
601288.SH,农业银行,SSE_MAIN,2024-09-06,2010-07-15,,SSE_OFFICIAL_LISTING_REGISTER,AUTHENTIC_EXCHANGE_VERIFIED
601298.SH,青岛港,SSE_MAIN,2024-09-06,2019-01-21,,SSE_OFFICIAL_LISTING_REGISTER,AUTHENTIC_EXCHANGE_VERIFIED
601311.SH,骆驼股份,SSE_MAIN,2024-09-06,2011-06-02,,SSE_OFFICIAL_LISTING_REGISTER,AUTHENTIC_EXCHANGE_VERIFIED
601318.SH,中国平安,SSE_MAIN,2023-01-13,2007-03-01,,SSE_OFFICIAL_LISTING_REGISTER,AUTHENTIC_EXCHANGE_VERIFIED
601319.SH,中国人保,SSE_MAIN,2024-09-06,2018-11-16,,SSE_OFFICIAL_LISTING_REGISTER,AUTHENTIC_EXCHANGE_VERIFIED
601326.SH,秦港股份,SSE_MAIN,2024-09-06,2017-08-16,,SSE_OFFICIAL_LISTING_REGISTER,AUTHENTIC_EXCHANGE_VERIFIED
601328.SH,交通银行,SSE_MAIN,2024-09-06,2007-05-15,,SSE_OFFICIAL_LISTING_REGISTER,AUTHENTIC_EXCHANGE_VERIFIED
601330.SH,绿色动力,SSE_MAIN,2024-09-06,2018-06-11,,SSE_OFFICIAL_LISTING_REGISTER,AUTHENTIC_EXCHANGE_VERIFIED
601333.SH,广深铁路,SSE_MAIN,2024-09-06,2006-12-22,,SSE_OFFICIAL_LISTING_REGISTER,AUTHENTIC_EXCHANGE_VERIFIED
601336.SH,新华保险,SSE_MAIN,2024-09-06,2011-12-16,,SSE_OFFICIAL_LISTING_REGISTER,AUTHENTIC_EXCHANGE_VERIFIED
601339.SH,百隆东方,SSE_MAIN,2024-09-06,2012-06-12,,SSE_OFFICIAL_LISTING_REGISTER,AUTHENTIC_EXCHANGE_VERIFIED
601360.SH,三六零,SSE_MAIN,2024-09-06,2012-01-16,,SSE_OFFICIAL_LISTING_REGISTER,AUTHENTIC_EXCHANGE_VERIFIED
601366.SH,利群股份,SSE_MAIN,2024-09-06,2017-04-12,,SSE_OFFICIAL_LISTING_REGISTER,AUTHENTIC_EXCHANGE_VERIFIED
601368.SH,绿城水务,SSE_MAIN,2024-09-06,2015-06-12,,SSE_OFFICIAL_LISTING_REGISTER,AUTHENTIC_EXCHANGE_VERIFIED
601369.SH,陕鼓动力,SSE_MAIN,2024-08-23,2010-04-28,,SSE_OFFICIAL_LISTING_REGISTER,AUTHENTIC_EXCHANGE_VERIFIED
601375.SH,中原证券,SSE_MAIN,2024-09-06,2017-01-03,,SSE_OFFICIAL_LISTING_REGISTER,AUTHENTIC_EXCHANGE_VERIFIED
601377.SH,兴业证券,SSE_MAIN,2024-09-06,2010-10-13,,SSE_OFFICIAL_LISTING_REGISTER,AUTHENTIC_EXCHANGE_VERIFIED
601388.SH,怡球资源,SSE_MAIN,2024-09-06,2012-04-23,,SSE_OFFICIAL_LISTING_REGISTER,AUTHENTIC_EXCHANGE_VERIFIED
601390.SH,中国中铁,SSE_MAIN,2024-09-06,2007-12-03,,SSE_OFFICIAL_LISTING_REGISTER,AUTHENTIC_EXCHANGE_VERIFIED
601398.SH,工商银行,SSE_MAIN,2024-09-06,2006-10-27,,SSE_OFFICIAL_LISTING_REGISTER,AUTHENTIC_EXCHANGE_VERIFIED
601399.SH,国机重装,SSE_MAIN,2024-09-06,2020-06-08,,SSE_OFFICIAL_LISTING_REGISTER,AUTHENTIC_EXCHANGE_VERIFIED
601456.SH,国联民生,SSE_MAIN,2024-09-06,2020-07-31,,SSE_OFFICIAL_LISTING_REGISTER,AUTHENTIC_EXCHANGE_VERIFIED
601500.SH,通用股份,SSE_MAIN,2024-09-02,2016-09-19,,SSE_OFFICIAL_LISTING_REGISTER,AUTHENTIC_EXCHANGE_VERIFIED
601512.SH,中新集团,SSE_MAIN,2024-09-06,2019-12-20,,SSE_OFFICIAL_LISTING_REGISTER,AUTHENTIC_EXCHANGE_VERIFIED
601515.SH,衢州东峰,SSE_MAIN,2024-09-04,2012-02-16,,SSE_OFFICIAL_LISTING_REGISTER,AUTHENTIC_EXCHANGE_VERIFIED
601518.SH,吉林高速,SSE_MAIN,2024-09-06,2010-03-19,,SSE_OFFICIAL_LISTING_REGISTER,AUTHENTIC_EXCHANGE_VERIFIED
601519.SH,大智慧,SSE_MAIN,2024-09-06,2011-01-28,,SSE_OFFICIAL_LISTING_REGISTER,AUTHENTIC_EXCHANGE_VERIFIED
601528.SH,瑞丰银行,SSE_MAIN,2024-09-06,2021-06-25,,SSE_OFFICIAL_LISTING_REGISTER,AUTHENTIC_EXCHANGE_VERIFIED
601555.SH,东吴证券,SSE_MAIN,2024-08-23,2011-12-12,,SSE_OFFICIAL_LISTING_REGISTER,AUTHENTIC_EXCHANGE_VERIFIED
601566.SH,九牧王,SSE_MAIN,2024-09-06,2011-05-30,,SSE_OFFICIAL_LISTING_REGISTER,AUTHENTIC_EXCHANGE_VERIFIED
601567.SH,三星电气,SSE_MAIN,2024-09-06,2011-06-15,,SSE_OFFICIAL_LISTING_REGISTER,AUTHENTIC_EXCHANGE_VERIFIED
601568.SH,北元化工,SSE_MAIN,2024-09-06,2020-10-20,,SSE_OFFICIAL_LISTING_REGISTER,AUTHENTIC_EXCHANGE_VERIFIED
601577.SH,XD长沙银,SSE_MAIN,2024-09-06,2018-09-26,,SSE_OFFICIAL_LISTING_REGISTER,AUTHENTIC_EXCHANGE_VERIFIED
601579.SH,会稽山,SSE_MAIN,2024-09-06,2014-08-25,,SSE_OFFICIAL_LISTING_REGISTER,AUTHENTIC_EXCHANGE_VERIFIED
601588.SH,北辰实业,SSE_MAIN,2024-09-06,2006-10-16,,SSE_OFFICIAL_LISTING_REGISTER,AUTHENTIC_EXCHANGE_VERIFIED
601595.SH,上海电影,SSE_MAIN,2024-09-06,2016-08-17,,SSE_OFFICIAL_LISTING_REGISTER,AUTHENTIC_EXCHANGE_VERIFIED
601598.SH,中国外运,SSE_MAIN,2024-09-06,2019-01-18,,SSE_OFFICIAL_LISTING_REGISTER,AUTHENTIC_EXCHANGE_VERIFIED
601599.SH,浙文影业,SSE_MAIN,2024-09-06,2011-05-27,,SSE_OFFICIAL_LISTING_REGISTER,AUTHENTIC_EXCHANGE_VERIFIED
601600.SH,中国铝业,SSE_MAIN,2024-09-06,2007-04-30,,SSE_OFFICIAL_LISTING_REGISTER,AUTHENTIC_EXCHANGE_VERIFIED
601601.SH,中国太保,SSE_MAIN,2024-09-06,2007-12-25,,SSE_OFFICIAL_LISTING_REGISTER,AUTHENTIC_EXCHANGE_VERIFIED
601606.SH,长城军工,SSE_MAIN,2024-09-06,2018-08-06,,SSE_OFFICIAL_LISTING_REGISTER,AUTHENTIC_EXCHANGE_VERIFIED
601607.SH,上海医药,SSE_MAIN,2024-09-06,1994-03-24,,SSE_OFFICIAL_LISTING_REGISTER,AUTHENTIC_EXCHANGE_VERIFIED
601608.SH,中信重工,SSE_MAIN,2024-09-06,2012-07-06,,SSE_OFFICIAL_LISTING_REGISTER,AUTHENTIC_EXCHANGE_VERIFIED
601609.SH,金田股份,SSE_MAIN,2024-09-06,2020-04-22,,SSE_OFFICIAL_LISTING_REGISTER,AUTHENTIC_EXCHANGE_VERIFIED
601611.SH,中国核建,SSE_MAIN,2024-09-06,2016-06-06,,SSE_OFFICIAL_LISTING_REGISTER,AUTHENTIC_EXCHANGE_VERIFIED
601615.SH,明阳智能,SSE_MAIN,2024-08-27,2019-01-23,,SSE_OFFICIAL_LISTING_REGISTER,AUTHENTIC_EXCHANGE_VERIFIED
601616.SH,广电电气,SSE_MAIN,2024-09-06,2011-02-01,,SSE_OFFICIAL_LISTING_REGISTER,AUTHENTIC_EXCHANGE_VERIFIED
601618.SH,中国中冶,SSE_MAIN,2024-09-06,2009-09-21,,SSE_OFFICIAL_LISTING_REGISTER,AUTHENTIC_EXCHANGE_VERIFIED
601619.SH,嘉泽新能,SSE_MAIN,2024-09-06,2017-07-20,,SSE_OFFICIAL_LISTING_REGISTER,AUTHENTIC_EXCHANGE_VERIFIED
601628.SH,中国人寿,SSE_MAIN,2023-01-13,2007-01-09,,SSE_OFFICIAL_LISTING_REGISTER,AUTHENTIC_EXCHANGE_VERIFIED
601633.SH,长城汽车,SSE_MAIN,2024-09-06,2011-09-28,,SSE_OFFICIAL_LISTING_REGISTER,AUTHENTIC_EXCHANGE_VERIFIED
601636.SH,旗滨集团,SSE_MAIN,2024-09-06,2011-08-12,,SSE_OFFICIAL_LISTING_REGISTER,AUTHENTIC_EXCHANGE_VERIFIED
601658.SH,邮储银行,SSE_MAIN,2024-09-06,2019-12-10,,SSE_OFFICIAL_LISTING_REGISTER,AUTHENTIC_EXCHANGE_VERIFIED
601665.SH,齐鲁银行,SSE_MAIN,2024-09-06,2021-06-18,,SSE_OFFICIAL_LISTING_REGISTER,AUTHENTIC_EXCHANGE_VERIFIED
601666.SH,平煤股份,SSE_MAIN,2024-09-06,2006-11-23,,SSE_OFFICIAL_LISTING_REGISTER,AUTHENTIC_EXCHANGE_VERIFIED
601668.SH,中国建筑,SSE_MAIN,2023-01-13,2009-07-29,,SSE_OFFICIAL_LISTING_REGISTER,AUTHENTIC_EXCHANGE_VERIFIED
601669.SH,中国电建,SSE_MAIN,2024-09-06,2011-10-18,,SSE_OFFICIAL_LISTING_REGISTER,AUTHENTIC_EXCHANGE_VERIFIED
601677.SH,明泰铝业,SSE_MAIN,2024-09-06,2011-09-19,,SSE_OFFICIAL_LISTING_REGISTER,AUTHENTIC_EXCHANGE_VERIFIED
601678.SH,滨化股份,SSE_MAIN,2024-09-06,2010-02-23,,SSE_OFFICIAL_LISTING_REGISTER,AUTHENTIC_EXCHANGE_VERIFIED
601686.SH,友发集团,SSE_MAIN,2024-09-06,2020-12-04,,SSE_OFFICIAL_LISTING_REGISTER,AUTHENTIC_EXCHANGE_VERIFIED
601688.SH,华泰证券,SSE_MAIN,2023-01-13,2010-02-26,,SSE_OFFICIAL_LISTING_REGISTER,AUTHENTIC_EXCHANGE_VERIFIED
601689.SH,拓普集团,SSE_MAIN,2024-09-06,2015-03-19,,SSE_OFFICIAL_LISTING_REGISTER,AUTHENTIC_EXCHANGE_VERIFIED
601696.SH,中银证券,SSE_MAIN,2024-09-06,2020-02-26,,SSE_OFFICIAL_LISTING_REGISTER,AUTHENTIC_EXCHANGE_VERIFIED
601698.SH,中国卫通,SSE_MAIN,2024-09-06,2019-06-28,,SSE_OFFICIAL_LISTING_REGISTER,AUTHENTIC_EXCHANGE_VERIFIED
601699.SH,潞安环能,SSE_MAIN,2024-09-06,2006-09-22,,SSE_OFFICIAL_LISTING_REGISTER,AUTHENTIC_EXCHANGE_VERIFIED
601700.SH,风范股份,SSE_MAIN,2024-09-06,2011-01-18,,SSE_OFFICIAL_LISTING_REGISTER,AUTHENTIC_EXCHANGE_VERIFIED
601702.SH,华峰铝业,SSE_MAIN,2024-09-06,2020-09-07,,SSE_OFFICIAL_LISTING_REGISTER,AUTHENTIC_EXCHANGE_VERIFIED
601717.SH,中创智领,SSE_MAIN,2024-09-06,2010-08-03,,SSE_OFFICIAL_LISTING_REGISTER,AUTHENTIC_EXCHANGE_VERIFIED
601718.SH,ST际华,SSE_MAIN,2024-09-06,2010-08-16,,SSE_OFFICIAL_LISTING_REGISTER,AUTHENTIC_EXCHANGE_VERIFIED
601727.SH,上海电气,SSE_MAIN,2024-09-06,2008-12-05,,SSE_OFFICIAL_LISTING_REGISTER,AUTHENTIC_EXCHANGE_VERIFIED
601728.SH,中国电信,SSE_MAIN,2024-09-06,2021-08-20,,SSE_OFFICIAL_LISTING_REGISTER,AUTHENTIC_EXCHANGE_VERIFIED
601766.SH,中国中车,SSE_MAIN,2024-09-06,2008-08-18,,SSE_OFFICIAL_LISTING_REGISTER,AUTHENTIC_EXCHANGE_VERIFIED
601777.SH,千里科技,SSE_MAIN,2024-09-06,2010-11-25,,SSE_OFFICIAL_LISTING_REGISTER,AUTHENTIC_EXCHANGE_VERIFIED
601778.SH,晶科科技,SSE_MAIN,2024-09-06,2020-05-19,,SSE_OFFICIAL_LISTING_REGISTER,AUTHENTIC_EXCHANGE_VERIFIED
601788.SH,光大证券,SSE_MAIN,2024-09-06,2009-08-18,,SSE_OFFICIAL_LISTING_REGISTER,AUTHENTIC_EXCHANGE_VERIFIED
601789.SH,宁波建工,SSE_MAIN,2024-09-06,2011-08-16,,SSE_OFFICIAL_LISTING_REGISTER,AUTHENTIC_EXCHANGE_VERIFIED
601798.SH,蓝科高新,SSE_MAIN,2024-09-06,2011-06-22,,SSE_OFFICIAL_LISTING_REGISTER,AUTHENTIC_EXCHANGE_VERIFIED
601799.SH,星宇股份,SSE_MAIN,2024-09-06,2011-02-01,,SSE_OFFICIAL_LISTING_REGISTER,AUTHENTIC_EXCHANGE_VERIFIED
601800.SH,中国交建,SSE_MAIN,2024-09-06,2012-03-09,,SSE_OFFICIAL_LISTING_REGISTER,AUTHENTIC_EXCHANGE_VERIFIED
601801.SH,皖新传媒,SSE_MAIN,2024-09-06,2010-01-18,,SSE_OFFICIAL_LISTING_REGISTER,AUTHENTIC_EXCHANGE_VERIFIED
601808.SH,中海油服,SSE_MAIN,2024-09-06,2007-09-28,,SSE_OFFICIAL_LISTING_REGISTER,AUTHENTIC_EXCHANGE_VERIFIED
601811.SH,新华文轩,SSE_MAIN,2024-09-06,2016-08-08,,SSE_OFFICIAL_LISTING_REGISTER,AUTHENTIC_EXCHANGE_VERIFIED
601816.SH,京沪高铁,SSE_MAIN,2024-09-06,2020-01-16,,SSE_OFFICIAL_LISTING_REGISTER,AUTHENTIC_EXCHANGE_VERIFIED
601818.SH,光大银行,SSE_MAIN,2024-09-06,2010-08-18,,SSE_OFFICIAL_LISTING_REGISTER,AUTHENTIC_EXCHANGE_VERIFIED
601825.SH,沪农商行,SSE_MAIN,2024-09-06,2021-08-19,,SSE_OFFICIAL_LISTING_REGISTER,AUTHENTIC_EXCHANGE_VERIFIED
601827.SH,三峰环境,SSE_MAIN,2024-09-06,2020-06-05,,SSE_OFFICIAL_LISTING_REGISTER,AUTHENTIC_EXCHANGE_VERIFIED
601828.SH,美凯龙,SSE_MAIN,2024-09-06,2018-01-17,,SSE_OFFICIAL_LISTING_REGISTER,AUTHENTIC_EXCHANGE_VERIFIED
601838.SH,成都银行,SSE_MAIN,2024-09-06,2018-01-31,,SSE_OFFICIAL_LISTING_REGISTER,AUTHENTIC_EXCHANGE_VERIFIED
601857.SH,中国石油,SSE_MAIN,2023-01-13,2007-11-05,,SSE_OFFICIAL_LISTING_REGISTER,AUTHENTIC_EXCHANGE_VERIFIED
601858.SH,中国科传,SSE_MAIN,2024-09-06,2017-01-18,,SSE_OFFICIAL_LISTING_REGISTER,AUTHENTIC_EXCHANGE_VERIFIED
601860.SH,紫金银行,SSE_MAIN,2024-09-06,2019-01-03,,SSE_OFFICIAL_LISTING_REGISTER,AUTHENTIC_EXCHANGE_VERIFIED
601865.SH,福莱特,SSE_MAIN,2024-09-06,2019-02-15,,SSE_OFFICIAL_LISTING_REGISTER,AUTHENTIC_EXCHANGE_VERIFIED
601866.SH,中远海发,SSE_MAIN,2024-09-06,2007-12-12,,SSE_OFFICIAL_LISTING_REGISTER,AUTHENTIC_EXCHANGE_VERIFIED
601868.SH,中国能建,SSE_MAIN,2024-09-06,2021-09-28,,SSE_OFFICIAL_LISTING_REGISTER,AUTHENTIC_EXCHANGE_VERIFIED
601869.SH,长飞光纤,SSE_MAIN,2024-09-06,2018-07-20,,SSE_OFFICIAL_LISTING_REGISTER,AUTHENTIC_EXCHANGE_VERIFIED
601872.SH,招商轮船,SSE_MAIN,2024-09-06,2006-12-01,,SSE_OFFICIAL_LISTING_REGISTER,AUTHENTIC_EXCHANGE_VERIFIED
601877.SH,XD正泰电,SSE_MAIN,2024-09-06,2010-01-21,,SSE_OFFICIAL_LISTING_REGISTER,AUTHENTIC_EXCHANGE_VERIFIED
601878.SH,浙商证券,SSE_MAIN,2024-09-06,2017-06-26,,SSE_OFFICIAL_LISTING_REGISTER,AUTHENTIC_EXCHANGE_VERIFIED
601880.SH,辽港股份,SSE_MAIN,2024-09-06,2010-12-06,,SSE_OFFICIAL_LISTING_REGISTER,AUTHENTIC_EXCHANGE_VERIFIED
601881.SH,中国银河,SSE_MAIN,2024-09-06,2017-01-23,,SSE_OFFICIAL_LISTING_REGISTER,AUTHENTIC_EXCHANGE_VERIFIED
601882.SH,海天精工,SSE_MAIN,2024-09-06,2016-11-07,,SSE_OFFICIAL_LISTING_REGISTER,AUTHENTIC_EXCHANGE_VERIFIED
601886.SH,江河集团,SSE_MAIN,2024-09-06,2011-08-18,,SSE_OFFICIAL_LISTING_REGISTER,AUTHENTIC_EXCHANGE_VERIFIED
601888.SH,中国中免,SSE_MAIN,2024-09-06,2009-10-15,,SSE_OFFICIAL_LISTING_REGISTER,AUTHENTIC_EXCHANGE_VERIFIED
601890.SH,亚星锚链,SSE_MAIN,2024-09-06,2010-12-28,,SSE_OFFICIAL_LISTING_REGISTER,AUTHENTIC_EXCHANGE_VERIFIED
601898.SH,中煤能源,SSE_MAIN,2024-09-06,2008-02-01,,SSE_OFFICIAL_LISTING_REGISTER,AUTHENTIC_EXCHANGE_VERIFIED
601899.SH,紫金矿业,SSE_MAIN,2023-01-13,2008-04-25,,SSE_OFFICIAL_LISTING_REGISTER,AUTHENTIC_EXCHANGE_VERIFIED
601900.SH,南方传媒,SSE_MAIN,2024-09-06,2016-02-15,,SSE_OFFICIAL_LISTING_REGISTER,AUTHENTIC_EXCHANGE_VERIFIED
601901.SH,方正证券,SSE_MAIN,2024-09-06,2011-08-10,,SSE_OFFICIAL_LISTING_REGISTER,AUTHENTIC_EXCHANGE_VERIFIED
601908.SH,京运通,SSE_MAIN,2024-09-06,2011-09-08,,SSE_OFFICIAL_LISTING_REGISTER,AUTHENTIC_EXCHANGE_VERIFIED
601916.SH,浙商银行,SSE_MAIN,2024-09-06,2019-11-26,,SSE_OFFICIAL_LISTING_REGISTER,AUTHENTIC_EXCHANGE_VERIFIED
601918.SH,新集能源,SSE_MAIN,2024-09-06,2007-12-19,,SSE_OFFICIAL_LISTING_REGISTER,AUTHENTIC_EXCHANGE_VERIFIED
601919.SH,中远海控,SSE_MAIN,2024-09-06,2007-06-26,,SSE_OFFICIAL_LISTING_REGISTER,AUTHENTIC_EXCHANGE_VERIFIED
601921.SH,浙版传媒,SSE_MAIN,2024-09-06,2021-07-23,,SSE_OFFICIAL_LISTING_REGISTER,AUTHENTIC_EXCHANGE_VERIFIED
601928.SH,凤凰传媒,SSE_MAIN,2024-09-06,2011-11-30,,SSE_OFFICIAL_LISTING_REGISTER,AUTHENTIC_EXCHANGE_VERIFIED
601929.SH,吉视传媒,SSE_MAIN,2024-09-06,2012-02-23,,SSE_OFFICIAL_LISTING_REGISTER,AUTHENTIC_EXCHANGE_VERIFIED
601933.SH,永辉超市,SSE_MAIN,2024-09-06,2010-12-15,,SSE_OFFICIAL_LISTING_REGISTER,AUTHENTIC_EXCHANGE_VERIFIED
601939.SH,建设银行,SSE_MAIN,2024-09-06,2007-09-25,,SSE_OFFICIAL_LISTING_REGISTER,AUTHENTIC_EXCHANGE_VERIFIED
601949.SH,中国出版,SSE_MAIN,2024-09-06,2017-08-21,,SSE_OFFICIAL_LISTING_REGISTER,AUTHENTIC_EXCHANGE_VERIFIED
601952.SH,苏垦农发,SSE_MAIN,2024-09-06,2017-05-15,,SSE_OFFICIAL_LISTING_REGISTER,AUTHENTIC_EXCHANGE_VERIFIED
601956.SH,东贝集团,SSE_MAIN,2024-09-06,2020-12-25,,SSE_OFFICIAL_LISTING_REGISTER,AUTHENTIC_EXCHANGE_VERIFIED
601958.SH,金钼股份,SSE_MAIN,2024-09-06,2008-04-17,,SSE_OFFICIAL_LISTING_REGISTER,AUTHENTIC_EXCHANGE_VERIFIED
601963.SH,重庆银行,SSE_MAIN,2024-09-06,2021-02-05,,SSE_OFFICIAL_LISTING_REGISTER,AUTHENTIC_EXCHANGE_VERIFIED
601965.SH,中国汽研,SSE_MAIN,2024-09-06,2012-06-11,,SSE_OFFICIAL_LISTING_REGISTER,AUTHENTIC_EXCHANGE_VERIFIED
601966.SH,玲珑轮胎,SSE_MAIN,2024-09-06,2016-07-06,,SSE_OFFICIAL_LISTING_REGISTER,AUTHENTIC_EXCHANGE_VERIFIED
601968.SH,宝钢包装,SSE_MAIN,2024-09-06,2015-06-11,,SSE_OFFICIAL_LISTING_REGISTER,AUTHENTIC_EXCHANGE_VERIFIED
601969.SH,海南矿业,SSE_MAIN,2024-08-27,2014-12-09,,SSE_OFFICIAL_LISTING_REGISTER,AUTHENTIC_EXCHANGE_VERIFIED
601975.SH,招商南油,SSE_MAIN,2024-09-06,2019-01-08,,SSE_OFFICIAL_LISTING_REGISTER,AUTHENTIC_EXCHANGE_VERIFIED
601985.SH,中国核电,SSE_MAIN,2024-09-06,2015-06-10,,SSE_OFFICIAL_LISTING_REGISTER,AUTHENTIC_EXCHANGE_VERIFIED
601988.SH,中国银行,SSE_MAIN,2024-09-06,2006-07-05,,SSE_OFFICIAL_LISTING_REGISTER,AUTHENTIC_EXCHANGE_VERIFIED
601989.SH,601989.SH,SSE_MAIN,2023-07-07,2009-12-16,2025-09-05,SSE_OFFICIAL_DELISTED_REGISTER,AUTHENTIC_EXCHANGE_VERIFIED
601990.SH,南京证券,SSE_MAIN,2024-09-06,2018-06-13,,SSE_OFFICIAL_LISTING_REGISTER,AUTHENTIC_EXCHANGE_VERIFIED
601991.SH,大唐发电,SSE_MAIN,2024-09-06,2006-12-20,,SSE_OFFICIAL_LISTING_REGISTER,AUTHENTIC_EXCHANGE_VERIFIED
601992.SH,金隅集团,SSE_MAIN,2024-09-06,2011-03-01,,SSE_OFFICIAL_LISTING_REGISTER,AUTHENTIC_EXCHANGE_VERIFIED
601995.SH,中金公司,SSE_MAIN,2024-09-06,2020-11-02,,SSE_OFFICIAL_LISTING_REGISTER,AUTHENTIC_EXCHANGE_VERIFIED
601996.SH,丰林集团,SSE_MAIN,2024-09-06,2011-09-29,,SSE_OFFICIAL_LISTING_REGISTER,AUTHENTIC_EXCHANGE_VERIFIED
601997.SH,贵阳银行,SSE_MAIN,2024-09-06,2016-08-16,,SSE_OFFICIAL_LISTING_REGISTER,AUTHENTIC_EXCHANGE_VERIFIED
601998.SH,中信银行,SSE_MAIN,2024-09-06,2007-04-27,,SSE_OFFICIAL_LISTING_REGISTER,AUTHENTIC_EXCHANGE_VERIFIED
601999.SH,出版传媒,SSE_MAIN,2024-09-06,2007-12-21,,SSE_OFFICIAL_LISTING_REGISTER,AUTHENTIC_EXCHANGE_VERIFIED
603000.SH,人民网,SSE_MAIN,2024-09-06,2012-04-27,,SSE_OFFICIAL_LISTING_REGISTER,AUTHENTIC_EXCHANGE_VERIFIED
603001.SH,奥康国际,SSE_MAIN,2024-08-16,2012-04-26,,SSE_OFFICIAL_LISTING_REGISTER,AUTHENTIC_EXCHANGE_VERIFIED
603002.SH,宏昌电子,SSE_MAIN,2024-09-06,2012-05-18,,SSE_OFFICIAL_LISTING_REGISTER,AUTHENTIC_EXCHANGE_VERIFIED
603004.SH,鼎龙科技,SSE_MAIN,2024-09-06,2023-12-27,,SSE_OFFICIAL_LISTING_REGISTER,AUTHENTIC_EXCHANGE_VERIFIED
603005.SH,晶方科技,SSE_MAIN,2024-09-06,2014-02-10,,SSE_OFFICIAL_LISTING_REGISTER,AUTHENTIC_EXCHANGE_VERIFIED
603006.SH,联明股份,SSE_MAIN,2024-09-06,2014-06-30,,SSE_OFFICIAL_LISTING_REGISTER,AUTHENTIC_EXCHANGE_VERIFIED
603007.SH,顺景科技,SSE_MAIN,2024-09-06,2016-08-26,,SSE_OFFICIAL_LISTING_REGISTER,AUTHENTIC_EXCHANGE_VERIFIED
603008.SH,ST喜临门,SSE_MAIN,2024-09-06,2012-07-17,,SSE_OFFICIAL_LISTING_REGISTER,AUTHENTIC_EXCHANGE_VERIFIED
603009.SH,北特科技,SSE_MAIN,2024-09-06,2014-07-18,,SSE_OFFICIAL_LISTING_REGISTER,AUTHENTIC_EXCHANGE_VERIFIED
603010.SH,万盛股份,SSE_MAIN,2024-09-06,2014-10-10,,SSE_OFFICIAL_LISTING_REGISTER,AUTHENTIC_EXCHANGE_VERIFIED
603011.SH,合锻智能,SSE_MAIN,2024-09-06,2014-11-07,,SSE_OFFICIAL_LISTING_REGISTER,AUTHENTIC_EXCHANGE_VERIFIED
603012.SH,创力集团,SSE_MAIN,2024-09-06,2015-03-20,,SSE_OFFICIAL_LISTING_REGISTER,AUTHENTIC_EXCHANGE_VERIFIED
603013.SH,亚普股份,SSE_MAIN,2024-09-06,2018-05-09,,SSE_OFFICIAL_LISTING_REGISTER,AUTHENTIC_EXCHANGE_VERIFIED
603014.SH,威高血净,SSE_MAIN,2024-09-06,2025-05-19,,SSE_OFFICIAL_LISTING_REGISTER,AUTHENTIC_EXCHANGE_VERIFIED
603015.SH,弘讯科技,SSE_MAIN,2024-09-06,2015-03-03,,SSE_OFFICIAL_LISTING_REGISTER,AUTHENTIC_EXCHANGE_VERIFIED
603016.SH,新宏泰,SSE_MAIN,2024-09-06,2016-07-01,,SSE_OFFICIAL_LISTING_REGISTER,AUTHENTIC_EXCHANGE_VERIFIED
603017.SH,中衡设计,SSE_MAIN,2024-09-06,2014-12-31,,SSE_OFFICIAL_LISTING_REGISTER,AUTHENTIC_EXCHANGE_VERIFIED
603018.SH,华设集团,SSE_MAIN,2024-09-06,2014-10-13,,SSE_OFFICIAL_LISTING_REGISTER,AUTHENTIC_EXCHANGE_VERIFIED
603019.SH,中科曙光,SSE_MAIN,2024-09-06,2014-11-06,,SSE_OFFICIAL_LISTING_REGISTER,AUTHENTIC_EXCHANGE_VERIFIED
603020.SH,爱普股份,SSE_MAIN,2024-09-06,2015-03-25,,SSE_OFFICIAL_LISTING_REGISTER,AUTHENTIC_EXCHANGE_VERIFIED
603021.SH,*ST华鹏,SSE_MAIN,2024-09-04,2015-04-23,,SSE_OFFICIAL_LISTING_REGISTER,AUTHENTIC_EXCHANGE_VERIFIED
603022.SH,新通联,SSE_MAIN,2024-09-06,2015-05-18,,SSE_OFFICIAL_LISTING_REGISTER,AUTHENTIC_EXCHANGE_VERIFIED
603023.SH,威帝股份,SSE_MAIN,2024-09-06,2015-05-27,,SSE_OFFICIAL_LISTING_REGISTER,AUTHENTIC_EXCHANGE_VERIFIED
603025.SH,大豪科技,SSE_MAIN,2024-09-06,2015-04-22,,SSE_OFFICIAL_LISTING_REGISTER,AUTHENTIC_EXCHANGE_VERIFIED
603026.SH,石大胜华,SSE_MAIN,2024-09-06,2015-05-29,,SSE_OFFICIAL_LISTING_REGISTER,AUTHENTIC_EXCHANGE_VERIFIED
603027.SH,千禾味业,SSE_MAIN,2024-09-06,2016-03-07,,SSE_OFFICIAL_LISTING_REGISTER,AUTHENTIC_EXCHANGE_VERIFIED
603028.SH,赛福天,SSE_MAIN,2024-09-06,2016-03-31,,SSE_OFFICIAL_LISTING_REGISTER,AUTHENTIC_EXCHANGE_VERIFIED
603029.SH,天鹅股份,SSE_MAIN,2024-09-06,2016-04-27,,SSE_OFFICIAL_LISTING_REGISTER,AUTHENTIC_EXCHANGE_VERIFIED
603030.SH,全筑股份,SSE_MAIN,2024-09-06,2015-03-20,,SSE_OFFICIAL_LISTING_REGISTER,AUTHENTIC_EXCHANGE_VERIFIED
603031.SH,安孚科技,SSE_MAIN,2024-09-06,2016-08-22,,SSE_OFFICIAL_LISTING_REGISTER,AUTHENTIC_EXCHANGE_VERIFIED
603032.SH,德新科技,SSE_MAIN,2024-09-06,2017-01-05,,SSE_OFFICIAL_LISTING_REGISTER,AUTHENTIC_EXCHANGE_VERIFIED
603033.SH,三维股份,SSE_MAIN,2024-09-06,2016-12-07,,SSE_OFFICIAL_LISTING_REGISTER,AUTHENTIC_EXCHANGE_VERIFIED
603035.SH,常熟汽饰,SSE_MAIN,2024-09-06,2017-01-05,,SSE_OFFICIAL_LISTING_REGISTER,AUTHENTIC_EXCHANGE_VERIFIED
603036.SH,如通股份,SSE_MAIN,2024-09-06,2016-12-09,,SSE_OFFICIAL_LISTING_REGISTER,AUTHENTIC_EXCHANGE_VERIFIED
603037.SH,凯众股份,SSE_MAIN,2024-08-30,2017-01-20,,SSE_OFFICIAL_LISTING_REGISTER,AUTHENTIC_EXCHANGE_VERIFIED
603038.SH,华立股份,SSE_MAIN,2024-09-06,2017-01-16,,SSE_OFFICIAL_LISTING_REGISTER,AUTHENTIC_EXCHANGE_VERIFIED
603039.SH,泛微网络,SSE_MAIN,2024-09-06,2017-01-13,,SSE_OFFICIAL_LISTING_REGISTER,AUTHENTIC_EXCHANGE_VERIFIED
603040.SH,新坐标,SSE_MAIN,2024-09-06,2017-02-09,,SSE_OFFICIAL_LISTING_REGISTER,AUTHENTIC_EXCHANGE_VERIFIED
603041.SH,美思德,SSE_MAIN,2024-09-06,2017-03-30,,SSE_OFFICIAL_LISTING_REGISTER,AUTHENTIC_EXCHANGE_VERIFIED
603042.SH,华脉科技,SSE_MAIN,2024-09-06,2017-06-02,,SSE_OFFICIAL_LISTING_REGISTER,AUTHENTIC_EXCHANGE_VERIFIED
603043.SH,广州酒家,SSE_MAIN,2024-09-06,2017-06-27,,SSE_OFFICIAL_LISTING_REGISTER,AUTHENTIC_EXCHANGE_VERIFIED
603045.SH,福达合金,SSE_MAIN,2024-09-06,2018-05-17,,SSE_OFFICIAL_LISTING_REGISTER,AUTHENTIC_EXCHANGE_VERIFIED
603048.SH,浙江黎明,SSE_MAIN,2024-09-06,2021-11-16,,SSE_OFFICIAL_LISTING_REGISTER,AUTHENTIC_EXCHANGE_VERIFIED
603049.SH,中策橡胶,SSE_MAIN,2025-06-05,2025-06-05,,SSE_OFFICIAL_LISTING_REGISTER,AUTHENTIC_EXCHANGE_VERIFIED
603050.SH,科林电气,SSE_MAIN,2024-09-06,2017-04-14,,SSE_OFFICIAL_LISTING_REGISTER,AUTHENTIC_EXCHANGE_VERIFIED
603051.SH,鹿山新材,SSE_MAIN,2024-09-06,2022-03-25,,SSE_OFFICIAL_LISTING_REGISTER,AUTHENTIC_EXCHANGE_VERIFIED
603052.SH,可川科技,SSE_MAIN,2024-09-06,2022-10-11,,SSE_OFFICIAL_LISTING_REGISTER,AUTHENTIC_EXCHANGE_VERIFIED
603053.SH,成都燃气,SSE_MAIN,2024-09-06,2019-12-17,,SSE_OFFICIAL_LISTING_REGISTER,AUTHENTIC_EXCHANGE_VERIFIED
603055.SH,台华新材,SSE_MAIN,2024-09-06,2017-09-21,,SSE_OFFICIAL_LISTING_REGISTER,AUTHENTIC_EXCHANGE_VERIFIED
603056.SH,603056.SH,SSE_MAIN,2023-12-25,2018-01-16,2026-03-31,SSE_OFFICIAL_DELISTED_REGISTER,AUTHENTIC_EXCHANGE_VERIFIED
603057.SH,紫燕食品,SSE_MAIN,2024-09-06,2022-09-26,,SSE_OFFICIAL_LISTING_REGISTER,AUTHENTIC_EXCHANGE_VERIFIED
603058.SH,永吉股份,SSE_MAIN,2024-09-06,2016-12-23,,SSE_OFFICIAL_LISTING_REGISTER,AUTHENTIC_EXCHANGE_VERIFIED
603059.SH,倍加洁,SSE_MAIN,2024-09-06,2018-03-02,,SSE_OFFICIAL_LISTING_REGISTER,AUTHENTIC_EXCHANGE_VERIFIED
603060.SH,国检集团,SSE_MAIN,2024-09-06,2016-11-09,,SSE_OFFICIAL_LISTING_REGISTER,AUTHENTIC_EXCHANGE_VERIFIED
603061.SH,金海通,SSE_MAIN,2024-09-06,2023-03-03,,SSE_OFFICIAL_LISTING_REGISTER,AUTHENTIC_EXCHANGE_VERIFIED
603062.SH,麦加芯彩,SSE_MAIN,2024-09-06,2023-11-07,,SSE_OFFICIAL_LISTING_REGISTER,AUTHENTIC_EXCHANGE_VERIFIED
603063.SH,禾望电气,SSE_MAIN,2024-09-06,2017-07-28,,SSE_OFFICIAL_LISTING_REGISTER,AUTHENTIC_EXCHANGE_VERIFIED
603065.SH,宿迁联盛,SSE_MAIN,2024-09-06,2023-03-21,,SSE_OFFICIAL_LISTING_REGISTER,AUTHENTIC_EXCHANGE_VERIFIED
603066.SH,音飞储存,SSE_MAIN,2024-09-06,2015-06-11,,SSE_OFFICIAL_LISTING_REGISTER,AUTHENTIC_EXCHANGE_VERIFIED
603067.SH,振华股份,SSE_MAIN,2024-09-06,2016-09-13,,SSE_OFFICIAL_LISTING_REGISTER,AUTHENTIC_EXCHANGE_VERIFIED
603068.SH,博通集成,SSE_MAIN,2024-09-06,2019-04-15,,SSE_OFFICIAL_LISTING_REGISTER,AUTHENTIC_EXCHANGE_VERIFIED
603069.SH,海汽集团,SSE_MAIN,2024-09-06,2016-07-12,,SSE_OFFICIAL_LISTING_REGISTER,AUTHENTIC_EXCHANGE_VERIFIED
603070.SH,万控智造,SSE_MAIN,2024-09-06,2022-03-10,,SSE_OFFICIAL_LISTING_REGISTER,AUTHENTIC_EXCHANGE_VERIFIED
603071.SH,物产环能,SSE_MAIN,2024-09-06,2021-12-16,,SSE_OFFICIAL_LISTING_REGISTER,AUTHENTIC_EXCHANGE_VERIFIED
603072.SH,天和磁材,SSE_MAIN,2024-09-06,2025-01-03,,SSE_OFFICIAL_LISTING_REGISTER,AUTHENTIC_EXCHANGE_VERIFIED
603073.SH,彩蝶实业,SSE_MAIN,2024-09-06,2023-03-16,,SSE_OFFICIAL_LISTING_REGISTER,AUTHENTIC_EXCHANGE_VERIFIED
603075.SH,热威股份,SSE_MAIN,2024-09-06,2023-09-11,,SSE_OFFICIAL_LISTING_REGISTER,AUTHENTIC_EXCHANGE_VERIFIED
603076.SH,乐惠国际,SSE_MAIN,2024-09-06,2017-11-13,,SSE_OFFICIAL_LISTING_REGISTER,AUTHENTIC_EXCHANGE_VERIFIED
603077.SH,和邦生物,SSE_MAIN,2024-09-06,2012-07-31,,SSE_OFFICIAL_LISTING_REGISTER,AUTHENTIC_EXCHANGE_VERIFIED
603078.SH,江化微,SSE_MAIN,2024-09-06,2017-04-10,,SSE_OFFICIAL_LISTING_REGISTER,AUTHENTIC_EXCHANGE_VERIFIED
603079.SH,圣达生物,SSE_MAIN,2024-09-06,2017-08-23,,SSE_OFFICIAL_LISTING_REGISTER,AUTHENTIC_EXCHANGE_VERIFIED
603080.SH,新疆火炬,SSE_MAIN,2024-09-06,2018-01-03,,SSE_OFFICIAL_LISTING_REGISTER,AUTHENTIC_EXCHANGE_VERIFIED
603081.SH,大丰实业,SSE_MAIN,2024-09-06,2017-04-20,,SSE_OFFICIAL_LISTING_REGISTER,AUTHENTIC_EXCHANGE_VERIFIED
603082.SH,北自科技,SSE_MAIN,2024-09-06,2024-01-30,,SSE_OFFICIAL_LISTING_REGISTER,AUTHENTIC_EXCHANGE_VERIFIED
603083.SH,剑桥科技,SSE_MAIN,2024-09-06,2017-11-10,,SSE_OFFICIAL_LISTING_REGISTER,AUTHENTIC_EXCHANGE_VERIFIED
603085.SH,天成自控,SSE_MAIN,2024-09-06,2015-06-30,,SSE_OFFICIAL_LISTING_REGISTER,AUTHENTIC_EXCHANGE_VERIFIED
603086.SH,先达股份,SSE_MAIN,2024-09-06,2017-05-11,,SSE_OFFICIAL_LISTING_REGISTER,AUTHENTIC_EXCHANGE_VERIFIED
603087.SH,甘李药业,SSE_MAIN,2024-09-06,2020-06-29,,SSE_OFFICIAL_LISTING_REGISTER,AUTHENTIC_EXCHANGE_VERIFIED
603088.SH,宁波精达,SSE_MAIN,2024-09-06,2014-11-11,,SSE_OFFICIAL_LISTING_REGISTER,AUTHENTIC_EXCHANGE_VERIFIED
603089.SH,正裕工业,SSE_MAIN,2024-09-06,2017-01-26,,SSE_OFFICIAL_LISTING_REGISTER,AUTHENTIC_EXCHANGE_VERIFIED
603090.SH,宏盛股份,SSE_MAIN,2024-09-06,2016-08-31,,SSE_OFFICIAL_LISTING_REGISTER,AUTHENTIC_EXCHANGE_VERIFIED
603091.SH,众鑫股份,SSE_MAIN,2024-09-20,2024-09-20,,SSE_OFFICIAL_LISTING_REGISTER,AUTHENTIC_EXCHANGE_VERIFIED
603092.SH,德力佳,SSE_MAIN,2024-09-06,2025-11-07,,SSE_OFFICIAL_LISTING_REGISTER,AUTHENTIC_EXCHANGE_VERIFIED
603093.SH,南华期货,SSE_MAIN,2024-09-06,2019-08-30,,SSE_OFFICIAL_LISTING_REGISTER,AUTHENTIC_EXCHANGE_VERIFIED
603095.SH,越剑智能,SSE_MAIN,2024-09-06,2020-04-15,,SSE_OFFICIAL_LISTING_REGISTER,AUTHENTIC_EXCHANGE_VERIFIED
603096.SH,新经典,SSE_MAIN,2024-09-06,2017-04-25,,SSE_OFFICIAL_LISTING_REGISTER,AUTHENTIC_EXCHANGE_VERIFIED
603097.SH,江苏华辰,SSE_MAIN,2024-09-06,2022-05-12,,SSE_OFFICIAL_LISTING_REGISTER,AUTHENTIC_EXCHANGE_VERIFIED
603098.SH,森特股份,SSE_MAIN,2024-09-06,2016-12-16,,SSE_OFFICIAL_LISTING_REGISTER,AUTHENTIC_EXCHANGE_VERIFIED
603099.SH,长白山,SSE_MAIN,2024-09-06,2014-08-22,,SSE_OFFICIAL_LISTING_REGISTER,AUTHENTIC_EXCHANGE_VERIFIED
603100.SH,川仪股份,SSE_MAIN,2024-09-06,2014-08-05,,SSE_OFFICIAL_LISTING_REGISTER,AUTHENTIC_EXCHANGE_VERIFIED
603101.SH,汇嘉时代,SSE_MAIN,2024-09-06,2016-05-06,,SSE_OFFICIAL_LISTING_REGISTER,AUTHENTIC_EXCHANGE_VERIFIED
603102.SH,百合股份,SSE_MAIN,2024-09-06,2022-01-25,,SSE_OFFICIAL_LISTING_REGISTER,AUTHENTIC_EXCHANGE_VERIFIED
603103.SH,横店影视,SSE_MAIN,2024-09-06,2017-10-12,,SSE_OFFICIAL_LISTING_REGISTER,AUTHENTIC_EXCHANGE_VERIFIED
603105.SH,芯能科技,SSE_MAIN,2024-09-06,2018-07-09,,SSE_OFFICIAL_LISTING_REGISTER,AUTHENTIC_EXCHANGE_VERIFIED
603106.SH,恒银科技,SSE_MAIN,2024-09-06,2017-09-20,,SSE_OFFICIAL_LISTING_REGISTER,AUTHENTIC_EXCHANGE_VERIFIED
603107.SH,上海汽配,SSE_MAIN,2024-09-06,2023-11-01,,SSE_OFFICIAL_LISTING_REGISTER,AUTHENTIC_EXCHANGE_VERIFIED
603108.SH,润达医疗,SSE_MAIN,2024-09-06,2015-05-27,,SSE_OFFICIAL_LISTING_REGISTER,AUTHENTIC_EXCHANGE_VERIFIED
603109.SH,神驰机电,SSE_MAIN,2024-09-06,2019-12-31,,SSE_OFFICIAL_LISTING_REGISTER,AUTHENTIC_EXCHANGE_VERIFIED
603110.SH,东方材料,SSE_MAIN,2024-09-06,2017-10-13,,SSE_OFFICIAL_LISTING_REGISTER,AUTHENTIC_EXCHANGE_VERIFIED
603111.SH,康尼机电,SSE_MAIN,2024-09-06,2014-08-01,,SSE_OFFICIAL_LISTING_REGISTER,AUTHENTIC_EXCHANGE_VERIFIED
603112.SH,华翔股份,SSE_MAIN,2024-09-06,2020-09-17,,SSE_OFFICIAL_LISTING_REGISTER,AUTHENTIC_EXCHANGE_VERIFIED
603113.SH,金能科技,SSE_MAIN,2024-09-06,2017-05-11,,SSE_OFFICIAL_LISTING_REGISTER,AUTHENTIC_EXCHANGE_VERIFIED
603115.SH,海星股份,SSE_MAIN,2024-09-06,2019-08-09,,SSE_OFFICIAL_LISTING_REGISTER,AUTHENTIC_EXCHANGE_VERIFIED
603116.SH,红蜻蜓,SSE_MAIN,2024-09-06,2015-06-29,,SSE_OFFICIAL_LISTING_REGISTER,AUTHENTIC_EXCHANGE_VERIFIED
603117.SH,万林物流,SSE_MAIN,2024-09-06,2015-06-29,,SSE_OFFICIAL_LISTING_REGISTER,AUTHENTIC_EXCHANGE_VERIFIED
603118.SH,共进股份,SSE_MAIN,2024-08-30,2015-02-25,,SSE_OFFICIAL_LISTING_REGISTER,AUTHENTIC_EXCHANGE_VERIFIED
603119.SH,浙江荣泰,SSE_MAIN,2024-09-06,2023-08-01,,SSE_OFFICIAL_LISTING_REGISTER,AUTHENTIC_EXCHANGE_VERIFIED
603120.SH,肯特催化,SSE_MAIN,2025-04-16,2025-04-16,,SSE_OFFICIAL_LISTING_REGISTER,AUTHENTIC_EXCHANGE_VERIFIED
603121.SH,华培动力,SSE_MAIN,2024-09-06,2019-01-11,,SSE_OFFICIAL_LISTING_REGISTER,AUTHENTIC_EXCHANGE_VERIFIED
603122.SH,合富中国,SSE_MAIN,2024-09-06,2022-02-16,,SSE_OFFICIAL_LISTING_REGISTER,AUTHENTIC_EXCHANGE_VERIFIED
603123.SH,翠微股份,SSE_MAIN,2024-09-06,2012-05-03,,SSE_OFFICIAL_LISTING_REGISTER,AUTHENTIC_EXCHANGE_VERIFIED
603124.SH,江南新材,SSE_MAIN,2024-09-06,2025-03-20,,SSE_OFFICIAL_LISTING_REGISTER,AUTHENTIC_EXCHANGE_VERIFIED
603125.SH,常青科技,SSE_MAIN,2024-09-06,2023-04-10,,SSE_OFFICIAL_LISTING_REGISTER,AUTHENTIC_EXCHANGE_VERIFIED
603126.SH,中材节能,SSE_MAIN,2024-09-06,2014-07-31,,SSE_OFFICIAL_LISTING_REGISTER,AUTHENTIC_EXCHANGE_VERIFIED
603127.SH,昭衍新药,SSE_MAIN,2024-09-06,2017-08-25,,SSE_OFFICIAL_LISTING_REGISTER,AUTHENTIC_EXCHANGE_VERIFIED
603128.SH,华贸物流,SSE_MAIN,2024-09-06,2012-05-29,,SSE_OFFICIAL_LISTING_REGISTER,AUTHENTIC_EXCHANGE_VERIFIED
603129.SH,春风动力,SSE_MAIN,2024-09-06,2017-08-18,,SSE_OFFICIAL_LISTING_REGISTER,AUTHENTIC_EXCHANGE_VERIFIED
603130.SH,云中马,SSE_MAIN,2024-09-06,2022-11-18,,SSE_OFFICIAL_LISTING_REGISTER,AUTHENTIC_EXCHANGE_VERIFIED
603131.SH,上海沪工,SSE_MAIN,2024-09-06,2016-06-07,,SSE_OFFICIAL_LISTING_REGISTER,AUTHENTIC_EXCHANGE_VERIFIED
603132.SH,金徽股份,SSE_MAIN,2024-09-06,2022-02-22,,SSE_OFFICIAL_LISTING_REGISTER,AUTHENTIC_EXCHANGE_VERIFIED
603135.SH,中重科技,SSE_MAIN,2024-09-06,2023-04-10,,SSE_OFFICIAL_LISTING_REGISTER,AUTHENTIC_EXCHANGE_VERIFIED
603136.SH,天目湖,SSE_MAIN,2024-09-06,2017-09-27,,SSE_OFFICIAL_LISTING_REGISTER,AUTHENTIC_EXCHANGE_VERIFIED
603137.SH,恒尚节能,SSE_MAIN,2024-08-23,2023-04-19,,SSE_OFFICIAL_LISTING_REGISTER,AUTHENTIC_EXCHANGE_VERIFIED
603138.SH,海量数据,SSE_MAIN,2024-09-06,2017-03-06,,SSE_OFFICIAL_LISTING_REGISTER,AUTHENTIC_EXCHANGE_VERIFIED
603139.SH,康惠股份,SSE_MAIN,2024-09-06,2017-04-21,,SSE_OFFICIAL_LISTING_REGISTER,AUTHENTIC_EXCHANGE_VERIFIED
603150.SH,万朗磁塑,SSE_MAIN,2024-09-06,2022-01-24,,SSE_OFFICIAL_LISTING_REGISTER,AUTHENTIC_EXCHANGE_VERIFIED
603151.SH,邦基科技,SSE_MAIN,2024-08-28,2022-10-19,,SSE_OFFICIAL_LISTING_REGISTER,AUTHENTIC_EXCHANGE_VERIFIED
603153.SH,上海建科,SSE_MAIN,2024-09-06,2023-03-13,,SSE_OFFICIAL_LISTING_REGISTER,AUTHENTIC_EXCHANGE_VERIFIED
603155.SH,新亚强,SSE_MAIN,2024-09-06,2020-09-01,,SSE_OFFICIAL_LISTING_REGISTER,AUTHENTIC_EXCHANGE_VERIFIED
603156.SH,养元饮品,SSE_MAIN,2024-09-06,2018-02-12,,SSE_OFFICIAL_LISTING_REGISTER,AUTHENTIC_EXCHANGE_VERIFIED
603158.SH,腾龙股份,SSE_MAIN,2024-09-06,2015-03-20,,SSE_OFFICIAL_LISTING_REGISTER,AUTHENTIC_EXCHANGE_VERIFIED
603159.SH,上海亚虹,SSE_MAIN,2024-09-06,2016-08-12,,SSE_OFFICIAL_LISTING_REGISTER,AUTHENTIC_EXCHANGE_VERIFIED
603160.SH,汇顶科技,SSE_MAIN,2024-08-23,2016-10-17,,SSE_OFFICIAL_LISTING_REGISTER,AUTHENTIC_EXCHANGE_VERIFIED
603161.SH,科华控股,SSE_MAIN,2024-09-06,2018-01-05,,SSE_OFFICIAL_LISTING_REGISTER,AUTHENTIC_EXCHANGE_VERIFIED
603162.SH,海通发展,SSE_MAIN,2024-09-06,2023-03-29,,SSE_OFFICIAL_LISTING_REGISTER,AUTHENTIC_EXCHANGE_VERIFIED
603163.SH,圣晖集成,SSE_MAIN,2024-09-06,2022-10-13,,SSE_OFFICIAL_LISTING_REGISTER,AUTHENTIC_EXCHANGE_VERIFIED
603165.SH,荣晟环保,SSE_MAIN,2024-09-06,2017-01-17,,SSE_OFFICIAL_LISTING_REGISTER,AUTHENTIC_EXCHANGE_VERIFIED
603166.SH,福达股份,SSE_MAIN,2024-09-06,2014-11-27,,SSE_OFFICIAL_LISTING_REGISTER,AUTHENTIC_EXCHANGE_VERIFIED
603167.SH,渤海轮渡,SSE_MAIN,2024-09-06,2012-09-06,,SSE_OFFICIAL_LISTING_REGISTER,AUTHENTIC_EXCHANGE_VERIFIED
603168.SH,莎普爱思,SSE_MAIN,2024-09-06,2014-07-02,,SSE_OFFICIAL_LISTING_REGISTER,AUTHENTIC_EXCHANGE_VERIFIED
603169.SH,兰石重装,SSE_MAIN,2024-09-06,2014-10-09,,SSE_OFFICIAL_LISTING_REGISTER,AUTHENTIC_EXCHANGE_VERIFIED
603170.SH,宝立食品,SSE_MAIN,2024-09-06,2022-07-15,,SSE_OFFICIAL_LISTING_REGISTER,AUTHENTIC_EXCHANGE_VERIFIED
603171.SH,税友股份,SSE_MAIN,2024-09-06,2021-06-30,,SSE_OFFICIAL_LISTING_REGISTER,AUTHENTIC_EXCHANGE_VERIFIED
603172.SH,万丰股份,SSE_MAIN,2024-09-06,2023-05-10,,SSE_OFFICIAL_LISTING_REGISTER,AUTHENTIC_EXCHANGE_VERIFIED
603173.SH,福斯达,SSE_MAIN,2024-09-06,2023-01-30,,SSE_OFFICIAL_LISTING_REGISTER,AUTHENTIC_EXCHANGE_VERIFIED
603175.SH,超颖电子,SSE_MAIN,2025-10-24,2025-10-24,,SSE_OFFICIAL_LISTING_REGISTER,AUTHENTIC_EXCHANGE_VERIFIED
603176.SH,汇通集团,SSE_MAIN,2024-09-06,2021-12-31,,SSE_OFFICIAL_LISTING_REGISTER,AUTHENTIC_EXCHANGE_VERIFIED
603177.SH,德创环保,SSE_MAIN,2024-09-06,2017-02-07,,SSE_OFFICIAL_LISTING_REGISTER,AUTHENTIC_EXCHANGE_VERIFIED
603178.SH,圣龙股份,SSE_MAIN,2024-09-06,2017-03-28,,SSE_OFFICIAL_LISTING_REGISTER,AUTHENTIC_EXCHANGE_VERIFIED
603179.SH,新泉股份,SSE_MAIN,2024-09-06,2017-03-17,,SSE_OFFICIAL_LISTING_REGISTER,AUTHENTIC_EXCHANGE_VERIFIED
603180.SH,金牌家居,SSE_MAIN,2024-09-06,2017-05-12,,SSE_OFFICIAL_LISTING_REGISTER,AUTHENTIC_EXCHANGE_VERIFIED
603181.SH,皇马科技,SSE_MAIN,2024-09-06,2017-08-24,,SSE_OFFICIAL_LISTING_REGISTER,AUTHENTIC_EXCHANGE_VERIFIED
603182.SH,嘉华股份,SSE_MAIN,2024-09-06,2022-09-09,,SSE_OFFICIAL_LISTING_REGISTER,AUTHENTIC_EXCHANGE_VERIFIED
603183.SH,建研院,SSE_MAIN,2024-09-06,2017-09-05,,SSE_OFFICIAL_LISTING_REGISTER,AUTHENTIC_EXCHANGE_VERIFIED
603185.SH,弘元绿能,SSE_MAIN,2024-09-06,2018-12-28,,SSE_OFFICIAL_LISTING_REGISTER,AUTHENTIC_EXCHANGE_VERIFIED
603186.SH,华正新材,SSE_MAIN,2024-09-06,2017-01-03,,SSE_OFFICIAL_LISTING_REGISTER,AUTHENTIC_EXCHANGE_VERIFIED
603187.SH,海容冷链,SSE_MAIN,2024-09-06,2018-11-29,,SSE_OFFICIAL_LISTING_REGISTER,AUTHENTIC_EXCHANGE_VERIFIED
603188.SH,亚邦股份,SSE_MAIN,2024-09-06,2014-09-09,,SSE_OFFICIAL_LISTING_REGISTER,AUTHENTIC_EXCHANGE_VERIFIED
603189.SH,*ST网达,SSE_MAIN,2024-09-06,2016-09-14,,SSE_OFFICIAL_LISTING_REGISTER,AUTHENTIC_EXCHANGE_VERIFIED
603190.SH,亚通精工,SSE_MAIN,2024-09-06,2023-02-17,,SSE_OFFICIAL_LISTING_REGISTER,AUTHENTIC_EXCHANGE_VERIFIED
603191.SH,望变电气,SSE_MAIN,2024-09-06,2022-04-28,,SSE_OFFICIAL_LISTING_REGISTER,AUTHENTIC_EXCHANGE_VERIFIED
603192.SH,汇得科技,SSE_MAIN,2024-09-06,2018-08-28,,SSE_OFFICIAL_LISTING_REGISTER,AUTHENTIC_EXCHANGE_VERIFIED
603193.SH,润本股份,SSE_MAIN,2024-09-06,2023-10-17,,SSE_OFFICIAL_LISTING_REGISTER,AUTHENTIC_EXCHANGE_VERIFIED
603194.SH,中力股份,SSE_MAIN,2024-09-06,2024-12-24,,SSE_OFFICIAL_LISTING_REGISTER,AUTHENTIC_EXCHANGE_VERIFIED
603195.SH,公牛集团,SSE_MAIN,2024-09-06,2020-02-06,,SSE_OFFICIAL_LISTING_REGISTER,AUTHENTIC_EXCHANGE_VERIFIED
603196.SH,璞源材料,SSE_MAIN,2024-08-23,2017-05-31,,SSE_OFFICIAL_LISTING_REGISTER,AUTHENTIC_EXCHANGE_VERIFIED
603197.SH,保隆科技,SSE_MAIN,2024-09-06,2017-05-19,,SSE_OFFICIAL_LISTING_REGISTER,AUTHENTIC_EXCHANGE_VERIFIED
603198.SH,迎驾贡酒,SSE_MAIN,2024-09-06,2015-05-28,,SSE_OFFICIAL_LISTING_REGISTER,AUTHENTIC_EXCHANGE_VERIFIED
603199.SH,九华旅游,SSE_MAIN,2024-09-06,2015-03-26,,SSE_OFFICIAL_LISTING_REGISTER,AUTHENTIC_EXCHANGE_VERIFIED
603200.SH,上海洗霸,SSE_MAIN,2024-09-06,2017-06-01,,SSE_OFFICIAL_LISTING_REGISTER,AUTHENTIC_EXCHANGE_VERIFIED
603201.SH,常润股份,SSE_MAIN,2024-09-06,2022-07-29,,SSE_OFFICIAL_LISTING_REGISTER,AUTHENTIC_EXCHANGE_VERIFIED
603202.SH,天有为,SSE_MAIN,2024-09-06,2025-04-24,,SSE_OFFICIAL_LISTING_REGISTER,AUTHENTIC_EXCHANGE_VERIFIED
603203.SH,快克智能,SSE_MAIN,2024-09-06,2016-11-08,,SSE_OFFICIAL_LISTING_REGISTER,AUTHENTIC_EXCHANGE_VERIFIED
603205.SH,健尔康,SSE_MAIN,2024-09-06,2024-11-07,,SSE_OFFICIAL_LISTING_REGISTER,AUTHENTIC_EXCHANGE_VERIFIED
603206.SH,嘉环科技,SSE_MAIN,2024-09-06,2022-05-06,,SSE_OFFICIAL_LISTING_REGISTER,AUTHENTIC_EXCHANGE_VERIFIED
603207.SH,小方制药,SSE_MAIN,2024-09-06,2024-08-26,,SSE_OFFICIAL_LISTING_REGISTER,AUTHENTIC_EXCHANGE_VERIFIED
603208.SH,江山欧派,SSE_MAIN,2024-09-06,2017-02-10,,SSE_OFFICIAL_LISTING_REGISTER,AUTHENTIC_EXCHANGE_VERIFIED
603209.SH,兴通股份,SSE_MAIN,2024-09-06,2022-03-24,,SSE_OFFICIAL_LISTING_REGISTER,AUTHENTIC_EXCHANGE_VERIFIED
603210.SH,泰鸿万立,SSE_MAIN,2025-04-09,2025-04-09,,SSE_OFFICIAL_LISTING_REGISTER,AUTHENTIC_EXCHANGE_VERIFIED
603211.SH,晋拓股份,SSE_MAIN,2024-09-06,2022-07-25,,SSE_OFFICIAL_LISTING_REGISTER,AUTHENTIC_EXCHANGE_VERIFIED
603212.SH,赛伍技术,SSE_MAIN,2024-09-06,2020-04-30,,SSE_OFFICIAL_LISTING_REGISTER,AUTHENTIC_EXCHANGE_VERIFIED
603213.SH,镇洋发展,SSE_MAIN,2024-09-06,2021-11-11,,SSE_OFFICIAL_LISTING_REGISTER,AUTHENTIC_EXCHANGE_VERIFIED
603214.SH,爱婴室,SSE_MAIN,2024-09-06,2018-03-30,,SSE_OFFICIAL_LISTING_REGISTER,AUTHENTIC_EXCHANGE_VERIFIED
603215.SH,比依股份,SSE_MAIN,2024-09-06,2022-02-18,,SSE_OFFICIAL_LISTING_REGISTER,AUTHENTIC_EXCHANGE_VERIFIED
603216.SH,梦天家居,SSE_MAIN,2024-09-06,2021-12-15,,SSE_OFFICIAL_LISTING_REGISTER,AUTHENTIC_EXCHANGE_VERIFIED
603217.SH,元利科技,SSE_MAIN,2024-09-06,2019-06-20,,SSE_OFFICIAL_LISTING_REGISTER,AUTHENTIC_EXCHANGE_VERIFIED
603218.SH,日月股份,SSE_MAIN,2024-09-06,2016-12-28,,SSE_OFFICIAL_LISTING_REGISTER,AUTHENTIC_EXCHANGE_VERIFIED
603219.SH,富佳股份,SSE_MAIN,2024-09-06,2021-11-22,,SSE_OFFICIAL_LISTING_REGISTER,AUTHENTIC_EXCHANGE_VERIFIED
603220.SH,中贝通信,SSE_MAIN,2024-09-06,2018-11-15,,SSE_OFFICIAL_LISTING_REGISTER,AUTHENTIC_EXCHANGE_VERIFIED
603221.SH,爱丽家居,SSE_MAIN,2024-08-27,2020-03-23,,SSE_OFFICIAL_LISTING_REGISTER,AUTHENTIC_EXCHANGE_VERIFIED
603222.SH,济民健康,SSE_MAIN,2024-09-06,2015-02-17,,SSE_OFFICIAL_LISTING_REGISTER,AUTHENTIC_EXCHANGE_VERIFIED
603223.SH,XD恒通股,SSE_MAIN,2024-09-05,2015-06-30,,SSE_OFFICIAL_LISTING_REGISTER,AUTHENTIC_EXCHANGE_VERIFIED
603225.SH,新凤鸣,SSE_MAIN,2024-09-06,2017-04-18,,SSE_OFFICIAL_LISTING_REGISTER,AUTHENTIC_EXCHANGE_VERIFIED
603226.SH,菲林格尔,SSE_MAIN,2024-09-02,2017-06-15,,SSE_OFFICIAL_LISTING_REGISTER,AUTHENTIC_EXCHANGE_VERIFIED
603227.SH,雪峰科技,SSE_MAIN,2024-09-06,2015-05-15,,SSE_OFFICIAL_LISTING_REGISTER,AUTHENTIC_EXCHANGE_VERIFIED
603228.SH,景旺电子,SSE_MAIN,2024-09-06,2017-01-06,,SSE_OFFICIAL_LISTING_REGISTER,AUTHENTIC_EXCHANGE_VERIFIED
603229.SH,奥翔药业,SSE_MAIN,2024-09-06,2017-05-09,,SSE_OFFICIAL_LISTING_REGISTER,AUTHENTIC_EXCHANGE_VERIFIED
603230.SH,内蒙新华,SSE_MAIN,2024-09-06,2021-12-24,,SSE_OFFICIAL_LISTING_REGISTER,AUTHENTIC_EXCHANGE_VERIFIED
603231.SH,索宝蛋白,SSE_MAIN,2024-09-06,2023-12-15,,SSE_OFFICIAL_LISTING_REGISTER,AUTHENTIC_EXCHANGE_VERIFIED
603232.SH,格尔软件,SSE_MAIN,2024-09-06,2017-04-21,,SSE_OFFICIAL_LISTING_REGISTER,AUTHENTIC_EXCHANGE_VERIFIED
603233.SH,大参林,SSE_MAIN,2024-09-06,2017-07-31,,SSE_OFFICIAL_LISTING_REGISTER,AUTHENTIC_EXCHANGE_VERIFIED
603235.SH,天新药业,SSE_MAIN,2024-09-06,2022-07-12,,SSE_OFFICIAL_LISTING_REGISTER,AUTHENTIC_EXCHANGE_VERIFIED
603236.SH,移远通信,SSE_MAIN,2024-09-06,2019-07-16,,SSE_OFFICIAL_LISTING_REGISTER,AUTHENTIC_EXCHANGE_VERIFIED
603237.SH,五芳斋,SSE_MAIN,2024-09-06,2022-08-31,,SSE_OFFICIAL_LISTING_REGISTER,AUTHENTIC_EXCHANGE_VERIFIED
603238.SH,诺邦股份,SSE_MAIN,2024-09-06,2017-02-22,,SSE_OFFICIAL_LISTING_REGISTER,AUTHENTIC_EXCHANGE_VERIFIED
603239.SH,浙江仙通,SSE_MAIN,2024-09-06,2016-12-30,,SSE_OFFICIAL_LISTING_REGISTER,AUTHENTIC_EXCHANGE_VERIFIED
603248.SH,锡华科技,SSE_MAIN,2025-12-23,2025-12-23,,SSE_OFFICIAL_LISTING_REGISTER,AUTHENTIC_EXCHANGE_VERIFIED
603255.SH,鼎际得,SSE_MAIN,2024-09-06,2022-08-18,,SSE_OFFICIAL_LISTING_REGISTER,AUTHENTIC_EXCHANGE_VERIFIED
603256.SH,宏和科技,SSE_MAIN,2024-09-06,2019-07-19,,SSE_OFFICIAL_LISTING_REGISTER,AUTHENTIC_EXCHANGE_VERIFIED
603257.SH,中国瑞林,SSE_MAIN,2024-09-06,2025-04-08,,SSE_OFFICIAL_LISTING_REGISTER,AUTHENTIC_EXCHANGE_VERIFIED
603258.SH,电魂网络,SSE_MAIN,2024-09-06,2016-10-26,,SSE_OFFICIAL_LISTING_REGISTER,AUTHENTIC_EXCHANGE_VERIFIED
603259.SH,药明康德,SSE_MAIN,2024-09-06,2018-05-08,,SSE_OFFICIAL_LISTING_REGISTER,AUTHENTIC_EXCHANGE_VERIFIED
603260.SH,合盛硅业,SSE_MAIN,2024-09-06,2017-10-30,,SSE_OFFICIAL_LISTING_REGISTER,AUTHENTIC_EXCHANGE_VERIFIED
603261.SH,立航科技,SSE_MAIN,2024-09-06,2022-03-15,,SSE_OFFICIAL_LISTING_REGISTER,AUTHENTIC_EXCHANGE_VERIFIED
603262.SH,技源集团,SSE_MAIN,2024-09-06,2025-07-23,,SSE_OFFICIAL_LISTING_REGISTER,AUTHENTIC_EXCHANGE_VERIFIED
603266.SH,天龙股份,SSE_MAIN,2024-09-06,2017-01-10,,SSE_OFFICIAL_LISTING_REGISTER,AUTHENTIC_EXCHANGE_VERIFIED
603267.SH,鸿远电子,SSE_MAIN,2024-09-06,2019-05-15,,SSE_OFFICIAL_LISTING_REGISTER,AUTHENTIC_EXCHANGE_VERIFIED
603268.SH,松发股份,SSE_MAIN,2024-09-06,2015-03-19,,SSE_OFFICIAL_LISTING_REGISTER,AUTHENTIC_EXCHANGE_VERIFIED
603269.SH,海鸥股份,SSE_MAIN,2024-09-06,2017-05-17,,SSE_OFFICIAL_LISTING_REGISTER,AUTHENTIC_EXCHANGE_VERIFIED
603270.SH,金帝股份,SSE_MAIN,2024-09-06,2023-09-01,,SSE_OFFICIAL_LISTING_REGISTER,AUTHENTIC_EXCHANGE_VERIFIED
603271.SH,永杰新材,SSE_MAIN,2024-09-06,2025-03-11,,SSE_OFFICIAL_LISTING_REGISTER,AUTHENTIC_EXCHANGE_VERIFIED
603272.SH,*ST联翔,SSE_MAIN,2024-09-05,2022-05-20,,SSE_OFFICIAL_LISTING_REGISTER,AUTHENTIC_EXCHANGE_VERIFIED
603273.SH,天元智能,SSE_MAIN,2024-09-06,2023-10-23,,SSE_OFFICIAL_LISTING_REGISTER,AUTHENTIC_EXCHANGE_VERIFIED
603275.SH,众辰科技,SSE_MAIN,2024-09-06,2023-08-23,,SSE_OFFICIAL_LISTING_REGISTER,AUTHENTIC_EXCHANGE_VERIFIED
603276.SH,恒兴新材,SSE_MAIN,2024-09-06,2023-09-25,,SSE_OFFICIAL_LISTING_REGISTER,AUTHENTIC_EXCHANGE_VERIFIED
603277.SH,银都股份,SSE_MAIN,2024-09-06,2017-09-11,,SSE_OFFICIAL_LISTING_REGISTER,AUTHENTIC_EXCHANGE_VERIFIED
603278.SH,大业股份,SSE_MAIN,2024-09-06,2017-11-13,,SSE_OFFICIAL_LISTING_REGISTER,AUTHENTIC_EXCHANGE_VERIFIED
603279.SH,景津装备,SSE_MAIN,2024-09-06,2019-07-29,,SSE_OFFICIAL_LISTING_REGISTER,AUTHENTIC_EXCHANGE_VERIFIED
603280.SH,南方路机,SSE_MAIN,2024-09-06,2022-11-08,,SSE_OFFICIAL_LISTING_REGISTER,AUTHENTIC_EXCHANGE_VERIFIED
603281.SH,江瀚新材,SSE_MAIN,2024-09-06,2023-01-31,,SSE_OFFICIAL_LISTING_REGISTER,AUTHENTIC_EXCHANGE_VERIFIED
603282.SH,亚光股份,SSE_MAIN,2024-09-06,2023-03-15,,SSE_OFFICIAL_LISTING_REGISTER,AUTHENTIC_EXCHANGE_VERIFIED
603283.SH,赛腾股份,SSE_MAIN,2024-09-06,2017-12-25,,SSE_OFFICIAL_LISTING_REGISTER,AUTHENTIC_EXCHANGE_VERIFIED
603284.SH,林平发展,SSE_MAIN,2024-09-06,2026-02-10,,SSE_OFFICIAL_LISTING_REGISTER,AUTHENTIC_EXCHANGE_VERIFIED
603285.SH,键邦股份,SSE_MAIN,2024-09-06,2024-07-05,,SSE_OFFICIAL_LISTING_REGISTER,AUTHENTIC_EXCHANGE_VERIFIED
603286.SH,日盈电子,SSE_MAIN,2024-09-06,2017-06-27,,SSE_OFFICIAL_LISTING_REGISTER,AUTHENTIC_EXCHANGE_VERIFIED
603288.SH,海天味业,SSE_MAIN,2024-09-06,2014-02-11,,SSE_OFFICIAL_LISTING_REGISTER,AUTHENTIC_EXCHANGE_VERIFIED
603289.SH,泰瑞机器,SSE_MAIN,2024-09-06,2017-10-31,,SSE_OFFICIAL_LISTING_REGISTER,AUTHENTIC_EXCHANGE_VERIFIED
603290.SH,斯达半导,SSE_MAIN,2024-09-06,2020-02-04,,SSE_OFFICIAL_LISTING_REGISTER,AUTHENTIC_EXCHANGE_VERIFIED
603291.SH,XD联合水,SSE_MAIN,2024-09-06,2023-03-27,,SSE_OFFICIAL_LISTING_REGISTER,AUTHENTIC_EXCHANGE_VERIFIED
603293.SH,埃泰克,SSE_MAIN,2024-09-06,2026-04-16,,SSE_OFFICIAL_LISTING_REGISTER,AUTHENTIC_EXCHANGE_VERIFIED
603296.SH,华勤技术,SSE_MAIN,2024-09-06,2023-08-08,,SSE_OFFICIAL_LISTING_REGISTER,AUTHENTIC_EXCHANGE_VERIFIED
603297.SH,永新光学,SSE_MAIN,2024-09-06,2018-09-10,,SSE_OFFICIAL_LISTING_REGISTER,AUTHENTIC_EXCHANGE_VERIFIED
603298.SH,杭叉集团,SSE_MAIN,2024-09-06,2016-12-27,,SSE_OFFICIAL_LISTING_REGISTER,AUTHENTIC_EXCHANGE_VERIFIED
603299.SH,苏盐井神,SSE_MAIN,2024-09-06,2015-12-31,,SSE_OFFICIAL_LISTING_REGISTER,AUTHENTIC_EXCHANGE_VERIFIED
603300.SH,海南华铁,SSE_MAIN,2024-09-06,2015-05-29,,SSE_OFFICIAL_LISTING_REGISTER,AUTHENTIC_EXCHANGE_VERIFIED
603301.SH,振德医疗,SSE_MAIN,2024-09-06,2018-04-12,,SSE_OFFICIAL_LISTING_REGISTER,AUTHENTIC_EXCHANGE_VERIFIED
603303.SH,得邦照明,SSE_MAIN,2024-09-06,2017-03-30,,SSE_OFFICIAL_LISTING_REGISTER,AUTHENTIC_EXCHANGE_VERIFIED
603305.SH,旭升集团,SSE_MAIN,2024-09-06,2017-07-10,,SSE_OFFICIAL_LISTING_REGISTER,AUTHENTIC_EXCHANGE_VERIFIED
603306.SH,华懋科技,SSE_MAIN,2024-09-06,2014-09-26,,SSE_OFFICIAL_LISTING_REGISTER,AUTHENTIC_EXCHANGE_VERIFIED
603307.SH,扬州金泉,SSE_MAIN,2024-09-06,2023-02-16,,SSE_OFFICIAL_LISTING_REGISTER,AUTHENTIC_EXCHANGE_VERIFIED
603308.SH,应流股份,SSE_MAIN,2024-09-06,2014-01-22,,SSE_OFFICIAL_LISTING_REGISTER,AUTHENTIC_EXCHANGE_VERIFIED
603309.SH,维力医疗,SSE_MAIN,2024-09-06,2015-03-02,,SSE_OFFICIAL_LISTING_REGISTER,AUTHENTIC_EXCHANGE_VERIFIED
603310.SH,巍华新材,SSE_MAIN,2024-09-06,2024-08-14,,SSE_OFFICIAL_LISTING_REGISTER,AUTHENTIC_EXCHANGE_VERIFIED
603311.SH,金海高科,SSE_MAIN,2024-09-06,2015-05-18,,SSE_OFFICIAL_LISTING_REGISTER,AUTHENTIC_EXCHANGE_VERIFIED
603312.SH,西典新能,SSE_MAIN,2024-09-06,2024-01-11,,SSE_OFFICIAL_LISTING_REGISTER,AUTHENTIC_EXCHANGE_VERIFIED
603313.SH,梦百合,SSE_MAIN,2024-09-06,2016-10-13,,SSE_OFFICIAL_LISTING_REGISTER,AUTHENTIC_EXCHANGE_VERIFIED
603315.SH,福鞍股份,SSE_MAIN,2024-09-06,2015-04-24,,SSE_OFFICIAL_LISTING_REGISTER,AUTHENTIC_EXCHANGE_VERIFIED
603316.SH,诚邦股份,SSE_MAIN,2024-09-06,2017-06-19,,SSE_OFFICIAL_LISTING_REGISTER,AUTHENTIC_EXCHANGE_VERIFIED
603317.SH,天味食品,SSE_MAIN,2024-09-06,2019-04-16,,SSE_OFFICIAL_LISTING_REGISTER,AUTHENTIC_EXCHANGE_VERIFIED
603318.SH,水发燃气,SSE_MAIN,2024-09-06,2015-04-24,,SSE_OFFICIAL_LISTING_REGISTER,AUTHENTIC_EXCHANGE_VERIFIED
603319.SH,美湖股份,SSE_MAIN,2024-09-06,2016-11-30,,SSE_OFFICIAL_LISTING_REGISTER,AUTHENTIC_EXCHANGE_VERIFIED
603320.SH,迪贝电气,SSE_MAIN,2024-09-06,2017-05-02,,SSE_OFFICIAL_LISTING_REGISTER,AUTHENTIC_EXCHANGE_VERIFIED
603321.SH,梅轮电梯,SSE_MAIN,2024-09-06,2017-09-15,,SSE_OFFICIAL_LISTING_REGISTER,AUTHENTIC_EXCHANGE_VERIFIED
603322.SH,超讯科技,SSE_MAIN,2024-09-06,2016-07-28,,SSE_OFFICIAL_LISTING_REGISTER,AUTHENTIC_EXCHANGE_VERIFIED
603323.SH,苏农银行,SSE_MAIN,2024-09-06,2016-11-29,,SSE_OFFICIAL_LISTING_REGISTER,AUTHENTIC_EXCHANGE_VERIFIED
603324.SH,盛剑科技,SSE_MAIN,2024-09-06,2021-04-07,,SSE_OFFICIAL_LISTING_REGISTER,AUTHENTIC_EXCHANGE_VERIFIED
603325.SH,博隆技术,SSE_MAIN,2024-09-06,2024-01-10,,SSE_OFFICIAL_LISTING_REGISTER,AUTHENTIC_EXCHANGE_VERIFIED
603326.SH,我乐家居,SSE_MAIN,2024-09-06,2017-06-16,,SSE_OFFICIAL_LISTING_REGISTER,AUTHENTIC_EXCHANGE_VERIFIED
603327.SH,福蓉科技,SSE_MAIN,2024-09-06,2019-05-23,,SSE_OFFICIAL_LISTING_REGISTER,AUTHENTIC_EXCHANGE_VERIFIED
603328.SH,依顿电子,SSE_MAIN,2024-09-06,2014-07-01,,SSE_OFFICIAL_LISTING_REGISTER,AUTHENTIC_EXCHANGE_VERIFIED
603329.SH,上海雅仕,SSE_MAIN,2024-09-06,2017-12-29,,SSE_OFFICIAL_LISTING_REGISTER,AUTHENTIC_EXCHANGE_VERIFIED
603330.SH,天洋新材,SSE_MAIN,2024-09-02,2017-02-13,,SSE_OFFICIAL_LISTING_REGISTER,AUTHENTIC_EXCHANGE_VERIFIED
603331.SH,百达精工,SSE_MAIN,2024-09-06,2017-07-05,,SSE_OFFICIAL_LISTING_REGISTER,AUTHENTIC_EXCHANGE_VERIFIED
603332.SH,苏州龙杰,SSE_MAIN,2024-09-06,2019-01-17,,SSE_OFFICIAL_LISTING_REGISTER,AUTHENTIC_EXCHANGE_VERIFIED
603333.SH,福华尚纬,SSE_MAIN,2024-09-06,2012-05-07,,SSE_OFFICIAL_LISTING_REGISTER,AUTHENTIC_EXCHANGE_VERIFIED
603334.SH,丰倍生物,SSE_MAIN,2024-09-06,2025-11-05,,SSE_OFFICIAL_LISTING_REGISTER,AUTHENTIC_EXCHANGE_VERIFIED
603335.SH,迪生力,SSE_MAIN,2024-09-06,2017-06-20,,SSE_OFFICIAL_LISTING_REGISTER,AUTHENTIC_EXCHANGE_VERIFIED
603336.SH,宏辉果蔬,SSE_MAIN,2024-09-06,2016-11-24,,SSE_OFFICIAL_LISTING_REGISTER,AUTHENTIC_EXCHANGE_VERIFIED
603337.SH,杰克科技,SSE_MAIN,2024-09-06,2017-01-19,,SSE_OFFICIAL_LISTING_REGISTER,AUTHENTIC_EXCHANGE_VERIFIED
603338.SH,浙江鼎力,SSE_MAIN,2024-09-06,2015-03-25,,SSE_OFFICIAL_LISTING_REGISTER,AUTHENTIC_EXCHANGE_VERIFIED
603339.SH,四方科技,SSE_MAIN,2024-09-06,2016-05-19,,SSE_OFFICIAL_LISTING_REGISTER,AUTHENTIC_EXCHANGE_VERIFIED
603341.SH,龙旗科技,SSE_MAIN,2024-09-06,2024-03-01,,SSE_OFFICIAL_LISTING_REGISTER,AUTHENTIC_EXCHANGE_VERIFIED
603344.SH,星德胜,SSE_MAIN,2024-09-06,2024-03-20,,SSE_OFFICIAL_LISTING_REGISTER,AUTHENTIC_EXCHANGE_VERIFIED
603345.SH,安井食品,SSE_MAIN,2024-09-06,2017-02-22,,SSE_OFFICIAL_LISTING_REGISTER,AUTHENTIC_EXCHANGE_VERIFIED
603348.SH,文灿股份,SSE_MAIN,2024-09-06,2018-04-26,,SSE_OFFICIAL_LISTING_REGISTER,AUTHENTIC_EXCHANGE_VERIFIED
603350.SH,安乃达,SSE_MAIN,2024-09-06,2024-07-03,,SSE_OFFICIAL_LISTING_REGISTER,AUTHENTIC_EXCHANGE_VERIFIED
603351.SH,威尔药业,SSE_MAIN,2024-09-06,2019-01-30,,SSE_OFFICIAL_LISTING_REGISTER,AUTHENTIC_EXCHANGE_VERIFIED
603352.SH,至信股份,SSE_MAIN,2024-09-06,2026-01-15,,SSE_OFFICIAL_LISTING_REGISTER,AUTHENTIC_EXCHANGE_VERIFIED
603353.SH,和顺石油,SSE_MAIN,2024-09-06,2020-04-07,,SSE_OFFICIAL_LISTING_REGISTER,AUTHENTIC_EXCHANGE_VERIFIED
603355.SH,莱克电气,SSE_MAIN,2024-09-06,2015-05-13,,SSE_OFFICIAL_LISTING_REGISTER,AUTHENTIC_EXCHANGE_VERIFIED
603356.SH,华菱精工,SSE_MAIN,2024-09-06,2018-01-24,,SSE_OFFICIAL_LISTING_REGISTER,AUTHENTIC_EXCHANGE_VERIFIED
603357.SH,设计总院,SSE_MAIN,2024-09-06,2017-08-01,,SSE_OFFICIAL_LISTING_REGISTER,AUTHENTIC_EXCHANGE_VERIFIED
603358.SH,华达科技,SSE_MAIN,2024-09-06,2017-01-25,,SSE_OFFICIAL_LISTING_REGISTER,AUTHENTIC_EXCHANGE_VERIFIED
603359.SH,*ST东珠,SSE_MAIN,2024-08-22,2017-09-01,,SSE_OFFICIAL_LISTING_REGISTER,AUTHENTIC_EXCHANGE_VERIFIED
603360.SH,百傲化学,SSE_MAIN,2024-09-06,2017-02-06,,SSE_OFFICIAL_LISTING_REGISTER,AUTHENTIC_EXCHANGE_VERIFIED
603363.SH,傲农生物,SSE_MAIN,2024-09-06,2017-09-26,,SSE_OFFICIAL_LISTING_REGISTER,AUTHENTIC_EXCHANGE_VERIFIED
603365.SH,水星家纺,SSE_MAIN,2024-09-06,2017-11-20,,SSE_OFFICIAL_LISTING_REGISTER,AUTHENTIC_EXCHANGE_VERIFIED
603366.SH,日出东方,SSE_MAIN,2024-09-06,2012-05-21,,SSE_OFFICIAL_LISTING_REGISTER,AUTHENTIC_EXCHANGE_VERIFIED
603367.SH,辰欣药业,SSE_MAIN,2024-09-06,2017-09-29,,SSE_OFFICIAL_LISTING_REGISTER,AUTHENTIC_EXCHANGE_VERIFIED
603368.SH,柳药集团,SSE_MAIN,2024-09-06,2014-12-04,,SSE_OFFICIAL_LISTING_REGISTER,AUTHENTIC_EXCHANGE_VERIFIED
603369.SH,今世缘,SSE_MAIN,2024-09-06,2014-07-03,,SSE_OFFICIAL_LISTING_REGISTER,AUTHENTIC_EXCHANGE_VERIFIED
603370.SH,华新精科,SSE_MAIN,2025-09-05,2025-09-05,,SSE_OFFICIAL_LISTING_REGISTER,AUTHENTIC_EXCHANGE_VERIFIED
603373.SH,安邦护卫,SSE_MAIN,2024-09-06,2023-12-20,,SSE_OFFICIAL_LISTING_REGISTER,AUTHENTIC_EXCHANGE_VERIFIED
603375.SH,盛景微,SSE_MAIN,2024-09-06,2024-01-24,,SSE_OFFICIAL_LISTING_REGISTER,AUTHENTIC_EXCHANGE_VERIFIED
603376.SH,大明电子,SSE_MAIN,2024-09-06,2025-11-06,,SSE_OFFICIAL_LISTING_REGISTER,AUTHENTIC_EXCHANGE_VERIFIED
603377.SH,ST东时,SSE_MAIN,2024-09-06,2016-02-05,,SSE_OFFICIAL_LISTING_REGISTER,AUTHENTIC_EXCHANGE_VERIFIED
603378.SH,*ST亚士,SSE_MAIN,2024-09-06,2017-09-28,,SSE_OFFICIAL_LISTING_REGISTER,AUTHENTIC_EXCHANGE_VERIFIED
603379.SH,三美股份,SSE_MAIN,2024-09-06,2019-04-02,,SSE_OFFICIAL_LISTING_REGISTER,AUTHENTIC_EXCHANGE_VERIFIED
603380.SH,易德龙,SSE_MAIN,2024-09-06,2017-06-22,,SSE_OFFICIAL_LISTING_REGISTER,AUTHENTIC_EXCHANGE_VERIFIED
603381.SH,永臻股份,SSE_MAIN,2024-09-06,2024-06-26,,SSE_OFFICIAL_LISTING_REGISTER,AUTHENTIC_EXCHANGE_VERIFIED
603382.SH,海阳科技,SSE_MAIN,2024-09-06,2025-06-12,,SSE_OFFICIAL_LISTING_REGISTER,AUTHENTIC_EXCHANGE_VERIFIED
603383.SH,顶点软件,SSE_MAIN,2024-09-06,2017-05-22,,SSE_OFFICIAL_LISTING_REGISTER,AUTHENTIC_EXCHANGE_VERIFIED
603385.SH,惠达卫浴,SSE_MAIN,2024-09-06,2017-04-05,,SSE_OFFICIAL_LISTING_REGISTER,AUTHENTIC_EXCHANGE_VERIFIED
603386.SH,骏亚科技,SSE_MAIN,2024-09-06,2017-09-12,,SSE_OFFICIAL_LISTING_REGISTER,AUTHENTIC_EXCHANGE_VERIFIED
603387.SH,基蛋生物,SSE_MAIN,2024-09-06,2017-07-17,,SSE_OFFICIAL_LISTING_REGISTER,AUTHENTIC_EXCHANGE_VERIFIED
603389.SH,亚振家居,SSE_MAIN,2024-09-06,2016-12-15,,SSE_OFFICIAL_LISTING_REGISTER,AUTHENTIC_EXCHANGE_VERIFIED
603390.SH,通达电气,SSE_MAIN,2024-09-06,2019-11-25,,SSE_OFFICIAL_LISTING_REGISTER,AUTHENTIC_EXCHANGE_VERIFIED
603391.SH,力聚热能,SSE_MAIN,2024-09-06,2024-07-31,,SSE_OFFICIAL_LISTING_REGISTER,AUTHENTIC_EXCHANGE_VERIFIED
603392.SH,万泰生物,SSE_MAIN,2024-09-06,2020-04-29,,SSE_OFFICIAL_LISTING_REGISTER,AUTHENTIC_EXCHANGE_VERIFIED
603393.SH,新天然气,SSE_MAIN,2024-09-06,2016-09-12,,SSE_OFFICIAL_LISTING_REGISTER,AUTHENTIC_EXCHANGE_VERIFIED
603395.SH,红四方,SSE_MAIN,2024-09-06,2024-11-26,,SSE_OFFICIAL_LISTING_REGISTER,AUTHENTIC_EXCHANGE_VERIFIED
603396.SH,金辰股份,SSE_MAIN,2024-09-06,2017-10-18,,SSE_OFFICIAL_LISTING_REGISTER,AUTHENTIC_EXCHANGE_VERIFIED
603398.SH,*ST沐邦,SSE_MAIN,2024-09-06,2015-12-09,,SSE_OFFICIAL_LISTING_REGISTER,AUTHENTIC_EXCHANGE_VERIFIED
603399.SH,永杉锂业,SSE_MAIN,2024-09-06,2012-08-24,,SSE_OFFICIAL_LISTING_REGISTER,AUTHENTIC_EXCHANGE_VERIFIED
603400.SH,华之杰,SSE_MAIN,2025-06-20,2025-06-20,,SSE_OFFICIAL_LISTING_REGISTER,AUTHENTIC_EXCHANGE_VERIFIED
603402.SH,陕西旅游,SSE_MAIN,2024-09-06,2026-01-06,,SSE_OFFICIAL_LISTING_REGISTER,AUTHENTIC_EXCHANGE_VERIFIED
603406.SH,天富龙,SSE_MAIN,2024-09-06,2025-08-08,,SSE_OFFICIAL_LISTING_REGISTER,AUTHENTIC_EXCHANGE_VERIFIED
603407.SH,长裕集团,SSE_MAIN,2024-09-06,2026-05-11,,SSE_OFFICIAL_LISTING_REGISTER,AUTHENTIC_EXCHANGE_VERIFIED
603408.SH,建霖家居,SSE_MAIN,2024-09-06,2020-07-30,,SSE_OFFICIAL_LISTING_REGISTER,AUTHENTIC_EXCHANGE_VERIFIED
603409.SH,汇通控股,SSE_MAIN,2024-09-06,2025-03-04,,SSE_OFFICIAL_LISTING_REGISTER,AUTHENTIC_EXCHANGE_VERIFIED
603416.SH,信捷电气,SSE_MAIN,2024-09-06,2016-12-21,,SSE_OFFICIAL_LISTING_REGISTER,AUTHENTIC_EXCHANGE_VERIFIED
603418.SH,友升股份,SSE_MAIN,2024-09-06,2025-09-23,,SSE_OFFICIAL_LISTING_REGISTER,AUTHENTIC_EXCHANGE_VERIFIED
603421.SH,鼎信通讯,SSE_MAIN,2024-09-06,2016-10-11,,SSE_OFFICIAL_LISTING_REGISTER,AUTHENTIC_EXCHANGE_VERIFIED
603429.SH,*ST集友,SSE_MAIN,2024-09-06,2017-01-24,,SSE_OFFICIAL_LISTING_REGISTER,AUTHENTIC_EXCHANGE_VERIFIED
603435.SH,嘉德利,SSE_MAIN,2024-09-06,2026-05-22,,SSE_OFFICIAL_LISTING_REGISTER,AUTHENTIC_EXCHANGE_VERIFIED
603439.SH,三力制药,SSE_MAIN,2024-09-06,2020-04-28,,SSE_OFFICIAL_LISTING_REGISTER,AUTHENTIC_EXCHANGE_VERIFIED
603444.SH,吉比特,SSE_MAIN,2024-09-06,2017-01-04,,SSE_OFFICIAL_LISTING_REGISTER,AUTHENTIC_EXCHANGE_VERIFIED
603448.SH,天博智能,SSE_MAIN,2024-09-06,2026-09-07,,SSE_OFFICIAL_LISTING_REGISTER,AUTHENTIC_EXCHANGE_VERIFIED
603456.SH,九洲药业,SSE_MAIN,2024-09-06,2014-10-10,,SSE_OFFICIAL_LISTING_REGISTER,AUTHENTIC_EXCHANGE_VERIFIED
603458.SH,勘设股份,SSE_MAIN,2024-09-06,2017-08-09,,SSE_OFFICIAL_LISTING_REGISTER,AUTHENTIC_EXCHANGE_VERIFIED
603459.SH,红板科技,SSE_MAIN,2024-09-06,2026-04-08,,SSE_OFFICIAL_LISTING_REGISTER,AUTHENTIC_EXCHANGE_VERIFIED
603466.SH,风语筑,SSE_MAIN,2024-09-06,2017-10-20,,SSE_OFFICIAL_LISTING_REGISTER,AUTHENTIC_EXCHANGE_VERIFIED
603468.SH,津富士达,SSE_MAIN,2024-09-06,2026-08-06,,SSE_OFFICIAL_LISTING_REGISTER,AUTHENTIC_EXCHANGE_VERIFIED
603477.SH,巨星农牧,SSE_MAIN,2024-09-06,2017-12-18,,SSE_OFFICIAL_LISTING_REGISTER,AUTHENTIC_EXCHANGE_VERIFIED
603486.SH,科沃斯,SSE_MAIN,2024-09-06,2018-05-28,,SSE_OFFICIAL_LISTING_REGISTER,AUTHENTIC_EXCHANGE_VERIFIED
603488.SH,展鹏科技,SSE_MAIN,2024-09-06,2017-05-16,,SSE_OFFICIAL_LISTING_REGISTER,AUTHENTIC_EXCHANGE_VERIFIED
603489.SH,八方股份,SSE_MAIN,2024-09-06,2019-11-11,,SSE_OFFICIAL_LISTING_REGISTER,AUTHENTIC_EXCHANGE_VERIFIED
603496.SH,恒为科技,SSE_MAIN,2024-09-06,2017-06-07,,SSE_OFFICIAL_LISTING_REGISTER,AUTHENTIC_EXCHANGE_VERIFIED
603499.SH,翔港科技,SSE_MAIN,2024-09-06,2017-10-16,,SSE_OFFICIAL_LISTING_REGISTER,AUTHENTIC_EXCHANGE_VERIFIED
603500.SH,祥和实业,SSE_MAIN,2024-09-06,2017-09-04,,SSE_OFFICIAL_LISTING_REGISTER,AUTHENTIC_EXCHANGE_VERIFIED
603501.SH,豪威集团,SSE_MAIN,2024-09-06,2017-05-04,,SSE_OFFICIAL_LISTING_REGISTER,AUTHENTIC_EXCHANGE_VERIFIED
603505.SH,金石资源,SSE_MAIN,2024-09-06,2017-05-03,,SSE_OFFICIAL_LISTING_REGISTER,AUTHENTIC_EXCHANGE_VERIFIED
603506.SH,南都物业,SSE_MAIN,2024-09-06,2018-02-01,,SSE_OFFICIAL_LISTING_REGISTER,AUTHENTIC_EXCHANGE_VERIFIED
603507.SH,振江股份,SSE_MAIN,2024-09-06,2017-11-06,,SSE_OFFICIAL_LISTING_REGISTER,AUTHENTIC_EXCHANGE_VERIFIED
603508.SH,思维列控,SSE_MAIN,2024-09-06,2015-12-24,,SSE_OFFICIAL_LISTING_REGISTER,AUTHENTIC_EXCHANGE_VERIFIED
603511.SH,爱慕股份,SSE_MAIN,2024-09-06,2021-05-31,,SSE_OFFICIAL_LISTING_REGISTER,AUTHENTIC_EXCHANGE_VERIFIED
603515.SH,XD欧普照,SSE_MAIN,2024-09-06,2016-08-19,,SSE_OFFICIAL_LISTING_REGISTER,AUTHENTIC_EXCHANGE_VERIFIED
603516.SH,淳中科技,SSE_MAIN,2024-09-06,2018-02-02,,SSE_OFFICIAL_LISTING_REGISTER,AUTHENTIC_EXCHANGE_VERIFIED
603517.SH,ST绝味,SSE_MAIN,2024-09-06,2017-03-17,,SSE_OFFICIAL_LISTING_REGISTER,AUTHENTIC_EXCHANGE_VERIFIED
603518.SH,锦泓集团,SSE_MAIN,2024-09-06,2014-12-03,,SSE_OFFICIAL_LISTING_REGISTER,AUTHENTIC_EXCHANGE_VERIFIED
603519.SH,立霸股份,SSE_MAIN,2024-09-06,2015-03-19,,SSE_OFFICIAL_LISTING_REGISTER,AUTHENTIC_EXCHANGE_VERIFIED
603520.SH,司太立,SSE_MAIN,2024-09-06,2016-03-09,,SSE_OFFICIAL_LISTING_REGISTER,AUTHENTIC_EXCHANGE_VERIFIED
603527.SH,众源新材,SSE_MAIN,2024-09-06,2017-09-07,,SSE_OFFICIAL_LISTING_REGISTER,AUTHENTIC_EXCHANGE_VERIFIED
603528.SH,多伦科技,SSE_MAIN,2024-09-06,2016-05-03,,SSE_OFFICIAL_LISTING_REGISTER,AUTHENTIC_EXCHANGE_VERIFIED
603529.SH,爱玛科技,SSE_MAIN,2024-09-06,2021-06-15,,SSE_OFFICIAL_LISTING_REGISTER,AUTHENTIC_EXCHANGE_VERIFIED
603530.SH,神马电力,SSE_MAIN,2024-09-06,2019-08-05,,SSE_OFFICIAL_LISTING_REGISTER,AUTHENTIC_EXCHANGE_VERIFIED
603533.SH,掌阅科技,SSE_MAIN,2024-09-06,2017-09-21,,SSE_OFFICIAL_LISTING_REGISTER,AUTHENTIC_EXCHANGE_VERIFIED
603535.SH,嘉诚国际,SSE_MAIN,2024-09-06,2017-08-08,,SSE_OFFICIAL_LISTING_REGISTER,AUTHENTIC_EXCHANGE_VERIFIED
603536.SH,惠发食品,SSE_MAIN,2024-09-06,2017-06-13,,SSE_OFFICIAL_LISTING_REGISTER,AUTHENTIC_EXCHANGE_VERIFIED
603538.SH,美诺华,SSE_MAIN,2024-09-06,2017-04-07,,SSE_OFFICIAL_LISTING_REGISTER,AUTHENTIC_EXCHANGE_VERIFIED
603551.SH,奥普科技,SSE_MAIN,2024-09-06,2020-01-15,,SSE_OFFICIAL_LISTING_REGISTER,AUTHENTIC_EXCHANGE_VERIFIED
603555.SH,603555.SH,SSE_MAIN,2022-02-14,2014-01-24,2024-03-29,SSE_OFFICIAL_DELISTED_REGISTER,AUTHENTIC_EXCHANGE_VERIFIED
603556.SH,海兴电力,SSE_MAIN,2024-09-06,2016-11-10,,SSE_OFFICIAL_LISTING_REGISTER,AUTHENTIC_EXCHANGE_VERIFIED
603557.SH,*ST起步,SSE_MAIN,2024-09-05,2017-08-18,,SSE_OFFICIAL_LISTING_REGISTER,AUTHENTIC_EXCHANGE_VERIFIED
603558.SH,健盛集团,SSE_MAIN,2024-09-06,2015-01-27,,SSE_OFFICIAL_LISTING_REGISTER,AUTHENTIC_EXCHANGE_VERIFIED
603559.SH,中通国脉,SSE_MAIN,2024-09-06,2016-12-02,,SSE_OFFICIAL_LISTING_REGISTER,AUTHENTIC_EXCHANGE_VERIFIED
603565.SH,中谷物流,SSE_MAIN,2024-09-06,2020-09-25,,SSE_OFFICIAL_LISTING_REGISTER,AUTHENTIC_EXCHANGE_VERIFIED
603566.SH,普莱柯,SSE_MAIN,2024-09-06,2015-05-18,,SSE_OFFICIAL_LISTING_REGISTER,AUTHENTIC_EXCHANGE_VERIFIED
603567.SH,珍宝岛,SSE_MAIN,2024-09-06,2015-04-24,,SSE_OFFICIAL_LISTING_REGISTER,AUTHENTIC_EXCHANGE_VERIFIED
603568.SH,伟明环保,SSE_MAIN,2024-09-06,2015-05-28,,SSE_OFFICIAL_LISTING_REGISTER,AUTHENTIC_EXCHANGE_VERIFIED
603569.SH,长久物流,SSE_MAIN,2024-09-06,2016-08-10,,SSE_OFFICIAL_LISTING_REGISTER,AUTHENTIC_EXCHANGE_VERIFIED
603577.SH,汇金通,SSE_MAIN,2024-09-06,2016-12-22,,SSE_OFFICIAL_LISTING_REGISTER,AUTHENTIC_EXCHANGE_VERIFIED
603578.SH,三星新材,SSE_MAIN,2024-09-06,2017-03-06,,SSE_OFFICIAL_LISTING_REGISTER,AUTHENTIC_EXCHANGE_VERIFIED
603579.SH,荣泰健康,SSE_MAIN,2024-09-06,2017-01-11,,SSE_OFFICIAL_LISTING_REGISTER,AUTHENTIC_EXCHANGE_VERIFIED
603580.SH,艾艾精工,SSE_MAIN,2024-08-29,2017-05-25,,SSE_OFFICIAL_LISTING_REGISTER,AUTHENTIC_EXCHANGE_VERIFIED
603583.SH,捷昌驱动,SSE_MAIN,2024-09-06,2018-09-21,,SSE_OFFICIAL_LISTING_REGISTER,AUTHENTIC_EXCHANGE_VERIFIED
603585.SH,苏利股份,SSE_MAIN,2024-09-06,2016-12-14,,SSE_OFFICIAL_LISTING_REGISTER,AUTHENTIC_EXCHANGE_VERIFIED
603586.SH,金麒麟,SSE_MAIN,2024-09-06,2017-04-06,,SSE_OFFICIAL_LISTING_REGISTER,AUTHENTIC_EXCHANGE_VERIFIED
603587.SH,地素时尚,SSE_MAIN,2024-09-06,2018-06-22,,SSE_OFFICIAL_LISTING_REGISTER,AUTHENTIC_EXCHANGE_VERIFIED
603588.SH,高能环境,SSE_MAIN,2024-09-06,2014-12-29,,SSE_OFFICIAL_LISTING_REGISTER,AUTHENTIC_EXCHANGE_VERIFIED
603589.SH,口子窖,SSE_MAIN,2024-09-06,2015-06-29,,SSE_OFFICIAL_LISTING_REGISTER,AUTHENTIC_EXCHANGE_VERIFIED
603590.SH,康辰药业,SSE_MAIN,2024-09-06,2018-08-27,,SSE_OFFICIAL_LISTING_REGISTER,AUTHENTIC_EXCHANGE_VERIFIED
603595.SH,ST东尼,SSE_MAIN,2024-09-06,2017-07-12,,SSE_OFFICIAL_LISTING_REGISTER,AUTHENTIC_EXCHANGE_VERIFIED
603596.SH,伯特利,SSE_MAIN,2024-09-06,2018-04-27,,SSE_OFFICIAL_LISTING_REGISTER,AUTHENTIC_EXCHANGE_VERIFIED
603598.SH,引力传媒,SSE_MAIN,2024-09-06,2015-05-27,,SSE_OFFICIAL_LISTING_REGISTER,AUTHENTIC_EXCHANGE_VERIFIED
603599.SH,广信股份,SSE_MAIN,2024-09-06,2015-05-13,,SSE_OFFICIAL_LISTING_REGISTER,AUTHENTIC_EXCHANGE_VERIFIED
603600.SH,永艺股份,SSE_MAIN,2024-09-06,2015-01-23,,SSE_OFFICIAL_LISTING_REGISTER,AUTHENTIC_EXCHANGE_VERIFIED
603601.SH,再升科技,SSE_MAIN,2024-09-06,2015-01-22,,SSE_OFFICIAL_LISTING_REGISTER,AUTHENTIC_EXCHANGE_VERIFIED
603602.SH,纵横通信,SSE_MAIN,2024-09-06,2017-08-10,,SSE_OFFICIAL_LISTING_REGISTER,AUTHENTIC_EXCHANGE_VERIFIED
603605.SH,珀莱雅,SSE_MAIN,2024-09-06,2017-11-15,,SSE_OFFICIAL_LISTING_REGISTER,AUTHENTIC_EXCHANGE_VERIFIED
603606.SH,东方电缆,SSE_MAIN,2024-09-06,2014-10-15,,SSE_OFFICIAL_LISTING_REGISTER,AUTHENTIC_EXCHANGE_VERIFIED
603607.SH,京华激光,SSE_MAIN,2024-09-06,2017-10-25,,SSE_OFFICIAL_LISTING_REGISTER,AUTHENTIC_EXCHANGE_VERIFIED
603608.SH,天创时尚,SSE_MAIN,2024-09-06,2016-02-18,,SSE_OFFICIAL_LISTING_REGISTER,AUTHENTIC_EXCHANGE_VERIFIED
603609.SH,禾丰股份,SSE_MAIN,2024-09-06,2014-08-08,,SSE_OFFICIAL_LISTING_REGISTER,AUTHENTIC_EXCHANGE_VERIFIED
603610.SH,麒盛科技,SSE_MAIN,2024-09-06,2019-10-29,,SSE_OFFICIAL_LISTING_REGISTER,AUTHENTIC_EXCHANGE_VERIFIED
603611.SH,诺力股份,SSE_MAIN,2024-09-06,2015-01-28,,SSE_OFFICIAL_LISTING_REGISTER,AUTHENTIC_EXCHANGE_VERIFIED
603612.SH,索通发展,SSE_MAIN,2024-09-06,2017-07-18,,SSE_OFFICIAL_LISTING_REGISTER,AUTHENTIC_EXCHANGE_VERIFIED
603613.SH,国联股份,SSE_MAIN,2024-09-06,2019-07-30,,SSE_OFFICIAL_LISTING_REGISTER,AUTHENTIC_EXCHANGE_VERIFIED
603615.SH,茶花股份,SSE_MAIN,2024-09-06,2017-02-13,,SSE_OFFICIAL_LISTING_REGISTER,AUTHENTIC_EXCHANGE_VERIFIED
603616.SH,韩建河山,SSE_MAIN,2024-09-06,2015-06-11,,SSE_OFFICIAL_LISTING_REGISTER,AUTHENTIC_EXCHANGE_VERIFIED
603617.SH,君禾股份,SSE_MAIN,2024-09-06,2017-07-03,,SSE_OFFICIAL_LISTING_REGISTER,AUTHENTIC_EXCHANGE_VERIFIED
603618.SH,杭电股份,SSE_MAIN,2024-09-06,2015-02-17,,SSE_OFFICIAL_LISTING_REGISTER,AUTHENTIC_EXCHANGE_VERIFIED
603619.SH,中曼石油,SSE_MAIN,2024-09-06,2017-11-17,,SSE_OFFICIAL_LISTING_REGISTER,AUTHENTIC_EXCHANGE_VERIFIED
603626.SH,科森科技,SSE_MAIN,2024-09-06,2017-02-09,,SSE_OFFICIAL_LISTING_REGISTER,AUTHENTIC_EXCHANGE_VERIFIED
603628.SH,清源股份,SSE_MAIN,2024-09-06,2017-01-12,,SSE_OFFICIAL_LISTING_REGISTER,AUTHENTIC_EXCHANGE_VERIFIED
603629.SH,利通电子,SSE_MAIN,2024-09-06,2018-12-24,,SSE_OFFICIAL_LISTING_REGISTER,AUTHENTIC_EXCHANGE_VERIFIED
603630.SH,拉芳家化,SSE_MAIN,2024-09-06,2017-03-13,,SSE_OFFICIAL_LISTING_REGISTER,AUTHENTIC_EXCHANGE_VERIFIED
603633.SH,徕木股份,SSE_MAIN,2024-09-06,2016-11-17,,SSE_OFFICIAL_LISTING_REGISTER,AUTHENTIC_EXCHANGE_VERIFIED
603636.SH,南威软件,SSE_MAIN,2024-09-06,2014-12-30,,SSE_OFFICIAL_LISTING_REGISTER,AUTHENTIC_EXCHANGE_VERIFIED
603637.SH,镇海股份,SSE_MAIN,2024-09-06,2017-02-08,,SSE_OFFICIAL_LISTING_REGISTER,AUTHENTIC_EXCHANGE_VERIFIED
603638.SH,艾迪精密,SSE_MAIN,2024-09-06,2017-01-20,,SSE_OFFICIAL_LISTING_REGISTER,AUTHENTIC_EXCHANGE_VERIFIED
603639.SH,海利尔,SSE_MAIN,2024-09-06,2017-01-12,,SSE_OFFICIAL_LISTING_REGISTER,AUTHENTIC_EXCHANGE_VERIFIED
603648.SH,畅联股份,SSE_MAIN,2024-09-06,2017-09-13,,SSE_OFFICIAL_LISTING_REGISTER,AUTHENTIC_EXCHANGE_VERIFIED
603650.SH,彤程新材,SSE_MAIN,2024-09-06,2018-06-27,,SSE_OFFICIAL_LISTING_REGISTER,AUTHENTIC_EXCHANGE_VERIFIED
603655.SH,朗博科技,SSE_MAIN,2024-09-06,2017-12-29,,SSE_OFFICIAL_LISTING_REGISTER,AUTHENTIC_EXCHANGE_VERIFIED
603656.SH,泰禾智能,SSE_MAIN,2024-09-06,2017-03-21,,SSE_OFFICIAL_LISTING_REGISTER,AUTHENTIC_EXCHANGE_VERIFIED
603657.SH,春光科技,SSE_MAIN,2024-09-06,2018-07-30,,SSE_OFFICIAL_LISTING_REGISTER,AUTHENTIC_EXCHANGE_VERIFIED
603658.SH,安图生物,SSE_MAIN,2024-09-06,2016-09-01,,SSE_OFFICIAL_LISTING_REGISTER,AUTHENTIC_EXCHANGE_VERIFIED
603659.SH,璞泰来,SSE_MAIN,2024-09-06,2017-11-03,,SSE_OFFICIAL_LISTING_REGISTER,AUTHENTIC_EXCHANGE_VERIFIED
603660.SH,苏州科达,SSE_MAIN,2024-09-06,2016-12-01,,SSE_OFFICIAL_LISTING_REGISTER,AUTHENTIC_EXCHANGE_VERIFIED
603661.SH,恒林股份,SSE_MAIN,2024-09-06,2017-11-21,,SSE_OFFICIAL_LISTING_REGISTER,AUTHENTIC_EXCHANGE_VERIFIED
603662.SH,柯力传感,SSE_MAIN,2024-09-06,2019-08-06,,SSE_OFFICIAL_LISTING_REGISTER,AUTHENTIC_EXCHANGE_VERIFIED
603663.SH,三祥新材,SSE_MAIN,2024-09-06,2016-08-01,,SSE_OFFICIAL_LISTING_REGISTER,AUTHENTIC_EXCHANGE_VERIFIED
603665.SH,康隆达,SSE_MAIN,2024-09-06,2017-03-13,,SSE_OFFICIAL_LISTING_REGISTER,AUTHENTIC_EXCHANGE_VERIFIED
603666.SH,亿嘉和,SSE_MAIN,2024-09-06,2018-06-12,,SSE_OFFICIAL_LISTING_REGISTER,AUTHENTIC_EXCHANGE_VERIFIED
603667.SH,五洲新春,SSE_MAIN,2024-09-06,2016-10-25,,SSE_OFFICIAL_LISTING_REGISTER,AUTHENTIC_EXCHANGE_VERIFIED
603668.SH,天马科技,SSE_MAIN,2024-09-06,2017-01-17,,SSE_OFFICIAL_LISTING_REGISTER,AUTHENTIC_EXCHANGE_VERIFIED
603669.SH,灵康药业,SSE_MAIN,2024-09-06,2015-05-28,,SSE_OFFICIAL_LISTING_REGISTER,AUTHENTIC_EXCHANGE_VERIFIED
603676.SH,卫信康,SSE_MAIN,2024-09-06,2017-07-21,,SSE_OFFICIAL_LISTING_REGISTER,AUTHENTIC_EXCHANGE_VERIFIED
603677.SH,奇精机械,SSE_MAIN,2024-09-06,2017-02-06,,SSE_OFFICIAL_LISTING_REGISTER,AUTHENTIC_EXCHANGE_VERIFIED
603678.SH,火炬电子,SSE_MAIN,2024-09-06,2015-01-26,,SSE_OFFICIAL_LISTING_REGISTER,AUTHENTIC_EXCHANGE_VERIFIED
603679.SH,华体科技,SSE_MAIN,2024-09-06,2017-06-21,,SSE_OFFICIAL_LISTING_REGISTER,AUTHENTIC_EXCHANGE_VERIFIED
603680.SH,今创集团,SSE_MAIN,2024-09-06,2018-02-27,,SSE_OFFICIAL_LISTING_REGISTER,AUTHENTIC_EXCHANGE_VERIFIED
603681.SH,永冠新材,SSE_MAIN,2024-09-06,2019-03-26,,SSE_OFFICIAL_LISTING_REGISTER,AUTHENTIC_EXCHANGE_VERIFIED
603682.SH,锦和商管,SSE_MAIN,2024-09-06,2020-04-21,,SSE_OFFICIAL_LISTING_REGISTER,AUTHENTIC_EXCHANGE_VERIFIED
603683.SH,晶华新材,SSE_MAIN,2024-09-06,2017-10-20,,SSE_OFFICIAL_LISTING_REGISTER,AUTHENTIC_EXCHANGE_VERIFIED
603685.SH,晨丰科技,SSE_MAIN,2024-09-06,2017-11-27,,SSE_OFFICIAL_LISTING_REGISTER,AUTHENTIC_EXCHANGE_VERIFIED
603686.SH,福龙马,SSE_MAIN,2024-09-06,2015-01-26,,SSE_OFFICIAL_LISTING_REGISTER,AUTHENTIC_EXCHANGE_VERIFIED
603687.SH,大胜达,SSE_MAIN,2024-09-06,2019-07-26,,SSE_OFFICIAL_LISTING_REGISTER,AUTHENTIC_EXCHANGE_VERIFIED
603688.SH,石英股份,SSE_MAIN,2024-09-06,2014-10-31,,SSE_OFFICIAL_LISTING_REGISTER,AUTHENTIC_EXCHANGE_VERIFIED
603689.SH,皖天然气,SSE_MAIN,2024-09-06,2017-01-10,,SSE_OFFICIAL_LISTING_REGISTER,AUTHENTIC_EXCHANGE_VERIFIED
603690.SH,至纯科技,SSE_MAIN,2024-08-26,2017-01-13,,SSE_OFFICIAL_LISTING_REGISTER,AUTHENTIC_EXCHANGE_VERIFIED
603693.SH,江苏新能,SSE_MAIN,2024-09-06,2018-07-03,,SSE_OFFICIAL_LISTING_REGISTER,AUTHENTIC_EXCHANGE_VERIFIED
603696.SH,安记食品,SSE_MAIN,2024-09-06,2015-12-09,,SSE_OFFICIAL_LISTING_REGISTER,AUTHENTIC_EXCHANGE_VERIFIED
603697.SH,有友食品,SSE_MAIN,2024-09-06,2019-05-08,,SSE_OFFICIAL_LISTING_REGISTER,AUTHENTIC_EXCHANGE_VERIFIED
603698.SH,航天工程,SSE_MAIN,2024-09-06,2015-01-28,,SSE_OFFICIAL_LISTING_REGISTER,AUTHENTIC_EXCHANGE_VERIFIED
603699.SH,纽威股份,SSE_MAIN,2024-09-06,2014-01-17,,SSE_OFFICIAL_LISTING_REGISTER,AUTHENTIC_EXCHANGE_VERIFIED
603700.SH,宁水集团,SSE_MAIN,2024-09-06,2019-01-22,,SSE_OFFICIAL_LISTING_REGISTER,AUTHENTIC_EXCHANGE_VERIFIED
603701.SH,德宏股份,SSE_MAIN,2024-09-06,2016-04-12,,SSE_OFFICIAL_LISTING_REGISTER,AUTHENTIC_EXCHANGE_VERIFIED
603703.SH,盛洋科技,SSE_MAIN,2024-09-06,2015-04-23,,SSE_OFFICIAL_LISTING_REGISTER,AUTHENTIC_EXCHANGE_VERIFIED
603706.SH,东方环宇,SSE_MAIN,2024-09-06,2018-07-09,,SSE_OFFICIAL_LISTING_REGISTER,AUTHENTIC_EXCHANGE_VERIFIED
603707.SH,健友股份,SSE_MAIN,2024-09-06,2017-07-19,,SSE_OFFICIAL_LISTING_REGISTER,AUTHENTIC_EXCHANGE_VERIFIED
603708.SH,家家悦,SSE_MAIN,2024-09-06,2016-12-13,,SSE_OFFICIAL_LISTING_REGISTER,AUTHENTIC_EXCHANGE_VERIFIED
603709.SH,中源家居,SSE_MAIN,2024-09-06,2018-02-08,,SSE_OFFICIAL_LISTING_REGISTER,AUTHENTIC_EXCHANGE_VERIFIED
603711.SH,香飘飘,SSE_MAIN,2024-09-06,2017-11-30,,SSE_OFFICIAL_LISTING_REGISTER,AUTHENTIC_EXCHANGE_VERIFIED
603712.SH,七一二,SSE_MAIN,2024-09-06,2018-02-26,,SSE_OFFICIAL_LISTING_REGISTER,AUTHENTIC_EXCHANGE_VERIFIED
603713.SH,密尔克卫,SSE_MAIN,2024-09-06,2018-07-13,,SSE_OFFICIAL_LISTING_REGISTER,AUTHENTIC_EXCHANGE_VERIFIED
603716.SH,塞力医疗,SSE_MAIN,2024-09-06,2016-10-31,,SSE_OFFICIAL_LISTING_REGISTER,AUTHENTIC_EXCHANGE_VERIFIED
603717.SH,天域生物,SSE_MAIN,2024-09-06,2017-03-27,,SSE_OFFICIAL_LISTING_REGISTER,AUTHENTIC_EXCHANGE_VERIFIED
603718.SH,*ST海利,SSE_MAIN,2024-09-06,2015-05-15,,SSE_OFFICIAL_LISTING_REGISTER,AUTHENTIC_EXCHANGE_VERIFIED
603719.SH,良品铺子,SSE_MAIN,2024-09-06,2020-02-24,,SSE_OFFICIAL_LISTING_REGISTER,AUTHENTIC_EXCHANGE_VERIFIED
603721.SH,中广天择,SSE_MAIN,2024-09-06,2017-08-11,,SSE_OFFICIAL_LISTING_REGISTER,AUTHENTIC_EXCHANGE_VERIFIED
603722.SH,阿科力,SSE_MAIN,2024-09-06,2017-10-25,,SSE_OFFICIAL_LISTING_REGISTER,AUTHENTIC_EXCHANGE_VERIFIED
603725.SH,天安新材,SSE_MAIN,2024-09-06,2017-09-06,,SSE_OFFICIAL_LISTING_REGISTER,AUTHENTIC_EXCHANGE_VERIFIED
603726.SH,朗迪集团,SSE_MAIN,2024-09-06,2016-04-21,,SSE_OFFICIAL_LISTING_REGISTER,AUTHENTIC_EXCHANGE_VERIFIED
603727.SH,博迈科,SSE_MAIN,2024-09-06,2016-11-22,,SSE_OFFICIAL_LISTING_REGISTER,AUTHENTIC_EXCHANGE_VERIFIED
603728.SH,鸣志电器,SSE_MAIN,2024-09-06,2017-05-09,,SSE_OFFICIAL_LISTING_REGISTER,AUTHENTIC_EXCHANGE_VERIFIED
603729.SH,ST龙韵,SSE_MAIN,2024-08-22,2015-03-24,,SSE_OFFICIAL_LISTING_REGISTER,AUTHENTIC_EXCHANGE_VERIFIED
603730.SH,岱美股份,SSE_MAIN,2024-09-06,2017-07-28,,SSE_OFFICIAL_LISTING_REGISTER,AUTHENTIC_EXCHANGE_VERIFIED
603733.SH,仙鹤股份,SSE_MAIN,2024-09-06,2018-04-20,,SSE_OFFICIAL_LISTING_REGISTER,AUTHENTIC_EXCHANGE_VERIFIED
603737.SH,三棵树,SSE_MAIN,2024-09-06,2016-06-03,,SSE_OFFICIAL_LISTING_REGISTER,AUTHENTIC_EXCHANGE_VERIFIED
603738.SH,泰晶科技,SSE_MAIN,2024-09-06,2016-09-28,,SSE_OFFICIAL_LISTING_REGISTER,AUTHENTIC_EXCHANGE_VERIFIED
603739.SH,蔚蓝生物,SSE_MAIN,2024-09-06,2019-01-16,,SSE_OFFICIAL_LISTING_REGISTER,AUTHENTIC_EXCHANGE_VERIFIED
603755.SH,日辰股份,SSE_MAIN,2024-09-06,2019-08-28,,SSE_OFFICIAL_LISTING_REGISTER,AUTHENTIC_EXCHANGE_VERIFIED
603757.SH,大元泵业,SSE_MAIN,2024-09-06,2017-07-11,,SSE_OFFICIAL_LISTING_REGISTER,AUTHENTIC_EXCHANGE_VERIFIED
603758.SH,秦安股份,SSE_MAIN,2024-09-06,2017-05-17,,SSE_OFFICIAL_LISTING_REGISTER,AUTHENTIC_EXCHANGE_VERIFIED
603759.SH,海天股份,SSE_MAIN,2024-09-06,2021-03-26,,SSE_OFFICIAL_LISTING_REGISTER,AUTHENTIC_EXCHANGE_VERIFIED
603766.SH,隆鑫通用,SSE_MAIN,2024-09-06,2012-08-10,,SSE_OFFICIAL_LISTING_REGISTER,AUTHENTIC_EXCHANGE_VERIFIED
603767.SH,中马传动,SSE_MAIN,2024-09-06,2017-06-13,,SSE_OFFICIAL_LISTING_REGISTER,AUTHENTIC_EXCHANGE_VERIFIED
603768.SH,常青股份,SSE_MAIN,2024-09-06,2017-03-24,,SSE_OFFICIAL_LISTING_REGISTER,AUTHENTIC_EXCHANGE_VERIFIED
603773.SH,沃格光电,SSE_MAIN,2024-09-06,2018-04-17,,SSE_OFFICIAL_LISTING_REGISTER,AUTHENTIC_EXCHANGE_VERIFIED
603776.SH,永安行,SSE_MAIN,2024-09-06,2017-08-17,,SSE_OFFICIAL_LISTING_REGISTER,AUTHENTIC_EXCHANGE_VERIFIED
603777.SH,来伊份,SSE_MAIN,2024-09-06,2016-10-12,,SSE_OFFICIAL_LISTING_REGISTER,AUTHENTIC_EXCHANGE_VERIFIED
603778.SH,国晟科技,SSE_MAIN,2024-09-06,2015-12-31,,SSE_OFFICIAL_LISTING_REGISTER,AUTHENTIC_EXCHANGE_VERIFIED
603779.SH,威龙股份,SSE_MAIN,2024-08-30,2016-05-16,,SSE_OFFICIAL_LISTING_REGISTER,AUTHENTIC_EXCHANGE_VERIFIED
603786.SH,科博达,SSE_MAIN,2024-09-06,2019-10-15,,SSE_OFFICIAL_LISTING_REGISTER,AUTHENTIC_EXCHANGE_VERIFIED
603787.SH,新日股份,SSE_MAIN,2024-09-06,2017-04-27,,SSE_OFFICIAL_LISTING_REGISTER,AUTHENTIC_EXCHANGE_VERIFIED
603788.SH,宁波高发,SSE_MAIN,2024-09-06,2015-01-20,,SSE_OFFICIAL_LISTING_REGISTER,AUTHENTIC_EXCHANGE_VERIFIED
603789.SH,ST星农,SSE_MAIN,2024-09-06,2015-04-27,,SSE_OFFICIAL_LISTING_REGISTER,AUTHENTIC_EXCHANGE_VERIFIED
603790.SH,雅运股份,SSE_MAIN,2024-09-06,2018-09-12,,SSE_OFFICIAL_LISTING_REGISTER,AUTHENTIC_EXCHANGE_VERIFIED
603797.SH,联泰环保,SSE_MAIN,2024-09-06,2017-04-13,,SSE_OFFICIAL_LISTING_REGISTER,AUTHENTIC_EXCHANGE_VERIFIED
603798.SH,康普顿,SSE_MAIN,2024-09-05,2016-04-06,,SSE_OFFICIAL_LISTING_REGISTER,AUTHENTIC_EXCHANGE_VERIFIED
603799.SH,华友钴业,SSE_MAIN,2024-09-06,2015-01-29,,SSE_OFFICIAL_LISTING_REGISTER,AUTHENTIC_EXCHANGE_VERIFIED
603800.SH,洪田股份,SSE_MAIN,2024-09-06,2015-12-10,,SSE_OFFICIAL_LISTING_REGISTER,AUTHENTIC_EXCHANGE_VERIFIED
603801.SH,志邦家居,SSE_MAIN,2024-09-06,2017-06-30,,SSE_OFFICIAL_LISTING_REGISTER,AUTHENTIC_EXCHANGE_VERIFIED
603803.SH,瑞斯康达,SSE_MAIN,2024-09-06,2017-04-20,,SSE_OFFICIAL_LISTING_REGISTER,AUTHENTIC_EXCHANGE_VERIFIED
603806.SH,福斯特,SSE_MAIN,2024-09-06,2014-09-05,,SSE_OFFICIAL_LISTING_REGISTER,AUTHENTIC_EXCHANGE_VERIFIED
603808.SH,歌力思,SSE_MAIN,2024-09-06,2015-04-22,,SSE_OFFICIAL_LISTING_REGISTER,AUTHENTIC_EXCHANGE_VERIFIED
603809.SH,豪能股份,SSE_MAIN,2024-09-06,2017-11-28,,SSE_OFFICIAL_LISTING_REGISTER,AUTHENTIC_EXCHANGE_VERIFIED
603810.SH,丰山集团,SSE_MAIN,2024-09-06,2018-09-17,,SSE_OFFICIAL_LISTING_REGISTER,AUTHENTIC_EXCHANGE_VERIFIED
603811.SH,诚意药业,SSE_MAIN,2024-09-06,2017-03-15,,SSE_OFFICIAL_LISTING_REGISTER,AUTHENTIC_EXCHANGE_VERIFIED
603813.SH,原尚股份,SSE_MAIN,2024-09-05,2017-09-18,,SSE_OFFICIAL_LISTING_REGISTER,AUTHENTIC_EXCHANGE_VERIFIED
603815.SH,交建股份,SSE_MAIN,2024-09-06,2019-10-21,,SSE_OFFICIAL_LISTING_REGISTER,AUTHENTIC_EXCHANGE_VERIFIED
603816.SH,顾家家居,SSE_MAIN,2024-09-06,2016-10-14,,SSE_OFFICIAL_LISTING_REGISTER,AUTHENTIC_EXCHANGE_VERIFIED
603817.SH,海峡环保,SSE_MAIN,2024-09-06,2017-02-20,,SSE_OFFICIAL_LISTING_REGISTER,AUTHENTIC_EXCHANGE_VERIFIED
603818.SH,曲美家居,SSE_MAIN,2024-09-06,2015-04-22,,SSE_OFFICIAL_LISTING_REGISTER,AUTHENTIC_EXCHANGE_VERIFIED
603819.SH,神力股份,SSE_MAIN,2024-09-06,2016-11-25,,SSE_OFFICIAL_LISTING_REGISTER,AUTHENTIC_EXCHANGE_VERIFIED
603822.SH,ST嘉澳,SSE_MAIN,2024-09-06,2016-04-28,,SSE_OFFICIAL_LISTING_REGISTER,AUTHENTIC_EXCHANGE_VERIFIED
603823.SH,百合花,SSE_MAIN,2024-09-06,2016-12-20,,SSE_OFFICIAL_LISTING_REGISTER,AUTHENTIC_EXCHANGE_VERIFIED
603825.SH,ST华扬,SSE_MAIN,2024-09-06,2017-08-02,,SSE_OFFICIAL_LISTING_REGISTER,AUTHENTIC_EXCHANGE_VERIFIED
603826.SH,坤彩科技,SSE_MAIN,2024-09-06,2017-04-14,,SSE_OFFICIAL_LISTING_REGISTER,AUTHENTIC_EXCHANGE_VERIFIED
603828.SH,*ST利达,SSE_MAIN,2024-09-06,2015-02-26,,SSE_OFFICIAL_LISTING_REGISTER,AUTHENTIC_EXCHANGE_VERIFIED
603829.SH,洛凯股份,SSE_MAIN,2024-09-06,2017-10-17,,SSE_OFFICIAL_LISTING_REGISTER,AUTHENTIC_EXCHANGE_VERIFIED
603833.SH,欧派家居,SSE_MAIN,2024-09-06,2017-03-28,,SSE_OFFICIAL_LISTING_REGISTER,AUTHENTIC_EXCHANGE_VERIFIED
603836.SH,海程邦达,SSE_MAIN,2024-09-06,2021-05-26,,SSE_OFFICIAL_LISTING_REGISTER,AUTHENTIC_EXCHANGE_VERIFIED
603838.SH,*ST四通,SSE_MAIN,2024-09-05,2015-07-01,,SSE_OFFICIAL_LISTING_REGISTER,AUTHENTIC_EXCHANGE_VERIFIED
603839.SH,安正时尚,SSE_MAIN,2024-09-06,2017-02-14,,SSE_OFFICIAL_LISTING_REGISTER,AUTHENTIC_EXCHANGE_VERIFIED
603843.SH,*ST正平,SSE_MAIN,2024-09-06,2016-09-05,,SSE_OFFICIAL_LISTING_REGISTER,AUTHENTIC_EXCHANGE_VERIFIED
603848.SH,好太太,SSE_MAIN,2024-09-06,2017-12-01,,SSE_OFFICIAL_LISTING_REGISTER,AUTHENTIC_EXCHANGE_VERIFIED
603855.SH,华荣股份,SSE_MAIN,2024-09-06,2017-05-24,,SSE_OFFICIAL_LISTING_REGISTER,AUTHENTIC_EXCHANGE_VERIFIED
603856.SH,东宏股份,SSE_MAIN,2024-09-06,2017-11-06,,SSE_OFFICIAL_LISTING_REGISTER,AUTHENTIC_EXCHANGE_VERIFIED
603858.SH,步长制药,SSE_MAIN,2024-09-06,2016-11-18,,SSE_OFFICIAL_LISTING_REGISTER,AUTHENTIC_EXCHANGE_VERIFIED
603859.SH,能科科技,SSE_MAIN,2024-09-06,2016-10-21,,SSE_OFFICIAL_LISTING_REGISTER,AUTHENTIC_EXCHANGE_VERIFIED
603860.SH,中公高科,SSE_MAIN,2024-09-06,2017-08-02,,SSE_OFFICIAL_LISTING_REGISTER,AUTHENTIC_EXCHANGE_VERIFIED
603861.SH,白云电器,SSE_MAIN,2024-09-06,2016-03-22,,SSE_OFFICIAL_LISTING_REGISTER,AUTHENTIC_EXCHANGE_VERIFIED
603863.SH,松炀资源,SSE_MAIN,2024-09-06,2019-06-21,,SSE_OFFICIAL_LISTING_REGISTER,AUTHENTIC_EXCHANGE_VERIFIED
603866.SH,桃李面包,SSE_MAIN,2024-09-06,2015-12-22,,SSE_OFFICIAL_LISTING_REGISTER,AUTHENTIC_EXCHANGE_VERIFIED
603867.SH,新化股份,SSE_MAIN,2024-09-06,2019-06-27,,SSE_OFFICIAL_LISTING_REGISTER,AUTHENTIC_EXCHANGE_VERIFIED
603868.SH,飞科电器,SSE_MAIN,2024-09-06,2016-04-18,,SSE_OFFICIAL_LISTING_REGISTER,AUTHENTIC_EXCHANGE_VERIFIED
603869.SH,ST智知,SSE_MAIN,2024-09-06,2015-03-26,,SSE_OFFICIAL_LISTING_REGISTER,AUTHENTIC_EXCHANGE_VERIFIED
603871.SH,嘉友国际,SSE_MAIN,2024-09-06,2018-02-06,,SSE_OFFICIAL_LISTING_REGISTER,AUTHENTIC_EXCHANGE_VERIFIED
603876.SH,鼎胜新材,SSE_MAIN,2024-09-06,2018-04-18,,SSE_OFFICIAL_LISTING_REGISTER,AUTHENTIC_EXCHANGE_VERIFIED
603877.SH,太平鸟,SSE_MAIN,2024-09-06,2017-01-09,,SSE_OFFICIAL_LISTING_REGISTER,AUTHENTIC_EXCHANGE_VERIFIED
603878.SH,武进不锈,SSE_MAIN,2024-09-06,2016-12-19,,SSE_OFFICIAL_LISTING_REGISTER,AUTHENTIC_EXCHANGE_VERIFIED
603879.SH,永悦科技,SSE_MAIN,2024-09-06,2017-06-14,,SSE_OFFICIAL_LISTING_REGISTER,AUTHENTIC_EXCHANGE_VERIFIED
603880.SH,南卫股份,SSE_MAIN,2024-09-06,2017-08-07,,SSE_OFFICIAL_LISTING_REGISTER,AUTHENTIC_EXCHANGE_VERIFIED
603881.SH,数据港,SSE_MAIN,2024-09-06,2017-02-08,,SSE_OFFICIAL_LISTING_REGISTER,AUTHENTIC_EXCHANGE_VERIFIED
603882.SH,金域医学,SSE_MAIN,2024-09-06,2017-09-08,,SSE_OFFICIAL_LISTING_REGISTER,AUTHENTIC_EXCHANGE_VERIFIED
603883.SH,老百姓,SSE_MAIN,2024-09-06,2015-04-23,,SSE_OFFICIAL_LISTING_REGISTER,AUTHENTIC_EXCHANGE_VERIFIED
603885.SH,吉祥航空,SSE_MAIN,2024-09-06,2015-05-27,,SSE_OFFICIAL_LISTING_REGISTER,AUTHENTIC_EXCHANGE_VERIFIED
603886.SH,元祖股份,SSE_MAIN,2024-09-06,2016-12-28,,SSE_OFFICIAL_LISTING_REGISTER,AUTHENTIC_EXCHANGE_VERIFIED
603887.SH,城地香江,SSE_MAIN,2024-08-30,2016-10-10,,SSE_OFFICIAL_LISTING_REGISTER,AUTHENTIC_EXCHANGE_VERIFIED
603888.SH,新华网,SSE_MAIN,2024-09-06,2016-10-28,,SSE_OFFICIAL_LISTING_REGISTER,AUTHENTIC_EXCHANGE_VERIFIED
603889.SH,新澳股份,SSE_MAIN,2024-09-06,2014-12-31,,SSE_OFFICIAL_LISTING_REGISTER,AUTHENTIC_EXCHANGE_VERIFIED
603890.SH,春秋电子,SSE_MAIN,2024-09-06,2017-12-12,,SSE_OFFICIAL_LISTING_REGISTER,AUTHENTIC_EXCHANGE_VERIFIED
603893.SH,瑞芯微,SSE_MAIN,2024-09-06,2020-02-07,,SSE_OFFICIAL_LISTING_REGISTER,AUTHENTIC_EXCHANGE_VERIFIED
603895.SH,天永智能,SSE_MAIN,2024-09-06,2018-01-22,,SSE_OFFICIAL_LISTING_REGISTER,AUTHENTIC_EXCHANGE_VERIFIED
603896.SH,寿仙谷,SSE_MAIN,2024-09-06,2017-05-10,,SSE_OFFICIAL_LISTING_REGISTER,AUTHENTIC_EXCHANGE_VERIFIED
603897.SH,长城科技,SSE_MAIN,2024-09-06,2018-04-10,,SSE_OFFICIAL_LISTING_REGISTER,AUTHENTIC_EXCHANGE_VERIFIED
603898.SH,好莱客,SSE_MAIN,2024-09-06,2015-02-17,,SSE_OFFICIAL_LISTING_REGISTER,AUTHENTIC_EXCHANGE_VERIFIED
603899.SH,晨光股份,SSE_MAIN,2024-09-06,2015-01-27,,SSE_OFFICIAL_LISTING_REGISTER,AUTHENTIC_EXCHANGE_VERIFIED
603900.SH,莱绅通灵,SSE_MAIN,2024-09-06,2016-11-23,,SSE_OFFICIAL_LISTING_REGISTER,AUTHENTIC_EXCHANGE_VERIFIED
603901.SH,永创智能,SSE_MAIN,2024-09-06,2015-05-29,,SSE_OFFICIAL_LISTING_REGISTER,AUTHENTIC_EXCHANGE_VERIFIED
603903.SH,中持股份,SSE_MAIN,2024-09-06,2017-03-14,,SSE_OFFICIAL_LISTING_REGISTER,AUTHENTIC_EXCHANGE_VERIFIED
603906.SH,龙蟠科技,SSE_MAIN,2024-09-06,2017-04-10,,SSE_OFFICIAL_LISTING_REGISTER,AUTHENTIC_EXCHANGE_VERIFIED
603908.SH,牧高笛,SSE_MAIN,2024-09-06,2017-03-07,,SSE_OFFICIAL_LISTING_REGISTER,AUTHENTIC_EXCHANGE_VERIFIED
603909.SH,建发合诚,SSE_MAIN,2024-09-06,2016-06-28,,SSE_OFFICIAL_LISTING_REGISTER,AUTHENTIC_EXCHANGE_VERIFIED
603912.SH,佳力图,SSE_MAIN,2024-09-06,2017-11-01,,SSE_OFFICIAL_LISTING_REGISTER,AUTHENTIC_EXCHANGE_VERIFIED
603915.SH,国茂股份,SSE_MAIN,2024-09-06,2019-06-14,,SSE_OFFICIAL_LISTING_REGISTER,AUTHENTIC_EXCHANGE_VERIFIED
603916.SH,苏博特,SSE_MAIN,2024-09-06,2017-11-10,,SSE_OFFICIAL_LISTING_REGISTER,AUTHENTIC_EXCHANGE_VERIFIED
603917.SH,合力科技,SSE_MAIN,2024-09-06,2017-12-04,,SSE_OFFICIAL_LISTING_REGISTER,AUTHENTIC_EXCHANGE_VERIFIED
603918.SH,金桥信息,SSE_MAIN,2024-09-06,2015-05-28,,SSE_OFFICIAL_LISTING_REGISTER,AUTHENTIC_EXCHANGE_VERIFIED
603919.SH,金徽酒,SSE_MAIN,2024-09-06,2016-03-10,,SSE_OFFICIAL_LISTING_REGISTER,AUTHENTIC_EXCHANGE_VERIFIED
603920.SH,世运电路,SSE_MAIN,2024-09-06,2017-04-26,,SSE_OFFICIAL_LISTING_REGISTER,AUTHENTIC_EXCHANGE_VERIFIED
603922.SH,ST金鸿顺,SSE_MAIN,2024-08-22,2017-10-23,,SSE_OFFICIAL_LISTING_REGISTER,AUTHENTIC_EXCHANGE_VERIFIED
603926.SH,铁流股份,SSE_MAIN,2024-09-06,2017-05-10,,SSE_OFFICIAL_LISTING_REGISTER,AUTHENTIC_EXCHANGE_VERIFIED
603927.SH,中科软,SSE_MAIN,2024-09-06,2019-09-09,,SSE_OFFICIAL_LISTING_REGISTER,AUTHENTIC_EXCHANGE_VERIFIED
603928.SH,兴业股份,SSE_MAIN,2024-09-06,2016-12-12,,SSE_OFFICIAL_LISTING_REGISTER,AUTHENTIC_EXCHANGE_VERIFIED
603929.SH,亚翔集成,SSE_MAIN,2024-09-06,2016-12-30,,SSE_OFFICIAL_LISTING_REGISTER,AUTHENTIC_EXCHANGE_VERIFIED
603931.SH,格林达,SSE_MAIN,2024-09-06,2020-08-19,,SSE_OFFICIAL_LISTING_REGISTER,AUTHENTIC_EXCHANGE_VERIFIED
603933.SH,睿能科技,SSE_MAIN,2024-09-06,2017-07-06,,SSE_OFFICIAL_LISTING_REGISTER,AUTHENTIC_EXCHANGE_VERIFIED
603936.SH,博敏电子,SSE_MAIN,2024-09-06,2015-12-09,,SSE_OFFICIAL_LISTING_REGISTER,AUTHENTIC_EXCHANGE_VERIFIED
603937.SH,丽岛新材,SSE_MAIN,2024-09-06,2017-11-02,,SSE_OFFICIAL_LISTING_REGISTER,AUTHENTIC_EXCHANGE_VERIFIED
603938.SH,三孚股份,SSE_MAIN,2024-09-06,2017-06-28,,SSE_OFFICIAL_LISTING_REGISTER,AUTHENTIC_EXCHANGE_VERIFIED
603939.SH,XD益丰药,SSE_MAIN,2024-09-06,2015-02-17,,SSE_OFFICIAL_LISTING_REGISTER,AUTHENTIC_EXCHANGE_VERIFIED
603948.SH,建业股份,SSE_MAIN,2024-09-06,2020-03-02,,SSE_OFFICIAL_LISTING_REGISTER,AUTHENTIC_EXCHANGE_VERIFIED
603949.SH,雪龙集团,SSE_MAIN,2024-09-06,2020-03-10,,SSE_OFFICIAL_LISTING_REGISTER,AUTHENTIC_EXCHANGE_VERIFIED
603950.SH,长源东谷,SSE_MAIN,2024-08-23,2020-05-26,,SSE_OFFICIAL_LISTING_REGISTER,AUTHENTIC_EXCHANGE_VERIFIED
603955.SH,大千生态,SSE_MAIN,2024-09-05,2017-03-10,,SSE_OFFICIAL_LISTING_REGISTER,AUTHENTIC_EXCHANGE_VERIFIED
603956.SH,威派格,SSE_MAIN,2024-09-06,2019-02-22,,SSE_OFFICIAL_LISTING_REGISTER,AUTHENTIC_EXCHANGE_VERIFIED
603958.SH,哈森股份,SSE_MAIN,2024-09-06,2016-06-29,,SSE_OFFICIAL_LISTING_REGISTER,AUTHENTIC_EXCHANGE_VERIFIED
603959.SH,ST百利,SSE_MAIN,2024-09-04,2016-05-17,,SSE_OFFICIAL_LISTING_REGISTER,AUTHENTIC_EXCHANGE_VERIFIED
603960.SH,克来机电,SSE_MAIN,2024-09-06,2017-03-14,,SSE_OFFICIAL_LISTING_REGISTER,AUTHENTIC_EXCHANGE_VERIFIED
603966.SH,法兰泰克,SSE_MAIN,2024-09-03,2017-01-25,,SSE_OFFICIAL_LISTING_REGISTER,AUTHENTIC_EXCHANGE_VERIFIED
603967.SH,中创物流,SSE_MAIN,2024-09-06,2019-04-29,,SSE_OFFICIAL_LISTING_REGISTER,AUTHENTIC_EXCHANGE_VERIFIED
603968.SH,醋化股份,SSE_MAIN,2024-09-06,2015-05-18,,SSE_OFFICIAL_LISTING_REGISTER,AUTHENTIC_EXCHANGE_VERIFIED
603969.SH,银龙股份,SSE_MAIN,2024-09-06,2015-02-27,,SSE_OFFICIAL_LISTING_REGISTER,AUTHENTIC_EXCHANGE_VERIFIED
603970.SH,中农立华,SSE_MAIN,2024-09-06,2017-11-16,,SSE_OFFICIAL_LISTING_REGISTER,AUTHENTIC_EXCHANGE_VERIFIED
603976.SH,正川股份,SSE_MAIN,2024-09-06,2017-08-22,,SSE_OFFICIAL_LISTING_REGISTER,AUTHENTIC_EXCHANGE_VERIFIED
603977.SH,国泰集团,SSE_MAIN,2024-09-06,2016-11-11,,SSE_OFFICIAL_LISTING_REGISTER,AUTHENTIC_EXCHANGE_VERIFIED
603978.SH,深圳新星,SSE_MAIN,2024-09-06,2017-08-07,,SSE_OFFICIAL_LISTING_REGISTER,AUTHENTIC_EXCHANGE_VERIFIED
603979.SH,金诚信,SSE_MAIN,2024-09-06,2015-06-30,,SSE_OFFICIAL_LISTING_REGISTER,AUTHENTIC_EXCHANGE_VERIFIED
603980.SH,吉华集团,SSE_MAIN,2024-08-30,2017-06-15,,SSE_OFFICIAL_LISTING_REGISTER,AUTHENTIC_EXCHANGE_VERIFIED
603982.SH,泉峰汽车,SSE_MAIN,2024-09-06,2019-05-22,,SSE_OFFICIAL_LISTING_REGISTER,AUTHENTIC_EXCHANGE_VERIFIED
603983.SH,丸美生物,SSE_MAIN,2024-09-06,2019-07-25,,SSE_OFFICIAL_LISTING_REGISTER,AUTHENTIC_EXCHANGE_VERIFIED
603985.SH,恒润股份,SSE_MAIN,2024-09-06,2017-05-05,,SSE_OFFICIAL_LISTING_REGISTER,AUTHENTIC_EXCHANGE_VERIFIED
603986.SH,兆易创新,SSE_MAIN,2024-09-06,2016-08-18,,SSE_OFFICIAL_LISTING_REGISTER,AUTHENTIC_EXCHANGE_VERIFIED
603987.SH,康德莱,SSE_MAIN,2024-09-06,2016-11-21,,SSE_OFFICIAL_LISTING_REGISTER,AUTHENTIC_EXCHANGE_VERIFIED
603988.SH,中电电机,SSE_MAIN,2024-09-06,2014-11-04,,SSE_OFFICIAL_LISTING_REGISTER,AUTHENTIC_EXCHANGE_VERIFIED
603989.SH,艾华集团,SSE_MAIN,2024-09-06,2015-05-15,,SSE_OFFICIAL_LISTING_REGISTER,AUTHENTIC_EXCHANGE_VERIFIED
603990.SH,麦迪科技,SSE_MAIN,2024-09-06,2016-12-08,,SSE_OFFICIAL_LISTING_REGISTER,AUTHENTIC_EXCHANGE_VERIFIED
603991.SH,领先股份,SSE_MAIN,2024-09-06,2017-03-08,,SSE_OFFICIAL_LISTING_REGISTER,AUTHENTIC_EXCHANGE_VERIFIED
603992.SH,松霖科技,SSE_MAIN,2024-09-06,2019-08-26,,SSE_OFFICIAL_LISTING_REGISTER,AUTHENTIC_EXCHANGE_VERIFIED
603993.SH,洛阳钼业,SSE_MAIN,2024-09-06,2012-10-09,,SSE_OFFICIAL_LISTING_REGISTER,AUTHENTIC_EXCHANGE_VERIFIED
603995.SH,甬金股份,SSE_MAIN,2024-09-06,2019-12-24,,SSE_OFFICIAL_LISTING_REGISTER,AUTHENTIC_EXCHANGE_VERIFIED
603997.SH,继峰股份,SSE_MAIN,2024-09-06,2015-03-02,,SSE_OFFICIAL_LISTING_REGISTER,AUTHENTIC_EXCHANGE_VERIFIED
603998.SH,方盛制药,SSE_MAIN,2024-09-06,2014-12-05,,SSE_OFFICIAL_LISTING_REGISTER,AUTHENTIC_EXCHANGE_VERIFIED
603999.SH,XD读者传,SSE_MAIN,2024-09-06,2015-12-10,,SSE_OFFICIAL_LISTING_REGISTER,AUTHENTIC_EXCHANGE_VERIFIED
605001.SH,威奥股份,SSE_MAIN,2024-09-06,2020-05-22,,SSE_OFFICIAL_LISTING_REGISTER,AUTHENTIC_EXCHANGE_VERIFIED
605003.SH,众望布艺,SSE_MAIN,2024-09-06,2020-09-08,,SSE_OFFICIAL_LISTING_REGISTER,AUTHENTIC_EXCHANGE_VERIFIED
605005.SH,合兴股份,SSE_MAIN,2024-09-06,2021-01-19,,SSE_OFFICIAL_LISTING_REGISTER,AUTHENTIC_EXCHANGE_VERIFIED
605006.SH,山东玻纤,SSE_MAIN,2024-09-06,2020-09-03,,SSE_OFFICIAL_LISTING_REGISTER,AUTHENTIC_EXCHANGE_VERIFIED
605007.SH,五洲特纸,SSE_MAIN,2024-09-06,2020-11-10,,SSE_OFFICIAL_LISTING_REGISTER,AUTHENTIC_EXCHANGE_VERIFIED
605008.SH,长鸿高科,SSE_MAIN,2024-09-06,2020-08-21,,SSE_OFFICIAL_LISTING_REGISTER,AUTHENTIC_EXCHANGE_VERIFIED
605009.SH,豪悦护理,SSE_MAIN,2024-09-06,2020-09-11,,SSE_OFFICIAL_LISTING_REGISTER,AUTHENTIC_EXCHANGE_VERIFIED
605011.SH,杭州热电,SSE_MAIN,2024-09-06,2021-06-30,,SSE_OFFICIAL_LISTING_REGISTER,AUTHENTIC_EXCHANGE_VERIFIED
605016.SH,百龙创园,SSE_MAIN,2024-09-06,2021-04-21,,SSE_OFFICIAL_LISTING_REGISTER,AUTHENTIC_EXCHANGE_VERIFIED
605018.SH,长华集团,SSE_MAIN,2024-09-06,2020-09-29,,SSE_OFFICIAL_LISTING_REGISTER,AUTHENTIC_EXCHANGE_VERIFIED
605020.SH,永和股份,SSE_MAIN,2024-09-06,2021-07-09,,SSE_OFFICIAL_LISTING_REGISTER,AUTHENTIC_EXCHANGE_VERIFIED
605028.SH,世茂能源,SSE_MAIN,2024-08-26,2021-07-12,,SSE_OFFICIAL_LISTING_REGISTER,AUTHENTIC_EXCHANGE_VERIFIED
605033.SH,美邦股份,SSE_MAIN,2024-09-06,2021-09-16,,SSE_OFFICIAL_LISTING_REGISTER,AUTHENTIC_EXCHANGE_VERIFIED
605050.SH,福然德,SSE_MAIN,2024-09-06,2020-09-24,,SSE_OFFICIAL_LISTING_REGISTER,AUTHENTIC_EXCHANGE_VERIFIED
605055.SH,迎丰股份,SSE_MAIN,2024-09-06,2021-01-29,,SSE_OFFICIAL_LISTING_REGISTER,AUTHENTIC_EXCHANGE_VERIFIED
605056.SH,咸亨国际,SSE_MAIN,2024-09-06,2021-07-20,,SSE_OFFICIAL_LISTING_REGISTER,AUTHENTIC_EXCHANGE_VERIFIED
605058.SH,澳弘电子,SSE_MAIN,2024-09-06,2020-10-21,,SSE_OFFICIAL_LISTING_REGISTER,AUTHENTIC_EXCHANGE_VERIFIED
605060.SH,联德股份,SSE_MAIN,2024-09-06,2021-03-01,,SSE_OFFICIAL_LISTING_REGISTER,AUTHENTIC_EXCHANGE_VERIFIED
605066.SH,天正电气,SSE_MAIN,2024-09-06,2020-08-07,,SSE_OFFICIAL_LISTING_REGISTER,AUTHENTIC_EXCHANGE_VERIFIED
605068.SH,明新旭腾,SSE_MAIN,2024-09-06,2020-11-23,,SSE_OFFICIAL_LISTING_REGISTER,AUTHENTIC_EXCHANGE_VERIFIED
605069.SH,正和生态,SSE_MAIN,2024-09-06,2021-08-16,,SSE_OFFICIAL_LISTING_REGISTER,AUTHENTIC_EXCHANGE_VERIFIED
605077.SH,华康股份,SSE_MAIN,2024-09-06,2021-02-09,,SSE_OFFICIAL_LISTING_REGISTER,AUTHENTIC_EXCHANGE_VERIFIED
605080.SH,浙江自然,SSE_MAIN,2024-09-06,2021-05-06,,SSE_OFFICIAL_LISTING_REGISTER,AUTHENTIC_EXCHANGE_VERIFIED
605086.SH,龙高股份,SSE_MAIN,2024-09-06,2021-04-16,,SSE_OFFICIAL_LISTING_REGISTER,AUTHENTIC_EXCHANGE_VERIFIED
605088.SH,冠盛股份,SSE_MAIN,2024-09-06,2020-08-17,,SSE_OFFICIAL_LISTING_REGISTER,AUTHENTIC_EXCHANGE_VERIFIED
605089.SH,味知香,SSE_MAIN,2024-09-06,2021-04-27,,SSE_OFFICIAL_LISTING_REGISTER,AUTHENTIC_EXCHANGE_VERIFIED
605090.SH,九丰能源,SSE_MAIN,2024-09-06,2021-05-25,,SSE_OFFICIAL_LISTING_REGISTER,AUTHENTIC_EXCHANGE_VERIFIED
605098.SH,行动教育,SSE_MAIN,2024-09-06,2021-04-21,,SSE_OFFICIAL_LISTING_REGISTER,AUTHENTIC_EXCHANGE_VERIFIED
605099.SH,共创草坪,SSE_MAIN,2024-09-06,2020-09-30,,SSE_OFFICIAL_LISTING_REGISTER,AUTHENTIC_EXCHANGE_VERIFIED
605100.SH,华丰股份,SSE_MAIN,2024-09-06,2020-08-11,,SSE_OFFICIAL_LISTING_REGISTER,AUTHENTIC_EXCHANGE_VERIFIED
605108.SH,同庆楼,SSE_MAIN,2024-09-06,2020-07-16,,SSE_OFFICIAL_LISTING_REGISTER,AUTHENTIC_EXCHANGE_VERIFIED
605111.SH,新洁能,SSE_MAIN,2024-09-06,2020-09-28,,SSE_OFFICIAL_LISTING_REGISTER,AUTHENTIC_EXCHANGE_VERIFIED
605116.SH,奥锐特,SSE_MAIN,2024-09-06,2020-09-21,,SSE_OFFICIAL_LISTING_REGISTER,AUTHENTIC_EXCHANGE_VERIFIED
605117.SH,德业股份,SSE_MAIN,2024-09-06,2021-04-20,,SSE_OFFICIAL_LISTING_REGISTER,AUTHENTIC_EXCHANGE_VERIFIED
605118.SH,力鼎光电,SSE_MAIN,2024-09-06,2020-07-30,,SSE_OFFICIAL_LISTING_REGISTER,AUTHENTIC_EXCHANGE_VERIFIED
605122.SH,四方新材,SSE_MAIN,2024-09-06,2021-03-10,,SSE_OFFICIAL_LISTING_REGISTER,AUTHENTIC_EXCHANGE_VERIFIED
605123.SH,派克新材,SSE_MAIN,2024-09-06,2020-08-25,,SSE_OFFICIAL_LISTING_REGISTER,AUTHENTIC_EXCHANGE_VERIFIED
605128.SH,上海沿浦,SSE_MAIN,2024-09-06,2020-09-15,,SSE_OFFICIAL_LISTING_REGISTER,AUTHENTIC_EXCHANGE_VERIFIED
605133.SH,嵘泰股份,SSE_MAIN,2024-09-06,2021-02-24,,SSE_OFFICIAL_LISTING_REGISTER,AUTHENTIC_EXCHANGE_VERIFIED
605136.SH,丽人丽妆,SSE_MAIN,2024-09-06,2020-09-29,,SSE_OFFICIAL_LISTING_REGISTER,AUTHENTIC_EXCHANGE_VERIFIED
605138.SH,盛泰集团,SSE_MAIN,2024-09-06,2021-10-27,,SSE_OFFICIAL_LISTING_REGISTER,AUTHENTIC_EXCHANGE_VERIFIED
605151.SH,西上海,SSE_MAIN,2024-09-06,2020-12-15,,SSE_OFFICIAL_LISTING_REGISTER,AUTHENTIC_EXCHANGE_VERIFIED
605155.SH,西大门,SSE_MAIN,2024-09-06,2020-12-31,,SSE_OFFICIAL_LISTING_REGISTER,AUTHENTIC_EXCHANGE_VERIFIED
605158.SH,华达新材,SSE_MAIN,2024-09-06,2020-08-05,,SSE_OFFICIAL_LISTING_REGISTER,AUTHENTIC_EXCHANGE_VERIFIED
605162.SH,新中港,SSE_MAIN,2024-09-06,2021-07-07,,SSE_OFFICIAL_LISTING_REGISTER,AUTHENTIC_EXCHANGE_VERIFIED
605166.SH,聚合顺,SSE_MAIN,2024-09-06,2020-06-18,,SSE_OFFICIAL_LISTING_REGISTER,AUTHENTIC_EXCHANGE_VERIFIED
605167.SH,利柏特,SSE_MAIN,2024-09-06,2021-07-26,,SSE_OFFICIAL_LISTING_REGISTER,AUTHENTIC_EXCHANGE_VERIFIED
605168.SH,三人行,SSE_MAIN,2024-09-06,2020-05-28,,SSE_OFFICIAL_LISTING_REGISTER,AUTHENTIC_EXCHANGE_VERIFIED
605169.SH,洪通燃气,SSE_MAIN,2024-09-06,2020-10-30,,SSE_OFFICIAL_LISTING_REGISTER,AUTHENTIC_EXCHANGE_VERIFIED
605177.SH,东亚药业,SSE_MAIN,2024-09-06,2020-11-25,,SSE_OFFICIAL_LISTING_REGISTER,AUTHENTIC_EXCHANGE_VERIFIED
605178.SH,时空科技,SSE_MAIN,2024-09-06,2020-08-21,,SSE_OFFICIAL_LISTING_REGISTER,AUTHENTIC_EXCHANGE_VERIFIED
605179.SH,一鸣食品,SSE_MAIN,2024-09-06,2020-12-28,,SSE_OFFICIAL_LISTING_REGISTER,AUTHENTIC_EXCHANGE_VERIFIED
605180.SH,华生科技,SSE_MAIN,2024-09-06,2021-04-30,,SSE_OFFICIAL_LISTING_REGISTER,AUTHENTIC_EXCHANGE_VERIFIED
605183.SH,XD确成股,SSE_MAIN,2024-09-06,2020-12-07,,SSE_OFFICIAL_LISTING_REGISTER,AUTHENTIC_EXCHANGE_VERIFIED
605186.SH,健麾信息,SSE_MAIN,2024-09-06,2020-12-22,,SSE_OFFICIAL_LISTING_REGISTER,AUTHENTIC_EXCHANGE_VERIFIED
605188.SH,国光连锁,SSE_MAIN,2024-09-06,2020-07-28,,SSE_OFFICIAL_LISTING_REGISTER,AUTHENTIC_EXCHANGE_VERIFIED
605189.SH,富春染织,SSE_MAIN,2024-09-06,2021-05-28,,SSE_OFFICIAL_LISTING_REGISTER,AUTHENTIC_EXCHANGE_VERIFIED
605196.SH,华通线缆,SSE_MAIN,2024-09-06,2021-05-11,,SSE_OFFICIAL_LISTING_REGISTER,AUTHENTIC_EXCHANGE_VERIFIED
605198.SH,安德利,SSE_MAIN,2024-09-06,2020-09-18,,SSE_OFFICIAL_LISTING_REGISTER,AUTHENTIC_EXCHANGE_VERIFIED
605199.SH,ST葫芦娃,SSE_MAIN,2024-09-06,2020-07-10,,SSE_OFFICIAL_LISTING_REGISTER,AUTHENTIC_EXCHANGE_VERIFIED
605208.SH,永茂泰,SSE_MAIN,2024-09-06,2021-03-08,,SSE_OFFICIAL_LISTING_REGISTER,AUTHENTIC_EXCHANGE_VERIFIED
605218.SH,伟时电子,SSE_MAIN,2024-09-06,2020-09-28,,SSE_OFFICIAL_LISTING_REGISTER,AUTHENTIC_EXCHANGE_VERIFIED
605222.SH,起帆电缆,SSE_MAIN,2024-09-06,2020-07-31,,SSE_OFFICIAL_LISTING_REGISTER,AUTHENTIC_EXCHANGE_VERIFIED
605228.SH,神通科技,SSE_MAIN,2024-09-06,2021-01-20,,SSE_OFFICIAL_LISTING_REGISTER,AUTHENTIC_EXCHANGE_VERIFIED
605255.SH,天普股份,SSE_MAIN,2024-09-06,2020-08-25,,SSE_OFFICIAL_LISTING_REGISTER,AUTHENTIC_EXCHANGE_VERIFIED
605258.SH,协和电子,SSE_MAIN,2024-09-06,2020-12-03,,SSE_OFFICIAL_LISTING_REGISTER,AUTHENTIC_EXCHANGE_VERIFIED
605259.SH,绿田机械,SSE_MAIN,2024-09-06,2021-06-15,,SSE_OFFICIAL_LISTING_REGISTER,AUTHENTIC_EXCHANGE_VERIFIED
605266.SH,健之佳,SSE_MAIN,2024-09-06,2020-12-01,,SSE_OFFICIAL_LISTING_REGISTER,AUTHENTIC_EXCHANGE_VERIFIED
605268.SH,王力安防,SSE_MAIN,2024-09-06,2021-02-24,,SSE_OFFICIAL_LISTING_REGISTER,AUTHENTIC_EXCHANGE_VERIFIED
605277.SH,新亚电子,SSE_MAIN,2024-09-06,2021-01-06,,SSE_OFFICIAL_LISTING_REGISTER,AUTHENTIC_EXCHANGE_VERIFIED
605286.SH,同力天启,SSE_MAIN,2024-09-06,2021-03-22,,SSE_OFFICIAL_LISTING_REGISTER,AUTHENTIC_EXCHANGE_VERIFIED
605287.SH,德才股份,SSE_MAIN,2024-09-06,2021-07-06,,SSE_OFFICIAL_LISTING_REGISTER,AUTHENTIC_EXCHANGE_VERIFIED
605288.SH,凯迪股份,SSE_MAIN,2024-09-06,2020-06-01,,SSE_OFFICIAL_LISTING_REGISTER,AUTHENTIC_EXCHANGE_VERIFIED
605289.SH,罗曼股份,SSE_MAIN,2024-09-06,2021-04-26,,SSE_OFFICIAL_LISTING_REGISTER,AUTHENTIC_EXCHANGE_VERIFIED
605296.SH,神农集团,SSE_MAIN,2024-09-06,2021-05-28,,SSE_OFFICIAL_LISTING_REGISTER,AUTHENTIC_EXCHANGE_VERIFIED
605298.SH,必得科技,SSE_MAIN,2024-09-06,2021-03-01,,SSE_OFFICIAL_LISTING_REGISTER,AUTHENTIC_EXCHANGE_VERIFIED
605299.SH,舒华体育,SSE_MAIN,2024-09-06,2020-12-15,,SSE_OFFICIAL_LISTING_REGISTER,AUTHENTIC_EXCHANGE_VERIFIED
605300.SH,佳禾食品,SSE_MAIN,2024-09-06,2021-04-30,,SSE_OFFICIAL_LISTING_REGISTER,AUTHENTIC_EXCHANGE_VERIFIED
605303.SH,园林股份,SSE_MAIN,2024-09-06,2021-03-01,,SSE_OFFICIAL_LISTING_REGISTER,AUTHENTIC_EXCHANGE_VERIFIED
605305.SH,中际联合,SSE_MAIN,2024-09-06,2021-05-06,,SSE_OFFICIAL_LISTING_REGISTER,AUTHENTIC_EXCHANGE_VERIFIED
605318.SH,法狮龙,SSE_MAIN,2024-09-06,2020-08-03,,SSE_OFFICIAL_LISTING_REGISTER,AUTHENTIC_EXCHANGE_VERIFIED
605319.SH,XD无锡振,SSE_MAIN,2024-09-06,2021-06-07,,SSE_OFFICIAL_LISTING_REGISTER,AUTHENTIC_EXCHANGE_VERIFIED
605333.SH,沪光股份,SSE_MAIN,2024-09-06,2020-08-18,,SSE_OFFICIAL_LISTING_REGISTER,AUTHENTIC_EXCHANGE_VERIFIED
605336.SH,*ST帅电,SSE_MAIN,2024-09-06,2020-10-19,,SSE_OFFICIAL_LISTING_REGISTER,AUTHENTIC_EXCHANGE_VERIFIED
605337.SH,李子园,SSE_MAIN,2024-09-06,2021-02-08,,SSE_OFFICIAL_LISTING_REGISTER,AUTHENTIC_EXCHANGE_VERIFIED
605338.SH,巴比食品,SSE_MAIN,2024-09-06,2020-10-12,,SSE_OFFICIAL_LISTING_REGISTER,AUTHENTIC_EXCHANGE_VERIFIED
605339.SH,南侨食品,SSE_MAIN,2024-09-06,2021-05-18,,SSE_OFFICIAL_LISTING_REGISTER,AUTHENTIC_EXCHANGE_VERIFIED
605358.SH,立昂微,SSE_MAIN,2024-09-06,2020-09-11,,SSE_OFFICIAL_LISTING_REGISTER,AUTHENTIC_EXCHANGE_VERIFIED
605365.SH,立达信,SSE_MAIN,2024-09-06,2021-07-20,,SSE_OFFICIAL_LISTING_REGISTER,AUTHENTIC_EXCHANGE_VERIFIED
605366.SH,宏柏新材,SSE_MAIN,2024-09-06,2020-08-12,,SSE_OFFICIAL_LISTING_REGISTER,AUTHENTIC_EXCHANGE_VERIFIED
605368.SH,蓝天燃气,SSE_MAIN,2024-09-06,2021-01-29,,SSE_OFFICIAL_LISTING_REGISTER,AUTHENTIC_EXCHANGE_VERIFIED
605369.SH,拱东医疗,SSE_MAIN,2024-09-06,2020-09-16,,SSE_OFFICIAL_LISTING_REGISTER,AUTHENTIC_EXCHANGE_VERIFIED
605376.SH,博迁新材,SSE_MAIN,2024-09-06,2020-12-08,,SSE_OFFICIAL_LISTING_REGISTER,AUTHENTIC_EXCHANGE_VERIFIED
605377.SH,华旺科技,SSE_MAIN,2024-09-06,2020-12-28,,SSE_OFFICIAL_LISTING_REGISTER,AUTHENTIC_EXCHANGE_VERIFIED
605378.SH,野马电池,SSE_MAIN,2024-09-06,2021-04-12,,SSE_OFFICIAL_LISTING_REGISTER,AUTHENTIC_EXCHANGE_VERIFIED
605388.SH,均瑶健康,SSE_MAIN,2024-09-06,2020-08-18,,SSE_OFFICIAL_LISTING_REGISTER,AUTHENTIC_EXCHANGE_VERIFIED
605389.SH,长龄液压,SSE_MAIN,2024-09-06,2021-03-22,,SSE_OFFICIAL_LISTING_REGISTER,AUTHENTIC_EXCHANGE_VERIFIED
605398.SH,新炬网络,SSE_MAIN,2024-09-06,2021-01-21,,SSE_OFFICIAL_LISTING_REGISTER,AUTHENTIC_EXCHANGE_VERIFIED
605399.SH,晨光新材,SSE_MAIN,2024-09-06,2020-08-04,,SSE_OFFICIAL_LISTING_REGISTER,AUTHENTIC_EXCHANGE_VERIFIED
605488.SH,福莱新材,SSE_MAIN,2024-09-06,2021-05-13,,SSE_OFFICIAL_LISTING_REGISTER,AUTHENTIC_EXCHANGE_VERIFIED
605499.SH,东鹏饮料,SSE_MAIN,2024-09-06,2021-05-27,,SSE_OFFICIAL_LISTING_REGISTER,AUTHENTIC_EXCHANGE_VERIFIED
605500.SH,森林包装,SSE_MAIN,2024-09-06,2020-12-22,,SSE_OFFICIAL_LISTING_REGISTER,AUTHENTIC_EXCHANGE_VERIFIED
605507.SH,国邦医药,SSE_MAIN,2024-09-06,2021-08-02,,SSE_OFFICIAL_LISTING_REGISTER,AUTHENTIC_EXCHANGE_VERIFIED
605555.SH,德昌股份,SSE_MAIN,2024-09-06,2021-10-21,,SSE_OFFICIAL_LISTING_REGISTER,AUTHENTIC_EXCHANGE_VERIFIED
605566.SH,福莱蒽特,SSE_MAIN,2024-09-06,2021-10-25,,SSE_OFFICIAL_LISTING_REGISTER,AUTHENTIC_EXCHANGE_VERIFIED
605567.SH,春雪食品,SSE_MAIN,2024-09-06,2021-10-13,,SSE_OFFICIAL_LISTING_REGISTER,AUTHENTIC_EXCHANGE_VERIFIED
605577.SH,龙版传媒,SSE_MAIN,2024-09-03,2021-08-24,,SSE_OFFICIAL_LISTING_REGISTER,AUTHENTIC_EXCHANGE_VERIFIED
605580.SH,恒盛能源,SSE_MAIN,2024-09-06,2021-08-19,,SSE_OFFICIAL_LISTING_REGISTER,AUTHENTIC_EXCHANGE_VERIFIED
605588.SH,冠石科技,SSE_MAIN,2024-09-06,2021-08-12,,SSE_OFFICIAL_LISTING_REGISTER,AUTHENTIC_EXCHANGE_VERIFIED
605589.SH,圣泉集团,SSE_MAIN,2024-09-06,2021-08-10,,SSE_OFFICIAL_LISTING_REGISTER,AUTHENTIC_EXCHANGE_VERIFIED
605598.SH,上海港湾,SSE_MAIN,2024-09-06,2021-09-17,,SSE_OFFICIAL_LISTING_REGISTER,AUTHENTIC_EXCHANGE_VERIFIED
605599.SH,菜百股份,SSE_MAIN,2024-09-06,2021-09-09,,SSE_OFFICIAL_LISTING_REGISTER,AUTHENTIC_EXCHANGE_VERIFIED
688001.SH,华兴源创,STAR,2024-09-06,2019-07-22,,SSE_OFFICIAL_LISTING_REGISTER,AUTHENTIC_EXCHANGE_VERIFIED
688002.SH,睿创微纳,STAR,2024-09-06,2019-07-22,,SSE_OFFICIAL_LISTING_REGISTER,AUTHENTIC_EXCHANGE_VERIFIED
688003.SH,天准科技,STAR,2024-09-06,2019-07-22,,SSE_OFFICIAL_LISTING_REGISTER,AUTHENTIC_EXCHANGE_VERIFIED
688004.SH,博汇科技,STAR,2024-09-06,2020-06-12,,SSE_OFFICIAL_LISTING_REGISTER,AUTHENTIC_EXCHANGE_VERIFIED
688005.SH,容百科技,STAR,2024-09-03,2019-07-22,,SSE_OFFICIAL_LISTING_REGISTER,AUTHENTIC_EXCHANGE_VERIFIED
688006.SH,杭可科技,STAR,2024-09-06,2019-07-22,,SSE_OFFICIAL_LISTING_REGISTER,AUTHENTIC_EXCHANGE_VERIFIED
688007.SH,光峰科技,STAR,2024-09-06,2019-07-22,,SSE_OFFICIAL_LISTING_REGISTER,AUTHENTIC_EXCHANGE_VERIFIED
688008.SH,澜起科技,STAR,2024-09-06,2019-07-22,,SSE_OFFICIAL_LISTING_REGISTER,AUTHENTIC_EXCHANGE_VERIFIED
688009.SH,中国通号,STAR,2024-09-06,2019-07-22,,SSE_OFFICIAL_LISTING_REGISTER,AUTHENTIC_EXCHANGE_VERIFIED
688010.SH,福光股份,STAR,2024-09-06,2019-07-22,,SSE_OFFICIAL_LISTING_REGISTER,AUTHENTIC_EXCHANGE_VERIFIED
688011.SH,新光光电,STAR,2024-09-06,2019-07-22,,SSE_OFFICIAL_LISTING_REGISTER,AUTHENTIC_EXCHANGE_VERIFIED
688012.SH,中微公司,STAR,2022-12-30,2019-07-22,,SSE_OFFICIAL_LISTING_REGISTER,AUTHENTIC_EXCHANGE_VERIFIED
688013.SH,天臣医疗,STAR,2024-09-06,2020-09-28,,SSE_OFFICIAL_LISTING_REGISTER,AUTHENTIC_EXCHANGE_VERIFIED
688015.SH,交控科技,STAR,2024-09-06,2019-07-22,,SSE_OFFICIAL_LISTING_REGISTER,AUTHENTIC_EXCHANGE_VERIFIED
688016.SH,心脉医疗,STAR,2024-09-06,2019-07-22,,SSE_OFFICIAL_LISTING_REGISTER,AUTHENTIC_EXCHANGE_VERIFIED
688017.SH,绿的谐波,STAR,2024-09-06,2020-08-28,,SSE_OFFICIAL_LISTING_REGISTER,AUTHENTIC_EXCHANGE_VERIFIED
688018.SH,乐鑫科技,STAR,2024-09-06,2019-07-22,,SSE_OFFICIAL_LISTING_REGISTER,AUTHENTIC_EXCHANGE_VERIFIED
688019.SH,安集科技,STAR,2024-09-06,2019-07-22,,SSE_OFFICIAL_LISTING_REGISTER,AUTHENTIC_EXCHANGE_VERIFIED
688020.SH,方邦股份,STAR,2024-09-06,2019-07-22,,SSE_OFFICIAL_LISTING_REGISTER,AUTHENTIC_EXCHANGE_VERIFIED
688021.SH,奥福科技,STAR,2024-09-06,2019-11-06,,SSE_OFFICIAL_LISTING_REGISTER,AUTHENTIC_EXCHANGE_VERIFIED
688022.SH,ST瀚川,STAR,2024-09-05,2019-07-22,,SSE_OFFICIAL_LISTING_REGISTER,AUTHENTIC_EXCHANGE_VERIFIED
688023.SH,安恒信息,STAR,2024-09-06,2019-11-05,,SSE_OFFICIAL_LISTING_REGISTER,AUTHENTIC_EXCHANGE_VERIFIED
688025.SH,杰普特,STAR,2024-09-06,2019-10-31,,SSE_OFFICIAL_LISTING_REGISTER,AUTHENTIC_EXCHANGE_VERIFIED
688026.SH,洁特生物,STAR,2024-09-06,2020-01-22,,SSE_OFFICIAL_LISTING_REGISTER,AUTHENTIC_EXCHANGE_VERIFIED
688027.SH,国盾量子,STAR,2024-09-06,2020-07-09,,SSE_OFFICIAL_LISTING_REGISTER,AUTHENTIC_EXCHANGE_VERIFIED
688028.SH,沃尔德,STAR,2024-09-06,2019-07-22,,SSE_OFFICIAL_LISTING_REGISTER,AUTHENTIC_EXCHANGE_VERIFIED
688029.SH,南微医学,STAR,2024-09-06,2019-07-22,,SSE_OFFICIAL_LISTING_REGISTER,AUTHENTIC_EXCHANGE_VERIFIED
688030.SH,山石网科,STAR,2024-09-06,2019-09-30,,SSE_OFFICIAL_LISTING_REGISTER,AUTHENTIC_EXCHANGE_VERIFIED
688031.SH,星环科技,STAR,2024-09-06,2022-10-18,,SSE_OFFICIAL_LISTING_REGISTER,AUTHENTIC_EXCHANGE_VERIFIED
688032.SH,禾迈股份,STAR,2024-09-06,2021-12-20,,SSE_OFFICIAL_LISTING_REGISTER,AUTHENTIC_EXCHANGE_VERIFIED
688033.SH,*ST天宜,STAR,2024-09-05,2019-07-22,,SSE_OFFICIAL_LISTING_REGISTER,AUTHENTIC_EXCHANGE_VERIFIED
688035.SH,德邦科技,STAR,2024-09-06,2022-09-19,,SSE_OFFICIAL_LISTING_REGISTER,AUTHENTIC_EXCHANGE_VERIFIED
688036.SH,传音控股,STAR,2024-09-06,2019-09-30,,SSE_OFFICIAL_LISTING_REGISTER,AUTHENTIC_EXCHANGE_VERIFIED
688037.SH,芯源微,STAR,2024-09-03,2019-12-16,,SSE_OFFICIAL_LISTING_REGISTER,AUTHENTIC_EXCHANGE_VERIFIED
688038.SH,中科通达,STAR,2024-08-23,2021-07-13,,SSE_OFFICIAL_LISTING_REGISTER,AUTHENTIC_EXCHANGE_VERIFIED
688039.SH,当虹科技,STAR,2024-09-06,2019-12-11,,SSE_OFFICIAL_LISTING_REGISTER,AUTHENTIC_EXCHANGE_VERIFIED
688041.SH,海光信息,STAR,2022-12-29,2022-08-12,,SSE_OFFICIAL_LISTING_REGISTER,AUTHENTIC_EXCHANGE_VERIFIED
688045.SH,必易微,STAR,2024-09-06,2022-05-26,,SSE_OFFICIAL_LISTING_REGISTER,AUTHENTIC_EXCHANGE_VERIFIED
688046.SH,药康生物,STAR,2024-09-06,2022-04-25,,SSE_OFFICIAL_LISTING_REGISTER,AUTHENTIC_EXCHANGE_VERIFIED
688047.SH,龙芯中科,STAR,2024-09-06,2022-06-24,,SSE_OFFICIAL_LISTING_REGISTER,AUTHENTIC_EXCHANGE_VERIFIED
688048.SH,长光华芯,STAR,2024-09-06,2022-04-01,,SSE_OFFICIAL_LISTING_REGISTER,AUTHENTIC_EXCHANGE_VERIFIED
688049.SH,炬芯科技,STAR,2024-09-06,2021-11-29,,SSE_OFFICIAL_LISTING_REGISTER,AUTHENTIC_EXCHANGE_VERIFIED
688050.SH,爱博医疗,STAR,2024-09-06,2020-07-29,,SSE_OFFICIAL_LISTING_REGISTER,AUTHENTIC_EXCHANGE_VERIFIED
688051.SH,佳华科技,STAR,2024-08-23,2020-03-20,,SSE_OFFICIAL_LISTING_REGISTER,AUTHENTIC_EXCHANGE_VERIFIED
688052.SH,纳芯微,STAR,2024-09-06,2022-04-22,,SSE_OFFICIAL_LISTING_REGISTER,AUTHENTIC_EXCHANGE_VERIFIED
688053.SH,ST思科瑞,STAR,2024-09-05,2022-07-08,,SSE_OFFICIAL_LISTING_REGISTER,AUTHENTIC_EXCHANGE_VERIFIED
688055.SH,龙腾光电,STAR,2024-09-06,2020-08-17,,SSE_OFFICIAL_LISTING_REGISTER,AUTHENTIC_EXCHANGE_VERIFIED
688056.SH,莱伯泰科,STAR,2024-09-06,2020-09-02,,SSE_OFFICIAL_LISTING_REGISTER,AUTHENTIC_EXCHANGE_VERIFIED
688057.SH,金达莱,STAR,2024-09-06,2020-11-11,,SSE_OFFICIAL_LISTING_REGISTER,AUTHENTIC_EXCHANGE_VERIFIED
688058.SH,宝兰德,STAR,2024-09-06,2019-11-01,,SSE_OFFICIAL_LISTING_REGISTER,AUTHENTIC_EXCHANGE_VERIFIED
688059.SH,华锐精密,STAR,2024-09-06,2021-02-08,,SSE_OFFICIAL_LISTING_REGISTER,AUTHENTIC_EXCHANGE_VERIFIED
688060.SH,云涌科技,STAR,2024-09-06,2020-07-10,,SSE_OFFICIAL_LISTING_REGISTER,AUTHENTIC_EXCHANGE_VERIFIED
688061.SH,灿瑞科技,STAR,2024-09-06,2022-10-18,,SSE_OFFICIAL_LISTING_REGISTER,AUTHENTIC_EXCHANGE_VERIFIED
688062.SH,迈威生物,STAR,2024-09-06,2022-01-18,,SSE_OFFICIAL_LISTING_REGISTER,AUTHENTIC_EXCHANGE_VERIFIED
688063.SH,派能科技,STAR,2024-09-06,2020-12-30,,SSE_OFFICIAL_LISTING_REGISTER,AUTHENTIC_EXCHANGE_VERIFIED
688065.SH,凯赛生物,STAR,2024-09-06,2020-08-12,,SSE_OFFICIAL_LISTING_REGISTER,AUTHENTIC_EXCHANGE_VERIFIED
688066.SH,*ST航图,STAR,2024-09-05,2019-07-22,,SSE_OFFICIAL_LISTING_REGISTER,AUTHENTIC_EXCHANGE_VERIFIED
688067.SH,爱威科技,STAR,2024-09-06,2021-06-16,,SSE_OFFICIAL_LISTING_REGISTER,AUTHENTIC_EXCHANGE_VERIFIED
688068.SH,热景生物,STAR,2024-09-06,2019-09-30,,SSE_OFFICIAL_LISTING_REGISTER,AUTHENTIC_EXCHANGE_VERIFIED
688069.SH,德林海,STAR,2024-09-06,2020-07-22,,SSE_OFFICIAL_LISTING_REGISTER,AUTHENTIC_EXCHANGE_VERIFIED
688070.SH,纵横股份,STAR,2024-09-06,2021-02-10,,SSE_OFFICIAL_LISTING_REGISTER,AUTHENTIC_EXCHANGE_VERIFIED
688071.SH,华依科技,STAR,2024-09-06,2021-07-29,,SSE_OFFICIAL_LISTING_REGISTER,AUTHENTIC_EXCHANGE_VERIFIED
688072.SH,拓荆科技,STAR,2024-08-23,2022-04-20,,SSE_OFFICIAL_LISTING_REGISTER,AUTHENTIC_EXCHANGE_VERIFIED
688073.SH,毕得医药,STAR,2024-08-23,2022-10-11,,SSE_OFFICIAL_LISTING_REGISTER,AUTHENTIC_EXCHANGE_VERIFIED
688075.SH,安旭生物,STAR,2024-09-06,2021-11-18,,SSE_OFFICIAL_LISTING_REGISTER,AUTHENTIC_EXCHANGE_VERIFIED
688076.SH,ST诺泰,STAR,2024-09-05,2021-05-20,,SSE_OFFICIAL_LISTING_REGISTER,AUTHENTIC_EXCHANGE_VERIFIED
688077.SH,大地熊,STAR,2024-09-06,2020-07-22,,SSE_OFFICIAL_LISTING_REGISTER,AUTHENTIC_EXCHANGE_VERIFIED
688078.SH,龙软科技,STAR,2024-09-06,2019-12-30,,SSE_OFFICIAL_LISTING_REGISTER,AUTHENTIC_EXCHANGE_VERIFIED
688079.SH,美迪凯,STAR,2024-09-06,2021-03-02,,SSE_OFFICIAL_LISTING_REGISTER,AUTHENTIC_EXCHANGE_VERIFIED
688080.SH,映翰通,STAR,2024-09-06,2020-02-12,,SSE_OFFICIAL_LISTING_REGISTER,AUTHENTIC_EXCHANGE_VERIFIED
688081.SH,兴图新科,STAR,2024-09-06,2020-01-06,,SSE_OFFICIAL_LISTING_REGISTER,AUTHENTIC_EXCHANGE_VERIFIED
688082.SH,盛美上海,STAR,2024-09-06,2021-11-18,,SSE_OFFICIAL_LISTING_REGISTER,AUTHENTIC_EXCHANGE_VERIFIED
688083.SH,中望软件,STAR,2024-09-06,2021-03-11,,SSE_OFFICIAL_LISTING_REGISTER,AUTHENTIC_EXCHANGE_VERIFIED
688084.SH,晶品特装,STAR,2024-09-06,2022-12-08,,SSE_OFFICIAL_LISTING_REGISTER,AUTHENTIC_EXCHANGE_VERIFIED
688085.SH,三友医疗,STAR,2024-09-06,2020-04-09,,SSE_OFFICIAL_LISTING_REGISTER,AUTHENTIC_EXCHANGE_VERIFIED
688086.SH,688086.SH,STAR,2021-04-21,2020-02-26,2023-07-07,SSE_OFFICIAL_DELISTED_REGISTER,AUTHENTIC_EXCHANGE_VERIFIED
688087.SH,英科再生,STAR,2024-09-06,2021-07-09,,SSE_OFFICIAL_LISTING_REGISTER,AUTHENTIC_EXCHANGE_VERIFIED
688088.SH,虹软科技,STAR,2024-09-06,2019-07-22,,SSE_OFFICIAL_LISTING_REGISTER,AUTHENTIC_EXCHANGE_VERIFIED
688089.SH,ST嘉必优,STAR,2024-08-23,2019-12-19,,SSE_OFFICIAL_LISTING_REGISTER,AUTHENTIC_EXCHANGE_VERIFIED
688090.SH,瑞松科技,STAR,2024-09-06,2020-02-17,,SSE_OFFICIAL_LISTING_REGISTER,AUTHENTIC_EXCHANGE_VERIFIED
688091.SH,上海谊众,STAR,2024-09-06,2021-09-09,,SSE_OFFICIAL_LISTING_REGISTER,AUTHENTIC_EXCHANGE_VERIFIED
688092.SH,爱科科技,STAR,2024-09-06,2021-03-19,,SSE_OFFICIAL_LISTING_REGISTER,AUTHENTIC_EXCHANGE_VERIFIED
688093.SH,世华科技,STAR,2024-09-06,2020-09-30,,SSE_OFFICIAL_LISTING_REGISTER,AUTHENTIC_EXCHANGE_VERIFIED
688095.SH,福昕软件,STAR,2024-09-06,2020-09-08,,SSE_OFFICIAL_LISTING_REGISTER,AUTHENTIC_EXCHANGE_VERIFIED
688096.SH,京源环保,STAR,2024-09-06,2020-04-09,,SSE_OFFICIAL_LISTING_REGISTER,AUTHENTIC_EXCHANGE_VERIFIED
688097.SH,博众精工,STAR,2024-09-06,2021-05-12,,SSE_OFFICIAL_LISTING_REGISTER,AUTHENTIC_EXCHANGE_VERIFIED
688098.SH,申联生物,STAR,2024-09-06,2019-10-28,,SSE_OFFICIAL_LISTING_REGISTER,AUTHENTIC_EXCHANGE_VERIFIED
688099.SH,晶晨股份,STAR,2024-09-06,2019-08-08,,SSE_OFFICIAL_LISTING_REGISTER,AUTHENTIC_EXCHANGE_VERIFIED
688100.SH,威胜信息,STAR,2024-09-06,2020-01-21,,SSE_OFFICIAL_LISTING_REGISTER,AUTHENTIC_EXCHANGE_VERIFIED
688101.SH,三达膜,STAR,2024-09-06,2019-11-15,,SSE_OFFICIAL_LISTING_REGISTER,AUTHENTIC_EXCHANGE_VERIFIED
688102.SH,斯瑞新材,STAR,2024-09-06,2022-03-16,,SSE_OFFICIAL_LISTING_REGISTER,AUTHENTIC_EXCHANGE_VERIFIED
688103.SH,国力电子,STAR,2024-09-06,2021-09-10,,SSE_OFFICIAL_LISTING_REGISTER,AUTHENTIC_EXCHANGE_VERIFIED
688105.SH,诺唯赞,STAR,2024-09-06,2021-11-15,,SSE_OFFICIAL_LISTING_REGISTER,AUTHENTIC_EXCHANGE_VERIFIED
688106.SH,金宏气体,STAR,2024-09-06,2020-06-16,,SSE_OFFICIAL_LISTING_REGISTER,AUTHENTIC_EXCHANGE_VERIFIED
688107.SH,安路科技,STAR,2024-09-06,2021-11-12,,SSE_OFFICIAL_LISTING_REGISTER,AUTHENTIC_EXCHANGE_VERIFIED
688108.SH,赛诺医疗,STAR,2024-09-06,2019-10-30,,SSE_OFFICIAL_LISTING_REGISTER,AUTHENTIC_EXCHANGE_VERIFIED
688109.SH,品茗科技,STAR,2024-08-30,2021-03-30,,SSE_OFFICIAL_LISTING_REGISTER,AUTHENTIC_EXCHANGE_VERIFIED
688110.SH,东芯股份,STAR,2024-09-03,2021-12-10,,SSE_OFFICIAL_LISTING_REGISTER,AUTHENTIC_EXCHANGE_VERIFIED
688111.SH,金山办公,STAR,2024-09-06,2019-11-18,,SSE_OFFICIAL_LISTING_REGISTER,AUTHENTIC_EXCHANGE_VERIFIED
688112.SH,鼎阳科技,STAR,2024-09-06,2021-12-01,,SSE_OFFICIAL_LISTING_REGISTER,AUTHENTIC_EXCHANGE_VERIFIED
688113.SH,联测科技,STAR,2024-09-06,2021-05-06,,SSE_OFFICIAL_LISTING_REGISTER,AUTHENTIC_EXCHANGE_VERIFIED
688114.SH,华大智造,STAR,2024-09-06,2022-09-09,,SSE_OFFICIAL_LISTING_REGISTER,AUTHENTIC_EXCHANGE_VERIFIED
688115.SH,思林杰,STAR,2024-08-23,2022-03-14,,SSE_OFFICIAL_LISTING_REGISTER,AUTHENTIC_EXCHANGE_VERIFIED
688116.SH,天奈科技,STAR,2024-09-06,2019-09-25,,SSE_OFFICIAL_LISTING_REGISTER,AUTHENTIC_EXCHANGE_VERIFIED
688117.SH,圣诺生物,STAR,2024-09-06,2021-06-03,,SSE_OFFICIAL_LISTING_REGISTER,AUTHENTIC_EXCHANGE_VERIFIED
688118.SH,普元信息,STAR,2024-09-06,2019-12-04,,SSE_OFFICIAL_LISTING_REGISTER,AUTHENTIC_EXCHANGE_VERIFIED
688119.SH,中钢洛耐,STAR,2024-09-06,2022-06-06,,SSE_OFFICIAL_LISTING_REGISTER,AUTHENTIC_EXCHANGE_VERIFIED
688120.SH,华海清科,STAR,2024-09-06,2022-06-08,,SSE_OFFICIAL_LISTING_REGISTER,AUTHENTIC_EXCHANGE_VERIFIED
688121.SH,*ST卓然,STAR,2024-07-09,2021-09-06,,SSE_OFFICIAL_LISTING_REGISTER,AUTHENTIC_EXCHANGE_VERIFIED
688122.SH,西部超导,STAR,2024-09-06,2019-07-22,,SSE_OFFICIAL_LISTING_REGISTER,AUTHENTIC_EXCHANGE_VERIFIED
688123.SH,聚辰股份,STAR,2024-09-06,2019-12-23,,SSE_OFFICIAL_LISTING_REGISTER,AUTHENTIC_EXCHANGE_VERIFIED
688125.SH,安达智能,STAR,2024-09-06,2022-04-15,,SSE_OFFICIAL_LISTING_REGISTER,AUTHENTIC_EXCHANGE_VERIFIED
688126.SH,沪硅产业,STAR,2024-08-23,2020-04-20,,SSE_OFFICIAL_LISTING_REGISTER,AUTHENTIC_EXCHANGE_VERIFIED
688127.SH,蓝特光学,STAR,2024-09-06,2020-09-21,,SSE_OFFICIAL_LISTING_REGISTER,AUTHENTIC_EXCHANGE_VERIFIED
688128.SH,中国电研,STAR,2024-09-06,2019-11-05,,SSE_OFFICIAL_LISTING_REGISTER,AUTHENTIC_EXCHANGE_VERIFIED
688129.SH,东来技术,STAR,2024-09-06,2020-10-23,,SSE_OFFICIAL_LISTING_REGISTER,AUTHENTIC_EXCHANGE_VERIFIED
688130.SH,晶华微,STAR,2024-09-06,2022-07-29,,SSE_OFFICIAL_LISTING_REGISTER,AUTHENTIC_EXCHANGE_VERIFIED
688131.SH,皓元医药,STAR,2024-09-06,2021-06-08,,SSE_OFFICIAL_LISTING_REGISTER,AUTHENTIC_EXCHANGE_VERIFIED
688132.SH,邦彦技术,STAR,2024-08-29,2022-09-23,,SSE_OFFICIAL_LISTING_REGISTER,AUTHENTIC_EXCHANGE_VERIFIED
688133.SH,泰坦科技,STAR,2024-09-06,2020-10-30,,SSE_OFFICIAL_LISTING_REGISTER,AUTHENTIC_EXCHANGE_VERIFIED
688135.SH,利扬芯片,STAR,2024-09-06,2020-11-11,,SSE_OFFICIAL_LISTING_REGISTER,AUTHENTIC_EXCHANGE_VERIFIED
688136.SH,科兴制药,STAR,2024-09-06,2020-12-14,,SSE_OFFICIAL_LISTING_REGISTER,AUTHENTIC_EXCHANGE_VERIFIED
688137.SH,近岸蛋白,STAR,2024-09-06,2022-09-29,,SSE_OFFICIAL_LISTING_REGISTER,AUTHENTIC_EXCHANGE_VERIFIED
688138.SH,清溢光电,STAR,2024-09-06,2019-11-20,,SSE_OFFICIAL_LISTING_REGISTER,AUTHENTIC_EXCHANGE_VERIFIED
688139.SH,海尔生物,STAR,2024-08-23,2019-10-25,,SSE_OFFICIAL_LISTING_REGISTER,AUTHENTIC_EXCHANGE_VERIFIED
688141.SH,杰华特,STAR,2024-09-06,2022-12-23,,SSE_OFFICIAL_LISTING_REGISTER,AUTHENTIC_EXCHANGE_VERIFIED
688143.SH,长盈通,STAR,2024-08-22,2022-12-12,,SSE_OFFICIAL_LISTING_REGISTER,AUTHENTIC_EXCHANGE_VERIFIED
688146.SH,中船特气,STAR,2024-09-03,2023-04-21,,SSE_OFFICIAL_LISTING_REGISTER,AUTHENTIC_EXCHANGE_VERIFIED
688147.SH,微导纳米,STAR,2024-09-06,2022-12-23,,SSE_OFFICIAL_LISTING_REGISTER,AUTHENTIC_EXCHANGE_VERIFIED
688148.SH,芳源股份,STAR,2024-09-06,2021-08-06,,SSE_OFFICIAL_LISTING_REGISTER,AUTHENTIC_EXCHANGE_VERIFIED
688150.SH,莱特光电,STAR,2024-09-06,2022-03-18,,SSE_OFFICIAL_LISTING_REGISTER,AUTHENTIC_EXCHANGE_VERIFIED
688151.SH,华强科技,STAR,2024-09-06,2021-12-06,,SSE_OFFICIAL_LISTING_REGISTER,AUTHENTIC_EXCHANGE_VERIFIED
688152.SH,麒麟信安,STAR,2024-09-06,2022-10-28,,SSE_OFFICIAL_LISTING_REGISTER,AUTHENTIC_EXCHANGE_VERIFIED
688153.SH,唯捷创芯,STAR,2024-09-06,2022-04-12,,SSE_OFFICIAL_LISTING_REGISTER,AUTHENTIC_EXCHANGE_VERIFIED
688155.SH,先惠技术,STAR,2024-09-06,2020-08-11,,SSE_OFFICIAL_LISTING_REGISTER,AUTHENTIC_EXCHANGE_VERIFIED
688156.SH,路德科技,STAR,2024-09-06,2020-09-22,,SSE_OFFICIAL_LISTING_REGISTER,AUTHENTIC_EXCHANGE_VERIFIED
688157.SH,松井股份,STAR,2024-09-06,2020-06-09,,SSE_OFFICIAL_LISTING_REGISTER,AUTHENTIC_EXCHANGE_VERIFIED
688158.SH,优刻得,STAR,2024-09-06,2020-01-20,,SSE_OFFICIAL_LISTING_REGISTER,AUTHENTIC_EXCHANGE_VERIFIED
688159.SH,有方科技,STAR,2024-09-06,2020-01-23,,SSE_OFFICIAL_LISTING_REGISTER,AUTHENTIC_EXCHANGE_VERIFIED
688160.SH,步科股份,STAR,2024-09-06,2020-11-12,,SSE_OFFICIAL_LISTING_REGISTER,AUTHENTIC_EXCHANGE_VERIFIED
688161.SH,威高骨科,STAR,2024-09-06,2021-06-30,,SSE_OFFICIAL_LISTING_REGISTER,AUTHENTIC_EXCHANGE_VERIFIED
688162.SH,巨一科技,STAR,2024-09-06,2021-11-10,,SSE_OFFICIAL_LISTING_REGISTER,AUTHENTIC_EXCHANGE_VERIFIED
688163.SH,赛伦生物,STAR,2024-09-06,2022-03-11,,SSE_OFFICIAL_LISTING_REGISTER,AUTHENTIC_EXCHANGE_VERIFIED
688165.SH,埃夫特,STAR,2024-08-23,2020-07-15,,SSE_OFFICIAL_LISTING_REGISTER,AUTHENTIC_EXCHANGE_VERIFIED
688166.SH,博瑞医药,STAR,2024-09-06,2019-11-08,,SSE_OFFICIAL_LISTING_REGISTER,AUTHENTIC_EXCHANGE_VERIFIED
688167.SH,炬光科技,STAR,2024-09-06,2021-12-24,,SSE_OFFICIAL_LISTING_REGISTER,AUTHENTIC_EXCHANGE_VERIFIED
688168.SH,安博通,STAR,2024-09-06,2019-09-06,,SSE_OFFICIAL_LISTING_REGISTER,AUTHENTIC_EXCHANGE_VERIFIED
688169.SH,石头科技,STAR,2024-09-06,2020-02-21,,SSE_OFFICIAL_LISTING_REGISTER,AUTHENTIC_EXCHANGE_VERIFIED
688170.SH,德龙激光,STAR,2024-09-06,2022-04-29,,SSE_OFFICIAL_LISTING_REGISTER,AUTHENTIC_EXCHANGE_VERIFIED
688171.SH,纬德信息,STAR,2024-09-06,2022-01-27,,SSE_OFFICIAL_LISTING_REGISTER,AUTHENTIC_EXCHANGE_VERIFIED
688172.SH,燕东微,STAR,2024-09-06,2022-12-16,,SSE_OFFICIAL_LISTING_REGISTER,AUTHENTIC_EXCHANGE_VERIFIED
688173.SH,希荻微,STAR,2024-08-27,2022-01-21,,SSE_OFFICIAL_LISTING_REGISTER,AUTHENTIC_EXCHANGE_VERIFIED
688175.SH,高凌信息,STAR,2024-08-13,2022-03-15,,SSE_OFFICIAL_LISTING_REGISTER,AUTHENTIC_EXCHANGE_VERIFIED
688176.SH,亚虹医药,STAR,2024-09-06,2022-01-07,,SSE_OFFICIAL_LISTING_REGISTER,AUTHENTIC_EXCHANGE_VERIFIED
688177.SH,百奥泰,STAR,2024-09-06,2020-02-21,,SSE_OFFICIAL_LISTING_REGISTER,AUTHENTIC_EXCHANGE_VERIFIED
688178.SH,万德斯,STAR,2024-08-30,2020-01-14,,SSE_OFFICIAL_LISTING_REGISTER,AUTHENTIC_EXCHANGE_VERIFIED
688179.SH,阿拉丁,STAR,2024-09-06,2020-10-26,,SSE_OFFICIAL_LISTING_REGISTER,AUTHENTIC_EXCHANGE_VERIFIED
688180.SH,君实生物,STAR,2024-09-06,2020-07-15,,SSE_OFFICIAL_LISTING_REGISTER,AUTHENTIC_EXCHANGE_VERIFIED
688181.SH,八亿时空,STAR,2024-09-06,2020-01-06,,SSE_OFFICIAL_LISTING_REGISTER,AUTHENTIC_EXCHANGE_VERIFIED
688182.SH,灿勤科技,STAR,2024-09-06,2021-11-16,,SSE_OFFICIAL_LISTING_REGISTER,AUTHENTIC_EXCHANGE_VERIFIED
688183.SH,生益电子,STAR,2024-09-06,2021-02-25,,SSE_OFFICIAL_LISTING_REGISTER,AUTHENTIC_EXCHANGE_VERIFIED
688184.SH,ST帕瓦,STAR,2024-09-05,2022-09-19,,SSE_OFFICIAL_LISTING_REGISTER,AUTHENTIC_EXCHANGE_VERIFIED
688185.SH,康希诺,STAR,2024-09-06,2020-08-13,,SSE_OFFICIAL_LISTING_REGISTER,AUTHENTIC_EXCHANGE_VERIFIED
688186.SH,广大特材,STAR,2024-09-06,2020-02-11,,SSE_OFFICIAL_LISTING_REGISTER,AUTHENTIC_EXCHANGE_VERIFIED
688187.SH,时代电气,STAR,2024-09-06,2021-09-07,,SSE_OFFICIAL_LISTING_REGISTER,AUTHENTIC_EXCHANGE_VERIFIED
688188.SH,柏楚电子,STAR,2024-09-06,2019-08-08,,SSE_OFFICIAL_LISTING_REGISTER,AUTHENTIC_EXCHANGE_VERIFIED
688189.SH,ST南新,STAR,2024-09-06,2020-03-26,,SSE_OFFICIAL_LISTING_REGISTER,AUTHENTIC_EXCHANGE_VERIFIED
688190.SH,云路股份,STAR,2024-09-06,2021-11-26,,SSE_OFFICIAL_LISTING_REGISTER,AUTHENTIC_EXCHANGE_VERIFIED
688191.SH,智洋创新,STAR,2024-08-23,2021-04-08,,SSE_OFFICIAL_LISTING_REGISTER,AUTHENTIC_EXCHANGE_VERIFIED
688192.SH,迪哲医药,STAR,2024-09-06,2021-12-10,,SSE_OFFICIAL_LISTING_REGISTER,AUTHENTIC_EXCHANGE_VERIFIED
688193.SH,仁度生物,STAR,2024-08-30,2022-03-30,,SSE_OFFICIAL_LISTING_REGISTER,AUTHENTIC_EXCHANGE_VERIFIED
688195.SH,腾景科技,STAR,2024-08-23,2021-03-26,,SSE_OFFICIAL_LISTING_REGISTER,AUTHENTIC_EXCHANGE_VERIFIED
688196.SH,卓越新能,STAR,2024-09-06,2019-11-21,,SSE_OFFICIAL_LISTING_REGISTER,AUTHENTIC_EXCHANGE_VERIFIED
688197.SH,首药控股,STAR,2024-09-06,2022-03-23,,SSE_OFFICIAL_LISTING_REGISTER,AUTHENTIC_EXCHANGE_VERIFIED
688198.SH,佰仁医疗,STAR,2024-09-06,2019-12-09,,SSE_OFFICIAL_LISTING_REGISTER,AUTHENTIC_EXCHANGE_VERIFIED
688199.SH,久日新材,STAR,2024-09-06,2019-11-05,,SSE_OFFICIAL_LISTING_REGISTER,AUTHENTIC_EXCHANGE_VERIFIED
688200.SH,华峰测控,STAR,2024-09-06,2020-02-18,,SSE_OFFICIAL_LISTING_REGISTER,AUTHENTIC_EXCHANGE_VERIFIED
688201.SH,ST信安,STAR,2024-09-05,2021-04-21,,SSE_OFFICIAL_LISTING_REGISTER,AUTHENTIC_EXCHANGE_VERIFIED
688202.SH,美迪西,STAR,2024-09-06,2019-11-05,,SSE_OFFICIAL_LISTING_REGISTER,AUTHENTIC_EXCHANGE_VERIFIED
688203.SH,海正生材,STAR,2024-09-06,2022-08-16,,SSE_OFFICIAL_LISTING_REGISTER,AUTHENTIC_EXCHANGE_VERIFIED
688205.SH,德科立,STAR,2024-09-06,2022-08-09,,SSE_OFFICIAL_LISTING_REGISTER,AUTHENTIC_EXCHANGE_VERIFIED
688206.SH,概伦电子,STAR,2024-08-23,2021-12-28,,SSE_OFFICIAL_LISTING_REGISTER,AUTHENTIC_EXCHANGE_VERIFIED
688207.SH,格灵深瞳,STAR,2024-09-06,2022-03-17,,SSE_OFFICIAL_LISTING_REGISTER,AUTHENTIC_EXCHANGE_VERIFIED
688208.SH,XD道通科,STAR,2024-09-06,2020-02-13,,SSE_OFFICIAL_LISTING_REGISTER,AUTHENTIC_EXCHANGE_VERIFIED
688209.SH,英集芯,STAR,2024-08-23,2022-04-19,,SSE_OFFICIAL_LISTING_REGISTER,AUTHENTIC_EXCHANGE_VERIFIED
688210.SH,统联精密,STAR,2024-09-06,2021-12-27,,SSE_OFFICIAL_LISTING_REGISTER,AUTHENTIC_EXCHANGE_VERIFIED
688211.SH,中科微至,STAR,2024-09-06,2021-10-26,,SSE_OFFICIAL_LISTING_REGISTER,AUTHENTIC_EXCHANGE_VERIFIED
688212.SH,澳华内镜,STAR,2024-09-06,2021-11-15,,SSE_OFFICIAL_LISTING_REGISTER,AUTHENTIC_EXCHANGE_VERIFIED
688213.SH,思特威,STAR,2024-09-06,2022-05-20,,SSE_OFFICIAL_LISTING_REGISTER,AUTHENTIC_EXCHANGE_VERIFIED
688215.SH,瑞晟智能,STAR,2024-09-06,2020-08-28,,SSE_OFFICIAL_LISTING_REGISTER,AUTHENTIC_EXCHANGE_VERIFIED
688216.SH,气派科技,STAR,2024-09-06,2021-06-23,,SSE_OFFICIAL_LISTING_REGISTER,AUTHENTIC_EXCHANGE_VERIFIED
688217.SH,睿昂基因,STAR,2024-09-06,2021-05-17,,SSE_OFFICIAL_LISTING_REGISTER,AUTHENTIC_EXCHANGE_VERIFIED
688218.SH,江苏北人,STAR,2024-09-06,2019-12-11,,SSE_OFFICIAL_LISTING_REGISTER,AUTHENTIC_EXCHANGE_VERIFIED
688219.SH,会通股份,STAR,2024-09-06,2020-11-18,,SSE_OFFICIAL_LISTING_REGISTER,AUTHENTIC_EXCHANGE_VERIFIED
688220.SH,翱捷科技,STAR,2024-09-06,2022-01-14,,SSE_OFFICIAL_LISTING_REGISTER,AUTHENTIC_EXCHANGE_VERIFIED
688221.SH,前沿生物,STAR,2024-09-06,2020-10-28,,SSE_OFFICIAL_LISTING_REGISTER,AUTHENTIC_EXCHANGE_VERIFIED
688222.SH,成都先导,STAR,2024-09-06,2020-04-16,,SSE_OFFICIAL_LISTING_REGISTER,AUTHENTIC_EXCHANGE_VERIFIED
688223.SH,晶科能源,STAR,2024-09-06,2022-01-26,,SSE_OFFICIAL_LISTING_REGISTER,AUTHENTIC_EXCHANGE_VERIFIED
688225.SH,亚信安全,STAR,2024-09-06,2022-02-09,,SSE_OFFICIAL_LISTING_REGISTER,AUTHENTIC_EXCHANGE_VERIFIED
688226.SH,威腾电气,STAR,2024-09-06,2021-07-07,,SSE_OFFICIAL_LISTING_REGISTER,AUTHENTIC_EXCHANGE_VERIFIED
688227.SH,品高股份,STAR,2024-09-06,2021-12-30,,SSE_OFFICIAL_LISTING_REGISTER,AUTHENTIC_EXCHANGE_VERIFIED
688228.SH,开普云,STAR,2024-08-23,2020-03-27,,SSE_OFFICIAL_LISTING_REGISTER,AUTHENTIC_EXCHANGE_VERIFIED
688229.SH,博睿数据,STAR,2024-09-06,2020-08-17,,SSE_OFFICIAL_LISTING_REGISTER,AUTHENTIC_EXCHANGE_VERIFIED
688230.SH,芯导科技,STAR,2024-09-06,2021-12-01,,SSE_OFFICIAL_LISTING_REGISTER,AUTHENTIC_EXCHANGE_VERIFIED
688231.SH,隆达股份,STAR,2024-09-06,2022-07-22,,SSE_OFFICIAL_LISTING_REGISTER,AUTHENTIC_EXCHANGE_VERIFIED
688232.SH,新点软件,STAR,2024-09-06,2021-11-17,,SSE_OFFICIAL_LISTING_REGISTER,AUTHENTIC_EXCHANGE_VERIFIED
688233.SH,神工股份,STAR,2024-09-06,2020-02-21,,SSE_OFFICIAL_LISTING_REGISTER,AUTHENTIC_EXCHANGE_VERIFIED
688234.SH,天岳先进,STAR,2024-09-06,2022-01-12,,SSE_OFFICIAL_LISTING_REGISTER,AUTHENTIC_EXCHANGE_VERIFIED
688235.SH,百济神州,STAR,2024-09-06,2021-12-15,,SSE_OFFICIAL_LISTING_REGISTER,AUTHENTIC_EXCHANGE_VERIFIED
688236.SH,春立医疗,STAR,2024-09-06,2021-12-30,,SSE_OFFICIAL_LISTING_REGISTER,AUTHENTIC_EXCHANGE_VERIFIED
688237.SH,超卓航科,STAR,2024-08-23,2022-07-01,,SSE_OFFICIAL_LISTING_REGISTER,AUTHENTIC_EXCHANGE_VERIFIED
688238.SH,和元生物,STAR,2024-09-06,2022-03-22,,SSE_OFFICIAL_LISTING_REGISTER,AUTHENTIC_EXCHANGE_VERIFIED
688239.SH,航宇科技,STAR,2024-09-06,2021-07-05,,SSE_OFFICIAL_LISTING_REGISTER,AUTHENTIC_EXCHANGE_VERIFIED
688244.SH,永信至诚,STAR,2024-09-06,2022-10-19,,SSE_OFFICIAL_LISTING_REGISTER,AUTHENTIC_EXCHANGE_VERIFIED
688246.SH,嘉和美康,STAR,2024-09-06,2021-12-14,,SSE_OFFICIAL_LISTING_REGISTER,AUTHENTIC_EXCHANGE_VERIFIED
688247.SH,宣泰医药,STAR,2024-09-06,2022-08-25,,SSE_OFFICIAL_LISTING_REGISTER,AUTHENTIC_EXCHANGE_VERIFIED
688248.SH,南网科技,STAR,2024-09-06,2021-12-22,,SSE_OFFICIAL_LISTING_REGISTER,AUTHENTIC_EXCHANGE_VERIFIED
688249.SH,晶合集成,STAR,2024-09-06,2023-05-05,,SSE_OFFICIAL_LISTING_REGISTER,AUTHENTIC_EXCHANGE_VERIFIED
688251.SH,井松智能,STAR,2024-09-06,2022-06-06,,SSE_OFFICIAL_LISTING_REGISTER,AUTHENTIC_EXCHANGE_VERIFIED
688252.SH,天德钰,STAR,2024-09-06,2022-09-27,,SSE_OFFICIAL_LISTING_REGISTER,AUTHENTIC_EXCHANGE_VERIFIED
688253.SH,英诺特,STAR,2024-09-06,2022-07-28,,SSE_OFFICIAL_LISTING_REGISTER,AUTHENTIC_EXCHANGE_VERIFIED
688255.SH,凯尔达,STAR,2024-09-06,2021-10-25,,SSE_OFFICIAL_LISTING_REGISTER,AUTHENTIC_EXCHANGE_VERIFIED
688256.SH,寒武纪,STAR,2024-09-06,2020-07-20,,SSE_OFFICIAL_LISTING_REGISTER,AUTHENTIC_EXCHANGE_VERIFIED
688257.SH,新锐股份,STAR,2024-09-06,2021-10-27,,SSE_OFFICIAL_LISTING_REGISTER,AUTHENTIC_EXCHANGE_VERIFIED
688258.SH,卓易信息,STAR,2024-09-06,2019-12-09,,SSE_OFFICIAL_LISTING_REGISTER,AUTHENTIC_EXCHANGE_VERIFIED
688259.SH,创耀科技,STAR,2024-09-06,2022-01-12,,SSE_OFFICIAL_LISTING_REGISTER,AUTHENTIC_EXCHANGE_VERIFIED
688260.SH,昀冢科技,STAR,2024-09-03,2021-04-06,,SSE_OFFICIAL_LISTING_REGISTER,AUTHENTIC_EXCHANGE_VERIFIED
688261.SH,东微半导,STAR,2024-09-06,2022-02-10,,SSE_OFFICIAL_LISTING_REGISTER,AUTHENTIC_EXCHANGE_VERIFIED
688262.SH,国芯科技,STAR,2024-09-06,2022-01-06,,SSE_OFFICIAL_LISTING_REGISTER,AUTHENTIC_EXCHANGE_VERIFIED
688265.SH,南模生物,STAR,2024-09-06,2021-12-28,,SSE_OFFICIAL_LISTING_REGISTER,AUTHENTIC_EXCHANGE_VERIFIED
688266.SH,泽璟制药,STAR,2024-09-06,2020-01-23,,SSE_OFFICIAL_LISTING_REGISTER,AUTHENTIC_EXCHANGE_VERIFIED
688267.SH,中触媒,STAR,2024-09-06,2022-02-16,,SSE_OFFICIAL_LISTING_REGISTER,AUTHENTIC_EXCHANGE_VERIFIED
688268.SH,华特气体,STAR,2024-09-06,2019-12-26,,SSE_OFFICIAL_LISTING_REGISTER,AUTHENTIC_EXCHANGE_VERIFIED
688269.SH,凯立新材,STAR,2024-09-06,2021-06-09,,SSE_OFFICIAL_LISTING_REGISTER,AUTHENTIC_EXCHANGE_VERIFIED
688270.SH,ST臻镭,STAR,2024-09-05,2022-01-27,,SSE_OFFICIAL_LISTING_REGISTER,AUTHENTIC_EXCHANGE_VERIFIED
688271.SH,联影医疗,STAR,2024-09-06,2022-08-22,,SSE_OFFICIAL_LISTING_REGISTER,AUTHENTIC_EXCHANGE_VERIFIED
688272.SH,富吉瑞,STAR,2024-09-06,2021-10-18,,SSE_OFFICIAL_LISTING_REGISTER,AUTHENTIC_EXCHANGE_VERIFIED
688273.SH,麦澜德,STAR,2024-09-06,2022-08-11,,SSE_OFFICIAL_LISTING_REGISTER,AUTHENTIC_EXCHANGE_VERIFIED
688275.SH,万润新能,STAR,2024-09-06,2022-09-29,,SSE_OFFICIAL_LISTING_REGISTER,AUTHENTIC_EXCHANGE_VERIFIED
688276.SH,百克生物,STAR,2024-09-06,2021-06-25,,SSE_OFFICIAL_LISTING_REGISTER,AUTHENTIC_EXCHANGE_VERIFIED
688277.SH,天智航,STAR,2024-08-23,2020-07-07,,SSE_OFFICIAL_LISTING_REGISTER,AUTHENTIC_EXCHANGE_VERIFIED
688278.SH,特宝生物,STAR,2024-09-06,2020-01-17,,SSE_OFFICIAL_LISTING_REGISTER,AUTHENTIC_EXCHANGE_VERIFIED
688279.SH,峰岹科技,STAR,2024-09-06,2022-04-20,,SSE_OFFICIAL_LISTING_REGISTER,AUTHENTIC_EXCHANGE_VERIFIED
688280.SH,精进电动,STAR,2024-09-06,2021-10-27,,SSE_OFFICIAL_LISTING_REGISTER,AUTHENTIC_EXCHANGE_VERIFIED
688281.SH,华秦科技,STAR,2024-09-06,2022-03-07,,SSE_OFFICIAL_LISTING_REGISTER,AUTHENTIC_EXCHANGE_VERIFIED
688282.SH,理工导航,STAR,2024-09-05,2022-03-18,,SSE_OFFICIAL_LISTING_REGISTER,AUTHENTIC_EXCHANGE_VERIFIED
688283.SH,坤恒顺维,STAR,2024-09-06,2022-02-15,,SSE_OFFICIAL_LISTING_REGISTER,AUTHENTIC_EXCHANGE_VERIFIED
688285.SH,高铁电气,STAR,2024-09-06,2021-10-20,,SSE_OFFICIAL_LISTING_REGISTER,AUTHENTIC_EXCHANGE_VERIFIED
688286.SH,敏芯股份,STAR,2024-09-06,2020-08-10,,SSE_OFFICIAL_LISTING_REGISTER,AUTHENTIC_EXCHANGE_VERIFIED
688287.SH,688287.SH,STAR,2024-04-23,2022-05-25,2026-06-10,SSE_OFFICIAL_DELISTED_REGISTER,AUTHENTIC_EXCHANGE_VERIFIED
688288.SH,鸿泉技术,STAR,2024-09-06,2019-11-06,,SSE_OFFICIAL_LISTING_REGISTER,AUTHENTIC_EXCHANGE_VERIFIED
688289.SH,圣湘生物,STAR,2024-09-06,2020-08-28,,SSE_OFFICIAL_LISTING_REGISTER,AUTHENTIC_EXCHANGE_VERIFIED
688290.SH,景业智能,STAR,2024-09-06,2022-04-29,,SSE_OFFICIAL_LISTING_REGISTER,AUTHENTIC_EXCHANGE_VERIFIED
688291.SH,金橙子,STAR,2024-08-19,2022-10-26,,SSE_OFFICIAL_LISTING_REGISTER,AUTHENTIC_EXCHANGE_VERIFIED
688292.SH,浩瀚深度,STAR,2024-09-06,2022-08-18,,SSE_OFFICIAL_LISTING_REGISTER,AUTHENTIC_EXCHANGE_VERIFIED
688293.SH,奥浦迈,STAR,2024-08-23,2022-09-02,,SSE_OFFICIAL_LISTING_REGISTER,AUTHENTIC_EXCHANGE_VERIFIED
688295.SH,中复神鹰,STAR,2024-09-06,2022-04-06,,SSE_OFFICIAL_LISTING_REGISTER,AUTHENTIC_EXCHANGE_VERIFIED
688296.SH,和达科技,STAR,2024-09-06,2021-07-27,,SSE_OFFICIAL_LISTING_REGISTER,AUTHENTIC_EXCHANGE_VERIFIED
688297.SH,中无人机,STAR,2024-09-06,2022-06-29,,SSE_OFFICIAL_LISTING_REGISTER,AUTHENTIC_EXCHANGE_VERIFIED
688298.SH,东方生物,STAR,2024-09-06,2020-02-05,,SSE_OFFICIAL_LISTING_REGISTER,AUTHENTIC_EXCHANGE_VERIFIED
688299.SH,长阳科技,STAR,2024-09-06,2019-11-06,,SSE_OFFICIAL_LISTING_REGISTER,AUTHENTIC_EXCHANGE_VERIFIED
688300.SH,联瑞新材,STAR,2024-09-06,2019-11-15,,SSE_OFFICIAL_LISTING_REGISTER,AUTHENTIC_EXCHANGE_VERIFIED
688301.SH,奕瑞科技,STAR,2024-09-06,2020-09-18,,SSE_OFFICIAL_LISTING_REGISTER,AUTHENTIC_EXCHANGE_VERIFIED
688302.SH,海创药业,STAR,2024-09-06,2022-04-12,,SSE_OFFICIAL_LISTING_REGISTER,AUTHENTIC_EXCHANGE_VERIFIED
688303.SH,大全能源,STAR,2024-09-06,2021-07-22,,SSE_OFFICIAL_LISTING_REGISTER,AUTHENTIC_EXCHANGE_VERIFIED
688305.SH,科德数控,STAR,2024-09-06,2021-07-09,,SSE_OFFICIAL_LISTING_REGISTER,AUTHENTIC_EXCHANGE_VERIFIED
688306.SH,均普智能,STAR,2024-09-06,2022-03-22,,SSE_OFFICIAL_LISTING_REGISTER,AUTHENTIC_EXCHANGE_VERIFIED
688307.SH,中润光学,STAR,2024-09-06,2023-02-16,,SSE_OFFICIAL_LISTING_REGISTER,AUTHENTIC_EXCHANGE_VERIFIED
688308.SH,欧科亿,STAR,2024-09-06,2020-12-10,,SSE_OFFICIAL_LISTING_REGISTER,AUTHENTIC_EXCHANGE_VERIFIED
688309.SH,恒誉科技,STAR,2024-09-06,2020-07-14,,SSE_OFFICIAL_LISTING_REGISTER,AUTHENTIC_EXCHANGE_VERIFIED
688310.SH,迈得医疗,STAR,2024-09-06,2019-12-03,,SSE_OFFICIAL_LISTING_REGISTER,AUTHENTIC_EXCHANGE_VERIFIED
688311.SH,盟升电子,STAR,2024-09-06,2020-07-31,,SSE_OFFICIAL_LISTING_REGISTER,AUTHENTIC_EXCHANGE_VERIFIED
688312.SH,燕麦科技,STAR,2024-09-06,2020-06-08,,SSE_OFFICIAL_LISTING_REGISTER,AUTHENTIC_EXCHANGE_VERIFIED
688313.SH,仕佳光子,STAR,2024-08-26,2020-08-12,,SSE_OFFICIAL_LISTING_REGISTER,AUTHENTIC_EXCHANGE_VERIFIED
688314.SH,康拓医疗,STAR,2024-09-06,2021-05-18,,SSE_OFFICIAL_LISTING_REGISTER,AUTHENTIC_EXCHANGE_VERIFIED
688315.SH,诺禾致源,STAR,2024-09-06,2021-04-13,,SSE_OFFICIAL_LISTING_REGISTER,AUTHENTIC_EXCHANGE_VERIFIED
688316.SH,青云科技,STAR,2024-09-06,2021-03-16,,SSE_OFFICIAL_LISTING_REGISTER,AUTHENTIC_EXCHANGE_VERIFIED
688317.SH,之江生物,STAR,2024-09-06,2021-01-18,,SSE_OFFICIAL_LISTING_REGISTER,AUTHENTIC_EXCHANGE_VERIFIED
688318.SH,财富趋势,STAR,2024-09-06,2020-04-27,,SSE_OFFICIAL_LISTING_REGISTER,AUTHENTIC_EXCHANGE_VERIFIED
688319.SH,欧林生物,STAR,2024-09-06,2021-06-08,,SSE_OFFICIAL_LISTING_REGISTER,AUTHENTIC_EXCHANGE_VERIFIED
688320.SH,禾川科技,STAR,2024-09-06,2022-04-28,,SSE_OFFICIAL_LISTING_REGISTER,AUTHENTIC_EXCHANGE_VERIFIED
688321.SH,微芯生物,STAR,2024-09-06,2019-08-12,,SSE_OFFICIAL_LISTING_REGISTER,AUTHENTIC_EXCHANGE_VERIFIED
688322.SH,奥比中光,STAR,2024-09-06,2022-07-07,,SSE_OFFICIAL_LISTING_REGISTER,AUTHENTIC_EXCHANGE_VERIFIED
688323.SH,瑞华泰,STAR,2024-09-06,2021-04-28,,SSE_OFFICIAL_LISTING_REGISTER,AUTHENTIC_EXCHANGE_VERIFIED
688325.SH,赛微微电,STAR,2024-09-06,2022-04-22,,SSE_OFFICIAL_LISTING_REGISTER,AUTHENTIC_EXCHANGE_VERIFIED
688326.SH,经纬恒润,STAR,2024-09-06,2022-04-19,,SSE_OFFICIAL_LISTING_REGISTER,AUTHENTIC_EXCHANGE_VERIFIED
688327.SH,云从科技,STAR,2024-09-06,2022-05-27,,SSE_OFFICIAL_LISTING_REGISTER,AUTHENTIC_EXCHANGE_VERIFIED
688328.SH,深科达,STAR,2024-09-06,2021-03-09,,SSE_OFFICIAL_LISTING_REGISTER,AUTHENTIC_EXCHANGE_VERIFIED
688329.SH,艾隆科技,STAR,2024-09-06,2021-03-29,,SSE_OFFICIAL_LISTING_REGISTER,AUTHENTIC_EXCHANGE_VERIFIED
688330.SH,宏力达,STAR,2024-09-06,2020-10-15,,SSE_OFFICIAL_LISTING_REGISTER,AUTHENTIC_EXCHANGE_VERIFIED
688331.SH,荣昌生物,STAR,2024-09-06,2022-03-31,,SSE_OFFICIAL_LISTING_REGISTER,AUTHENTIC_EXCHANGE_VERIFIED
688332.SH,中科蓝讯,STAR,2024-09-06,2022-07-15,,SSE_OFFICIAL_LISTING_REGISTER,AUTHENTIC_EXCHANGE_VERIFIED
688333.SH,铂力特,STAR,2024-09-06,2019-07-22,,SSE_OFFICIAL_LISTING_REGISTER,AUTHENTIC_EXCHANGE_VERIFIED
688334.SH,西高院,STAR,2024-09-06,2023-06-19,,SSE_OFFICIAL_LISTING_REGISTER,AUTHENTIC_EXCHANGE_VERIFIED
688335.SH,复洁科技,STAR,2024-09-06,2020-08-17,,SSE_OFFICIAL_LISTING_REGISTER,AUTHENTIC_EXCHANGE_VERIFIED
688336.SH,三生国健,STAR,2024-09-06,2020-07-22,,SSE_OFFICIAL_LISTING_REGISTER,AUTHENTIC_EXCHANGE_VERIFIED
688337.SH,普源精电,STAR,2024-09-06,2022-04-08,,SSE_OFFICIAL_LISTING_REGISTER,AUTHENTIC_EXCHANGE_VERIFIED
688338.SH,赛科希德,STAR,2024-09-06,2020-08-06,,SSE_OFFICIAL_LISTING_REGISTER,AUTHENTIC_EXCHANGE_VERIFIED
688339.SH,亿华通,STAR,2024-08-23,2020-08-10,,SSE_OFFICIAL_LISTING_REGISTER,AUTHENTIC_EXCHANGE_VERIFIED
688343.SH,云天励飞,STAR,2024-09-06,2023-04-04,,SSE_OFFICIAL_LISTING_REGISTER,AUTHENTIC_EXCHANGE_VERIFIED
688345.SH,博力威,STAR,2024-09-06,2021-06-11,,SSE_OFFICIAL_LISTING_REGISTER,AUTHENTIC_EXCHANGE_VERIFIED
688347.SH,华虹宏力,STAR,2024-08-23,2023-08-07,,SSE_OFFICIAL_LISTING_REGISTER,AUTHENTIC_EXCHANGE_VERIFIED
688348.SH,昱能科技,STAR,2024-09-06,2022-06-08,,SSE_OFFICIAL_LISTING_REGISTER,AUTHENTIC_EXCHANGE_VERIFIED
688349.SH,三一重能,STAR,2024-09-06,2022-06-22,,SSE_OFFICIAL_LISTING_REGISTER,AUTHENTIC_EXCHANGE_VERIFIED
688350.SH,富淼科技,STAR,2024-08-30,2021-01-28,,SSE_OFFICIAL_LISTING_REGISTER,AUTHENTIC_EXCHANGE_VERIFIED
688351.SH,微电生理,STAR,2024-09-06,2022-08-31,,SSE_OFFICIAL_LISTING_REGISTER,AUTHENTIC_EXCHANGE_VERIFIED
688352.SH,颀中科技,STAR,2024-09-06,2023-04-20,,SSE_OFFICIAL_LISTING_REGISTER,AUTHENTIC_EXCHANGE_VERIFIED
688353.SH,华盛锂电,STAR,2024-09-06,2022-07-13,,SSE_OFFICIAL_LISTING_REGISTER,AUTHENTIC_EXCHANGE_VERIFIED
688355.SH,明志科技,STAR,2024-09-06,2021-05-12,,SSE_OFFICIAL_LISTING_REGISTER,AUTHENTIC_EXCHANGE_VERIFIED
688356.SH,键凯科技,STAR,2024-09-06,2020-08-26,,SSE_OFFICIAL_LISTING_REGISTER,AUTHENTIC_EXCHANGE_VERIFIED
688357.SH,建龙微纳,STAR,2024-09-06,2019-12-04,,SSE_OFFICIAL_LISTING_REGISTER,AUTHENTIC_EXCHANGE_VERIFIED
688358.SH,祥生医疗,STAR,2024-09-06,2019-12-03,,SSE_OFFICIAL_LISTING_REGISTER,AUTHENTIC_EXCHANGE_VERIFIED
688359.SH,三孚新科,STAR,2024-09-06,2021-05-21,,SSE_OFFICIAL_LISTING_REGISTER,AUTHENTIC_EXCHANGE_VERIFIED
688360.SH,德马科技,STAR,2024-09-06,2020-06-02,,SSE_OFFICIAL_LISTING_REGISTER,AUTHENTIC_EXCHANGE_VERIFIED
688361.SH,中科飞测,STAR,2024-09-06,2023-05-19,,SSE_OFFICIAL_LISTING_REGISTER,AUTHENTIC_EXCHANGE_VERIFIED
688362.SH,甬矽电子,STAR,2024-09-06,2022-11-16,,SSE_OFFICIAL_LISTING_REGISTER,AUTHENTIC_EXCHANGE_VERIFIED
688363.SH,华熙生物,STAR,2024-09-06,2019-11-06,,SSE_OFFICIAL_LISTING_REGISTER,AUTHENTIC_EXCHANGE_VERIFIED
688365.SH,光云科技,STAR,2024-09-06,2020-04-29,,SSE_OFFICIAL_LISTING_REGISTER,AUTHENTIC_EXCHANGE_VERIFIED
688366.SH,昊海生科,STAR,2024-09-06,2019-10-30,,SSE_OFFICIAL_LISTING_REGISTER,AUTHENTIC_EXCHANGE_VERIFIED
688367.SH,工大高科,STAR,2024-09-06,2021-06-28,,SSE_OFFICIAL_LISTING_REGISTER,AUTHENTIC_EXCHANGE_VERIFIED
688368.SH,晶丰明源,STAR,2024-08-23,2019-10-14,,SSE_OFFICIAL_LISTING_REGISTER,AUTHENTIC_EXCHANGE_VERIFIED
688369.SH,致远互联,STAR,2024-09-06,2019-10-31,,SSE_OFFICIAL_LISTING_REGISTER,AUTHENTIC_EXCHANGE_VERIFIED
688370.SH,丛麟科技,STAR,2024-09-06,2022-08-25,,SSE_OFFICIAL_LISTING_REGISTER,AUTHENTIC_EXCHANGE_VERIFIED
688371.SH,菲沃泰,STAR,2024-09-06,2022-08-02,,SSE_OFFICIAL_LISTING_REGISTER,AUTHENTIC_EXCHANGE_VERIFIED
688372.SH,伟测科技,STAR,2024-09-06,2022-10-26,,SSE_OFFICIAL_LISTING_REGISTER,AUTHENTIC_EXCHANGE_VERIFIED
688373.SH,盟科药业,STAR,2024-09-06,2022-08-05,,SSE_OFFICIAL_LISTING_REGISTER,AUTHENTIC_EXCHANGE_VERIFIED
688375.SH,国博电子,STAR,2024-09-06,2022-07-22,,SSE_OFFICIAL_LISTING_REGISTER,AUTHENTIC_EXCHANGE_VERIFIED
688376.SH,美埃科技,STAR,2024-09-06,2022-11-18,,SSE_OFFICIAL_LISTING_REGISTER,AUTHENTIC_EXCHANGE_VERIFIED
688377.SH,迪威尔,STAR,2024-09-06,2020-07-08,,SSE_OFFICIAL_LISTING_REGISTER,AUTHENTIC_EXCHANGE_VERIFIED
688378.SH,奥来德,STAR,2024-09-06,2020-09-03,,SSE_OFFICIAL_LISTING_REGISTER,AUTHENTIC_EXCHANGE_VERIFIED
688379.SH,华光新材,STAR,2024-09-06,2020-08-19,,SSE_OFFICIAL_LISTING_REGISTER,AUTHENTIC_EXCHANGE_VERIFIED
688380.SH,中微半导,STAR,2024-09-06,2022-08-05,,SSE_OFFICIAL_LISTING_REGISTER,AUTHENTIC_EXCHANGE_VERIFIED
688381.SH,帝奥微,STAR,2024-08-23,2022-08-23,,SSE_OFFICIAL_LISTING_REGISTER,AUTHENTIC_EXCHANGE_VERIFIED
688382.SH,益方生物,STAR,2024-09-06,2022-07-25,,SSE_OFFICIAL_LISTING_REGISTER,AUTHENTIC_EXCHANGE_VERIFIED
688383.SH,新益昌,STAR,2024-09-06,2021-04-28,,SSE_OFFICIAL_LISTING_REGISTER,AUTHENTIC_EXCHANGE_VERIFIED
688385.SH,复旦微电,STAR,2024-09-06,2021-08-04,,SSE_OFFICIAL_LISTING_REGISTER,AUTHENTIC_EXCHANGE_VERIFIED
688386.SH,泛亚微透,STAR,2024-09-06,2020-10-16,,SSE_OFFICIAL_LISTING_REGISTER,AUTHENTIC_EXCHANGE_VERIFIED
688387.SH,信科移动,STAR,2024-09-06,2022-09-26,,SSE_OFFICIAL_LISTING_REGISTER,AUTHENTIC_EXCHANGE_VERIFIED
688388.SH,嘉元科技,STAR,2024-09-06,2019-07-22,,SSE_OFFICIAL_LISTING_REGISTER,AUTHENTIC_EXCHANGE_VERIFIED
688389.SH,普门科技,STAR,2024-09-06,2019-11-05,,SSE_OFFICIAL_LISTING_REGISTER,AUTHENTIC_EXCHANGE_VERIFIED
688390.SH,固德威,STAR,2024-09-06,2020-09-04,,SSE_OFFICIAL_LISTING_REGISTER,AUTHENTIC_EXCHANGE_VERIFIED
688391.SH,钜泉科技,STAR,2024-09-06,2022-09-13,,SSE_OFFICIAL_LISTING_REGISTER,AUTHENTIC_EXCHANGE_VERIFIED
688392.SH,骄成超声,STAR,2024-09-06,2022-09-27,,SSE_OFFICIAL_LISTING_REGISTER,AUTHENTIC_EXCHANGE_VERIFIED
688393.SH,安必平,STAR,2024-09-06,2020-08-20,,SSE_OFFICIAL_LISTING_REGISTER,AUTHENTIC_EXCHANGE_VERIFIED
688395.SH,正弦电气,STAR,2024-09-06,2021-04-29,,SSE_OFFICIAL_LISTING_REGISTER,AUTHENTIC_EXCHANGE_VERIFIED
688396.SH,华润微,STAR,2024-09-06,2020-02-27,,SSE_OFFICIAL_LISTING_REGISTER,AUTHENTIC_EXCHANGE_VERIFIED
688398.SH,赛特新材,STAR,2024-09-06,2020-02-11,,SSE_OFFICIAL_LISTING_REGISTER,AUTHENTIC_EXCHANGE_VERIFIED
688399.SH,硕世生物,STAR,2024-09-06,2019-12-05,,SSE_OFFICIAL_LISTING_REGISTER,AUTHENTIC_EXCHANGE_VERIFIED
688400.SH,凌云光,STAR,2024-09-06,2022-07-06,,SSE_OFFICIAL_LISTING_REGISTER,AUTHENTIC_EXCHANGE_VERIFIED
688401.SH,路维光电,STAR,2024-09-06,2022-08-17,,SSE_OFFICIAL_LISTING_REGISTER,AUTHENTIC_EXCHANGE_VERIFIED
688403.SH,汇成股份,STAR,2024-09-06,2022-08-18,,SSE_OFFICIAL_LISTING_REGISTER,AUTHENTIC_EXCHANGE_VERIFIED
688408.SH,中信博,STAR,2024-09-06,2020-08-28,,SSE_OFFICIAL_LISTING_REGISTER,AUTHENTIC_EXCHANGE_VERIFIED
688409.SH,富创精密,STAR,2024-09-06,2022-10-10,,SSE_OFFICIAL_LISTING_REGISTER,AUTHENTIC_EXCHANGE_VERIFIED
688410.SH,XD山外山,STAR,2024-09-06,2022-12-26,,SSE_OFFICIAL_LISTING_REGISTER,AUTHENTIC_EXCHANGE_VERIFIED
688411.SH,海博思创,STAR,2025-01-27,2025-01-27,,SSE_OFFICIAL_LISTING_REGISTER,AUTHENTIC_EXCHANGE_VERIFIED
688416.SH,恒烁股份,STAR,2024-09-06,2022-08-29,,SSE_OFFICIAL_LISTING_REGISTER,AUTHENTIC_EXCHANGE_VERIFIED
688418.SH,震有科技,STAR,2024-09-06,2020-07-22,,SSE_OFFICIAL_LISTING_REGISTER,AUTHENTIC_EXCHANGE_VERIFIED
688419.SH,耐科装备,STAR,2024-09-06,2022-11-07,,SSE_OFFICIAL_LISTING_REGISTER,AUTHENTIC_EXCHANGE_VERIFIED
688420.SH,美腾科技,STAR,2024-09-06,2022-12-09,,SSE_OFFICIAL_LISTING_REGISTER,AUTHENTIC_EXCHANGE_VERIFIED
688425.SH,铁建重工,STAR,2024-09-06,2021-06-22,,SSE_OFFICIAL_LISTING_REGISTER,AUTHENTIC_EXCHANGE_VERIFIED
688426.SH,康为世纪,STAR,2024-09-06,2022-10-25,,SSE_OFFICIAL_LISTING_REGISTER,AUTHENTIC_EXCHANGE_VERIFIED
688428.SH,诺诚健华,STAR,2024-09-06,2022-09-21,,SSE_OFFICIAL_LISTING_REGISTER,AUTHENTIC_EXCHANGE_VERIFIED
688429.SH,时创能源,STAR,2024-09-06,2023-06-29,,SSE_OFFICIAL_LISTING_REGISTER,AUTHENTIC_EXCHANGE_VERIFIED
688432.SH,有研硅,STAR,2024-08-23,2022-11-10,,SSE_OFFICIAL_LISTING_REGISTER,AUTHENTIC_EXCHANGE_VERIFIED
688433.SH,华曙高科,STAR,2024-09-06,2023-04-17,,SSE_OFFICIAL_LISTING_REGISTER,AUTHENTIC_EXCHANGE_VERIFIED
688435.SH,英方软件,STAR,2024-09-06,2023-01-19,,SSE_OFFICIAL_LISTING_REGISTER,AUTHENTIC_EXCHANGE_VERIFIED
688439.SH,振华风光,STAR,2024-09-06,2022-08-26,,SSE_OFFICIAL_LISTING_REGISTER,AUTHENTIC_EXCHANGE_VERIFIED
688443.SH,智翔金泰,STAR,2024-09-06,2023-06-20,,SSE_OFFICIAL_LISTING_REGISTER,AUTHENTIC_EXCHANGE_VERIFIED
688448.SH,磁谷科技,STAR,2024-09-06,2022-09-21,,SSE_OFFICIAL_LISTING_REGISTER,AUTHENTIC_EXCHANGE_VERIFIED
688449.SH,联芸科技,STAR,2024-11-29,2024-11-29,,SSE_OFFICIAL_LISTING_REGISTER,AUTHENTIC_EXCHANGE_VERIFIED
688450.SH,光格科技,STAR,2024-09-06,2023-07-24,,SSE_OFFICIAL_LISTING_REGISTER,AUTHENTIC_EXCHANGE_VERIFIED
688455.SH,科捷智能,STAR,2024-09-06,2022-09-15,,SSE_OFFICIAL_LISTING_REGISTER,AUTHENTIC_EXCHANGE_VERIFIED
688456.SH,有研粉材,STAR,2024-09-06,2021-03-17,,SSE_OFFICIAL_LISTING_REGISTER,AUTHENTIC_EXCHANGE_VERIFIED
688458.SH,美芯晟,STAR,2024-09-06,2023-05-22,,SSE_OFFICIAL_LISTING_REGISTER,AUTHENTIC_EXCHANGE_VERIFIED
688459.SH,哈铁科技,STAR,2024-09-06,2022-10-12,,SSE_OFFICIAL_LISTING_REGISTER,AUTHENTIC_EXCHANGE_VERIFIED
688466.SH,金科环境,STAR,2024-09-06,2020-05-08,,SSE_OFFICIAL_LISTING_REGISTER,AUTHENTIC_EXCHANGE_VERIFIED
688468.SH,科美诊断,STAR,2024-09-06,2021-04-09,,SSE_OFFICIAL_LISTING_REGISTER,AUTHENTIC_EXCHANGE_VERIFIED
688469.SH,芯联集成,STAR,2024-09-06,2023-05-10,,SSE_OFFICIAL_LISTING_REGISTER,AUTHENTIC_EXCHANGE_VERIFIED
688472.SH,阿特斯,STAR,2024-09-06,2023-06-09,,SSE_OFFICIAL_LISTING_REGISTER,AUTHENTIC_EXCHANGE_VERIFIED
688475.SH,萤石网络,STAR,2024-09-06,2022-12-28,,SSE_OFFICIAL_LISTING_REGISTER,AUTHENTIC_EXCHANGE_VERIFIED
688478.SH,晶升股份,STAR,2024-08-23,2023-04-24,,SSE_OFFICIAL_LISTING_REGISTER,AUTHENTIC_EXCHANGE_VERIFIED
688479.SH,友车科技,STAR,2024-09-06,2023-05-11,,SSE_OFFICIAL_LISTING_REGISTER,AUTHENTIC_EXCHANGE_VERIFIED
688480.SH,赛恩斯,STAR,2024-09-06,2022-11-25,,SSE_OFFICIAL_LISTING_REGISTER,AUTHENTIC_EXCHANGE_VERIFIED
688484.SH,南芯科技,STAR,2024-09-06,2023-04-07,,SSE_OFFICIAL_LISTING_REGISTER,AUTHENTIC_EXCHANGE_VERIFIED
688485.SH,九州一轨,STAR,2024-09-06,2023-01-18,,SSE_OFFICIAL_LISTING_REGISTER,AUTHENTIC_EXCHANGE_VERIFIED
688486.SH,龙迅股份,STAR,2024-09-06,2023-02-21,,SSE_OFFICIAL_LISTING_REGISTER,AUTHENTIC_EXCHANGE_VERIFIED
688488.SH,艾迪药业,STAR,2024-09-06,2020-07-20,,SSE_OFFICIAL_LISTING_REGISTER,AUTHENTIC_EXCHANGE_VERIFIED
688489.SH,三未信安,STAR,2024-09-06,2022-12-02,,SSE_OFFICIAL_LISTING_REGISTER,AUTHENTIC_EXCHANGE_VERIFIED
688496.SH,*ST清越,STAR,2024-08-16,2022-12-28,2026-09-10,SSE_OFFICIAL_LISTING_REGISTER,AUTHENTIC_EXCHANGE_VERIFIED
688498.SH,源杰科技,STAR,2024-09-06,2022-12-21,,SSE_OFFICIAL_LISTING_REGISTER,AUTHENTIC_EXCHANGE_VERIFIED
688499.SH,利元亨,STAR,2024-09-06,2021-07-01,,SSE_OFFICIAL_LISTING_REGISTER,AUTHENTIC_EXCHANGE_VERIFIED
688500.SH,慧辰股份,STAR,2024-09-06,2020-07-16,,SSE_OFFICIAL_LISTING_REGISTER,AUTHENTIC_EXCHANGE_VERIFIED
688501.SH,青达环保,STAR,2024-09-06,2021-07-16,,SSE_OFFICIAL_LISTING_REGISTER,AUTHENTIC_EXCHANGE_VERIFIED
688502.SH,茂莱光学,STAR,2024-09-06,2023-03-09,,SSE_OFFICIAL_LISTING_REGISTER,AUTHENTIC_EXCHANGE_VERIFIED
688503.SH,聚和材料,STAR,2024-09-06,2022-12-09,,SSE_OFFICIAL_LISTING_REGISTER,AUTHENTIC_EXCHANGE_VERIFIED
688505.SH,复旦张江,STAR,2024-09-06,2020-06-19,,SSE_OFFICIAL_LISTING_REGISTER,AUTHENTIC_EXCHANGE_VERIFIED
688506.SH,百利天恒,STAR,2024-09-06,2023-01-06,,SSE_OFFICIAL_LISTING_REGISTER,AUTHENTIC_EXCHANGE_VERIFIED
688507.SH,索辰科技,STAR,2024-09-06,2023-04-18,,SSE_OFFICIAL_LISTING_REGISTER,AUTHENTIC_EXCHANGE_VERIFIED
688508.SH,芯朋微,STAR,2024-09-06,2020-07-22,,SSE_OFFICIAL_LISTING_REGISTER,AUTHENTIC_EXCHANGE_VERIFIED
688509.SH,正元地信,STAR,2024-09-06,2021-07-30,,SSE_OFFICIAL_LISTING_REGISTER,AUTHENTIC_EXCHANGE_VERIFIED
688510.SH,航亚科技,STAR,2024-09-06,2020-12-16,,SSE_OFFICIAL_LISTING_REGISTER,AUTHENTIC_EXCHANGE_VERIFIED
688511.SH,天微电子,STAR,2024-09-06,2021-07-30,,SSE_OFFICIAL_LISTING_REGISTER,AUTHENTIC_EXCHANGE_VERIFIED
688512.SH,慧智微,STAR,2024-09-06,2023-05-16,,SSE_OFFICIAL_LISTING_REGISTER,AUTHENTIC_EXCHANGE_VERIFIED
688513.SH,苑东生物,STAR,2024-09-06,2020-09-02,,SSE_OFFICIAL_LISTING_REGISTER,AUTHENTIC_EXCHANGE_VERIFIED
688515.SH,裕太微,STAR,2024-09-06,2023-02-10,,SSE_OFFICIAL_LISTING_REGISTER,AUTHENTIC_EXCHANGE_VERIFIED
688516.SH,奥特维,STAR,2024-09-06,2020-05-21,,SSE_OFFICIAL_LISTING_REGISTER,AUTHENTIC_EXCHANGE_VERIFIED
688517.SH,金冠电气,STAR,2024-09-06,2021-06-18,,SSE_OFFICIAL_LISTING_REGISTER,AUTHENTIC_EXCHANGE_VERIFIED
688518.SH,联赢激光,STAR,2024-09-06,2020-06-22,,SSE_OFFICIAL_LISTING_REGISTER,AUTHENTIC_EXCHANGE_VERIFIED
688519.SH,南亚新材,STAR,2024-09-06,2020-08-18,,SSE_OFFICIAL_LISTING_REGISTER,AUTHENTIC_EXCHANGE_VERIFIED
688520.SH,神州细胞,STAR,2024-09-06,2020-06-22,,SSE_OFFICIAL_LISTING_REGISTER,AUTHENTIC_EXCHANGE_VERIFIED
688521.SH,芯原股份,STAR,2024-09-06,2020-08-18,,SSE_OFFICIAL_LISTING_REGISTER,AUTHENTIC_EXCHANGE_VERIFIED
688522.SH,纳睿雷达,STAR,2024-09-06,2023-03-01,,SSE_OFFICIAL_LISTING_REGISTER,AUTHENTIC_EXCHANGE_VERIFIED
688523.SH,航天环宇,STAR,2024-09-06,2023-06-02,,SSE_OFFICIAL_LISTING_REGISTER,AUTHENTIC_EXCHANGE_VERIFIED
688525.SH,佰维存储,STAR,2024-09-06,2022-12-30,,SSE_OFFICIAL_LISTING_REGISTER,AUTHENTIC_EXCHANGE_VERIFIED
688526.SH,科前生物,STAR,2024-09-06,2020-09-22,,SSE_OFFICIAL_LISTING_REGISTER,AUTHENTIC_EXCHANGE_VERIFIED
688528.SH,秦川物联,STAR,2024-09-06,2020-07-01,,SSE_OFFICIAL_LISTING_REGISTER,AUTHENTIC_EXCHANGE_VERIFIED
688529.SH,豪森智能,STAR,2024-09-06,2020-11-09,,SSE_OFFICIAL_LISTING_REGISTER,AUTHENTIC_EXCHANGE_VERIFIED
688530.SH,欧莱新材,STAR,2024-09-06,2024-05-09,,SSE_OFFICIAL_LISTING_REGISTER,AUTHENTIC_EXCHANGE_VERIFIED
688531.SH,日联科技,STAR,2024-09-06,2023-03-31,,SSE_OFFICIAL_LISTING_REGISTER,AUTHENTIC_EXCHANGE_VERIFIED
688533.SH,上声电子,STAR,2024-09-06,2021-04-19,,SSE_OFFICIAL_LISTING_REGISTER,AUTHENTIC_EXCHANGE_VERIFIED
688535.SH,华海诚科,STAR,2024-09-06,2023-04-04,,SSE_OFFICIAL_LISTING_REGISTER,AUTHENTIC_EXCHANGE_VERIFIED
688536.SH,思瑞浦,STAR,2024-08-23,2020-09-21,,SSE_OFFICIAL_LISTING_REGISTER,AUTHENTIC_EXCHANGE_VERIFIED
688538.SH,和辉光电,STAR,2024-09-06,2021-05-28,,SSE_OFFICIAL_LISTING_REGISTER,AUTHENTIC_EXCHANGE_VERIFIED
688539.SH,高华科技,STAR,2024-09-06,2023-04-18,,SSE_OFFICIAL_LISTING_REGISTER,AUTHENTIC_EXCHANGE_VERIFIED
688543.SH,国科军工,STAR,2024-09-06,2023-06-21,,SSE_OFFICIAL_LISTING_REGISTER,AUTHENTIC_EXCHANGE_VERIFIED
688545.SH,兴福电子,STAR,2024-09-06,2025-01-22,,SSE_OFFICIAL_LISTING_REGISTER,AUTHENTIC_EXCHANGE_VERIFIED
688548.SH,广钢气体,STAR,2024-09-06,2023-08-15,,SSE_OFFICIAL_LISTING_REGISTER,AUTHENTIC_EXCHANGE_VERIFIED
688549.SH,中巨芯,STAR,2024-09-06,2023-09-08,,SSE_OFFICIAL_LISTING_REGISTER,AUTHENTIC_EXCHANGE_VERIFIED
688550.SH,瑞联新材,STAR,2024-09-06,2020-09-02,,SSE_OFFICIAL_LISTING_REGISTER,AUTHENTIC_EXCHANGE_VERIFIED
688551.SH,科威尔,STAR,2024-09-06,2020-09-10,,SSE_OFFICIAL_LISTING_REGISTER,AUTHENTIC_EXCHANGE_VERIFIED
688552.SH,航天南湖,STAR,2024-09-06,2023-05-18,,SSE_OFFICIAL_LISTING_REGISTER,AUTHENTIC_EXCHANGE_VERIFIED
688553.SH,汇宇制药,STAR,2024-09-06,2021-10-26,,SSE_OFFICIAL_LISTING_REGISTER,AUTHENTIC_EXCHANGE_VERIFIED
688556.SH,高测股份,STAR,2024-09-06,2020-08-07,,SSE_OFFICIAL_LISTING_REGISTER,AUTHENTIC_EXCHANGE_VERIFIED
688557.SH,兰剑智能,STAR,2024-09-06,2020-12-02,,SSE_OFFICIAL_LISTING_REGISTER,AUTHENTIC_EXCHANGE_VERIFIED
688558.SH,国盛智科,STAR,2024-09-06,2020-06-30,,SSE_OFFICIAL_LISTING_REGISTER,AUTHENTIC_EXCHANGE_VERIFIED
688559.SH,海目星,STAR,2024-09-06,2020-09-09,,SSE_OFFICIAL_LISTING_REGISTER,AUTHENTIC_EXCHANGE_VERIFIED
688560.SH,明冠新材,STAR,2024-09-06,2020-12-24,,SSE_OFFICIAL_LISTING_REGISTER,AUTHENTIC_EXCHANGE_VERIFIED
688561.SH,奇安信,STAR,2024-09-06,2020-07-22,,SSE_OFFICIAL_LISTING_REGISTER,AUTHENTIC_EXCHANGE_VERIFIED
688562.SH,航天软件,STAR,2024-09-06,2023-05-24,,SSE_OFFICIAL_LISTING_REGISTER,AUTHENTIC_EXCHANGE_VERIFIED
688563.SH,航材股份,STAR,2024-09-06,2023-07-19,,SSE_OFFICIAL_LISTING_REGISTER,AUTHENTIC_EXCHANGE_VERIFIED
688565.SH,力源科技,STAR,2024-09-06,2021-05-13,,SSE_OFFICIAL_LISTING_REGISTER,AUTHENTIC_EXCHANGE_VERIFIED
688566.SH,吉贝尔,STAR,2024-09-06,2020-05-18,,SSE_OFFICIAL_LISTING_REGISTER,AUTHENTIC_EXCHANGE_VERIFIED
688567.SH,孚能科技,STAR,2024-09-06,2020-07-17,,SSE_OFFICIAL_LISTING_REGISTER,AUTHENTIC_EXCHANGE_VERIFIED
688568.SH,中科星图,STAR,2024-09-06,2020-07-08,,SSE_OFFICIAL_LISTING_REGISTER,AUTHENTIC_EXCHANGE_VERIFIED
688569.SH,铁科轨道,STAR,2024-09-06,2020-08-31,,SSE_OFFICIAL_LISTING_REGISTER,AUTHENTIC_EXCHANGE_VERIFIED
688570.SH,天玛智控,STAR,2024-09-06,2023-06-05,,SSE_OFFICIAL_LISTING_REGISTER,AUTHENTIC_EXCHANGE_VERIFIED
688571.SH,杭华股份,STAR,2024-09-06,2020-12-11,,SSE_OFFICIAL_LISTING_REGISTER,AUTHENTIC_EXCHANGE_VERIFIED
688573.SH,信宇人,STAR,2024-09-06,2023-08-17,,SSE_OFFICIAL_LISTING_REGISTER,AUTHENTIC_EXCHANGE_VERIFIED
688575.SH,亚辉龙,STAR,2024-09-06,2021-05-17,,SSE_OFFICIAL_LISTING_REGISTER,AUTHENTIC_EXCHANGE_VERIFIED
688576.SH,西山科技,STAR,2024-09-06,2023-06-06,,SSE_OFFICIAL_LISTING_REGISTER,AUTHENTIC_EXCHANGE_VERIFIED
688577.SH,浙海德曼,STAR,2024-09-06,2020-09-16,,SSE_OFFICIAL_LISTING_REGISTER,AUTHENTIC_EXCHANGE_VERIFIED
688578.SH,艾力斯,STAR,2024-09-06,2020-12-02,,SSE_OFFICIAL_LISTING_REGISTER,AUTHENTIC_EXCHANGE_VERIFIED
688579.SH,地纬智能,STAR,2024-09-06,2020-07-17,,SSE_OFFICIAL_LISTING_REGISTER,AUTHENTIC_EXCHANGE_VERIFIED
688580.SH,伟思医疗,STAR,2024-09-06,2020-07-21,,SSE_OFFICIAL_LISTING_REGISTER,AUTHENTIC_EXCHANGE_VERIFIED
688581.SH,安杰思,STAR,2024-09-06,2023-05-19,,SSE_OFFICIAL_LISTING_REGISTER,AUTHENTIC_EXCHANGE_VERIFIED
688582.SH,芯动联科,STAR,2024-09-06,2023-06-30,,SSE_OFFICIAL_LISTING_REGISTER,AUTHENTIC_EXCHANGE_VERIFIED
688583.SH,思看科技,STAR,2024-09-06,2025-01-15,,SSE_OFFICIAL_LISTING_REGISTER,AUTHENTIC_EXCHANGE_VERIFIED
688584.SH,上海合晶,STAR,2024-09-06,2024-02-08,,SSE_OFFICIAL_LISTING_REGISTER,AUTHENTIC_EXCHANGE_VERIFIED
688585.SH,上纬新材,STAR,2024-08-19,2020-09-28,,SSE_OFFICIAL_LISTING_REGISTER,AUTHENTIC_EXCHANGE_VERIFIED
688586.SH,江航装备,STAR,2024-09-06,2020-07-31,,SSE_OFFICIAL_LISTING_REGISTER,AUTHENTIC_EXCHANGE_VERIFIED
688588.SH,凌志软件,STAR,2024-09-06,2020-05-11,,SSE_OFFICIAL_LISTING_REGISTER,AUTHENTIC_EXCHANGE_VERIFIED
688589.SH,力合微,STAR,2024-09-06,2020-07-22,,SSE_OFFICIAL_LISTING_REGISTER,AUTHENTIC_EXCHANGE_VERIFIED
688590.SH,新致软件,STAR,2024-09-06,2020-12-07,,SSE_OFFICIAL_LISTING_REGISTER,AUTHENTIC_EXCHANGE_VERIFIED
688591.SH,泰凌微,STAR,2024-09-06,2023-08-25,,SSE_OFFICIAL_LISTING_REGISTER,AUTHENTIC_EXCHANGE_VERIFIED
688592.SH,司南导航,STAR,2024-09-06,2023-08-16,,SSE_OFFICIAL_LISTING_REGISTER,AUTHENTIC_EXCHANGE_VERIFIED
688593.SH,新相微,STAR,2024-08-23,2023-06-01,,SSE_OFFICIAL_LISTING_REGISTER,AUTHENTIC_EXCHANGE_VERIFIED
688595.SH,芯海科技,STAR,2024-09-06,2020-09-28,,SSE_OFFICIAL_LISTING_REGISTER,AUTHENTIC_EXCHANGE_VERIFIED
688596.SH,正帆科技,STAR,2024-09-06,2020-08-20,,SSE_OFFICIAL_LISTING_REGISTER,AUTHENTIC_EXCHANGE_VERIFIED
688597.SH,煜邦电力,STAR,2024-09-06,2021-06-17,,SSE_OFFICIAL_LISTING_REGISTER,AUTHENTIC_EXCHANGE_VERIFIED
688598.SH,金博股份,STAR,2024-09-06,2020-05-18,,SSE_OFFICIAL_LISTING_REGISTER,AUTHENTIC_EXCHANGE_VERIFIED
688599.SH,天合光能,STAR,2024-09-06,2020-06-10,,SSE_OFFICIAL_LISTING_REGISTER,AUTHENTIC_EXCHANGE_VERIFIED
688600.SH,皖仪科技,STAR,2024-09-06,2020-07-03,,SSE_OFFICIAL_LISTING_REGISTER,AUTHENTIC_EXCHANGE_VERIFIED
688601.SH,力芯微,STAR,2024-09-06,2021-06-28,,SSE_OFFICIAL_LISTING_REGISTER,AUTHENTIC_EXCHANGE_VERIFIED
688602.SH,康鹏科技,STAR,2024-09-06,2023-07-20,,SSE_OFFICIAL_LISTING_REGISTER,AUTHENTIC_EXCHANGE_VERIFIED
688603.SH,天承科技,STAR,2024-09-06,2023-07-10,,SSE_OFFICIAL_LISTING_REGISTER,AUTHENTIC_EXCHANGE_VERIFIED
688605.SH,先锋精科,STAR,2024-09-06,2024-12-12,,SSE_OFFICIAL_LISTING_REGISTER,AUTHENTIC_EXCHANGE_VERIFIED
688606.SH,奥泰生物,STAR,2024-09-06,2021-03-25,,SSE_OFFICIAL_LISTING_REGISTER,AUTHENTIC_EXCHANGE_VERIFIED
688607.SH,康众科技,STAR,2024-09-06,2021-02-01,,SSE_OFFICIAL_LISTING_REGISTER,AUTHENTIC_EXCHANGE_VERIFIED
688608.SH,恒玄科技,STAR,2024-09-06,2020-12-16,,SSE_OFFICIAL_LISTING_REGISTER,AUTHENTIC_EXCHANGE_VERIFIED
688609.SH,九联科技,STAR,2024-09-06,2021-03-23,,SSE_OFFICIAL_LISTING_REGISTER,AUTHENTIC_EXCHANGE_VERIFIED
688610.SH,埃科光电,STAR,2024-09-06,2023-07-19,,SSE_OFFICIAL_LISTING_REGISTER,AUTHENTIC_EXCHANGE_VERIFIED
688611.SH,杭州柯林,STAR,2024-09-06,2021-04-12,,SSE_OFFICIAL_LISTING_REGISTER,AUTHENTIC_EXCHANGE_VERIFIED
688612.SH,威迈斯,STAR,2024-09-06,2023-07-26,,SSE_OFFICIAL_LISTING_REGISTER,AUTHENTIC_EXCHANGE_VERIFIED
688613.SH,奥精医疗,STAR,2024-09-06,2021-05-21,,SSE_OFFICIAL_LISTING_REGISTER,AUTHENTIC_EXCHANGE_VERIFIED
688615.SH,合合信息,STAR,2024-09-06,2024-09-26,,SSE_OFFICIAL_LISTING_REGISTER,AUTHENTIC_EXCHANGE_VERIFIED
688616.SH,西力科技,STAR,2024-09-06,2021-03-18,,SSE_OFFICIAL_LISTING_REGISTER,AUTHENTIC_EXCHANGE_VERIFIED
688617.SH,惠泰医疗,STAR,2024-09-06,2021-01-07,,SSE_OFFICIAL_LISTING_REGISTER,AUTHENTIC_EXCHANGE_VERIFIED
688618.SH,三旺通信,STAR,2024-09-06,2020-12-30,,SSE_OFFICIAL_LISTING_REGISTER,AUTHENTIC_EXCHANGE_VERIFIED
688619.SH,罗普特,STAR,2024-09-06,2021-02-23,,SSE_OFFICIAL_LISTING_REGISTER,AUTHENTIC_EXCHANGE_VERIFIED
688620.SH,安凯微,STAR,2024-09-06,2023-06-27,,SSE_OFFICIAL_LISTING_REGISTER,AUTHENTIC_EXCHANGE_VERIFIED
688621.SH,阳光诺和,STAR,2024-09-06,2021-06-21,,SSE_OFFICIAL_LISTING_REGISTER,AUTHENTIC_EXCHANGE_VERIFIED
688622.SH,*ST禾信,STAR,2024-09-06,2021-09-13,,SSE_OFFICIAL_LISTING_REGISTER,AUTHENTIC_EXCHANGE_VERIFIED
688623.SH,双元科技,STAR,2024-09-06,2023-06-08,,SSE_OFFICIAL_LISTING_REGISTER,AUTHENTIC_EXCHANGE_VERIFIED
688625.SH,呈和科技,STAR,2024-09-06,2021-06-07,,SSE_OFFICIAL_LISTING_REGISTER,AUTHENTIC_EXCHANGE_VERIFIED
688626.SH,翔宇医疗,STAR,2024-09-06,2021-03-31,,SSE_OFFICIAL_LISTING_REGISTER,AUTHENTIC_EXCHANGE_VERIFIED
688627.SH,精智达,STAR,2024-09-06,2023-07-18,,SSE_OFFICIAL_LISTING_REGISTER,AUTHENTIC_EXCHANGE_VERIFIED
688628.SH,优利德,STAR,2024-09-06,2021-02-01,,SSE_OFFICIAL_LISTING_REGISTER,AUTHENTIC_EXCHANGE_VERIFIED
688629.SH,XD华丰科,STAR,2024-09-06,2023-06-27,,SSE_OFFICIAL_LISTING_REGISTER,AUTHENTIC_EXCHANGE_VERIFIED
688630.SH,芯碁微装,STAR,2024-09-06,2021-04-01,,SSE_OFFICIAL_LISTING_REGISTER,AUTHENTIC_EXCHANGE_VERIFIED
688631.SH,莱斯信息,STAR,2024-09-06,2023-06-28,,SSE_OFFICIAL_LISTING_REGISTER,AUTHENTIC_EXCHANGE_VERIFIED
688633.SH,星球石墨,STAR,2024-09-06,2021-03-24,,SSE_OFFICIAL_LISTING_REGISTER,AUTHENTIC_EXCHANGE_VERIFIED
688635.SH,长进光子,STAR,2024-09-06,2026-05-27,,SSE_OFFICIAL_LISTING_REGISTER,AUTHENTIC_EXCHANGE_VERIFIED
688636.SH,智明达,STAR,2024-09-06,2021-04-08,,SSE_OFFICIAL_LISTING_REGISTER,AUTHENTIC_EXCHANGE_VERIFIED
688638.SH,誉辰智能,STAR,2024-09-06,2023-07-12,,SSE_OFFICIAL_LISTING_REGISTER,AUTHENTIC_EXCHANGE_VERIFIED
688639.SH,华恒生物,STAR,2024-09-06,2021-04-22,,SSE_OFFICIAL_LISTING_REGISTER,AUTHENTIC_EXCHANGE_VERIFIED
688646.SH,逸飞激光,STAR,2024-09-06,2023-07-28,,SSE_OFFICIAL_LISTING_REGISTER,AUTHENTIC_EXCHANGE_VERIFIED
688648.SH,中邮科技,STAR,2024-09-06,2023-11-13,,SSE_OFFICIAL_LISTING_REGISTER,AUTHENTIC_EXCHANGE_VERIFIED
688651.SH,盛邦安全,STAR,2024-09-06,2023-07-26,,SSE_OFFICIAL_LISTING_REGISTER,AUTHENTIC_EXCHANGE_VERIFIED
688652.SH,京仪装备,STAR,2024-09-06,2023-11-29,,SSE_OFFICIAL_LISTING_REGISTER,AUTHENTIC_EXCHANGE_VERIFIED
688653.SH,康希通信,STAR,2024-09-06,2023-11-17,,SSE_OFFICIAL_LISTING_REGISTER,AUTHENTIC_EXCHANGE_VERIFIED
688655.SH,迅捷兴,STAR,2024-09-06,2021-05-11,,SSE_OFFICIAL_LISTING_REGISTER,AUTHENTIC_EXCHANGE_VERIFIED
688656.SH,浩欧博,STAR,2024-09-06,2021-01-13,,SSE_OFFICIAL_LISTING_REGISTER,AUTHENTIC_EXCHANGE_VERIFIED
688657.SH,浩辰软件,STAR,2024-09-06,2023-10-10,,SSE_OFFICIAL_LISTING_REGISTER,AUTHENTIC_EXCHANGE_VERIFIED
688658.SH,悦康药业,STAR,2024-09-06,2020-12-24,,SSE_OFFICIAL_LISTING_REGISTER,AUTHENTIC_EXCHANGE_VERIFIED
688659.SH,元琛科技,STAR,2024-09-06,2021-03-31,,SSE_OFFICIAL_LISTING_REGISTER,AUTHENTIC_EXCHANGE_VERIFIED
688660.SH,电气风电,STAR,2024-09-06,2021-05-19,,SSE_OFFICIAL_LISTING_REGISTER,AUTHENTIC_EXCHANGE_VERIFIED
688661.SH,和林微纳,STAR,2024-09-06,2021-03-29,,SSE_OFFICIAL_LISTING_REGISTER,AUTHENTIC_EXCHANGE_VERIFIED
688662.SH,富信科技,STAR,2024-09-06,2021-04-01,,SSE_OFFICIAL_LISTING_REGISTER,AUTHENTIC_EXCHANGE_VERIFIED
688663.SH,新风光,STAR,2024-09-06,2021-04-13,,SSE_OFFICIAL_LISTING_REGISTER,AUTHENTIC_EXCHANGE_VERIFIED
688665.SH,四方光电,STAR,2024-09-06,2021-02-09,,SSE_OFFICIAL_LISTING_REGISTER,AUTHENTIC_EXCHANGE_VERIFIED
688667.SH,菱电电控,STAR,2024-09-06,2021-03-12,,SSE_OFFICIAL_LISTING_REGISTER,AUTHENTIC_EXCHANGE_VERIFIED
688668.SH,XD鼎通科,STAR,2024-09-06,2020-12-21,,SSE_OFFICIAL_LISTING_REGISTER,AUTHENTIC_EXCHANGE_VERIFIED
688669.SH,聚石化学,STAR,2024-09-06,2021-01-25,,SSE_OFFICIAL_LISTING_REGISTER,AUTHENTIC_EXCHANGE_VERIFIED
688670.SH,金迪克,STAR,2024-09-06,2021-08-02,,SSE_OFFICIAL_LISTING_REGISTER,AUTHENTIC_EXCHANGE_VERIFIED
688671.SH,碧兴物联,STAR,2024-09-06,2023-08-09,,SSE_OFFICIAL_LISTING_REGISTER,AUTHENTIC_EXCHANGE_VERIFIED
688676.SH,金盘科技,STAR,2024-09-06,2021-03-09,,SSE_OFFICIAL_LISTING_REGISTER,AUTHENTIC_EXCHANGE_VERIFIED
688677.SH,海泰新光,STAR,2024-09-06,2021-02-26,,SSE_OFFICIAL_LISTING_REGISTER,AUTHENTIC_EXCHANGE_VERIFIED
688678.SH,福立旺,STAR,2024-09-06,2020-12-23,,SSE_OFFICIAL_LISTING_REGISTER,AUTHENTIC_EXCHANGE_VERIFIED
688679.SH,通源环境,STAR,2024-09-06,2020-12-25,,SSE_OFFICIAL_LISTING_REGISTER,AUTHENTIC_EXCHANGE_VERIFIED
688680.SH,海优新材,STAR,2024-09-06,2021-01-22,,SSE_OFFICIAL_LISTING_REGISTER,AUTHENTIC_EXCHANGE_VERIFIED
688681.SH,科汇股份,STAR,2024-09-06,2021-06-16,,SSE_OFFICIAL_LISTING_REGISTER,AUTHENTIC_EXCHANGE_VERIFIED
688682.SH,霍莱沃,STAR,2024-09-06,2021-04-20,,SSE_OFFICIAL_LISTING_REGISTER,AUTHENTIC_EXCHANGE_VERIFIED
688683.SH,莱尔科技,STAR,2024-09-06,2021-04-12,,SSE_OFFICIAL_LISTING_REGISTER,AUTHENTIC_EXCHANGE_VERIFIED
688685.SH,迈信林,STAR,2024-09-06,2021-05-13,,SSE_OFFICIAL_LISTING_REGISTER,AUTHENTIC_EXCHANGE_VERIFIED
688686.SH,奥普特,STAR,2024-09-06,2020-12-31,,SSE_OFFICIAL_LISTING_REGISTER,AUTHENTIC_EXCHANGE_VERIFIED
688687.SH,凯因科技,STAR,2024-09-06,2021-02-08,,SSE_OFFICIAL_LISTING_REGISTER,AUTHENTIC_EXCHANGE_VERIFIED
688689.SH,银河微电,STAR,2024-09-06,2021-01-27,,SSE_OFFICIAL_LISTING_REGISTER,AUTHENTIC_EXCHANGE_VERIFIED
688690.SH,纳微科技,STAR,2024-09-06,2021-06-23,,SSE_OFFICIAL_LISTING_REGISTER,AUTHENTIC_EXCHANGE_VERIFIED
688691.SH,灿芯股份,STAR,2024-09-06,2024-04-11,,SSE_OFFICIAL_LISTING_REGISTER,AUTHENTIC_EXCHANGE_VERIFIED
688692.SH,达梦数据,STAR,2024-09-06,2024-06-12,,SSE_OFFICIAL_LISTING_REGISTER,AUTHENTIC_EXCHANGE_VERIFIED
688693.SH,锴威特,STAR,2024-09-06,2023-08-18,,SSE_OFFICIAL_LISTING_REGISTER,AUTHENTIC_EXCHANGE_VERIFIED
688695.SH,中创股份,STAR,2024-09-06,2024-03-13,,SSE_OFFICIAL_LISTING_REGISTER,AUTHENTIC_EXCHANGE_VERIFIED
688696.SH,极米科技,STAR,2024-09-06,2021-03-03,,SSE_OFFICIAL_LISTING_REGISTER,AUTHENTIC_EXCHANGE_VERIFIED
688697.SH,纽威数控,STAR,2024-09-06,2021-09-17,,SSE_OFFICIAL_LISTING_REGISTER,AUTHENTIC_EXCHANGE_VERIFIED
688698.SH,伟创电气,STAR,2024-09-06,2020-12-29,,SSE_OFFICIAL_LISTING_REGISTER,AUTHENTIC_EXCHANGE_VERIFIED
688699.SH,XD明微电,STAR,2024-09-06,2020-12-18,,SSE_OFFICIAL_LISTING_REGISTER,AUTHENTIC_EXCHANGE_VERIFIED
688700.SH,东威科技,STAR,2024-09-06,2021-06-15,,SSE_OFFICIAL_LISTING_REGISTER,AUTHENTIC_EXCHANGE_VERIFIED
688701.SH,卓锦股份,STAR,2024-09-06,2021-09-16,,SSE_OFFICIAL_LISTING_REGISTER,AUTHENTIC_EXCHANGE_VERIFIED
688702.SH,盛科通信,STAR,2024-09-06,2023-09-14,,SSE_OFFICIAL_LISTING_REGISTER,AUTHENTIC_EXCHANGE_VERIFIED
688707.SH,振华新材,STAR,2024-09-06,2021-09-14,,SSE_OFFICIAL_LISTING_REGISTER,AUTHENTIC_EXCHANGE_VERIFIED
688708.SH,佳驰科技,STAR,2024-09-06,2024-12-05,,SSE_OFFICIAL_LISTING_REGISTER,AUTHENTIC_EXCHANGE_VERIFIED
688709.SH,成都华微,STAR,2024-09-06,2024-02-07,,SSE_OFFICIAL_LISTING_REGISTER,AUTHENTIC_EXCHANGE_VERIFIED
688710.SH,益诺思,STAR,2024-09-06,2024-09-03,,SSE_OFFICIAL_LISTING_REGISTER,AUTHENTIC_EXCHANGE_VERIFIED
688711.SH,宏微科技,STAR,2024-09-06,2021-09-01,,SSE_OFFICIAL_LISTING_REGISTER,AUTHENTIC_EXCHANGE_VERIFIED
688712.SH,北芯生命,STAR,2024-09-06,2026-02-05,,SSE_OFFICIAL_LISTING_REGISTER,AUTHENTIC_EXCHANGE_VERIFIED
688716.SH,中研股份,STAR,2024-09-06,2023-09-20,,SSE_OFFICIAL_LISTING_REGISTER,AUTHENTIC_EXCHANGE_VERIFIED
688717.SH,艾罗能源,STAR,2024-09-06,2024-01-03,,SSE_OFFICIAL_LISTING_REGISTER,AUTHENTIC_EXCHANGE_VERIFIED
688718.SH,唯赛勃,STAR,2024-09-06,2021-07-28,,SSE_OFFICIAL_LISTING_REGISTER,AUTHENTIC_EXCHANGE_VERIFIED
688719.SH,爱科赛博,STAR,2024-09-06,2023-09-28,,SSE_OFFICIAL_LISTING_REGISTER,AUTHENTIC_EXCHANGE_VERIFIED
688720.SH,艾森股份,STAR,2024-09-06,2023-12-06,,SSE_OFFICIAL_LISTING_REGISTER,AUTHENTIC_EXCHANGE_VERIFIED
688721.SH,龙图光罩,STAR,2024-09-06,2024-08-06,,SSE_OFFICIAL_LISTING_REGISTER,AUTHENTIC_EXCHANGE_VERIFIED
688722.SH,同益中,STAR,2024-09-06,2021-10-19,,SSE_OFFICIAL_LISTING_REGISTER,AUTHENTIC_EXCHANGE_VERIFIED
688726.SH,拉普拉斯,STAR,2024-09-06,2024-10-29,,SSE_OFFICIAL_LISTING_REGISTER,AUTHENTIC_EXCHANGE_VERIFIED
688727.SH,恒坤新材,STAR,2024-09-06,2025-11-18,,SSE_OFFICIAL_LISTING_REGISTER,AUTHENTIC_EXCHANGE_VERIFIED
688728.SH,格科微,STAR,2024-09-06,2021-08-18,,SSE_OFFICIAL_LISTING_REGISTER,AUTHENTIC_EXCHANGE_VERIFIED
688729.SH,屹唐股份,STAR,2024-09-06,2025-07-08,,SSE_OFFICIAL_LISTING_REGISTER,AUTHENTIC_EXCHANGE_VERIFIED
688733.SH,壹石通,STAR,2024-09-06,2021-08-17,,SSE_OFFICIAL_LISTING_REGISTER,AUTHENTIC_EXCHANGE_VERIFIED
688737.SH,中自科技,STAR,2024-09-06,2021-10-22,,SSE_OFFICIAL_LISTING_REGISTER,AUTHENTIC_EXCHANGE_VERIFIED
688739.SH,成大生物,STAR,2024-09-06,2021-10-28,,SSE_OFFICIAL_LISTING_REGISTER,AUTHENTIC_EXCHANGE_VERIFIED
688750.SH,金天钛业,STAR,2024-09-06,2024-11-20,,SSE_OFFICIAL_LISTING_REGISTER,AUTHENTIC_EXCHANGE_VERIFIED
688755.SH,汉邦科技,STAR,2024-09-06,2025-05-16,,SSE_OFFICIAL_LISTING_REGISTER,AUTHENTIC_EXCHANGE_VERIFIED
688757.SH,胜科纳米,STAR,2024-09-06,2025-03-25,,SSE_OFFICIAL_LISTING_REGISTER,AUTHENTIC_EXCHANGE_VERIFIED
688758.SH,赛分科技,STAR,2024-09-06,2025-01-10,,SSE_OFFICIAL_LISTING_REGISTER,AUTHENTIC_EXCHANGE_VERIFIED
688759.SH,必贝特,STAR,2024-09-06,2025-10-28,,SSE_OFFICIAL_LISTING_REGISTER,AUTHENTIC_EXCHANGE_VERIFIED
688765.SH,禾元生物,STAR,2024-09-06,2025-10-28,,SSE_OFFICIAL_LISTING_REGISTER,AUTHENTIC_EXCHANGE_VERIFIED
688766.SH,普冉股份,STAR,2024-08-23,2021-08-23,,SSE_OFFICIAL_LISTING_REGISTER,AUTHENTIC_EXCHANGE_VERIFIED
688767.SH,博拓生物,STAR,2024-09-06,2021-09-08,,SSE_OFFICIAL_LISTING_REGISTER,AUTHENTIC_EXCHANGE_VERIFIED
688768.SH,容知日新,STAR,2024-09-06,2021-07-26,,SSE_OFFICIAL_LISTING_REGISTER,AUTHENTIC_EXCHANGE_VERIFIED
688772.SH,珠海冠宇,STAR,2024-09-06,2021-10-15,,SSE_OFFICIAL_LISTING_REGISTER,AUTHENTIC_EXCHANGE_VERIFIED
688775.SH,影石创新,STAR,2024-09-06,2025-06-11,,SSE_OFFICIAL_LISTING_REGISTER,AUTHENTIC_EXCHANGE_VERIFIED
688776.SH,国光电气,STAR,2024-09-06,2021-08-31,,SSE_OFFICIAL_LISTING_REGISTER,AUTHENTIC_EXCHANGE_VERIFIED
688777.SH,中控技术,STAR,2024-09-06,2020-11-24,,SSE_OFFICIAL_LISTING_REGISTER,AUTHENTIC_EXCHANGE_VERIFIED
688778.SH,厦钨新能,STAR,2024-09-06,2021-08-05,,SSE_OFFICIAL_LISTING_REGISTER,AUTHENTIC_EXCHANGE_VERIFIED
688779.SH,五矿新能,STAR,2024-09-06,2021-08-11,,SSE_OFFICIAL_LISTING_REGISTER,AUTHENTIC_EXCHANGE_VERIFIED
688781.SH,视涯科技,STAR,2024-09-06,2026-03-25,,SSE_OFFICIAL_LISTING_REGISTER,AUTHENTIC_EXCHANGE_VERIFIED
688783.SH,西安奕材,STAR,2024-09-06,2025-10-28,,SSE_OFFICIAL_LISTING_REGISTER,AUTHENTIC_EXCHANGE_VERIFIED
688785.SH,恒运昌,STAR,2024-09-06,2026-01-28,,SSE_OFFICIAL_LISTING_REGISTER,AUTHENTIC_EXCHANGE_VERIFIED
688786.SH,悦安新材,STAR,2024-09-06,2021-08-26,,SSE_OFFICIAL_LISTING_REGISTER,AUTHENTIC_EXCHANGE_VERIFIED
688787.SH,海天瑞声,STAR,2024-09-06,2021-08-13,,SSE_OFFICIAL_LISTING_REGISTER,AUTHENTIC_EXCHANGE_VERIFIED
688788.SH,科思科技,STAR,2024-09-06,2020-10-22,,SSE_OFFICIAL_LISTING_REGISTER,AUTHENTIC_EXCHANGE_VERIFIED
688789.SH,宏华数科,STAR,2024-09-06,2021-07-08,,SSE_OFFICIAL_LISTING_REGISTER,AUTHENTIC_EXCHANGE_VERIFIED
688790.SH,昂瑞微,STAR,2024-09-06,2025-12-16,,SSE_OFFICIAL_LISTING_REGISTER,AUTHENTIC_EXCHANGE_VERIFIED
688793.SH,倍轻松,STAR,2024-09-06,2021-07-15,,SSE_OFFICIAL_LISTING_REGISTER,AUTHENTIC_EXCHANGE_VERIFIED
688795.SH,摩尔线程,STAR,2024-09-06,2025-12-05,,SSE_OFFICIAL_LISTING_REGISTER,AUTHENTIC_EXCHANGE_VERIFIED
688796.SH,百奥赛图,STAR,2024-09-06,2025-12-10,,SSE_OFFICIAL_LISTING_REGISTER,AUTHENTIC_EXCHANGE_VERIFIED
688797.SH,臻宝科技,STAR,2024-09-06,2026-06-24,,SSE_OFFICIAL_LISTING_REGISTER,AUTHENTIC_EXCHANGE_VERIFIED
688798.SH,艾为电子,STAR,2024-09-06,2021-08-16,,SSE_OFFICIAL_LISTING_REGISTER,AUTHENTIC_EXCHANGE_VERIFIED
688799.SH,华纳药厂,STAR,2024-09-06,2021-07-13,,SSE_OFFICIAL_LISTING_REGISTER,AUTHENTIC_EXCHANGE_VERIFIED
688800.SH,瑞可达,STAR,2024-09-06,2021-07-22,,SSE_OFFICIAL_LISTING_REGISTER,AUTHENTIC_EXCHANGE_VERIFIED
688801.SH,燧原科技,STAR,2024-09-06,2026-09-11,,SSE_OFFICIAL_LISTING_REGISTER,AUTHENTIC_EXCHANGE_VERIFIED
688802.SH,沐曦股份,STAR,2024-09-06,2025-12-17,,SSE_OFFICIAL_LISTING_REGISTER,AUTHENTIC_EXCHANGE_VERIFIED
688805.SH,健信超导,STAR,2024-09-06,2025-12-24,,SSE_OFFICIAL_LISTING_REGISTER,AUTHENTIC_EXCHANGE_VERIFIED
688806.SH,泰诺麦博,STAR,2024-09-06,2026-07-21,,SSE_OFFICIAL_LISTING_REGISTER,AUTHENTIC_EXCHANGE_VERIFIED
688807.SH,优迅股份,STAR,2024-09-06,2025-12-19,,SSE_OFFICIAL_LISTING_REGISTER,AUTHENTIC_EXCHANGE_VERIFIED
688808.SH,联讯仪器,STAR,2024-09-06,2026-04-24,,SSE_OFFICIAL_LISTING_REGISTER,AUTHENTIC_EXCHANGE_VERIFIED
688809.SH,强一股份,STAR,2024-09-06,2025-12-30,,SSE_OFFICIAL_LISTING_REGISTER,AUTHENTIC_EXCHANGE_VERIFIED
688811.SH,有研复材,STAR,2024-09-06,2026-04-10,,SSE_OFFICIAL_LISTING_REGISTER,AUTHENTIC_EXCHANGE_VERIFIED
688813.SH,泰金新能,STAR,2024-09-06,2026-03-31,,SSE_OFFICIAL_LISTING_REGISTER,AUTHENTIC_EXCHANGE_VERIFIED
688816.SH,易思维,STAR,2024-09-06,2026-02-11,,SSE_OFFICIAL_LISTING_REGISTER,AUTHENTIC_EXCHANGE_VERIFIED
688818.SH,电科蓝天,STAR,2026-02-10,2026-02-10,,SSE_OFFICIAL_LISTING_REGISTER,AUTHENTIC_EXCHANGE_VERIFIED
688819.SH,天能股份,STAR,2024-09-06,2021-01-18,,SSE_OFFICIAL_LISTING_REGISTER,AUTHENTIC_EXCHANGE_VERIFIED
688820.SH,盛合晶微,STAR,2024-09-06,2026-04-21,,SSE_OFFICIAL_LISTING_REGISTER,AUTHENTIC_EXCHANGE_VERIFIED
688825.SH,长鑫科技,STAR,2024-09-06,2026-07-27,,SSE_OFFICIAL_LISTING_REGISTER,AUTHENTIC_EXCHANGE_VERIFIED
688826.SH,频准激光,STAR,2024-09-06,2026-08-18,,SSE_OFFICIAL_LISTING_REGISTER,AUTHENTIC_EXCHANGE_VERIFIED
688828.SH,国仪公司,STAR,2026-08-11,2026-08-11,,SSE_OFFICIAL_LISTING_REGISTER,AUTHENTIC_EXCHANGE_VERIFIED
688835.SH,高凯技术,STAR,2024-09-06,2026-08-25,,SSE_OFFICIAL_LISTING_REGISTER,AUTHENTIC_EXCHANGE_VERIFIED
688836.SH,宇树科技,STAR,2024-09-06,2026-08-19,,SSE_OFFICIAL_LISTING_REGISTER,AUTHENTIC_EXCHANGE_VERIFIED
688837.SH,信诺维,STAR,2024-09-06,2026-09-16,,SSE_OFFICIAL_LISTING_REGISTER,AUTHENTIC_EXCHANGE_VERIFIED
688981.SH,中芯国际,STAR,2023-01-05,2020-07-16,,SSE_OFFICIAL_LISTING_REGISTER,AUTHENTIC_EXCHANGE_VERIFIED
920000.BJ,XD安徽凤,BSE,2024-09-06,2020-12-23,,BSE_OFFICIAL_LISTING_REGISTER,AUTHENTIC_EXCHANGE_VERIFIED
920001.BJ,纬达光电,BSE,2024-09-06,2022-12-27,,BSE_OFFICIAL_LISTING_REGISTER,AUTHENTIC_EXCHANGE_VERIFIED
920002.BJ,万达轴承,BSE,2024-09-06,2024-05-30,,BSE_OFFICIAL_LISTING_REGISTER,AUTHENTIC_EXCHANGE_VERIFIED
920003.BJ,中诚咨询,BSE,2024-09-06,2025-11-07,,BSE_OFFICIAL_LISTING_REGISTER,AUTHENTIC_EXCHANGE_VERIFIED
920005.BJ,鼎佳精密,BSE,2024-09-06,2025-07-31,,BSE_OFFICIAL_LISTING_REGISTER,AUTHENTIC_EXCHANGE_VERIFIED
920006.BJ,晟楠科技,BSE,2024-09-06,2023-05-18,,BSE_OFFICIAL_LISTING_REGISTER,AUTHENTIC_EXCHANGE_VERIFIED
920007.BJ,酉立智能,BSE,2024-09-06,2025-08-08,,BSE_OFFICIAL_LISTING_REGISTER,AUTHENTIC_EXCHANGE_VERIFIED
920008.BJ,成电光信,BSE,2024-09-06,2024-08-29,,BSE_OFFICIAL_LISTING_REGISTER,AUTHENTIC_EXCHANGE_VERIFIED
920009.BJ,丹娜生物,BSE,2024-09-06,2025-11-03,,BSE_OFFICIAL_LISTING_REGISTER,AUTHENTIC_EXCHANGE_VERIFIED
920010.BJ,凯添燃气,BSE,2024-09-06,2020-07-27,,BSE_OFFICIAL_LISTING_REGISTER,AUTHENTIC_EXCHANGE_VERIFIED
920011.BJ,晨光电机,BSE,2024-09-06,2026-04-08,,BSE_OFFICIAL_LISTING_REGISTER,AUTHENTIC_EXCHANGE_VERIFIED
920012.BJ,创达新材,BSE,2024-09-06,2026-04-13,,BSE_OFFICIAL_LISTING_REGISTER,AUTHENTIC_EXCHANGE_VERIFIED
920014.BJ,特瑞斯,BSE,2024-09-06,2022-12-13,,BSE_OFFICIAL_LISTING_REGISTER,AUTHENTIC_EXCHANGE_VERIFIED
920015.BJ,锦华新材,BSE,2024-09-06,2025-09-25,,BSE_OFFICIAL_LISTING_REGISTER,AUTHENTIC_EXCHANGE_VERIFIED
920016.BJ,中草香料,BSE,2024-09-06,2024-09-13,,BSE_OFFICIAL_LISTING_REGISTER,AUTHENTIC_EXCHANGE_VERIFIED
920017.BJ,星昊医药,BSE,2024-09-06,2023-05-31,,BSE_OFFICIAL_LISTING_REGISTER,AUTHENTIC_EXCHANGE_VERIFIED
920018.BJ,宏远股份,BSE,2024-09-06,2025-08-20,,BSE_OFFICIAL_LISTING_REGISTER,AUTHENTIC_EXCHANGE_VERIFIED
920019.BJ,铜冠矿建,BSE,2024-09-06,2024-10-11,,BSE_OFFICIAL_LISTING_REGISTER,AUTHENTIC_EXCHANGE_VERIFIED
920020.BJ,泰凯英,BSE,2024-09-06,2025-10-28,,BSE_OFFICIAL_LISTING_REGISTER,AUTHENTIC_EXCHANGE_VERIFIED
920021.BJ,流金科技,BSE,2024-09-06,2020-07-27,,BSE_OFFICIAL_LISTING_REGISTER,AUTHENTIC_EXCHANGE_VERIFIED
920022.BJ,世昌股份,BSE,2024-09-06,2025-09-19,,BSE_OFFICIAL_LISTING_REGISTER,AUTHENTIC_EXCHANGE_VERIFIED
920023.BJ,*ST田野,BSE,2024-09-06,2023-02-02,,BSE_OFFICIAL_LISTING_REGISTER,AUTHENTIC_EXCHANGE_VERIFIED
920025.BJ,凯达重工,BSE,2024-09-06,2026-09-23,,BSE_OFFICIAL_LISTING_REGISTER,AUTHENTIC_EXCHANGE_VERIFIED
920026.BJ,卓兆点胶,BSE,2024-09-06,2023-10-19,,BSE_OFFICIAL_LISTING_REGISTER,AUTHENTIC_EXCHANGE_VERIFIED
920027.BJ,交大铁发,BSE,2024-09-06,2025-06-10,,BSE_OFFICIAL_LISTING_REGISTER,AUTHENTIC_EXCHANGE_VERIFIED
920028.BJ,新恒泰,BSE,2024-09-06,2026-03-20,,BSE_OFFICIAL_LISTING_REGISTER,AUTHENTIC_EXCHANGE_VERIFIED
920029.BJ,开发科技,BSE,2024-09-06,2025-03-28,,BSE_OFFICIAL_LISTING_REGISTER,AUTHENTIC_EXCHANGE_VERIFIED
920030.BJ,德众汽车,BSE,2026-09-18,2020-11-27,,BSE_OFFICIAL_LISTING_REGISTER,AUTHENTIC_EXCHANGE_VERIFIED
920033.BJ,康普化学,BSE,2026-09-18,2022-12-21,,BSE_OFFICIAL_LISTING_REGISTER,AUTHENTIC_EXCHANGE_VERIFIED
920035.BJ,精创电气,BSE,2026-09-18,2025-12-02,,BSE_OFFICIAL_LISTING_REGISTER,AUTHENTIC_EXCHANGE_VERIFIED
920036.BJ,觅睿科技,BSE,2026-09-18,2026-03-09,,BSE_OFFICIAL_LISTING_REGISTER,AUTHENTIC_EXCHANGE_VERIFIED
920037.BJ,广信科技,BSE,2026-09-18,2025-06-26,,BSE_OFFICIAL_LISTING_REGISTER,AUTHENTIC_EXCHANGE_VERIFIED
920038.BJ,森合高科,BSE,2026-09-18,2026-08-05,,BSE_OFFICIAL_LISTING_REGISTER,AUTHENTIC_EXCHANGE_VERIFIED
920039.BJ,国义招标,BSE,2024-09-06,2021-08-18,,BSE_OFFICIAL_LISTING_REGISTER,AUTHENTIC_EXCHANGE_VERIFIED
920045.BJ,蘅东光,BSE,2024-09-06,2025-12-31,,BSE_OFFICIAL_LISTING_REGISTER,AUTHENTIC_EXCHANGE_VERIFIED
920046.BJ,亿能电力,BSE,2024-09-06,2022-10-13,,BSE_OFFICIAL_LISTING_REGISTER,AUTHENTIC_EXCHANGE_VERIFIED
920047.BJ,诺思兰德,BSE,2024-09-06,2020-11-24,,BSE_OFFICIAL_LISTING_REGISTER,AUTHENTIC_EXCHANGE_VERIFIED
920050.BJ,爱伦医疗,BSE,2024-09-06,2026-01-21,,BSE_OFFICIAL_LISTING_REGISTER,AUTHENTIC_EXCHANGE_VERIFIED
920055.BJ,隆源股份,BSE,2024-09-06,2026-03-31,,BSE_OFFICIAL_LISTING_REGISTER,AUTHENTIC_EXCHANGE_VERIFIED
920056.BJ,能之光,BSE,2024-09-06,2025-08-22,,BSE_OFFICIAL_LISTING_REGISTER,AUTHENTIC_EXCHANGE_VERIFIED
920057.BJ,百甲科技,BSE,2024-09-06,2023-03-14,,BSE_OFFICIAL_LISTING_REGISTER,AUTHENTIC_EXCHANGE_VERIFIED
920058.BJ,华洋赛车,BSE,2024-09-06,2023-08-10,,BSE_OFFICIAL_LISTING_REGISTER,AUTHENTIC_EXCHANGE_VERIFIED
920059.BJ,双英集团,BSE,2024-09-06,2026-08-19,,BSE_OFFICIAL_LISTING_REGISTER,AUTHENTIC_EXCHANGE_VERIFIED
920060.BJ,万源通,BSE,2024-09-06,2024-11-19,,BSE_OFFICIAL_LISTING_REGISTER,AUTHENTIC_EXCHANGE_VERIFIED
920061.BJ,西磁科技,BSE,2024-09-06,2023-12-21,,BSE_OFFICIAL_LISTING_REGISTER,AUTHENTIC_EXCHANGE_VERIFIED
920062.BJ,科润智控,BSE,2024-09-06,2022-07-13,,BSE_OFFICIAL_LISTING_REGISTER,AUTHENTIC_EXCHANGE_VERIFIED
920065.BJ,千岸科技,BSE,2024-09-06,2026-07-29,,BSE_OFFICIAL_LISTING_REGISTER,AUTHENTIC_EXCHANGE_VERIFIED
920066.BJ,科拜尔,BSE,2024-09-06,2024-10-31,,BSE_OFFICIAL_LISTING_REGISTER,AUTHENTIC_EXCHANGE_VERIFIED
920068.BJ,天工股份,BSE,2024-09-06,2025-05-13,,BSE_OFFICIAL_LISTING_REGISTER,AUTHENTIC_EXCHANGE_VERIFIED
920069.BJ,普昂医疗,BSE,2024-09-06,2026-03-27,,BSE_OFFICIAL_LISTING_REGISTER,AUTHENTIC_EXCHANGE_VERIFIED
920071.BJ,金钛股份,BSE,2024-09-06,2026-09-03,,BSE_OFFICIAL_LISTING_REGISTER,AUTHENTIC_EXCHANGE_VERIFIED
920072.BJ,XD科莱瑞,BSE,2024-09-06,2026-06-29,,BSE_OFFICIAL_LISTING_REGISTER,AUTHENTIC_EXCHANGE_VERIFIED
920075.BJ,柏星龙,BSE,2024-09-06,2022-12-14,,BSE_OFFICIAL_LISTING_REGISTER,AUTHENTIC_EXCHANGE_VERIFIED
920076.BJ,国亮新材,BSE,2024-09-06,2026-01-22,,BSE_OFFICIAL_LISTING_REGISTER,AUTHENTIC_EXCHANGE_VERIFIED
920077.BJ,吉林碳谷,BSE,2024-09-06,2021-08-31,,BSE_OFFICIAL_LISTING_REGISTER,AUTHENTIC_EXCHANGE_VERIFIED
920078.BJ,族兴新材,BSE,2024-09-06,2026-03-18,,BSE_OFFICIAL_LISTING_REGISTER,AUTHENTIC_EXCHANGE_VERIFIED
920079.BJ,乔路铭,BSE,2024-09-06,2026-07-22,,BSE_OFFICIAL_LISTING_REGISTER,AUTHENTIC_EXCHANGE_VERIFIED
920080.BJ,奥美森,BSE,2024-09-06,2025-10-10,,BSE_OFFICIAL_LISTING_REGISTER,AUTHENTIC_EXCHANGE_VERIFIED
920081.BJ,欧伦电气,BSE,2024-09-06,2026-07-10,,BSE_OFFICIAL_LISTING_REGISTER,AUTHENTIC_EXCHANGE_VERIFIED
920082.BJ,方正阀门,BSE,2024-09-06,2024-12-26,,BSE_OFFICIAL_LISTING_REGISTER,AUTHENTIC_EXCHANGE_VERIFIED
920083.BJ,金戈新材,BSE,2024-09-06,2026-06-11,,BSE_OFFICIAL_LISTING_REGISTER,AUTHENTIC_EXCHANGE_VERIFIED
920086.BJ,科马材料,BSE,2024-09-06,2026-01-16,,BSE_OFFICIAL_LISTING_REGISTER,AUTHENTIC_EXCHANGE_VERIFIED
920087.BJ,秋乐种业,BSE,2024-09-06,2022-12-07,,BSE_OFFICIAL_LISTING_REGISTER,AUTHENTIC_EXCHANGE_VERIFIED
920088.BJ,科力股份,BSE,2024-09-06,2024-10-29,,BSE_OFFICIAL_LISTING_REGISTER,AUTHENTIC_EXCHANGE_VERIFIED
920089.BJ,禾昌聚合,BSE,2024-09-06,2021-11-09,,BSE_OFFICIAL_LISTING_REGISTER,AUTHENTIC_EXCHANGE_VERIFIED
920090.BJ,*ST同辉,BSE,2024-09-06,2021-08-09,,BSE_OFFICIAL_LISTING_REGISTER,AUTHENTIC_EXCHANGE_VERIFIED
920091.BJ,大鹏工业,BSE,2024-09-06,2025-11-21,,BSE_OFFICIAL_LISTING_REGISTER,AUTHENTIC_EXCHANGE_VERIFIED
920092.BJ,汉鑫科技,BSE,2024-09-06,2021-11-15,,BSE_OFFICIAL_LISTING_REGISTER,AUTHENTIC_EXCHANGE_VERIFIED
920093.BJ,信胜科技,BSE,2024-09-06,2026-08-21,,BSE_OFFICIAL_LISTING_REGISTER,AUTHENTIC_EXCHANGE_VERIFIED
920096.BJ,嘉晨智能,BSE,2024-09-06,2026-05-18,,BSE_OFFICIAL_LISTING_REGISTER,AUTHENTIC_EXCHANGE_VERIFIED
920098.BJ,科隆新材,BSE,2024-09-06,2024-12-05,,BSE_OFFICIAL_LISTING_REGISTER,AUTHENTIC_EXCHANGE_VERIFIED
920099.BJ,瑞华技术,BSE,2024-09-06,2024-09-25,,BSE_OFFICIAL_LISTING_REGISTER,AUTHENTIC_EXCHANGE_VERIFIED
920100.BJ,三协电机,BSE,2024-09-06,2025-09-08,,BSE_OFFICIAL_LISTING_REGISTER,AUTHENTIC_EXCHANGE_VERIFIED
920101.BJ,志高机械,BSE,2024-09-06,2025-08-14,,BSE_OFFICIAL_LISTING_REGISTER,AUTHENTIC_EXCHANGE_VERIFIED
920106.BJ,林泰新材,BSE,2024-09-06,2024-12-18,,BSE_OFFICIAL_LISTING_REGISTER,AUTHENTIC_EXCHANGE_VERIFIED
920107.BJ,恒兴股份,BSE,2024-09-06,2026-08-17,,BSE_OFFICIAL_LISTING_REGISTER,AUTHENTIC_EXCHANGE_VERIFIED
920108.BJ,宏海科技,BSE,2024-09-06,2025-02-06,,BSE_OFFICIAL_LISTING_REGISTER,AUTHENTIC_EXCHANGE_VERIFIED
920110.BJ,雷特科技,BSE,2024-09-06,2022-12-06,,BSE_OFFICIAL_LISTING_REGISTER,AUTHENTIC_EXCHANGE_VERIFIED
920111.BJ,聚星科技,BSE,2024-09-06,2024-11-11,,BSE_OFFICIAL_LISTING_REGISTER,AUTHENTIC_EXCHANGE_VERIFIED
920112.BJ,巴兰仕,BSE,2024-09-06,2025-08-28,,BSE_OFFICIAL_LISTING_REGISTER,AUTHENTIC_EXCHANGE_VERIFIED
920116.BJ,星图测控,BSE,2024-09-06,2025-01-02,,BSE_OFFICIAL_LISTING_REGISTER,AUTHENTIC_EXCHANGE_VERIFIED
920117.BJ,龙鑫智能,BSE,2024-09-06,2026-07-16,,BSE_OFFICIAL_LISTING_REGISTER,AUTHENTIC_EXCHANGE_VERIFIED
920118.BJ,太湖远大,BSE,2024-09-06,2024-08-22,,BSE_OFFICIAL_LISTING_REGISTER,AUTHENTIC_EXCHANGE_VERIFIED
920119.BJ,美德乐,BSE,2024-09-06,2026-01-30,,BSE_OFFICIAL_LISTING_REGISTER,AUTHENTIC_EXCHANGE_VERIFIED
920121.BJ,江天科技,BSE,2024-09-06,2025-12-25,,BSE_OFFICIAL_LISTING_REGISTER,AUTHENTIC_EXCHANGE_VERIFIED
920122.BJ,中纺标,BSE,2024-09-06,2022-09-27,,BSE_OFFICIAL_LISTING_REGISTER,AUTHENTIC_EXCHANGE_VERIFIED
920123.BJ,芭薇股份,BSE,2024-09-06,2024-03-29,,BSE_OFFICIAL_LISTING_REGISTER,AUTHENTIC_EXCHANGE_VERIFIED
920124.BJ,南特科技,BSE,2024-09-06,2025-11-27,,BSE_OFFICIAL_LISTING_REGISTER,AUTHENTIC_EXCHANGE_VERIFIED
920125.BJ,鸿仕达,BSE,2024-09-06,2026-04-24,,BSE_OFFICIAL_LISTING_REGISTER,AUTHENTIC_EXCHANGE_VERIFIED
920126.BJ,永大股份,BSE,2024-09-06,2026-06-15,,BSE_OFFICIAL_LISTING_REGISTER,AUTHENTIC_EXCHANGE_VERIFIED
920128.BJ,胜业电气,BSE,2024-09-06,2024-11-29,,BSE_OFFICIAL_LISTING_REGISTER,AUTHENTIC_EXCHANGE_VERIFIED
920130.BJ,立方控股,BSE,2024-09-06,2023-11-02,,BSE_OFFICIAL_LISTING_REGISTER,AUTHENTIC_EXCHANGE_VERIFIED
920132.BJ,泰鹏智能,BSE,2024-09-06,2023-11-16,,BSE_OFFICIAL_LISTING_REGISTER,AUTHENTIC_EXCHANGE_VERIFIED
920136.BJ,永励精密,BSE,2024-09-06,2026-07-09,,BSE_OFFICIAL_LISTING_REGISTER,AUTHENTIC_EXCHANGE_VERIFIED
920138.BJ,杰理科技,BSE,2024-09-06,2026-08-12,,BSE_OFFICIAL_LISTING_REGISTER,AUTHENTIC_EXCHANGE_VERIFIED
920139.BJ,华岭股份,BSE,2024-09-06,2022-10-28,,BSE_OFFICIAL_LISTING_REGISTER,AUTHENTIC_EXCHANGE_VERIFIED
920145.BJ,恒合股份,BSE,2024-09-06,2021-11-15,,BSE_OFFICIAL_LISTING_REGISTER,AUTHENTIC_EXCHANGE_VERIFIED
920146.BJ,华阳变速,BSE,2024-09-06,2021-07-20,,BSE_OFFICIAL_LISTING_REGISTER,AUTHENTIC_EXCHANGE_VERIFIED
920149.BJ,旭杰科技,BSE,2024-09-06,2020-07-27,,BSE_OFFICIAL_LISTING_REGISTER,AUTHENTIC_EXCHANGE_VERIFIED
920152.BJ,昆工科技,BSE,2024-09-06,2022-09-01,,BSE_OFFICIAL_LISTING_REGISTER,AUTHENTIC_EXCHANGE_VERIFIED
920156.BJ,海昌智能,BSE,2024-09-06,2026-04-27,,BSE_OFFICIAL_LISTING_REGISTER,AUTHENTIC_EXCHANGE_VERIFIED
920158.BJ,长江能科,BSE,2024-09-06,2025-10-16,,BSE_OFFICIAL_LISTING_REGISTER,AUTHENTIC_EXCHANGE_VERIFIED
920159.BJ,农大科技,BSE,2024-09-06,2026-01-28,,BSE_OFFICIAL_LISTING_REGISTER,AUTHENTIC_EXCHANGE_VERIFIED
920160.BJ,北矿检测,BSE,2024-09-06,2025-11-18,,BSE_OFFICIAL_LISTING_REGISTER,AUTHENTIC_EXCHANGE_VERIFIED
920161.BJ,龙辰科技,BSE,2024-09-06,2026-05-27,,BSE_OFFICIAL_LISTING_REGISTER,AUTHENTIC_EXCHANGE_VERIFIED
920163.BJ,方大新材,BSE,2024-09-06,2020-07-27,,BSE_OFFICIAL_LISTING_REGISTER,AUTHENTIC_EXCHANGE_VERIFIED
920165.BJ,珈凯生物,BSE,2024-09-06,2026-08-11,,BSE_OFFICIAL_LISTING_REGISTER,AUTHENTIC_EXCHANGE_VERIFIED
920166.BJ,海圣医疗,BSE,2024-09-06,2026-02-12,,BSE_OFFICIAL_LISTING_REGISTER,AUTHENTIC_EXCHANGE_VERIFIED
920167.BJ,同享科技,BSE,2024-09-06,2020-07-27,,BSE_OFFICIAL_LISTING_REGISTER,AUTHENTIC_EXCHANGE_VERIFIED
920168.BJ,通宝光电,BSE,2024-09-06,2026-02-26,,BSE_OFFICIAL_LISTING_REGISTER,AUTHENTIC_EXCHANGE_VERIFIED
920169.BJ,七丰精工,BSE,2024-09-06,2022-04-15,,BSE_OFFICIAL_LISTING_REGISTER,AUTHENTIC_EXCHANGE_VERIFIED
920171.BJ,志晟信息,BSE,2024-09-06,2021-11-15,,BSE_OFFICIAL_LISTING_REGISTER,AUTHENTIC_EXCHANGE_VERIFIED
920174.BJ,五新智能,BSE,2024-09-06,2021-08-20,,BSE_OFFICIAL_LISTING_REGISTER,AUTHENTIC_EXCHANGE_VERIFIED
920175.BJ,东方碳素,BSE,2024-09-06,2023-06-30,,BSE_OFFICIAL_LISTING_REGISTER,AUTHENTIC_EXCHANGE_VERIFIED
920176.BJ,维琪科技,BSE,2024-09-06,2026-07-27,,BSE_OFFICIAL_LISTING_REGISTER,AUTHENTIC_EXCHANGE_VERIFIED
920177.BJ,恒道科技,BSE,2024-09-06,2026-04-16,,BSE_OFFICIAL_LISTING_REGISTER,AUTHENTIC_EXCHANGE_VERIFIED
920178.BJ,锐翔智能,BSE,2024-09-06,2026-05-15,,BSE_OFFICIAL_LISTING_REGISTER,AUTHENTIC_EXCHANGE_VERIFIED
920179.BJ,凯德石英,BSE,2024-09-06,2022-03-04,,BSE_OFFICIAL_LISTING_REGISTER,AUTHENTIC_EXCHANGE_VERIFIED
920180.BJ,爱得科技,BSE,2024-09-06,2026-02-10,,BSE_OFFICIAL_LISTING_REGISTER,AUTHENTIC_EXCHANGE_VERIFIED
920181.BJ,赛英电子,BSE,2024-09-06,2026-04-10,,BSE_OFFICIAL_LISTING_REGISTER,AUTHENTIC_EXCHANGE_VERIFIED
920183.BJ,海菲曼,BSE,2024-09-06,2026-03-04,,BSE_OFFICIAL_LISTING_REGISTER,AUTHENTIC_EXCHANGE_VERIFIED
920184.BJ,国源科技,BSE,2024-09-06,2020-07-27,,BSE_OFFICIAL_LISTING_REGISTER,AUTHENTIC_EXCHANGE_VERIFIED
920185.BJ,贝特瑞,BSE,2024-09-06,2020-07-27,,BSE_OFFICIAL_LISTING_REGISTER,AUTHENTIC_EXCHANGE_VERIFIED
920186.BJ,XD中科仪,BSE,2024-09-06,2026-04-29,,BSE_OFFICIAL_LISTING_REGISTER,AUTHENTIC_EXCHANGE_VERIFIED
920187.BJ,通领科技,BSE,2024-09-06,2026-03-05,,BSE_OFFICIAL_LISTING_REGISTER,AUTHENTIC_EXCHANGE_VERIFIED
920188.BJ,悦龙科技,BSE,2024-09-06,2026-03-30,,BSE_OFFICIAL_LISTING_REGISTER,AUTHENTIC_EXCHANGE_VERIFIED
920189.BJ,康美特,BSE,2024-09-06,2026-07-08,,BSE_OFFICIAL_LISTING_REGISTER,AUTHENTIC_EXCHANGE_VERIFIED
920190.BJ,雷神科技,BSE,2024-09-06,2022-12-23,,BSE_OFFICIAL_LISTING_REGISTER,AUTHENTIC_EXCHANGE_VERIFIED
920191.BJ,瑞尔竞达,BSE,2024-09-06,2026-04-20,,BSE_OFFICIAL_LISTING_REGISTER,AUTHENTIC_EXCHANGE_VERIFIED
920193.BJ,吉和昌,BSE,2024-09-06,2026-07-02,,BSE_OFFICIAL_LISTING_REGISTER,AUTHENTIC_EXCHANGE_VERIFIED
920195.BJ,三祥科技,BSE,2024-09-06,2022-12-30,,BSE_OFFICIAL_LISTING_REGISTER,AUTHENTIC_EXCHANGE_VERIFIED
920198.BJ,微创光电,BSE,2024-09-06,2020-07-27,,BSE_OFFICIAL_LISTING_REGISTER,AUTHENTIC_EXCHANGE_VERIFIED
920199.BJ,倍益康,BSE,2024-09-06,2022-12-01,,BSE_OFFICIAL_LISTING_REGISTER,AUTHENTIC_EXCHANGE_VERIFIED
920200.BJ,振宏股份,BSE,2024-09-06,2026-05-07,,BSE_OFFICIAL_LISTING_REGISTER,AUTHENTIC_EXCHANGE_VERIFIED
920201.BJ,百瑞吉,BSE,2024-09-06,2026-09-24,,BSE_OFFICIAL_LISTING_REGISTER,AUTHENTIC_EXCHANGE_VERIFIED
920202.BJ,安达股份,BSE,2024-09-06,2026-09-29,,BSE_OFFICIAL_LISTING_REGISTER,AUTHENTIC_EXCHANGE_VERIFIED
920204.BJ,沪江材料,BSE,2024-09-06,2022-01-18,,BSE_OFFICIAL_LISTING_REGISTER,AUTHENTIC_EXCHANGE_VERIFIED
920206.BJ,彩客科技,BSE,2024-09-06,2026-06-08,,BSE_OFFICIAL_LISTING_REGISTER,AUTHENTIC_EXCHANGE_VERIFIED
920207.BJ,众诚科技,BSE,2024-09-06,2022-09-23,,BSE_OFFICIAL_LISTING_REGISTER,AUTHENTIC_EXCHANGE_VERIFIED
920208.BJ,青矩技术,BSE,2024-09-06,2023-06-29,,BSE_OFFICIAL_LISTING_REGISTER,AUTHENTIC_EXCHANGE_VERIFIED
920211.BJ,新睿电子,BSE,2024-09-06,2026-06-05,,BSE_OFFICIAL_LISTING_REGISTER,AUTHENTIC_EXCHANGE_VERIFIED
920212.BJ,智新电子,BSE,2024-09-06,2021-06-08,,BSE_OFFICIAL_LISTING_REGISTER,AUTHENTIC_EXCHANGE_VERIFIED
920218.BJ,新天力,BSE,2024-09-06,2026-05-29,,BSE_OFFICIAL_LISTING_REGISTER,AUTHENTIC_EXCHANGE_VERIFIED
920220.BJ,朗信电气,BSE,2024-09-06,2026-05-22,,BSE_OFFICIAL_LISTING_REGISTER,AUTHENTIC_EXCHANGE_VERIFIED
920221.BJ,易实精密,BSE,2024-09-06,2023-06-08,,BSE_OFFICIAL_LISTING_REGISTER,AUTHENTIC_EXCHANGE_VERIFIED
920222.BJ,XD益坤电,BSE,2024-09-06,2026-06-30,,BSE_OFFICIAL_LISTING_REGISTER,AUTHENTIC_EXCHANGE_VERIFIED
920223.BJ,荣亿精密,BSE,2024-09-06,2022-06-09,,BSE_OFFICIAL_LISTING_REGISTER,AUTHENTIC_EXCHANGE_VERIFIED
920225.BJ,利通科技,BSE,2024-09-06,2021-02-25,,BSE_OFFICIAL_LISTING_REGISTER,AUTHENTIC_EXCHANGE_VERIFIED
920227.BJ,美登科技,BSE,2024-09-06,2022-12-28,,BSE_OFFICIAL_LISTING_REGISTER,AUTHENTIC_EXCHANGE_VERIFIED
920229.BJ,世纪数码,BSE,2024-09-06,2026-09-22,,BSE_OFFICIAL_LISTING_REGISTER,AUTHENTIC_EXCHANGE_VERIFIED
920230.BJ,欧康医药,BSE,2024-09-06,2022-12-09,,BSE_OFFICIAL_LISTING_REGISTER,AUTHENTIC_EXCHANGE_VERIFIED
920237.BJ,力佳科技,BSE,2024-09-06,2022-11-25,,BSE_OFFICIAL_LISTING_REGISTER,AUTHENTIC_EXCHANGE_VERIFIED
920238.BJ,长鹰硬科,BSE,2024-09-06,2026-07-24,,BSE_OFFICIAL_LISTING_REGISTER,AUTHENTIC_EXCHANGE_VERIFIED
920239.BJ,长虹能源,BSE,2024-09-06,2021-02-09,,BSE_OFFICIAL_LISTING_REGISTER,AUTHENTIC_EXCHANGE_VERIFIED
920242.BJ,建邦科技,BSE,2024-09-06,2020-07-27,,BSE_OFFICIAL_LISTING_REGISTER,AUTHENTIC_EXCHANGE_VERIFIED
920245.BJ,威博液压,BSE,2024-09-06,2022-01-06,,BSE_OFFICIAL_LISTING_REGISTER,AUTHENTIC_EXCHANGE_VERIFIED
920247.BJ,华密新材,BSE,2024-09-06,2022-12-23,,BSE_OFFICIAL_LISTING_REGISTER,AUTHENTIC_EXCHANGE_VERIFIED
920249.BJ,利尔达,BSE,2024-09-06,2023-02-17,,BSE_OFFICIAL_LISTING_REGISTER,AUTHENTIC_EXCHANGE_VERIFIED
920252.BJ,天宏锂电,BSE,2024-09-06,2023-01-19,,BSE_OFFICIAL_LISTING_REGISTER,AUTHENTIC_EXCHANGE_VERIFIED
920258.BJ,聚仁新材,BSE,2024-09-06,2026-08-03,,BSE_OFFICIAL_LISTING_REGISTER,AUTHENTIC_EXCHANGE_VERIFIED
920260.BJ,中寰股份,BSE,2024-09-06,2021-11-15,,BSE_OFFICIAL_LISTING_REGISTER,AUTHENTIC_EXCHANGE_VERIFIED
920261.BJ,一诺威,BSE,2024-09-06,2023-04-03,,BSE_OFFICIAL_LISTING_REGISTER,AUTHENTIC_EXCHANGE_VERIFIED
920262.BJ,太湖雪,BSE,2024-09-06,2022-12-30,,BSE_OFFICIAL_LISTING_REGISTER,AUTHENTIC_EXCHANGE_VERIFIED
920263.BJ,中航泰达,BSE,2024-09-06,2020-07-27,,BSE_OFFICIAL_LISTING_REGISTER,AUTHENTIC_EXCHANGE_VERIFIED
920266.BJ,生物谷,BSE,2024-09-06,2020-07-27,,BSE_OFFICIAL_LISTING_REGISTER,AUTHENTIC_EXCHANGE_VERIFIED
920267.BJ,鑫汇科,BSE,2024-09-06,2022-05-27,,BSE_OFFICIAL_LISTING_REGISTER,AUTHENTIC_EXCHANGE_VERIFIED
920268.BJ,百迈科,BSE,2024-09-06,2026-09-09,,BSE_OFFICIAL_LISTING_REGISTER,AUTHENTIC_EXCHANGE_VERIFIED
920269.BJ,杰锋动力,BSE,2024-09-06,2026-09-07,,BSE_OFFICIAL_LISTING_REGISTER,AUTHENTIC_EXCHANGE_VERIFIED
920270.BJ,天铭科技,BSE,2024-09-06,2022-09-02,,BSE_OFFICIAL_LISTING_REGISTER,AUTHENTIC_EXCHANGE_VERIFIED
920271.BJ,邦德股份,BSE,2024-09-06,2022-06-02,,BSE_OFFICIAL_LISTING_REGISTER,AUTHENTIC_EXCHANGE_VERIFIED
920273.BJ,一致魔芋,BSE,2024-09-06,2023-02-21,,BSE_OFFICIAL_LISTING_REGISTER,AUTHENTIC_EXCHANGE_VERIFIED
920274.BJ,宏裕包材,BSE,2024-09-06,2023-08-18,,BSE_OFFICIAL_LISTING_REGISTER,AUTHENTIC_EXCHANGE_VERIFIED
920275.BJ,驱动力,BSE,2024-09-06,2021-01-25,,BSE_OFFICIAL_LISTING_REGISTER,AUTHENTIC_EXCHANGE_VERIFIED
920278.BJ,鹿得医疗,BSE,2024-09-06,2020-07-27,,BSE_OFFICIAL_LISTING_REGISTER,AUTHENTIC_EXCHANGE_VERIFIED
920284.BJ,灵鸽科技,BSE,2024-09-06,2023-12-19,,BSE_OFFICIAL_LISTING_REGISTER,AUTHENTIC_EXCHANGE_VERIFIED
920288.BJ,华大海天,BSE,2024-09-06,2026-08-28,,BSE_OFFICIAL_LISTING_REGISTER,AUTHENTIC_EXCHANGE_VERIFIED
920289.BJ,华汇智能,BSE,2024-09-06,2026-09-04,,BSE_OFFICIAL_LISTING_REGISTER,AUTHENTIC_EXCHANGE_VERIFIED
920298.BJ,腾信精密,BSE,2024-09-06,2026-09-16,,BSE_OFFICIAL_LISTING_REGISTER,AUTHENTIC_EXCHANGE_VERIFIED
920299.BJ,灿能电力,BSE,2024-09-06,2022-06-10,,BSE_OFFICIAL_LISTING_REGISTER,AUTHENTIC_EXCHANGE_VERIFIED
920300.BJ,辰光医疗,BSE,2024-09-06,2022-12-07,,BSE_OFFICIAL_LISTING_REGISTER,AUTHENTIC_EXCHANGE_VERIFIED
920304.BJ,迪尔化工,BSE,2024-09-06,2023-04-18,,BSE_OFFICIAL_LISTING_REGISTER,AUTHENTIC_EXCHANGE_VERIFIED
920339.BJ,恒太照明,BSE,2024-09-06,2022-11-17,,BSE_OFFICIAL_LISTING_REGISTER,AUTHENTIC_EXCHANGE_VERIFIED
920344.BJ,三元基因,BSE,2024-09-06,2021-01-08,,BSE_OFFICIAL_LISTING_REGISTER,AUTHENTIC_EXCHANGE_VERIFIED
920346.BJ,威贸电子,BSE,2024-09-06,2022-02-23,,BSE_OFFICIAL_LISTING_REGISTER,AUTHENTIC_EXCHANGE_VERIFIED
920351.BJ,华光源海,BSE,2024-09-06,2022-12-29,,BSE_OFFICIAL_LISTING_REGISTER,AUTHENTIC_EXCHANGE_VERIFIED
920357.BJ,雅葆轩,BSE,2024-09-06,2022-11-18,,BSE_OFFICIAL_LISTING_REGISTER,AUTHENTIC_EXCHANGE_VERIFIED
920363.BJ,莱赛激光,BSE,2024-09-06,2023-12-28,,BSE_OFFICIAL_LISTING_REGISTER,AUTHENTIC_EXCHANGE_VERIFIED
920367.BJ,新赣江,BSE,2024-09-06,2023-02-09,,BSE_OFFICIAL_LISTING_REGISTER,AUTHENTIC_EXCHANGE_VERIFIED
920368.BJ,连城数控,BSE,2024-09-06,2020-07-27,,BSE_OFFICIAL_LISTING_REGISTER,AUTHENTIC_EXCHANGE_VERIFIED
920370.BJ,新安洁,BSE,2024-09-06,2020-07-27,,BSE_OFFICIAL_LISTING_REGISTER,AUTHENTIC_EXCHANGE_VERIFIED
920371.BJ,欧福蛋业,BSE,2024-09-06,2023-01-18,,BSE_OFFICIAL_LISTING_REGISTER,AUTHENTIC_EXCHANGE_VERIFIED
920374.BJ,云里物里,BSE,2024-09-06,2022-11-29,,BSE_OFFICIAL_LISTING_REGISTER,AUTHENTIC_EXCHANGE_VERIFIED
920375.BJ,派诺科技,BSE,2024-09-06,2023-12-14,,BSE_OFFICIAL_LISTING_REGISTER,AUTHENTIC_EXCHANGE_VERIFIED
920378.BJ,泰德股份,BSE,2024-09-06,2022-06-20,,BSE_OFFICIAL_LISTING_REGISTER,AUTHENTIC_EXCHANGE_VERIFIED
920392.BJ,佳合科技,BSE,2024-09-06,2022-12-30,,BSE_OFFICIAL_LISTING_REGISTER,AUTHENTIC_EXCHANGE_VERIFIED
920394.BJ,民士达,BSE,2024-09-06,2023-04-25,,BSE_OFFICIAL_LISTING_REGISTER,AUTHENTIC_EXCHANGE_VERIFIED
920395.BJ,朗鸿科技,BSE,2024-09-06,2022-09-01,,BSE_OFFICIAL_LISTING_REGISTER,AUTHENTIC_EXCHANGE_VERIFIED
920396.BJ,常辅股份,BSE,2024-09-06,2020-11-18,,BSE_OFFICIAL_LISTING_REGISTER,AUTHENTIC_EXCHANGE_VERIFIED
920402.BJ,硅烷科技,BSE,2024-09-06,2022-09-28,,BSE_OFFICIAL_LISTING_REGISTER,AUTHENTIC_EXCHANGE_VERIFIED
920403.BJ,康农种业,BSE,2024-09-06,2024-01-18,,BSE_OFFICIAL_LISTING_REGISTER,AUTHENTIC_EXCHANGE_VERIFIED
920405.BJ,海希通讯,BSE,2024-09-06,2021-11-05,,BSE_OFFICIAL_LISTING_REGISTER,AUTHENTIC_EXCHANGE_VERIFIED
920407.BJ,驰诚股份,BSE,2024-09-06,2023-02-16,,BSE_OFFICIAL_LISTING_REGISTER,AUTHENTIC_EXCHANGE_VERIFIED
920414.BJ,欧普泰,BSE,2024-09-06,2022-12-12,,BSE_OFFICIAL_LISTING_REGISTER,AUTHENTIC_EXCHANGE_VERIFIED
920415.BJ,恒拓开源,BSE,2024-09-06,2020-07-27,,BSE_OFFICIAL_LISTING_REGISTER,AUTHENTIC_EXCHANGE_VERIFIED
920418.BJ,苏轴股份,BSE,2024-09-06,2020-07-27,,BSE_OFFICIAL_LISTING_REGISTER,AUTHENTIC_EXCHANGE_VERIFIED
920419.BJ,路斯股份,BSE,2024-09-06,2022-03-11,,BSE_OFFICIAL_LISTING_REGISTER,AUTHENTIC_EXCHANGE_VERIFIED
920422.BJ,润普食品,BSE,2024-09-06,2023-03-01,,BSE_OFFICIAL_LISTING_REGISTER,AUTHENTIC_EXCHANGE_VERIFIED
920425.BJ,乐创技术,BSE,2024-09-06,2023-01-30,,BSE_OFFICIAL_LISTING_REGISTER,AUTHENTIC_EXCHANGE_VERIFIED
920427.BJ,华维设计,BSE,2024-09-06,2021-02-05,,BSE_OFFICIAL_LISTING_REGISTER,AUTHENTIC_EXCHANGE_VERIFIED
920429.BJ,康比特,BSE,2024-09-06,2022-12-15,,BSE_OFFICIAL_LISTING_REGISTER,AUTHENTIC_EXCHANGE_VERIFIED
920433.BJ,大唐药业,BSE,2024-09-06,2020-07-27,,BSE_OFFICIAL_LISTING_REGISTER,AUTHENTIC_EXCHANGE_VERIFIED
920436.BJ,大地电气,BSE,2024-09-06,2021-11-15,,BSE_OFFICIAL_LISTING_REGISTER,AUTHENTIC_EXCHANGE_VERIFIED
920438.BJ,戈碧迦,BSE,2024-09-06,2024-03-25,,BSE_OFFICIAL_LISTING_REGISTER,AUTHENTIC_EXCHANGE_VERIFIED
920445.BJ,龙竹科技,BSE,2024-09-06,2020-07-27,,BSE_OFFICIAL_LISTING_REGISTER,AUTHENTIC_EXCHANGE_VERIFIED
920454.BJ,同心传动,BSE,2024-09-06,2021-11-15,,BSE_OFFICIAL_LISTING_REGISTER,AUTHENTIC_EXCHANGE_VERIFIED
920455.BJ,汇隆活塞,BSE,2024-09-06,2023-06-21,,BSE_OFFICIAL_LISTING_REGISTER,AUTHENTIC_EXCHANGE_VERIFIED
920469.BJ,富恒新材,BSE,2024-09-06,2023-09-18,,BSE_OFFICIAL_LISTING_REGISTER,AUTHENTIC_EXCHANGE_VERIFIED
920471.BJ,美邦科技,BSE,2024-09-06,2023-05-25,,BSE_OFFICIAL_LISTING_REGISTER,AUTHENTIC_EXCHANGE_VERIFIED
920475.BJ,三友科技,BSE,2024-09-06,2020-07-27,,BSE_OFFICIAL_LISTING_REGISTER,AUTHENTIC_EXCHANGE_VERIFIED
920476.BJ,海能技术,BSE,2024-09-06,2022-10-14,,BSE_OFFICIAL_LISTING_REGISTER,AUTHENTIC_EXCHANGE_VERIFIED
920478.BJ,峆一药业,BSE,2024-09-06,2023-02-23,,BSE_OFFICIAL_LISTING_REGISTER,AUTHENTIC_EXCHANGE_VERIFIED
920489.BJ,佳先股份,BSE,2024-09-06,2020-07-27,,BSE_OFFICIAL_LISTING_REGISTER,AUTHENTIC_EXCHANGE_VERIFIED
920491.BJ,奥迪威,BSE,2024-09-06,2022-06-14,,BSE_OFFICIAL_LISTING_REGISTER,AUTHENTIC_EXCHANGE_VERIFIED
920493.BJ,并行科技,BSE,2024-09-06,2023-11-01,,BSE_OFFICIAL_LISTING_REGISTER,AUTHENTIC_EXCHANGE_VERIFIED
920496.BJ,许昌智能,BSE,2024-09-06,2024-01-26,,BSE_OFFICIAL_LISTING_REGISTER,AUTHENTIC_EXCHANGE_VERIFIED
920504.BJ,博迅生物,BSE,2024-09-06,2023-08-17,,BSE_OFFICIAL_LISTING_REGISTER,AUTHENTIC_EXCHANGE_VERIFIED
920505.BJ,九菱科技,BSE,2024-09-06,2022-12-21,,BSE_OFFICIAL_LISTING_REGISTER,AUTHENTIC_EXCHANGE_VERIFIED
920508.BJ,殷图网联,BSE,2024-09-06,2020-07-27,,BSE_OFFICIAL_LISTING_REGISTER,AUTHENTIC_EXCHANGE_VERIFIED
920509.BJ,同惠电子,BSE,2024-09-06,2021-01-11,,BSE_OFFICIAL_LISTING_REGISTER,AUTHENTIC_EXCHANGE_VERIFIED
920510.BJ,丰光精密,BSE,2024-09-06,2020-12-28,,BSE_OFFICIAL_LISTING_REGISTER,AUTHENTIC_EXCHANGE_VERIFIED
920519.BJ,万德股份,BSE,2024-09-06,2023-09-15,,BSE_OFFICIAL_LISTING_REGISTER,AUTHENTIC_EXCHANGE_VERIFIED
920522.BJ,纳科诺尔,BSE,2024-09-06,2023-11-16,,BSE_OFFICIAL_LISTING_REGISTER,AUTHENTIC_EXCHANGE_VERIFIED
920523.BJ,德瑞锂电,BSE,2024-09-06,2021-06-03,,BSE_OFFICIAL_LISTING_REGISTER,AUTHENTIC_EXCHANGE_VERIFIED
920526.BJ,凯华材料,BSE,2024-09-06,2022-12-22,,BSE_OFFICIAL_LISTING_REGISTER,AUTHENTIC_EXCHANGE_VERIFIED
920527.BJ,夜光明,BSE,2024-09-06,2022-10-27,,BSE_OFFICIAL_LISTING_REGISTER,AUTHENTIC_EXCHANGE_VERIFIED
920533.BJ,骏创科技,BSE,2024-09-06,2022-05-24,,BSE_OFFICIAL_LISTING_REGISTER,AUTHENTIC_EXCHANGE_VERIFIED
920541.BJ,铁大科技,BSE,2024-09-06,2023-03-10,,BSE_OFFICIAL_LISTING_REGISTER,AUTHENTIC_EXCHANGE_VERIFIED
920547.BJ,无锡晶海,BSE,2024-09-06,2023-12-12,,BSE_OFFICIAL_LISTING_REGISTER,AUTHENTIC_EXCHANGE_VERIFIED
920553.BJ,凯腾精工,BSE,2024-09-06,2021-08-06,,BSE_OFFICIAL_LISTING_REGISTER,AUTHENTIC_EXCHANGE_VERIFIED
920556.BJ,雅达股份,BSE,2024-09-06,2023-03-17,,BSE_OFFICIAL_LISTING_REGISTER,AUTHENTIC_EXCHANGE_VERIFIED
920564.BJ,天润科技,BSE,2024-09-06,2022-06-17,,BSE_OFFICIAL_LISTING_REGISTER,AUTHENTIC_EXCHANGE_VERIFIED
920566.BJ,梓橦宫,BSE,2024-09-06,2021-08-13,,BSE_OFFICIAL_LISTING_REGISTER,AUTHENTIC_EXCHANGE_VERIFIED
920570.BJ,坤博精工,BSE,2024-09-06,2023-11-23,,BSE_OFFICIAL_LISTING_REGISTER,AUTHENTIC_EXCHANGE_VERIFIED
920571.BJ,国航远洋,BSE,2024-09-06,2022-12-15,,BSE_OFFICIAL_LISTING_REGISTER,AUTHENTIC_EXCHANGE_VERIFIED
920575.BJ,*ST康乐,BSE,2024-09-06,2023-03-15,,BSE_OFFICIAL_LISTING_REGISTER,AUTHENTIC_EXCHANGE_VERIFIED
920576.BJ,天力复合,BSE,2024-09-06,2023-07-12,,BSE_OFFICIAL_LISTING_REGISTER,AUTHENTIC_EXCHANGE_VERIFIED
920578.BJ,巨能股份,BSE,2024-09-06,2023-05-12,,BSE_OFFICIAL_LISTING_REGISTER,AUTHENTIC_EXCHANGE_VERIFIED
920579.BJ,机科股份,BSE,2024-09-06,2023-11-30,,BSE_OFFICIAL_LISTING_REGISTER,AUTHENTIC_EXCHANGE_VERIFIED
920580.BJ,科创新材,BSE,2024-09-06,2022-05-13,,BSE_OFFICIAL_LISTING_REGISTER,AUTHENTIC_EXCHANGE_VERIFIED
920592.BJ,华信永道,BSE,2024-09-06,2023-07-10,,BSE_OFFICIAL_LISTING_REGISTER,AUTHENTIC_EXCHANGE_VERIFIED
920593.BJ,鼎智科技,BSE,2024-09-06,2023-04-13,,BSE_OFFICIAL_LISTING_REGISTER,AUTHENTIC_EXCHANGE_VERIFIED
920599.BJ,同力股份,BSE,2024-09-06,2021-02-22,,BSE_OFFICIAL_LISTING_REGISTER,AUTHENTIC_EXCHANGE_VERIFIED
920608.BJ,丰安股份,BSE,2024-09-06,2022-12-16,,BSE_OFFICIAL_LISTING_REGISTER,AUTHENTIC_EXCHANGE_VERIFIED
920627.BJ,力王股份,BSE,2024-09-06,2023-09-07,,BSE_OFFICIAL_LISTING_REGISTER,AUTHENTIC_EXCHANGE_VERIFIED
920634.BJ,新威凌,BSE,2024-09-06,2022-11-24,,BSE_OFFICIAL_LISTING_REGISTER,AUTHENTIC_EXCHANGE_VERIFIED
920639.BJ,晨光电缆,BSE,2024-09-06,2022-07-12,,BSE_OFFICIAL_LISTING_REGISTER,AUTHENTIC_EXCHANGE_VERIFIED
920640.BJ,富士达,BSE,2024-09-06,2020-07-27,,BSE_OFFICIAL_LISTING_REGISTER,AUTHENTIC_EXCHANGE_VERIFIED
920641.BJ,格利尔,BSE,2024-09-06,2022-12-02,,BSE_OFFICIAL_LISTING_REGISTER,AUTHENTIC_EXCHANGE_VERIFIED
920642.BJ,通易航天,BSE,2024-09-06,2021-08-16,,BSE_OFFICIAL_LISTING_REGISTER,AUTHENTIC_EXCHANGE_VERIFIED
920651.BJ,天罡股份,BSE,2024-09-06,2023-06-27,,BSE_OFFICIAL_LISTING_REGISTER,AUTHENTIC_EXCHANGE_VERIFIED
920656.BJ,海昇药业,BSE,2024-09-06,2024-02-02,,BSE_OFFICIAL_LISTING_REGISTER,AUTHENTIC_EXCHANGE_VERIFIED
920662.BJ,方盛股份,BSE,2024-09-06,2022-11-28,,BSE_OFFICIAL_LISTING_REGISTER,AUTHENTIC_EXCHANGE_VERIFIED
920663.BJ,明阳科技,BSE,2024-09-06,2023-03-15,,BSE_OFFICIAL_LISTING_REGISTER,AUTHENTIC_EXCHANGE_VERIFIED
920665.BJ,科强股份,BSE,2024-09-06,2023-09-26,,BSE_OFFICIAL_LISTING_REGISTER,AUTHENTIC_EXCHANGE_VERIFIED
920670.BJ,数字人,BSE,2024-09-06,2020-12-08,,BSE_OFFICIAL_LISTING_REGISTER,AUTHENTIC_EXCHANGE_VERIFIED
920675.BJ,秉扬科技,BSE,2024-09-06,2020-12-28,,BSE_OFFICIAL_LISTING_REGISTER,AUTHENTIC_EXCHANGE_VERIFIED
920679.BJ,前进科技,BSE,2024-09-06,2023-11-10,,BSE_OFFICIAL_LISTING_REGISTER,AUTHENTIC_EXCHANGE_VERIFIED
920682.BJ,球冠电缆,BSE,2024-09-06,2020-07-27,,BSE_OFFICIAL_LISTING_REGISTER,AUTHENTIC_EXCHANGE_VERIFIED
920685.BJ,新芝生物,BSE,2024-09-06,2022-10-10,,BSE_OFFICIAL_LISTING_REGISTER,AUTHENTIC_EXCHANGE_VERIFIED
920689.BJ,克莱特,BSE,2024-09-06,2022-03-21,,BSE_OFFICIAL_LISTING_REGISTER,AUTHENTIC_EXCHANGE_VERIFIED
920690.BJ,捷众科技,BSE,2024-09-06,2024-01-05,,BSE_OFFICIAL_LISTING_REGISTER,AUTHENTIC_EXCHANGE_VERIFIED
920693.BJ,阿为特,BSE,2024-09-06,2023-10-27,,BSE_OFFICIAL_LISTING_REGISTER,AUTHENTIC_EXCHANGE_VERIFIED
920694.BJ,中裕科技,BSE,2024-09-06,2023-04-24,,BSE_OFFICIAL_LISTING_REGISTER,AUTHENTIC_EXCHANGE_VERIFIED
920699.BJ,海达尔,BSE,2024-09-06,2023-05-09,,BSE_OFFICIAL_LISTING_REGISTER,AUTHENTIC_EXCHANGE_VERIFIED
920701.BJ,豪声电子,BSE,2024-09-06,2023-07-19,,BSE_OFFICIAL_LISTING_REGISTER,AUTHENTIC_EXCHANGE_VERIFIED
920703.BJ,广厦环能,BSE,2024-09-06,2023-12-05,,BSE_OFFICIAL_LISTING_REGISTER,AUTHENTIC_EXCHANGE_VERIFIED
920706.BJ,铁拓机械,BSE,2024-09-06,2024-03-08,,BSE_OFFICIAL_LISTING_REGISTER,AUTHENTIC_EXCHANGE_VERIFIED
920717.BJ,瑞星股份,BSE,2024-09-06,2023-07-03,,BSE_OFFICIAL_LISTING_REGISTER,AUTHENTIC_EXCHANGE_VERIFIED
920718.BJ,合肥高科,BSE,2024-09-06,2022-12-22,,BSE_OFFICIAL_LISTING_REGISTER,AUTHENTIC_EXCHANGE_VERIFIED
920719.BJ,宁新新材,BSE,2024-09-06,2023-05-26,,BSE_OFFICIAL_LISTING_REGISTER,AUTHENTIC_EXCHANGE_VERIFIED
920720.BJ,吉冈精密,BSE,2024-09-06,2021-11-24,,BSE_OFFICIAL_LISTING_REGISTER,AUTHENTIC_EXCHANGE_VERIFIED
920725.BJ,惠丰钻石,BSE,2024-09-06,2022-07-18,,BSE_OFFICIAL_LISTING_REGISTER,AUTHENTIC_EXCHANGE_VERIFIED
920726.BJ,朱老六,BSE,2024-09-06,2021-05-27,,BSE_OFFICIAL_LISTING_REGISTER,AUTHENTIC_EXCHANGE_VERIFIED
920729.BJ,永顺生物,BSE,2024-09-06,2020-07-27,,BSE_OFFICIAL_LISTING_REGISTER,AUTHENTIC_EXCHANGE_VERIFIED
920735.BJ,德源药业,BSE,2024-09-06,2021-02-19,,BSE_OFFICIAL_LISTING_REGISTER,AUTHENTIC_EXCHANGE_VERIFIED
920748.BJ,路桥信息,BSE,2024-09-06,2023-08-16,,BSE_OFFICIAL_LISTING_REGISTER,AUTHENTIC_EXCHANGE_VERIFIED
920751.BJ,惠同新材,BSE,2024-09-06,2023-07-17,,BSE_OFFICIAL_LISTING_REGISTER,AUTHENTIC_EXCHANGE_VERIFIED
920753.BJ,天纺标,BSE,2024-09-06,2022-10-31,,BSE_OFFICIAL_LISTING_REGISTER,AUTHENTIC_EXCHANGE_VERIFIED
920765.BJ,美之高,BSE,2024-09-06,2021-07-05,,BSE_OFFICIAL_LISTING_REGISTER,AUTHENTIC_EXCHANGE_VERIFIED
920768.BJ,拾比佰,BSE,2024-09-06,2021-06-28,,BSE_OFFICIAL_LISTING_REGISTER,AUTHENTIC_EXCHANGE_VERIFIED
920770.BJ,艾能聚,BSE,2024-09-06,2023-02-28,,BSE_OFFICIAL_LISTING_REGISTER,AUTHENTIC_EXCHANGE_VERIFIED
920779.BJ,武汉蓝电,BSE,2024-09-06,2023-06-01,,BSE_OFFICIAL_LISTING_REGISTER,AUTHENTIC_EXCHANGE_VERIFIED
920781.BJ,瑞奇智造,BSE,2024-09-06,2022-12-26,,BSE_OFFICIAL_LISTING_REGISTER,AUTHENTIC_EXCHANGE_VERIFIED
920786.BJ,骑士乳业,BSE,2024-09-06,2023-10-13,,BSE_OFFICIAL_LISTING_REGISTER,AUTHENTIC_EXCHANGE_VERIFIED
920790.BJ,联迪信息,BSE,2024-09-06,2022-09-02,,BSE_OFFICIAL_LISTING_REGISTER,AUTHENTIC_EXCHANGE_VERIFIED
920792.BJ,东和新材,BSE,2024-09-06,2023-03-30,,BSE_OFFICIAL_LISTING_REGISTER,AUTHENTIC_EXCHANGE_VERIFIED
920799.BJ,艾融软件,BSE,2024-09-06,2020-07-27,,BSE_OFFICIAL_LISTING_REGISTER,AUTHENTIC_EXCHANGE_VERIFIED
920802.BJ,保丽洁,BSE,2024-09-06,2023-02-06,,BSE_OFFICIAL_LISTING_REGISTER,AUTHENTIC_EXCHANGE_VERIFIED
920806.BJ,云星宇,BSE,2024-09-06,2024-01-11,,BSE_OFFICIAL_LISTING_REGISTER,AUTHENTIC_EXCHANGE_VERIFIED
920807.BJ,奔朗新材,BSE,2024-09-06,2022-12-20,,BSE_OFFICIAL_LISTING_REGISTER,AUTHENTIC_EXCHANGE_VERIFIED
920808.BJ,曙光数创,BSE,2024-09-06,2022-11-18,,BSE_OFFICIAL_LISTING_REGISTER,AUTHENTIC_EXCHANGE_VERIFIED
920809.BJ,安达科技,BSE,2024-09-06,2023-03-23,,BSE_OFFICIAL_LISTING_REGISTER,AUTHENTIC_EXCHANGE_VERIFIED
920810.BJ,春光智能,BSE,2024-09-06,2022-12-16,,BSE_OFFICIAL_LISTING_REGISTER,AUTHENTIC_EXCHANGE_VERIFIED
920819.BJ,颖泰生物,BSE,2024-09-06,2020-07-27,,BSE_OFFICIAL_LISTING_REGISTER,AUTHENTIC_EXCHANGE_VERIFIED
920821.BJ,则成电子,BSE,2024-09-06,2022-07-06,,BSE_OFFICIAL_LISTING_REGISTER,AUTHENTIC_EXCHANGE_VERIFIED
920826.BJ,盖世食品,BSE,2024-09-06,2021-01-12,,BSE_OFFICIAL_LISTING_REGISTER,AUTHENTIC_EXCHANGE_VERIFIED
920832.BJ,齐鲁华信,BSE,2024-09-06,2021-02-23,,BSE_OFFICIAL_LISTING_REGISTER,AUTHENTIC_EXCHANGE_VERIFIED
920833.BJ,美心翼申,BSE,2024-09-06,2023-11-08,,BSE_OFFICIAL_LISTING_REGISTER,AUTHENTIC_EXCHANGE_VERIFIED
920834.BJ,三维装备,BSE,2024-09-06,2022-08-22,,BSE_OFFICIAL_LISTING_REGISTER,AUTHENTIC_EXCHANGE_VERIFIED
920837.BJ,华原股份,BSE,2024-09-06,2023-05-15,,BSE_OFFICIAL_LISTING_REGISTER,AUTHENTIC_EXCHANGE_VERIFIED
920839.BJ,万通液压,BSE,2024-09-06,2020-11-09,,BSE_OFFICIAL_LISTING_REGISTER,AUTHENTIC_EXCHANGE_VERIFIED
920855.BJ,浙江大农,BSE,2024-09-06,2022-12-29,,BSE_OFFICIAL_LISTING_REGISTER,AUTHENTIC_EXCHANGE_VERIFIED
920856.BJ,浩淼科技,BSE,2024-09-06,2020-12-25,,BSE_OFFICIAL_LISTING_REGISTER,AUTHENTIC_EXCHANGE_VERIFIED
920857.BJ,泓禧科技,BSE,2024-09-06,2022-02-28,,BSE_OFFICIAL_LISTING_REGISTER,AUTHENTIC_EXCHANGE_VERIFIED
920866.BJ,绿亨科技,BSE,2024-09-06,2022-12-09,,BSE_OFFICIAL_LISTING_REGISTER,AUTHENTIC_EXCHANGE_VERIFIED
920870.BJ,恒进感应,BSE,2024-09-06,2022-07-05,,BSE_OFFICIAL_LISTING_REGISTER,AUTHENTIC_EXCHANGE_VERIFIED
920871.BJ,派特尔,BSE,2024-09-06,2022-07-22,,BSE_OFFICIAL_LISTING_REGISTER,AUTHENTIC_EXCHANGE_VERIFIED
920873.BJ,中设咨询,BSE,2024-09-06,2021-11-15,,BSE_OFFICIAL_LISTING_REGISTER,AUTHENTIC_EXCHANGE_VERIFIED
920876.BJ,慧为智能,BSE,2024-09-06,2022-11-09,,BSE_OFFICIAL_LISTING_REGISTER,AUTHENTIC_EXCHANGE_VERIFIED
920879.BJ,基康技术,BSE,2024-09-06,2022-12-20,,BSE_OFFICIAL_LISTING_REGISTER,AUTHENTIC_EXCHANGE_VERIFIED
920885.BJ,星辰科技,BSE,2024-09-06,2021-07-08,,BSE_OFFICIAL_LISTING_REGISTER,AUTHENTIC_EXCHANGE_VERIFIED
920892.BJ,广咨国际,BSE,2024-09-06,2021-10-28,,BSE_OFFICIAL_LISTING_REGISTER,AUTHENTIC_EXCHANGE_VERIFIED
920895.BJ,花溪科技,BSE,2024-09-06,2023-04-06,,BSE_OFFICIAL_LISTING_REGISTER,AUTHENTIC_EXCHANGE_VERIFIED
920896.BJ,旺成科技,BSE,2024-09-06,2023-04-19,,BSE_OFFICIAL_LISTING_REGISTER,AUTHENTIC_EXCHANGE_VERIFIED
920906.BJ,舜宇精工,BSE,2024-09-06,2023-02-22,,BSE_OFFICIAL_LISTING_REGISTER,AUTHENTIC_EXCHANGE_VERIFIED
920914.BJ,远航精密,BSE,2024-09-06,2022-11-11,,BSE_OFFICIAL_LISTING_REGISTER,AUTHENTIC_EXCHANGE_VERIFIED
920924.BJ,广脉科技,BSE,2024-09-06,2021-11-03,,BSE_OFFICIAL_LISTING_REGISTER,AUTHENTIC_EXCHANGE_VERIFIED
920925.BJ,锦好医疗,BSE,2024-09-06,2021-10-25,,BSE_OFFICIAL_LISTING_REGISTER,AUTHENTIC_EXCHANGE_VERIFIED
920926.BJ,鸿智科技,BSE,2024-09-06,2023-08-08,,BSE_OFFICIAL_LISTING_REGISTER,AUTHENTIC_EXCHANGE_VERIFIED
920931.BJ,无锡鼎邦,BSE,2024-09-06,2024-04-08,,BSE_OFFICIAL_LISTING_REGISTER,AUTHENTIC_EXCHANGE_VERIFIED
920932.BJ,科达自控,BSE,2024-09-06,2021-11-15,,BSE_OFFICIAL_LISTING_REGISTER,AUTHENTIC_EXCHANGE_VERIFIED
920942.BJ,恒立钻具,BSE,2024-09-06,2022-12-08,,BSE_OFFICIAL_LISTING_REGISTER,AUTHENTIC_EXCHANGE_VERIFIED
920943.BJ,优机股份,BSE,2024-09-06,2022-06-24,,BSE_OFFICIAL_LISTING_REGISTER,AUTHENTIC_EXCHANGE_VERIFIED
920946.BJ,森萱医药,BSE,2024-09-06,2020-07-27,,BSE_OFFICIAL_LISTING_REGISTER,AUTHENTIC_EXCHANGE_VERIFIED
920950.BJ,迅安科技,BSE,2024-09-06,2023-01-11,,BSE_OFFICIAL_LISTING_REGISTER,AUTHENTIC_EXCHANGE_VERIFIED
920953.BJ,国子软件,BSE,2024-09-06,2023-08-23,,BSE_OFFICIAL_LISTING_REGISTER,AUTHENTIC_EXCHANGE_VERIFIED
920957.BJ,汉维科技,BSE,2024-09-06,2022-12-14,,BSE_OFFICIAL_LISTING_REGISTER,AUTHENTIC_EXCHANGE_VERIFIED
920961.BJ,创远信科,BSE,2024-09-06,2020-07-27,,BSE_OFFICIAL_LISTING_REGISTER,AUTHENTIC_EXCHANGE_VERIFIED
920964.BJ,润农节水,BSE,2024-09-06,2020-07-27,,BSE_OFFICIAL_LISTING_REGISTER,AUTHENTIC_EXCHANGE_VERIFIED
920970.BJ,大禹生物,BSE,2024-09-06,2022-05-18,,BSE_OFFICIAL_LISTING_REGISTER,AUTHENTIC_EXCHANGE_VERIFIED
920971.BJ,天马新材,BSE,2024-09-06,2022-09-27,,BSE_OFFICIAL_LISTING_REGISTER,AUTHENTIC_EXCHANGE_VERIFIED
920974.BJ,凯大催化,BSE,2024-09-06,2023-03-08,,BSE_OFFICIAL_LISTING_REGISTER,AUTHENTIC_EXCHANGE_VERIFIED
920976.BJ,视声智能,BSE,2024-09-06,2023-09-01,,BSE_OFFICIAL_LISTING_REGISTER,AUTHENTIC_EXCHANGE_VERIFIED
920978.BJ,开特股份,BSE,2024-09-06,2023-09-28,,BSE_OFFICIAL_LISTING_REGISTER,AUTHENTIC_EXCHANGE_VERIFIED
920981.BJ,晶赛科技,BSE,2024-09-06,2021-11-15,,BSE_OFFICIAL_LISTING_REGISTER,AUTHENTIC_EXCHANGE_VERIFIED
920982.BJ,锦波生物,BSE,2024-09-06,2023-07-20,,BSE_OFFICIAL_LISTING_REGISTER,AUTHENTIC_EXCHANGE_VERIFIED
920985.BJ,海泰新能,BSE,2024-09-06,2022-08-08,,BSE_OFFICIAL_LISTING_REGISTER,AUTHENTIC_EXCHANGE_VERIFIED
920992.BJ,中科美菱,BSE,2024-09-06,2022-10-18,,BSE_OFFICIAL_LISTING_REGISTER,AUTHENTIC_EXCHANGE_VERIFIED
